nasabah_id,platform_id,platform_nama,platform_tipe,platform_segmen,segmen_pekerjaan,usia,kota,jumlah_tanggungan,lama_di_platform_bln,punya_smartphone,punya_ewallet,punya_rekening_bank,punya_kartu_kredit,punya_bpjs,is_gig_worker,punya_app_gig,rating_gig_app,jam_kerja_per_hari,tgl_bergabung
L1NSB00001,PLT001,Amartha Fintech,P2P Lending,UMKM mikro,Ojek online / driver,36,Depok,0,15,1,0,1,0,1,1,0,0.0,0,2022-08-27
L1NSB00002,PLT005,KoinWorks SME,P2P Lending,UKM & usaha kecil,Freelancer digital,31,Yogyakarta,1,35,1,1,0,1,1,1,1,4.1,8,2022-01-22
L1NSB00003,PLT001,Amartha Fintech,P2P Lending,UMKM mikro,Ojek online / driver,25,Tangerang,3,23,1,1,1,0,1,1,1,4.3,14,2022-07-05
L1NSB00004,PLT005,KoinWorks SME,P2P Lending,UKM & usaha kecil,Pedagang pasar / warung,23,Jakarta Selatan,2,15,1,1,1,1,1,0,0,0.0,0,2023-01-09
L1NSB00005,PLT002,Modal Rakyat,P2P Lending,Pedagang & warung,Buruh pabrik,32,Makassar,1,18,1,1,0,0,1,0,0,0.0,0,2023-04-19
L1NSB00006,PLT004,BFI Finance,Multifinance,Motor & UMKM,Pedagang pasar / warung,33,Makassar,2,21,1,1,0,0,0,0,0,0.0,0,2022-04-19
L1NSB00007,PLT005,KoinWorks SME,P2P Lending,UKM & usaha kecil,Penjahit / konveksi,39,Depok,3,32,1,1,1,0,0,0,0,0.0,0,2022-03-09
L1NSB00008,PLT005,KoinWorks SME,P2P Lending,UKM & usaha kecil,Buruh pabrik,44,Tangerang,1,15,1,0,1,1,1,0,0,0.0,0,2022-06-13
L1NSB00009,PLT004,BFI Finance,Multifinance,Motor & UMKM,Freelancer digital,43,Bandung,4,30,1,1,1,0,1,1,1,4.3,8,2022-03-29
L1NSB00010,PLT001,Amartha Fintech,P2P Lending,UMKM mikro,Pedagang pasar / warung,29,Surabaya,5,1,1,1,0,0,0,0,0,0.0,0,2023-09-04
L1NSB00011,PLT005,KoinWorks SME,P2P Lending,UKM & usaha kecil,Freelancer digital,28,Tangerang,5,11,1,1,1,0,0,1,0,0.0,0,2022-11-11
L1NSB00012,PLT002,Modal Rakyat,P2P Lending,Pedagang & warung,Ojek online / driver,24,Jakarta Barat,4,32,1,1,1,0,1,1,1,3.7,12,2022-04-19
L1NSB00013,PLT002,Modal Rakyat,P2P Lending,Pedagang & warung,Pemilik UMKM kecil,31,Yogyakarta,1,20,1,1,0,1,1,0,0,0.0,0,2022-02-02
L1NSB00014,PLT003,Adira Finance,Multifinance,Motor & elektronik,Ojek online / driver,33,Medan,3,15,0,1,0,0,0,1,1,4.3,8,2022-08-08
L1NSB00015,PLT005,KoinWorks SME,P2P Lending,UKM & usaha kecil,Ojek online / driver,49,Depok,3,31,1,0,0,0,1,1,1,4.6,14,2022-06-15
L1NSB00016,PLT001,Amartha Fintech,P2P Lending,UMKM mikro,Ojek online / driver,40,Palembang,4,7,1,0,1,0,0,1,1,4.9,11,2024-05-26
L1NSB00017,PLT005,KoinWorks SME,P2P Lending,UKM & usaha kecil,Ojek online / driver,19,Jakarta Barat,5,16,1,1,0,0,0,1,1,5.0,8,2023-04-11
L1NSB00018,PLT003,Adira Finance,Multifinance,Motor & elektronik,Buruh pabrik,50,Jakarta Timur,0,13,1,1,1,0,1,0,0,0.0,0,2023-08-22
L1NSB00019,PLT004,BFI Finance,Multifinance,Motor & UMKM,Kurir / ekspedisi,52,Jakarta Timur,1,4,1,0,0,0,1,1,1,3.7,13,2023-09-01
L1NSB00020,PLT001,Amartha Fintech,P2P Lending,UMKM mikro,Freelancer digital,45,Makassar,3,34,1,1,1,0,0,1,0,0.0,0,2022-02-28
L1NSB00021,PLT003,Adira Finance,Multifinance,Motor & elektronik,Pemilik UMKM kecil,23,Jakarta Selatan,1,30,1,1,0,0,1,0,0,0.0,0,2022-03-31
L1NSB00022,PLT001,Amartha Fintech,P2P Lending,UMKM mikro,Penjahit / konveksi,42,Bekasi,3,11,1,1,0,1,1,0,0,0.0,0,2023-11-15
L1NSB00023,PLT005,KoinWorks SME,P2P Lending,UKM & usaha kecil,Pedagang pasar / warung,25,Bogor,1,9,1,1,1,0,0,0,0,0.0,0,2022-12-18
L1NSB00024,PLT002,Modal Rakyat,P2P Lending,Pedagang & warung,Petani / nelayan,35,Semarang,0,32,1,1,0,0,1,0,0,0.0,0,2022-03-27
L1NSB00025,PLT002,Modal Rakyat,P2P Lending,Pedagang & warung,Freelancer digital,35,Jakarta Timur,3,29,1,1,0,0,1,1,1,4.3,9,2022-02-07
L1NSB00026,PLT004,BFI Finance,Multifinance,Motor & UMKM,Ojek online / driver,38,Tangerang,3,3,1,0,0,0,1,1,1,4.1,13,2024-08-05
L1NSB00027,PLT002,Modal Rakyat,P2P Lending,Pedagang & warung,Penjahit / konveksi,30,Bogor,4,27,0,1,0,1,1,0,0,0.0,0,2022-05-08
L1NSB00028,PLT003,Adira Finance,Multifinance,Motor & elektronik,Ojek online / driver,25,Bandung,3,3,1,0,1,0,0,1,1,3.8,4,2023-02-13
L1NSB00029,PLT003,Adira Finance,Multifinance,Motor & elektronik,Pedagang pasar / warung,23,Palembang,0,18,1,1,1,1,0,0,0,0.0,0,2022-09-25
L1NSB00030,PLT002,Modal Rakyat,P2P Lending,Pedagang & warung,Freelancer digital,35,Jakarta Selatan,4,7,1,1,1,0,1,1,0,0.0,0,2022-07-14
L1NSB00031,PLT003,Adira Finance,Multifinance,Motor & elektronik,Ojek online / driver,46,Jakarta Selatan,5,34,1,1,1,0,1,1,1,3.6,14,2022-02-10
L1NSB00032,PLT001,Amartha Fintech,P2P Lending,UMKM mikro,Petani / nelayan,38,Semarang,3,20,1,1,1,0,0,0,0,0.0,0,2022-07-14
L1NSB00033,PLT002,Modal Rakyat,P2P Lending,Pedagang & warung,Freelancer digital,38,Bandung,1,36,1,1,0,1,1,1,1,4.2,14,2022-01-16
L1NSB00034,PLT002,Modal Rakyat,P2P Lending,Pedagang & warung,Freelancer digital,37,Semarang,0,22,1,1,0,0,1,1,0,0.0,0,2022-09-01
L1NSB00035,PLT005,KoinWorks SME,P2P Lending,UKM & usaha kecil,Karyawan kontrak,23,Surabaya,1,27,1,1,1,0,1,0,0,0.0,0,2022-01-03
L1NSB00036,PLT001,Amartha Fintech,P2P Lending,UMKM mikro,Karyawan kontrak,33,Jakarta Timur,2,34,1,1,1,0,0,0,0,0.0,0,2022-03-09
L1NSB00037,PLT005,KoinWorks SME,P2P Lending,UKM & usaha kecil,Freelancer digital,47,Medan,2,33,1,1,1,0,1,1,1,4.6,14,2022-04-10
L1NSB00038,PLT005,KoinWorks SME,P2P Lending,UKM & usaha kecil,Kurir / ekspedisi,34,Bekasi,1,29,1,1,0,0,1,1,0,0.0,0,2022-06-27
L1NSB00039,PLT002,Modal Rakyat,P2P Lending,Pedagang & warung,Petani / nelayan,23,Bandung,4,27,1,1,0,1,1,0,0,0.0,0,2022-01-11
L1NSB00040,PLT005,KoinWorks SME,P2P Lending,UKM & usaha kecil,Buruh pabrik,19,Tangerang,3,20,1,1,1,0,1,0,0,0.0,0,2022-11-05
L1NSB00041,PLT002,Modal Rakyat,P2P Lending,Pedagang & warung,Kurir / ekspedisi,36,Bandung,3,32,0,1,1,0,0,1,1,3.7,13,2022-04-11
L1NSB00042,PLT005,KoinWorks SME,P2P Lending,UKM & usaha kecil,Kurir / ekspedisi,20,Jakarta Barat,2,28,1,1,0,0,0,1,1,4.6,10,2022-08-04
L1NSB00043,PLT003,Adira Finance,Multifinance,Motor & elektronik,Karyawan kontrak,49,Jakarta Selatan,0,35,1,1,0,0,1,0,0,0.0,0,2022-01-02
L1NSB00044,PLT002,Modal Rakyat,P2P Lending,Pedagang & warung,Pedagang pasar / warung,20,Medan,2,10,1,1,0,1,1,0,0,0.0,0,2023-01-13
L1NSB00045,PLT002,Modal Rakyat,P2P Lending,Pedagang & warung,Freelancer digital,26,Palembang,0,11,1,0,0,0,1,1,1,4.1,7,2023-12-09
L1NSB00046,PLT002,Modal Rakyat,P2P Lending,Pedagang & warung,Ojek online / driver,38,Pekanbaru,3,8,1,1,0,0,1,1,0,0.0,0,2022-01-13
L1NSB00047,PLT004,BFI Finance,Multifinance,Motor & UMKM,Karyawan kontrak,25,Bandung,5,24,1,1,1,0,1,0,0,0.0,0,2022-05-19
L1NSB00048,PLT005,KoinWorks SME,P2P Lending,UKM & usaha kecil,Karyawan kontrak,49,Surabaya,2,28,1,1,0,0,1,0,0,0.0,0,2022-08-19
L1NSB00049,PLT002,Modal Rakyat,P2P Lending,Pedagang & warung,Karyawan kontrak,43,Tangerang,2,2,1,1,1,0,0,0,0,0.0,0,2023-07-20
L1NSB00050,PLT005,KoinWorks SME,P2P Lending,UKM & usaha kecil,Ojek online / driver,31,Jakarta Barat,2,16,1,1,1,0,1,1,1,4.7,5,2023-02-19
L1NSB00051,PLT002,Modal Rakyat,P2P Lending,Pedagang & warung,Pedagang pasar / warung,42,Surabaya,2,36,1,1,1,0,1,0,0,0.0,0,2022-01-09
L1NSB00052,PLT002,Modal Rakyat,P2P Lending,Pedagang & warung,Ojek online / driver,31,Tangerang,3,8,1,1,1,0,1,1,1,4.4,12,2022-04-13
L1NSB00053,PLT002,Modal Rakyat,P2P Lending,Pedagang & warung,Pedagang pasar / warung,42,Jakarta Timur,3,20,0,1,0,1,1,0,0,0.0,0,2022-03-06
L1NSB00054,PLT004,BFI Finance,Multifinance,Motor & UMKM,Ojek online / driver,19,Medan,2,19,1,1,0,0,1,1,1,4.7,10,2022-02-24
L1NSB00055,PLT002,Modal Rakyat,P2P Lending,Pedagang & warung,Ojek online / driver,38,Jakarta Barat,2,16,1,1,1,1,0,1,1,4.2,11,2023-08-26
L1NSB00056,PLT004,BFI Finance,Multifinance,Motor & UMKM,Pedagang pasar / warung,22,Medan,1,7,1,0,0,0,0,0,0,0.0,0,2022-03-18
L1NSB00057,PLT002,Modal Rakyat,P2P Lending,Pedagang & warung,Ojek online / driver,47,Yogyakarta,3,31,1,0,1,0,1,1,1,4.9,14,2022-02-20
L1NSB00058,PLT004,BFI Finance,Multifinance,Motor & UMKM,Ojek online / driver,33,Makassar,2,10,1,1,0,0,0,1,1,4.4,8,2023-04-25
L1NSB00059,PLT003,Adira Finance,Multifinance,Motor & elektronik,Petani / nelayan,36,Semarang,2,35,1,0,0,0,0,0,0,0.0,0,2022-01-06
L1NSB00060,PLT002,Modal Rakyat,P2P Lending,Pedagang & warung,Pemilik UMKM kecil,20,Palembang,2,18,1,1,0,0,1,0,0,0.0,0,2023-03-23
L1NSB00061,PLT004,BFI Finance,Multifinance,Motor & UMKM,Pemilik UMKM kecil,49,Tangerang,2,27,1,1,1,0,1,0,0,0.0,0,2022-07-25
L1NSB00062,PLT005,KoinWorks SME,P2P Lending,UKM & usaha kecil,Ojek online / driver,24,Tangerang,0,17,1,1,1,0,1,1,1,4.3,10,2023-06-15
L1NSB00063,PLT003,Adira Finance,Multifinance,Motor & elektronik,Freelancer digital,50,Makassar,3,29,1,0,1,1,1,1,1,3.7,14,2022-03-03
L1NSB00064,PLT002,Modal Rakyat,P2P Lending,Pedagang & warung,Pedagang pasar / warung,19,Semarang,4,27,1,1,1,0,0,0,0,0.0,0,2022-09-13
L1NSB00065,PLT003,Adira Finance,Multifinance,Motor & elektronik,Kurir / ekspedisi,36,Bandung,2,31,1,0,1,0,1,1,1,4.8,5,2022-04-17
L1NSB00066,PLT003,Adira Finance,Multifinance,Motor & elektronik,Pemilik UMKM kecil,51,Bekasi,1,1,1,1,1,1,1,0,0,0.0,0,2024-09-18
L1NSB00067,PLT003,Adira Finance,Multifinance,Motor & elektronik,Pedagang pasar / warung,43,Surabaya,2,21,1,1,0,0,1,0,0,0.0,0,2022-06-12
L1NSB00068,PLT004,BFI Finance,Multifinance,Motor & UMKM,Petani / nelayan,43,Bandung,4,10,1,0,1,0,1,0,0,0.0,0,2023-03-27
L1NSB00069,PLT001,Amartha Fintech,P2P Lending,UMKM mikro,Kurir / ekspedisi,48,Jakarta Selatan,0,10,1,1,0,0,1,1,1,4.5,14,2022-12-03
L1NSB00070,PLT005,KoinWorks SME,P2P Lending,UKM & usaha kecil,Buruh pabrik,39,Makassar,5,32,1,0,0,0,1,0,0,0.0,0,2022-01-24
L1NSB00071,PLT004,BFI Finance,Multifinance,Motor & UMKM,Pemilik UMKM kecil,25,Surabaya,2,11,1,1,0,1,0,0,0,0.0,0,2022-05-30
L1NSB00072,PLT002,Modal Rakyat,P2P Lending,Pedagang & warung,Kurir / ekspedisi,30,Jakarta Timur,2,12,1,1,1,0,1,1,0,0.0,0,2022-09-18
L1NSB00073,PLT004,BFI Finance,Multifinance,Motor & UMKM,Pedagang pasar / warung,19,Bogor,3,30,1,1,0,0,0,0,0,0.0,0,2022-06-13
L1NSB00074,PLT004,BFI Finance,Multifinance,Motor & UMKM,Petani / nelayan,48,Pekanbaru,3,20,1,1,1,0,1,0,0,0.0,0,2022-12-25
L1NSB00075,PLT003,Adira Finance,Multifinance,Motor & elektronik,Ojek online / driver,44,Bekasi,4,1,1,1,1,0,1,1,1,4.9,8,2023-04-17
L1NSB00076,PLT005,KoinWorks SME,P2P Lending,UKM & usaha kecil,Karyawan kontrak,33,Makassar,3,13,1,1,1,0,1,0,0,0.0,0,2023-10-05
L1NSB00077,PLT001,Amartha Fintech,P2P Lending,UMKM mikro,Pedagang pasar / warung,47,Jakarta Selatan,1,24,1,0,0,0,0,0,0,0.0,0,2022-10-04
L1NSB00078,PLT003,Adira Finance,Multifinance,Motor & elektronik,Kurir / ekspedisi,36,Pekanbaru,1,11,1,1,1,1,1,1,1,3.7,5,2022-08-20
L1NSB00079,PLT004,BFI Finance,Multifinance,Motor & UMKM,Pemilik UMKM kecil,42,Jakarta Barat,3,26,0,1,1,0,1,0,0,0.0,0,2022-07-10
L1NSB00080,PLT001,Amartha Fintech,P2P Lending,UMKM mikro,Petani / nelayan,49,Jakarta Selatan,3,36,1,1,1,0,1,0,0,0.0,0,2022-01-14
L1NSB00081,PLT001,Amartha Fintech,P2P Lending,UMKM mikro,Ojek online / driver,21,Bekasi,2,32,1,0,1,0,1,1,1,4.5,12,2022-02-09
L1NSB00082,PLT004,BFI Finance,Multifinance,Motor & UMKM,Freelancer digital,50,Medan,2,27,1,1,1,0,1,1,1,4.0,14,2022-07-03
L1NSB00083,PLT001,Amartha Fintech,P2P Lending,UMKM mikro,Buruh pabrik,31,Jakarta Barat,2,30,1,0,1,1,0,0,0,0.0,0,2022-02-02
L1NSB00084,PLT005,KoinWorks SME,P2P Lending,UKM & usaha kecil,Pedagang pasar / warung,32,Medan,2,14,1,0,1,1,1,0,0,0.0,0,2022-05-29
L1NSB00085,PLT002,Modal Rakyat,P2P Lending,Pedagang & warung,Kurir / ekspedisi,30,Jakarta Barat,3,2,1,1,1,0,0,1,1,3.7,10,2022-05-11
L1NSB00086,PLT004,BFI Finance,Multifinance,Motor & UMKM,Buruh pabrik,42,Semarang,3,7,1,0,1,0,1,0,0,0.0,0,2022-11-05
L1NSB00087,PLT004,BFI Finance,Multifinance,Motor & UMKM,Freelancer digital,20,Jakarta Selatan,0,31,1,1,0,0,1,1,1,4.0,6,2022-03-12
L1NSB00088,PLT005,KoinWorks SME,P2P Lending,UKM & usaha kecil,Freelancer digital,39,Bandung,3,34,1,1,1,1,0,1,1,4.8,12,2022-01-28
L1NSB00089,PLT004,BFI Finance,Multifinance,Motor & UMKM,Buruh pabrik,33,Bandung,2,22,1,1,1,0,0,0,0,0.0,0,2022-03-20
L1NSB00090,PLT004,BFI Finance,Multifinance,Motor & UMKM,Ojek online / driver,24,Jakarta Barat,2,28,1,1,1,0,1,1,1,4.0,5,2022-08-05
L1NSB00091,PLT001,Amartha Fintech,P2P Lending,UMKM mikro,Pemilik UMKM kecil,38,Tangerang,4,7,1,0,1,0,0,0,0,0.0,0,2023-01-12
L1NSB00092,PLT001,Amartha Fintech,P2P Lending,UMKM mikro,Karyawan kontrak,33,Palembang,0,28,1,1,1,0,1,0,0,0.0,0,2022-05-17
L1NSB00093,PLT001,Amartha Fintech,P2P Lending,UMKM mikro,Pedagang pasar / warung,38,Bogor,3,22,1,0,0,0,0,0,0,0.0,0,2022-01-16
L1NSB00094,PLT001,Amartha Fintech,P2P Lending,UMKM mikro,Petani / nelayan,32,Bandung,3,27,1,0,0,0,1,0,0,0.0,0,2022-01-27
L1NSB00095,PLT002,Modal Rakyat,P2P Lending,Pedagang & warung,Ojek online / driver,22,Makassar,1,6,1,1,1,0,0,1,1,3.7,10,2023-11-26
L1NSB00096,PLT005,KoinWorks SME,P2P Lending,UKM & usaha kecil,Kurir / ekspedisi,38,Jakarta Selatan,2,15,1,1,0,0,0,1,0,0.0,0,2022-12-02
L1NSB00097,PLT001,Amartha Fintech,P2P Lending,UMKM mikro,Ojek online / driver,46,Jakarta Timur,4,9,1,1,1,1,1,1,0,0.0,0,2022-02-13
L1NSB00098,PLT004,BFI Finance,Multifinance,Motor & UMKM,Ojek online / driver,23,Pekanbaru,2,21,1,1,1,0,0,1,0,0.0,0,2023-02-15
L1NSB00099,PLT005,KoinWorks SME,P2P Lending,UKM & usaha kecil,Buruh pabrik,42,Jakarta Barat,2,28,1,0,1,0,1,0,0,0.0,0,2022-06-23
L1NSB00100,PLT002,Modal Rakyat,P2P Lending,Pedagang & warung,Pedagang pasar / warung,29,Jakarta Barat,5,33,1,1,0,1,1,0,0,0.0,0,2022-03-24
L1NSB00101,PLT002,Modal Rakyat,P2P Lending,Pedagang & warung,Pedagang pasar / warung,28,Bekasi,3,13,1,0,1,0,1,0,0,0.0,0,2023-04-21
L1NSB00102,PLT005,KoinWorks SME,P2P Lending,UKM & usaha kecil,Karyawan kontrak,47,Makassar,2,21,1,1,0,0,1,0,0,0.0,0,2022-05-21
L1NSB00103,PLT005,KoinWorks SME,P2P Lending,UKM & usaha kecil,Ojek online / driver,51,Jakarta Barat,3,20,1,0,0,0,1,1,1,3.6,13,2022-08-25
L1NSB00104,PLT005,KoinWorks SME,P2P Lending,UKM & usaha kecil,Kurir / ekspedisi,21,Surabaya,3,13,1,1,0,0,0,1,1,4.0,5,2022-06-26
L1NSB00105,PLT001,Amartha Fintech,P2P Lending,UMKM mikro,Pedagang pasar / warung,47,Surabaya,2,34,1,0,0,0,1,0,0,0.0,0,2022-01-07
L1NSB00106,PLT003,Adira Finance,Multifinance,Motor & elektronik,Ojek online / driver,25,Semarang,5,25,1,1,1,1,1,1,1,4.4,6,2022-06-08
L1NSB00107,PLT004,BFI Finance,Multifinance,Motor & UMKM,Ojek online / driver,24,Bekasi,0,36,1,1,1,0,1,1,1,4.5,12,2022-01-14
L1NSB00108,PLT005,KoinWorks SME,P2P Lending,UKM & usaha kecil,Buruh pabrik,42,Bekasi,1,12,1,1,1,0,1,0,0,0.0,0,2022-10-30
L1NSB00109,PLT001,Amartha Fintech,P2P Lending,UMKM mikro,Kurir / ekspedisi,52,Jakarta Selatan,3,22,1,1,1,0,0,1,1,4.4,6,2022-01-23
L1NSB00110,PLT004,BFI Finance,Multifinance,Motor & UMKM,Buruh pabrik,34,Surabaya,4,19,1,1,0,0,1,0,0,0.0,0,2022-07-18
L1NSB00111,PLT003,Adira Finance,Multifinance,Motor & elektronik,Petani / nelayan,47,Surabaya,3,19,1,1,1,0,0,0,0,0.0,0,2022-09-14
L1NSB00112,PLT001,Amartha Fintech,P2P Lending,UMKM mikro,Freelancer digital,42,Semarang,0,7,1,1,0,0,0,1,1,4.3,10,2022-08-16
L1NSB00113,PLT004,BFI Finance,Multifinance,Motor & UMKM,Penjahit / konveksi,20,Bandung,2,4,1,1,0,0,0,0,0,0.0,0,2022-04-12
L1NSB00114,PLT003,Adira Finance,Multifinance,Motor & elektronik,Karyawan kontrak,27,Jakarta Selatan,3,19,1,1,1,1,1,0,0,0.0,0,2022-03-23
L1NSB00115,PLT001,Amartha Fintech,P2P Lending,UMKM mikro,Pedagang pasar / warung,28,Semarang,3,34,1,1,0,0,0,0,0,0.0,0,2022-02-28
L1NSB00116,PLT001,Amartha Fintech,P2P Lending,UMKM mikro,Ojek online / driver,50,Medan,1,35,0,1,0,0,1,1,1,3.9,10,2022-02-12
L1NSB00117,PLT001,Amartha Fintech,P2P Lending,UMKM mikro,Kurir / ekspedisi,42,Jakarta Barat,2,34,1,1,1,0,1,1,0,0.0,0,2022-02-17
L1NSB00118,PLT003,Adira Finance,Multifinance,Motor & elektronik,Petani / nelayan,41,Palembang,2,5,1,1,1,1,1,0,0,0.0,0,2022-02-15
L1NSB00119,PLT003,Adira Finance,Multifinance,Motor & elektronik,Kurir / ekspedisi,30,Pekanbaru,0,30,1,1,0,0,1,1,1,3.6,7,2022-02-21
L1NSB00120,PLT001,Amartha Fintech,P2P Lending,UMKM mikro,Pedagang pasar / warung,38,Semarang,2,26,1,1,0,1,0,0,0,0.0,0,2022-01-25
L1NSB00121,PLT003,Adira Finance,Multifinance,Motor & elektronik,Pedagang pasar / warung,42,Bandung,2,26,1,1,0,1,1,0,0,0.0,0,2022-09-23
L1NSB00122,PLT003,Adira Finance,Multifinance,Motor & elektronik,Karyawan kontrak,46,Jakarta Barat,3,28,1,1,1,0,0,0,0,0.0,0,2022-06-06
L1NSB00123,PLT004,BFI Finance,Multifinance,Motor & UMKM,Freelancer digital,46,Jakarta Timur,0,29,1,0,1,0,1,1,1,5.0,4,2022-06-13
L1NSB00124,PLT004,BFI Finance,Multifinance,Motor & UMKM,Buruh pabrik,29,Jakarta Selatan,3,10,1,1,1,0,0,0,0,0.0,0,2023-01-06
L1NSB00125,PLT004,BFI Finance,Multifinance,Motor & UMKM,Pemilik UMKM kecil,21,Medan,3,10,1,1,0,1,1,0,0,0.0,0,2023-02-12
L1NSB00126,PLT003,Adira Finance,Multifinance,Motor & elektronik,Freelancer digital,34,Jakarta Barat,2,2,1,1,0,0,0,1,1,4.2,13,2024-10-02
L1NSB00127,PLT002,Modal Rakyat,P2P Lending,Pedagang & warung,Ojek online / driver,23,Surabaya,3,12,1,1,0,0,1,1,1,4.0,5,2022-10-25
L1NSB00128,PLT003,Adira Finance,Multifinance,Motor & elektronik,Penjahit / konveksi,30,Palembang,0,24,1,0,0,0,1,0,0,0.0,0,2022-10-11
L1NSB00129,PLT005,KoinWorks SME,P2P Lending,UKM & usaha kecil,Buruh pabrik,27,Medan,2,6,1,1,1,0,1,0,0,0.0,0,2023-08-12
L1NSB00130,PLT001,Amartha Fintech,P2P Lending,UMKM mikro,Ojek online / driver,39,Makassar,2,5,1,1,0,1,1,1,1,3.8,6,2024-07-21
L1NSB00131,PLT001,Amartha Fintech,P2P Lending,UMKM mikro,Karyawan kontrak,52,Jakarta Timur,4,20,1,1,1,0,1,0,0,0.0,0,2023-03-10
L1NSB00132,PLT001,Amartha Fintech,P2P Lending,UMKM mikro,Pedagang pasar / warung,36,Jakarta Timur,1,20,1,0,1,0,1,0,0,0.0,0,2022-11-16
L1NSB00133,PLT005,KoinWorks SME,P2P Lending,UKM & usaha kecil,Pedagang pasar / warung,21,Pekanbaru,3,2,1,1,1,0,0,0,0,0.0,0,2022-03-04
L1NSB00134,PLT004,BFI Finance,Multifinance,Motor & UMKM,Penjahit / konveksi,37,Makassar,0,20,1,1,1,0,0,0,0,0.0,0,2022-08-14
L1NSB00135,PLT004,BFI Finance,Multifinance,Motor & UMKM,Kurir / ekspedisi,32,Tangerang,2,10,1,1,1,1,1,1,0,0.0,0,2023-07-30
L1NSB00136,PLT001,Amartha Fintech,P2P Lending,UMKM mikro,Pedagang pasar / warung,48,Jakarta Barat,2,18,1,0,0,1,1,0,0,0.0,0,2022-06-13
L1NSB00137,PLT003,Adira Finance,Multifinance,Motor & elektronik,Pemilik UMKM kecil,39,Depok,5,11,1,1,1,0,0,0,0,0.0,0,2023-06-02
L1NSB00138,PLT004,BFI Finance,Multifinance,Motor & UMKM,Pemilik UMKM kecil,32,Medan,2,23,1,1,1,1,1,0,0,0.0,0,2022-01-05
L1NSB00139,PLT001,Amartha Fintech,P2P Lending,UMKM mikro,Buruh pabrik,35,Yogyakarta,3,24,1,1,1,0,0,0,0,0.0,0,2022-02-07
L1NSB00140,PLT004,BFI Finance,Multifinance,Motor & UMKM,Kurir / ekspedisi,36,Pekanbaru,3,8,1,0,0,1,1,1,1,3.7,13,2023-05-28
L1NSB00141,PLT001,Amartha Fintech,P2P Lending,UMKM mikro,Ojek online / driver,27,Yogyakarta,5,22,1,1,0,1,0,1,1,4.0,10,2023-01-14
L1NSB00142,PLT003,Adira Finance,Multifinance,Motor & elektronik,Freelancer digital,51,Pekanbaru,2,33,1,1,0,1,1,1,1,5.0,13,2022-04-03
L1NSB00143,PLT001,Amartha Fintech,P2P Lending,UMKM mikro,Freelancer digital,35,Makassar,1,15,1,1,0,0,1,1,1,3.7,14,2023-08-10
L1NSB00144,PLT001,Amartha Fintech,P2P Lending,UMKM mikro,Pedagang pasar / warung,47,Tangerang,4,27,1,1,1,1,1,0,0,0.0,0,2022-02-01
L1NSB00145,PLT002,Modal Rakyat,P2P Lending,Pedagang & warung,Kurir / ekspedisi,39,Makassar,3,31,1,1,0,1,0,1,1,4.7,14,2022-03-09
L1NSB00146,PLT005,KoinWorks SME,P2P Lending,UKM & usaha kecil,Kurir / ekspedisi,34,Bekasi,2,36,1,1,1,1,1,1,1,4.2,11,2022-01-09
L1NSB00147,PLT003,Adira Finance,Multifinance,Motor & elektronik,Ojek online / driver,43,Bogor,3,26,1,1,1,0,0,1,1,4.0,11,2022-09-03
L1NSB00148,PLT002,Modal Rakyat,P2P Lending,Pedagang & warung,Pedagang pasar / warung,36,Bogor,3,36,1,0,1,0,0,0,0,0.0,0,2022-01-08
L1NSB00149,PLT002,Modal Rakyat,P2P Lending,Pedagang & warung,Ojek online / driver,45,Tangerang,2,31,1,1,0,0,1,1,1,4.9,11,2022-02-21
L1NSB00150,PLT003,Adira Finance,Multifinance,Motor & elektronik,Pedagang pasar / warung,22,Bogor,5,6,1,0,1,1,0,0,0,0.0,0,2023-03-04
L1NSB00151,PLT002,Modal Rakyat,P2P Lending,Pedagang & warung,Pemilik UMKM kecil,21,Pekanbaru,0,26,1,0,1,1,0,0,0,0.0,0,2022-06-02
L1NSB00152,PLT005,KoinWorks SME,P2P Lending,UKM & usaha kecil,Freelancer digital,40,Bekasi,2,30,1,1,1,1,1,1,1,3.8,5,2022-07-07
L1NSB00153,PLT004,BFI Finance,Multifinance,Motor & UMKM,Freelancer digital,30,Jakarta Selatan,2,22,1,1,1,0,1,1,1,4.7,12,2022-07-25
L1NSB00154,PLT001,Amartha Fintech,P2P Lending,UMKM mikro,Pedagang pasar / warung,27,Surabaya,2,21,1,0,0,0,0,0,0,0.0,0,2022-10-26
L1NSB00155,PLT005,KoinWorks SME,P2P Lending,UKM & usaha kecil,Ojek online / driver,42,Yogyakarta,3,16,1,0,0,0,1,1,1,4.6,8,2022-10-30
L1NSB00156,PLT003,Adira Finance,Multifinance,Motor & elektronik,Freelancer digital,33,Jakarta Timur,4,31,1,1,1,0,1,1,1,4.3,14,2022-03-05
L1NSB00157,PLT005,KoinWorks SME,P2P Lending,UKM & usaha kecil,Penjahit / konveksi,24,Semarang,5,29,1,1,1,0,1,0,0,0.0,0,2022-02-21
L1NSB00158,PLT005,KoinWorks SME,P2P Lending,UKM & usaha kecil,Kurir / ekspedisi,29,Tangerang,3,34,1,1,1,0,1,1,1,3.6,6,2022-02-28
L1NSB00159,PLT005,KoinWorks SME,P2P Lending,UKM & usaha kecil,Ojek online / driver,48,Makassar,2,20,1,1,1,0,1,1,0,0.0,0,2022-02-02
L1NSB00160,PLT005,KoinWorks SME,P2P Lending,UKM & usaha kecil,Pemilik UMKM kecil,23,Bogor,3,31,0,1,1,1,1,0,0,0.0,0,2022-04-18
L1NSB00161,PLT003,Adira Finance,Multifinance,Motor & elektronik,Pemilik UMKM kecil,43,Surabaya,2,25,1,1,1,0,1,0,0,0.0,0,2022-04-02
L1NSB00162,PLT005,KoinWorks SME,P2P Lending,UKM & usaha kecil,Buruh pabrik,27,Yogyakarta,2,15,1,1,1,0,1,0,0,0.0,0,2023-01-24
L1NSB00163,PLT002,Modal Rakyat,P2P Lending,Pedagang & warung,Pedagang pasar / warung,41,Jakarta Timur,3,18,1,1,1,0,1,0,0,0.0,0,2022-01-17
L1NSB00164,PLT002,Modal Rakyat,P2P Lending,Pedagang & warung,Pedagang pasar / warung,25,Medan,2,3,1,1,1,0,0,0,0,0.0,0,2023-07-07
L1NSB00165,PLT002,Modal Rakyat,P2P Lending,Pedagang & warung,Karyawan kontrak,22,Jakarta Timur,4,33,1,0,1,0,1,0,0,0.0,0,2022-04-15
L1NSB00166,PLT003,Adira Finance,Multifinance,Motor & elektronik,Pedagang pasar / warung,28,Makassar,5,34,1,1,0,1,1,0,0,0.0,0,2022-02-24
L1NSB00167,PLT005,KoinWorks SME,P2P Lending,UKM & usaha kecil,Kurir / ekspedisi,41,Makassar,2,25,1,1,1,0,1,1,1,4.2,7,2022-03-15
L1NSB00168,PLT004,BFI Finance,Multifinance,Motor & UMKM,Penjahit / konveksi,45,Bandung,2,36,1,1,0,0,0,0,0,0.0,0,2022-01-12
L1NSB00169,PLT001,Amartha Fintech,P2P Lending,UMKM mikro,Kurir / ekspedisi,31,Jakarta Selatan,2,18,1,1,0,0,1,1,1,4.5,7,2022-12-07
L1NSB00170,PLT003,Adira Finance,Multifinance,Motor & elektronik,Pemilik UMKM kecil,19,Depok,3,13,1,0,1,0,0,0,0,0.0,0,2022-07-29
L1NSB00171,PLT004,BFI Finance,Multifinance,Motor & UMKM,Penjahit / konveksi,39,Palembang,2,19,1,1,0,0,1,0,0,0.0,0,2022-04-11
L1NSB00172,PLT004,BFI Finance,Multifinance,Motor & UMKM,Karyawan kontrak,39,Bogor,2,14,1,1,1,0,0,0,0,0.0,0,2023-08-22
L1NSB00173,PLT005,KoinWorks SME,P2P Lending,UKM & usaha kecil,Petani / nelayan,37,Jakarta Timur,3,13,1,1,1,0,1,0,0,0.0,0,2022-09-21
L1NSB00174,PLT004,BFI Finance,Multifinance,Motor & UMKM,Pemilik UMKM kecil,50,Surabaya,4,11,1,1,0,0,0,0,0,0.0,0,2023-10-20
L1NSB00175,PLT001,Amartha Fintech,P2P Lending,UMKM mikro,Kurir / ekspedisi,23,Pekanbaru,3,4,1,1,1,0,1,1,0,0.0,0,2023-01-18
L1NSB00176,PLT001,Amartha Fintech,P2P Lending,UMKM mikro,Freelancer digital,49,Makassar,4,32,0,1,1,0,1,1,1,3.9,12,2022-04-21
L1NSB00177,PLT002,Modal Rakyat,P2P Lending,Pedagang & warung,Ojek online / driver,25,Semarang,5,10,1,1,0,0,1,1,0,0.0,0,2023-04-16
L1NSB00178,PLT005,KoinWorks SME,P2P Lending,UKM & usaha kecil,Pedagang pasar / warung,33,Bekasi,3,6,1,1,1,0,1,0,0,0.0,0,2022-02-27
L1NSB00179,PLT001,Amartha Fintech,P2P Lending,UMKM mikro,Petani / nelayan,24,Surabaya,5,28,1,1,1,1,1,0,0,0.0,0,2022-04-28
L1NSB00180,PLT002,Modal Rakyat,P2P Lending,Pedagang & warung,Penjahit / konveksi,49,Bekasi,1,3,1,1,0,0,1,0,0,0.0,0,2024-05-20
L1NSB00181,PLT003,Adira Finance,Multifinance,Motor & elektronik,Ojek online / driver,32,Medan,3,10,1,1,0,0,0,1,1,4.8,10,2023-07-08
L1NSB00182,PLT003,Adira Finance,Multifinance,Motor & elektronik,Buruh pabrik,27,Palembang,2,6,1,1,0,0,1,0,0,0.0,0,2024-02-27
L1NSB00183,PLT005,KoinWorks SME,P2P Lending,UKM & usaha kecil,Pemilik UMKM kecil,44,Palembang,5,21,0,1,1,0,1,0,0,0.0,0,2022-08-10
L1NSB00184,PLT002,Modal Rakyat,P2P Lending,Pedagang & warung,Petani / nelayan,43,Jakarta Barat,3,19,1,1,0,0,1,0,0,0.0,0,2023-02-03
L1NSB00185,PLT003,Adira Finance,Multifinance,Motor & elektronik,Buruh pabrik,24,Jakarta Selatan,3,20,1,1,0,0,1,0,0,0.0,0,2022-09-20
L1NSB00186,PLT004,BFI Finance,Multifinance,Motor & UMKM,Ojek online / driver,24,Tangerang,5,36,1,1,0,0,0,1,1,3.6,12,2022-01-08
L1NSB00187,PLT005,KoinWorks SME,P2P Lending,UKM & usaha kecil,Kurir / ekspedisi,43,Jakarta Timur,2,9,1,1,0,0,0,1,1,4.7,9,2022-09-10
L1NSB00188,PLT004,BFI Finance,Multifinance,Motor & UMKM,Freelancer digital,31,Surabaya,4,7,1,0,0,1,1,1,1,4.2,10,2024-05-30
L1NSB00189,PLT005,KoinWorks SME,P2P Lending,UKM & usaha kecil,Ojek online / driver,39,Medan,2,13,1,0,0,0,1,1,1,5.0,7,2022-10-15
L1NSB00190,PLT004,BFI Finance,Multifinance,Motor & UMKM,Buruh pabrik,31,Medan,1,35,1,1,0,0,1,0,0,0.0,0,2022-01-19
L1NSB00191,PLT001,Amartha Fintech,P2P Lending,UMKM mikro,Karyawan kontrak,45,Makassar,2,32,1,1,0,0,1,0,0,0.0,0,2022-04-25
L1NSB00192,PLT005,KoinWorks SME,P2P Lending,UKM & usaha kecil,Buruh pabrik,44,Semarang,3,33,1,1,1,0,1,0,0,0.0,0,2022-04-14
L1NSB00193,PLT005,KoinWorks SME,P2P Lending,UKM & usaha kecil,Freelancer digital,24,Jakarta Barat,5,16,1,1,1,0,1,1,1,4.1,9,2023-03-17
L1NSB00194,PLT001,Amartha Fintech,P2P Lending,UMKM mikro,Ojek online / driver,35,Depok,1,33,1,1,1,0,1,1,1,4.5,12,2022-01-04
L1NSB00195,PLT004,BFI Finance,Multifinance,Motor & UMKM,Ojek online / driver,45,Bogor,0,6,1,1,0,0,1,1,1,4.2,11,2024-01-10
L1NSB00196,PLT004,BFI Finance,Multifinance,Motor & UMKM,Pedagang pasar / warung,38,Jakarta Selatan,3,8,0,1,0,1,1,0,0,0.0,0,2023-06-13
L1NSB00197,PLT002,Modal Rakyat,P2P Lending,Pedagang & warung,Kurir / ekspedisi,40,Semarang,4,28,1,0,1,0,1,1,1,3.5,13,2022-08-19
L1NSB00198,PLT005,KoinWorks SME,P2P Lending,UKM & usaha kecil,Buruh pabrik,19,Yogyakarta,4,14,1,1,1,0,0,0,0,0.0,0,2022-07-11
L1NSB00199,PLT003,Adira Finance,Multifinance,Motor & elektronik,Pedagang pasar / warung,48,Jakarta Barat,2,17,1,1,1,0,1,0,0,0.0,0,2022-04-27
L1NSB00200,PLT003,Adira Finance,Multifinance,Motor & elektronik,Buruh pabrik,48,Medan,1,12,1,1,0,0,0,0,0,0.0,0,2022-05-01
L1NSB00201,PLT002,Modal Rakyat,P2P Lending,Pedagang & warung,Pedagang pasar / warung,30,Tangerang,3,10,1,1,0,0,0,0,0,0.0,0,2023-12-12
L1NSB00202,PLT002,Modal Rakyat,P2P Lending,Pedagang & warung,Kurir / ekspedisi,50,Bekasi,5,9,1,1,1,1,1,1,1,3.8,10,2023-06-02
L1NSB00203,PLT004,BFI Finance,Multifinance,Motor & UMKM,Buruh pabrik,50,Bandung,2,29,1,0,0,1,0,0,0,0.0,0,2022-05-18
L1NSB00204,PLT003,Adira Finance,Multifinance,Motor & elektronik,Ojek online / driver,48,Medan,4,32,1,0,0,1,1,1,1,4.7,4,2022-04-23
L1NSB00205,PLT005,KoinWorks SME,P2P Lending,UKM & usaha kecil,Pedagang pasar / warung,46,Jakarta Barat,2,16,1,1,1,0,1,0,0,0.0,0,2022-05-01
L1NSB00206,PLT002,Modal Rakyat,P2P Lending,Pedagang & warung,Pedagang pasar / warung,41,Pekanbaru,2,28,1,0,0,0,0,0,0,0.0,0,2022-05-24
L1NSB00207,PLT005,KoinWorks SME,P2P Lending,UKM & usaha kecil,Kurir / ekspedisi,39,Yogyakarta,5,19,1,1,1,1,1,1,0,0.0,0,2023-02-26
L1NSB00208,PLT001,Amartha Fintech,P2P Lending,UMKM mikro,Pemilik UMKM kecil,27,Yogyakarta,2,9,1,1,1,1,1,0,0,0.0,0,2023-08-15
L1NSB00209,PLT003,Adira Finance,Multifinance,Motor & elektronik,Freelancer digital,43,Surabaya,2,5,1,1,0,0,0,1,1,4.1,11,2022-01-03
L1NSB00210,PLT001,Amartha Fintech,P2P Lending,UMKM mikro,Petani / nelayan,48,Makassar,2,23,1,1,0,1,1,0,0,0.0,0,2022-06-15
L1NSB00211,PLT003,Adira Finance,Multifinance,Motor & elektronik,Pedagang pasar / warung,27,Medan,4,32,1,1,1,0,1,0,0,0.0,0,2022-01-05
L1NSB00212,PLT001,Amartha Fintech,P2P Lending,UMKM mikro,Pemilik UMKM kecil,29,Surabaya,3,30,0,1,0,0,0,0,0,0.0,0,2022-02-10
L1NSB00213,PLT003,Adira Finance,Multifinance,Motor & elektronik,Ojek online / driver,42,Bekasi,0,6,1,1,0,0,0,1,1,3.9,14,2022-04-08
L1NSB00214,PLT001,Amartha Fintech,P2P Lending,UMKM mikro,Pedagang pasar / warung,23,Jakarta Timur,4,15,1,1,0,0,0,0,0,0.0,0,2022-05-16
L1NSB00215,PLT004,BFI Finance,Multifinance,Motor & UMKM,Ojek online / driver,43,Jakarta Barat,1,7,1,1,0,0,1,1,1,4.5,14,2023-06-28
L1NSB00216,PLT005,KoinWorks SME,P2P Lending,UKM & usaha kecil,Ojek online / driver,29,Surabaya,1,23,1,1,0,0,1,1,1,3.6,5,2022-03-05
L1NSB00217,PLT005,KoinWorks SME,P2P Lending,UKM & usaha kecil,Petani / nelayan,41,Bandung,3,21,1,0,1,0,1,0,0,0.0,0,2022-05-26
L1NSB00218,PLT001,Amartha Fintech,P2P Lending,UMKM mikro,Karyawan kontrak,38,Depok,4,34,1,0,0,0,1,0,0,0.0,0,2022-01-31
L1NSB00219,PLT004,BFI Finance,Multifinance,Motor & UMKM,Buruh pabrik,34,Surabaya,4,5,1,1,1,1,0,0,0,0.0,0,2023-08-06
L1NSB00220,PLT004,BFI Finance,Multifinance,Motor & UMKM,Buruh pabrik,30,Palembang,0,31,1,1,0,0,0,0,0,0.0,0,2022-01-16
L1NSB00221,PLT004,BFI Finance,Multifinance,Motor & UMKM,Kurir / ekspedisi,51,Palembang,0,27,1,1,1,0,0,1,0,0.0,0,2022-04-15
L1NSB00222,PLT002,Modal Rakyat,P2P Lending,Pedagang & warung,Kurir / ekspedisi,44,Medan,3,5,1,1,1,0,0,1,1,3.7,13,2022-11-13
L1NSB00223,PLT002,Modal Rakyat,P2P Lending,Pedagang & warung,Ojek online / driver,27,Yogyakarta,3,1,1,1,1,1,1,1,1,3.7,8,2022-08-30
L1NSB00224,PLT001,Amartha Fintech,P2P Lending,UMKM mikro,Pedagang pasar / warung,46,Bekasi,2,34,1,1,1,0,1,0,0,0.0,0,2022-03-05
L1NSB00225,PLT005,KoinWorks SME,P2P Lending,UKM & usaha kecil,Ojek online / driver,29,Bekasi,2,7,1,1,0,0,0,1,1,3.5,4,2023-01-28
L1NSB00226,PLT002,Modal Rakyat,P2P Lending,Pedagang & warung,Ojek online / driver,21,Semarang,5,27,1,0,1,0,1,1,1,3.7,14,2022-04-02
L1NSB00227,PLT002,Modal Rakyat,P2P Lending,Pedagang & warung,Karyawan kontrak,21,Bandung,2,5,1,1,1,0,0,0,0,0.0,0,2023-01-13
L1NSB00228,PLT002,Modal Rakyat,P2P Lending,Pedagang & warung,Pedagang pasar / warung,38,Yogyakarta,5,16,1,1,1,1,0,0,0,0.0,0,2022-09-09
L1NSB00229,PLT002,Modal Rakyat,P2P Lending,Pedagang & warung,Ojek online / driver,45,Jakarta Selatan,1,15,1,1,1,0,0,1,1,4.1,8,2023-06-27
L1NSB00230,PLT002,Modal Rakyat,P2P Lending,Pedagang & warung,Buruh pabrik,22,Jakarta Timur,2,18,1,1,1,0,1,0,0,0.0,0,2022-03-28
L1NSB00231,PLT005,KoinWorks SME,P2P Lending,UKM & usaha kecil,Ojek online / driver,27,Makassar,3,26,1,1,1,1,0,1,1,4.0,10,2022-06-17
L1NSB00232,PLT003,Adira Finance,Multifinance,Motor & elektronik,Buruh pabrik,33,Jakarta Barat,2,13,1,1,0,0,1,0,0,0.0,0,2022-05-04
L1NSB00233,PLT005,KoinWorks SME,P2P Lending,UKM & usaha kecil,Buruh pabrik,32,Surabaya,3,20,1,1,0,1,0,0,0,0.0,0,2022-11-05
L1NSB00234,PLT001,Amartha Fintech,P2P Lending,UMKM mikro,Pedagang pasar / warung,39,Jakarta Timur,4,6,1,1,0,0,0,0,0,0.0,0,2022-06-28
L1NSB00235,PLT001,Amartha Fintech,P2P Lending,UMKM mikro,Pemilik UMKM kecil,47,Semarang,4,36,1,1,1,0,0,0,0,0.0,0,2022-01-08
L1NSB00236,PLT002,Modal Rakyat,P2P Lending,Pedagang & warung,Pedagang pasar / warung,44,Tangerang,5,6,1,1,1,0,0,0,0,0.0,0,2023-03-31
L1NSB00237,PLT002,Modal Rakyat,P2P Lending,Pedagang & warung,Ojek online / driver,40,Jakarta Barat,1,3,1,0,1,0,1,1,1,4.1,10,2022-08-08
L1NSB00238,PLT002,Modal Rakyat,P2P Lending,Pedagang & warung,Pedagang pasar / warung,47,Bogor,3,10,0,1,0,0,1,0,0,0.0,0,2022-03-04
L1NSB00239,PLT001,Amartha Fintech,P2P Lending,UMKM mikro,Pedagang pasar / warung,27,Bandung,0,13,1,1,0,1,1,0,0,0.0,0,2023-01-27
L1NSB00240,PLT003,Adira Finance,Multifinance,Motor & elektronik,Buruh pabrik,50,Tangerang,4,33,1,1,0,0,0,0,0,0.0,0,2022-02-05
L1NSB00241,PLT001,Amartha Fintech,P2P Lending,UMKM mikro,Karyawan kontrak,49,Semarang,2,23,1,1,1,0,1,0,0,0.0,0,2023-02-10
L1NSB00242,PLT001,Amartha Fintech,P2P Lending,UMKM mikro,Karyawan kontrak,33,Medan,4,25,1,1,1,0,1,0,0,0.0,0,2022-07-03
L1NSB00243,PLT005,KoinWorks SME,P2P Lending,UKM & usaha kecil,Ojek online / driver,41,Medan,0,10,1,0,1,1,1,1,1,4.2,5,2023-09-09
L1NSB00244,PLT002,Modal Rakyat,P2P Lending,Pedagang & warung,Ojek online / driver,49,Jakarta Selatan,1,22,1,0,0,0,1,1,1,4.0,4,2022-12-27
L1NSB00245,PLT002,Modal Rakyat,P2P Lending,Pedagang & warung,Karyawan kontrak,52,Pekanbaru,2,24,1,1,1,0,0,0,0,0.0,0,2022-03-11
L1NSB00246,PLT002,Modal Rakyat,P2P Lending,Pedagang & warung,Petani / nelayan,46,Palembang,4,32,1,0,1,0,1,0,0,0.0,0,2022-02-27
L1NSB00247,PLT005,KoinWorks SME,P2P Lending,UKM & usaha kecil,Karyawan kontrak,43,Bekasi,5,19,1,1,1,1,1,0,0,0.0,0,2022-02-03
L1NSB00248,PLT002,Modal Rakyat,P2P Lending,Pedagang & warung,Freelancer digital,33,Makassar,4,7,1,0,1,0,1,1,1,4.8,5,2023-11-18
L1NSB00249,PLT003,Adira Finance,Multifinance,Motor & elektronik,Buruh pabrik,35,Depok,2,16,1,1,1,0,0,0,0,0.0,0,2023-03-06
L1NSB00250,PLT002,Modal Rakyat,P2P Lending,Pedagang & warung,Penjahit / konveksi,50,Bogor,4,25,1,1,1,1,1,0,0,0.0,0,2022-04-26
L1NSB00251,PLT002,Modal Rakyat,P2P Lending,Pedagang & warung,Buruh pabrik,21,Bekasi,3,2,1,1,0,0,1,0,0,0.0,0,2022-07-10
L1NSB00252,PLT003,Adira Finance,Multifinance,Motor & elektronik,Freelancer digital,49,Yogyakarta,3,2,1,1,1,0,0,1,1,5.0,10,2023-06-28
L1NSB00253,PLT003,Adira Finance,Multifinance,Motor & elektronik,Pedagang pasar / warung,25,Jakarta Selatan,2,26,1,1,0,0,1,0,0,0.0,0,2022-11-04
L1NSB00254,PLT004,BFI Finance,Multifinance,Motor & UMKM,Pedagang pasar / warung,20,Depok,2,11,1,1,1,0,1,0,0,0.0,0,2023-11-08
L1NSB00255,PLT003,Adira Finance,Multifinance,Motor & elektronik,Ojek online / driver,43,Jakarta Timur,1,24,1,1,1,0,1,1,1,3.9,4,2022-12-23
L1NSB00256,PLT001,Amartha Fintech,P2P Lending,UMKM mikro,Ojek online / driver,41,Palembang,4,35,1,1,0,0,1,1,1,4.9,14,2022-01-31
L1NSB00257,PLT005,KoinWorks SME,P2P Lending,UKM & usaha kecil,Penjahit / konveksi,49,Bekasi,3,6,1,1,0,0,1,0,0,0.0,0,2023-09-28
L1NSB00258,PLT002,Modal Rakyat,P2P Lending,Pedagang & warung,Ojek online / driver,47,Jakarta Timur,1,11,1,1,0,0,1,1,1,5.0,14,2023-09-02
L1NSB00259,PLT003,Adira Finance,Multifinance,Motor & elektronik,Pedagang pasar / warung,23,Jakarta Barat,0,25,1,1,1,0,1,0,0,0.0,0,2022-11-16
L1NSB00260,PLT005,KoinWorks SME,P2P Lending,UKM & usaha kecil,Kurir / ekspedisi,45,Jakarta Barat,4,27,1,1,1,1,0,1,0,0.0,0,2022-05-27
L1NSB00261,PLT005,KoinWorks SME,P2P Lending,UKM & usaha kecil,Penjahit / konveksi,45,Bekasi,3,25,1,1,1,0,1,0,0,0.0,0,2022-07-25
L1NSB00262,PLT001,Amartha Fintech,P2P Lending,UMKM mikro,Buruh pabrik,40,Yogyakarta,4,16,1,1,0,0,0,0,0,0.0,0,2022-11-15
L1NSB00263,PLT003,Adira Finance,Multifinance,Motor & elektronik,Karyawan kontrak,25,Pekanbaru,2,15,1,1,1,1,0,0,0,0.0,0,2022-04-02
L1NSB00264,PLT002,Modal Rakyat,P2P Lending,Pedagang & warung,Buruh pabrik,45,Yogyakarta,2,32,1,1,1,0,0,0,0,0.0,0,2022-05-10
L1NSB00265,PLT004,BFI Finance,Multifinance,Motor & UMKM,Ojek online / driver,52,Bogor,2,2,1,1,0,0,0,1,0,0.0,0,2023-02-12
L1NSB00266,PLT003,Adira Finance,Multifinance,Motor & elektronik,Buruh pabrik,48,Semarang,1,26,1,0,0,0,1,0,0,0.0,0,2022-08-31
L1NSB00267,PLT005,KoinWorks SME,P2P Lending,UKM & usaha kecil,Kurir / ekspedisi,41,Jakarta Timur,3,17,1,1,0,0,0,1,1,4.9,7,2022-07-31
L1NSB00268,PLT003,Adira Finance,Multifinance,Motor & elektronik,Freelancer digital,51,Jakarta Selatan,2,1,1,0,0,1,0,1,1,4.9,14,2024-02-11
L1NSB00269,PLT003,Adira Finance,Multifinance,Motor & elektronik,Buruh pabrik,32,Surabaya,3,20,1,1,0,0,1,0,0,0.0,0,2023-03-08
L1NSB00270,PLT003,Adira Finance,Multifinance,Motor & elektronik,Kurir / ekspedisi,37,Bekasi,2,7,1,1,0,0,0,1,1,4.9,14,2022-06-03
L1NSB00271,PLT005,KoinWorks SME,P2P Lending,UKM & usaha kecil,Karyawan kontrak,22,Palembang,2,26,1,1,1,0,1,0,0,0.0,0,2022-08-03
L1NSB00272,PLT004,BFI Finance,Multifinance,Motor & UMKM,Buruh pabrik,21,Medan,5,13,1,1,1,0,1,0,0,0.0,0,2023-01-03
L1NSB00273,PLT005,KoinWorks SME,P2P Lending,UKM & usaha kecil,Pedagang pasar / warung,29,Pekanbaru,4,36,1,0,0,0,1,0,0,0.0,0,2022-01-06
L1NSB00274,PLT003,Adira Finance,Multifinance,Motor & elektronik,Freelancer digital,33,Tangerang,0,15,1,1,1,0,0,1,1,4.8,11,2023-08-21
L1NSB00275,PLT005,KoinWorks SME,P2P Lending,UKM & usaha kecil,Pemilik UMKM kecil,23,Surabaya,4,13,1,1,0,0,0,0,0,0.0,0,2022-05-21
L1NSB00276,PLT002,Modal Rakyat,P2P Lending,Pedagang & warung,Buruh pabrik,48,Jakarta Timur,2,21,1,0,0,0,1,0,0,0.0,0,2022-01-30
L1NSB00277,PLT001,Amartha Fintech,P2P Lending,UMKM mikro,Buruh pabrik,32,Palembang,2,11,1,0,1,1,0,0,0,0.0,0,2023-03-16
L1NSB00278,PLT004,BFI Finance,Multifinance,Motor & UMKM,Buruh pabrik,49,Bandung,4,1,0,0,0,0,0,0,0,0.0,0,2023-01-26
L1NSB00279,PLT001,Amartha Fintech,P2P Lending,UMKM mikro,Petani / nelayan,34,Depok,0,23,1,0,1,0,0,0,0,0.0,0,2022-05-29
L1NSB00280,PLT004,BFI Finance,Multifinance,Motor & UMKM,Petani / nelayan,52,Tangerang,1,28,1,1,0,1,1,0,0,0.0,0,2022-07-26
L1NSB00281,PLT001,Amartha Fintech,P2P Lending,UMKM mikro,Pedagang pasar / warung,27,Depok,4,2,1,0,0,0,0,0,0,0.0,0,2023-06-08
L1NSB00282,PLT005,KoinWorks SME,P2P Lending,UKM & usaha kecil,Freelancer digital,22,Makassar,1,7,1,0,1,0,1,1,1,4.2,6,2023-12-04
L1NSB00283,PLT001,Amartha Fintech,P2P Lending,UMKM mikro,Pedagang pasar / warung,25,Makassar,3,34,1,1,0,1,0,0,0,0.0,0,2022-01-16
L1NSB00284,PLT003,Adira Finance,Multifinance,Motor & elektronik,Ojek online / driver,25,Surabaya,2,13,1,1,1,1,1,1,1,3.7,12,2022-08-01
L1NSB00285,PLT004,BFI Finance,Multifinance,Motor & UMKM,Pedagang pasar / warung,19,Jakarta Selatan,3,6,1,1,1,0,0,0,0,0.0,0,2024-01-11
L1NSB00286,PLT001,Amartha Fintech,P2P Lending,UMKM mikro,Penjahit / konveksi,33,Surabaya,2,19,1,0,1,1,1,0,0,0.0,0,2022-11-17
L1NSB00287,PLT004,BFI Finance,Multifinance,Motor & UMKM,Petani / nelayan,25,Pekanbaru,5,3,0,0,1,0,1,0,0,0.0,0,2022-10-02
L1NSB00288,PLT001,Amartha Fintech,P2P Lending,UMKM mikro,Buruh pabrik,40,Jakarta Timur,4,8,1,1,0,0,1,0,0,0.0,0,2023-10-27
L1NSB00289,PLT002,Modal Rakyat,P2P Lending,Pedagang & warung,Ojek online / driver,22,Pekanbaru,0,11,1,1,1,0,1,1,1,4.7,13,2023-12-02
L1NSB00290,PLT002,Modal Rakyat,P2P Lending,Pedagang & warung,Kurir / ekspedisi,50,Jakarta Barat,1,27,1,0,1,0,1,1,1,4.6,13,2022-06-23
L1NSB00291,PLT005,KoinWorks SME,P2P Lending,UKM & usaha kecil,Kurir / ekspedisi,25,Bandung,3,16,1,1,1,0,1,1,1,4.4,4,2022-06-10
L1NSB00292,PLT005,KoinWorks SME,P2P Lending,UKM & usaha kecil,Karyawan kontrak,50,Pekanbaru,1,11,1,1,0,1,0,0,0,0.0,0,2023-10-21
L1NSB00293,PLT004,BFI Finance,Multifinance,Motor & UMKM,Buruh pabrik,34,Jakarta Barat,5,30,1,1,0,0,0,0,0,0.0,0,2022-07-10
L1NSB00294,PLT001,Amartha Fintech,P2P Lending,UMKM mikro,Ojek online / driver,45,Jakarta Selatan,3,36,1,1,1,1,1,1,1,4.3,14,2022-01-11
L1NSB00295,PLT003,Adira Finance,Multifinance,Motor & elektronik,Karyawan kontrak,33,Pekanbaru,2,30,1,1,1,0,1,0,0,0.0,0,2022-01-25
L1NSB00296,PLT002,Modal Rakyat,P2P Lending,Pedagang & warung,Ojek online / driver,41,Pekanbaru,1,19,1,1,0,1,1,1,1,4.6,10,2022-07-20
L1NSB00297,PLT002,Modal Rakyat,P2P Lending,Pedagang & warung,Ojek online / driver,44,Depok,4,30,1,0,0,1,0,1,1,4.5,5,2022-04-26
L1NSB00298,PLT004,BFI Finance,Multifinance,Motor & UMKM,Freelancer digital,51,Jakarta Timur,3,32,0,1,1,0,1,1,1,4.7,6,2022-02-14
L1NSB00299,PLT002,Modal Rakyat,P2P Lending,Pedagang & warung,Ojek online / driver,39,Semarang,1,25,1,1,1,0,1,1,1,3.9,6,2022-11-05
L1NSB00300,PLT005,KoinWorks SME,P2P Lending,UKM & usaha kecil,Pedagang pasar / warung,39,Yogyakarta,3,36,1,0,1,0,0,0,0,0.0,0,2022-01-06
L1NSB00301,PLT005,KoinWorks SME,P2P Lending,UKM & usaha kecil,Kurir / ekspedisi,39,Yogyakarta,2,8,1,1,1,1,1,1,1,4.8,12,2023-03-09
L1NSB00302,PLT001,Amartha Fintech,P2P Lending,UMKM mikro,Kurir / ekspedisi,20,Bandung,3,10,1,0,0,1,1,1,1,3.7,4,2022-10-30
L1NSB00303,PLT002,Modal Rakyat,P2P Lending,Pedagang & warung,Karyawan kontrak,21,Tangerang,3,29,1,1,1,1,1,0,0,0.0,0,2022-03-02
L1NSB00304,PLT005,KoinWorks SME,P2P Lending,UKM & usaha kecil,Karyawan kontrak,37,Yogyakarta,3,4,1,1,1,1,0,0,0,0.0,0,2022-01-14
L1NSB00305,PLT003,Adira Finance,Multifinance,Motor & elektronik,Pedagang pasar / warung,47,Pekanbaru,3,15,1,1,1,1,1,0,0,0.0,0,2022-07-18
L1NSB00306,PLT003,Adira Finance,Multifinance,Motor & elektronik,Buruh pabrik,23,Jakarta Timur,1,12,1,0,0,0,0,0,0,0.0,0,2022-09-19
L1NSB00307,PLT001,Amartha Fintech,P2P Lending,UMKM mikro,Pedagang pasar / warung,28,Jakarta Selatan,2,10,1,1,1,0,1,0,0,0.0,0,2023-08-10
L1NSB00308,PLT005,KoinWorks SME,P2P Lending,UKM & usaha kecil,Buruh pabrik,39,Semarang,2,15,1,1,1,0,1,0,0,0.0,0,2022-12-24
L1NSB00309,PLT002,Modal Rakyat,P2P Lending,Pedagang & warung,Penjahit / konveksi,40,Tangerang,4,24,1,1,1,0,1,0,0,0.0,0,2022-11-29
L1NSB00310,PLT001,Amartha Fintech,P2P Lending,UMKM mikro,Ojek online / driver,41,Surabaya,2,16,1,1,1,1,1,1,1,4.9,5,2023-07-08
L1NSB00311,PLT003,Adira Finance,Multifinance,Motor & elektronik,Ojek online / driver,52,Pekanbaru,1,24,1,1,1,0,1,1,1,3.6,5,2022-10-03
L1NSB00312,PLT005,KoinWorks SME,P2P Lending,UKM & usaha kecil,Ojek online / driver,23,Depok,4,14,1,1,0,0,1,1,1,4.7,14,2022-03-15
L1NSB00313,PLT002,Modal Rakyat,P2P Lending,Pedagang & warung,Ojek online / driver,40,Jakarta Selatan,3,6,1,0,0,0,1,1,1,4.1,11,2023-03-20
L1NSB00314,PLT003,Adira Finance,Multifinance,Motor & elektronik,Ojek online / driver,26,Semarang,5,1,1,1,1,0,1,1,0,0.0,0,2022-08-06
L1NSB00315,PLT003,Adira Finance,Multifinance,Motor & elektronik,Karyawan kontrak,38,Medan,1,6,1,1,0,1,0,0,0,0.0,0,2022-08-14
L1NSB00316,PLT002,Modal Rakyat,P2P Lending,Pedagang & warung,Petani / nelayan,37,Makassar,5,10,1,1,1,1,1,0,0,0.0,0,2022-01-12
L1NSB00317,PLT005,KoinWorks SME,P2P Lending,UKM & usaha kecil,Penjahit / konveksi,28,Jakarta Barat,3,3,0,1,1,1,0,0,0,0.0,0,2024-07-14
L1NSB00318,PLT003,Adira Finance,Multifinance,Motor & elektronik,Pedagang pasar / warung,51,Jakarta Timur,3,11,1,1,0,0,1,0,0,0.0,0,2022-02-25
L1NSB00319,PLT005,KoinWorks SME,P2P Lending,UKM & usaha kecil,Buruh pabrik,23,Bekasi,3,5,1,0,1,1,1,0,0,0.0,0,2022-08-29
L1NSB00320,PLT001,Amartha Fintech,P2P Lending,UMKM mikro,Pedagang pasar / warung,23,Bogor,3,13,1,1,1,0,1,0,0,0.0,0,2023-01-09
L1NSB00321,PLT003,Adira Finance,Multifinance,Motor & elektronik,Pemilik UMKM kecil,29,Jakarta Selatan,1,21,1,0,1,0,1,0,0,0.0,0,2023-01-11
L1NSB00322,PLT003,Adira Finance,Multifinance,Motor & elektronik,Penjahit / konveksi,48,Surabaya,2,23,1,1,0,0,0,0,0,0.0,0,2022-03-13
L1NSB00323,PLT005,KoinWorks SME,P2P Lending,UKM & usaha kecil,Pedagang pasar / warung,23,Yogyakarta,4,5,1,1,1,1,1,0,0,0.0,0,2022-08-06
L1NSB00324,PLT001,Amartha Fintech,P2P Lending,UMKM mikro,Kurir / ekspedisi,49,Makassar,2,10,1,0,1,0,0,1,1,4.3,10,2022-01-11
L1NSB00325,PLT002,Modal Rakyat,P2P Lending,Pedagang & warung,Karyawan kontrak,29,Palembang,1,33,1,0,1,0,1,0,0,0.0,0,2022-04-04
L1NSB00326,PLT004,BFI Finance,Multifinance,Motor & UMKM,Pemilik UMKM kecil,21,Depok,4,32,1,1,0,0,1,0,0,0.0,0,2022-04-10
L1NSB00327,PLT004,BFI Finance,Multifinance,Motor & UMKM,Penjahit / konveksi,21,Jakarta Selatan,3,21,1,1,1,0,1,0,0,0.0,0,2022-10-19
L1NSB00328,PLT002,Modal Rakyat,P2P Lending,Pedagang & warung,Buruh pabrik,43,Tangerang,4,5,1,1,1,0,1,0,0,0.0,0,2023-05-14
L1NSB00329,PLT004,BFI Finance,Multifinance,Motor & UMKM,Penjahit / konveksi,19,Semarang,1,9,1,0,1,0,0,0,0,0.0,0,2023-09-09
L1NSB00330,PLT001,Amartha Fintech,P2P Lending,UMKM mikro,Freelancer digital,45,Palembang,1,22,1,1,1,0,0,1,1,3.5,4,2022-10-31
L1NSB00331,PLT002,Modal Rakyat,P2P Lending,Pedagang & warung,Ojek online / driver,51,Jakarta Selatan,4,10,1,1,0,1,1,1,1,3.5,14,2022-03-29
L1NSB00332,PLT002,Modal Rakyat,P2P Lending,Pedagang & warung,Buruh pabrik,49,Pekanbaru,1,31,1,1,1,1,1,0,0,0.0,0,2022-05-11
L1NSB00333,PLT003,Adira Finance,Multifinance,Motor & elektronik,Ojek online / driver,40,Bogor,2,30,1,0,0,0,0,1,1,4.9,14,2022-02-08
L1NSB00334,PLT005,KoinWorks SME,P2P Lending,UKM & usaha kecil,Ojek online / driver,49,Bogor,4,3,1,1,1,0,1,1,1,4.3,4,2024-03-04
L1NSB00335,PLT004,BFI Finance,Multifinance,Motor & UMKM,Kurir / ekspedisi,42,Pekanbaru,0,3,1,1,1,0,1,1,1,4.7,13,2022-05-18
L1NSB00336,PLT003,Adira Finance,Multifinance,Motor & elektronik,Buruh pabrik,33,Bogor,4,6,1,1,1,0,1,0,0,0.0,0,2023-08-15
L1NSB00337,PLT005,KoinWorks SME,P2P Lending,UKM & usaha kecil,Ojek online / driver,19,Bandung,3,14,1,1,0,0,1,1,1,4.8,10,2023-09-19
L1NSB00338,PLT003,Adira Finance,Multifinance,Motor & elektronik,Pemilik UMKM kecil,44,Palembang,2,14,1,1,1,0,1,0,0,0.0,0,2022-11-11
L1NSB00339,PLT005,KoinWorks SME,P2P Lending,UKM & usaha kecil,Buruh pabrik,44,Yogyakarta,1,9,1,1,1,0,1,0,0,0.0,0,2022-08-08
L1NSB00340,PLT005,KoinWorks SME,P2P Lending,UKM & usaha kecil,Buruh pabrik,40,Palembang,4,36,1,1,0,0,1,0,0,0.0,0,2022-01-05
L1NSB00341,PLT004,BFI Finance,Multifinance,Motor & UMKM,Pemilik UMKM kecil,46,Jakarta Barat,2,5,1,1,1,0,1,0,0,0.0,0,2023-11-03
L1NSB00342,PLT005,KoinWorks SME,P2P Lending,UKM & usaha kecil,Pedagang pasar / warung,22,Palembang,2,12,1,1,0,0,1,0,0,0.0,0,2022-02-04
L1NSB00343,PLT005,KoinWorks SME,P2P Lending,UKM & usaha kecil,Kurir / ekspedisi,33,Medan,2,11,1,1,1,1,0,1,1,4.1,14,2023-08-24
L1NSB00344,PLT002,Modal Rakyat,P2P Lending,Pedagang & warung,Kurir / ekspedisi,23,Bogor,2,6,1,1,1,0,0,1,1,3.8,7,2023-02-18
L1NSB00345,PLT005,KoinWorks SME,P2P Lending,UKM & usaha kecil,Ojek online / driver,30,Bandung,2,33,1,0,0,1,1,1,1,4.8,13,2022-02-26
L1NSB00346,PLT004,BFI Finance,Multifinance,Motor & UMKM,Kurir / ekspedisi,34,Palembang,0,22,1,1,1,0,0,1,0,0.0,0,2022-11-21
L1NSB00347,PLT002,Modal Rakyat,P2P Lending,Pedagang & warung,Petani / nelayan,33,Palembang,2,21,1,1,1,0,0,0,0,0.0,0,2022-07-24
L1NSB00348,PLT003,Adira Finance,Multifinance,Motor & elektronik,Ojek online / driver,30,Surabaya,1,21,1,1,0,1,1,1,1,4.2,7,2022-05-04
L1NSB00349,PLT003,Adira Finance,Multifinance,Motor & elektronik,Pedagang pasar / warung,31,Pekanbaru,5,16,1,1,1,0,0,0,0,0.0,0,2023-05-20
L1NSB00350,PLT005,KoinWorks SME,P2P Lending,UKM & usaha kecil,Ojek online / driver,21,Pekanbaru,2,31,1,1,1,1,1,1,1,3.8,12,2022-02-26
L1NSB00351,PLT005,KoinWorks SME,P2P Lending,UKM & usaha kecil,Ojek online / driver,52,Palembang,2,28,1,1,1,0,1,1,1,5.0,12,2022-01-05
L1NSB00352,PLT001,Amartha Fintech,P2P Lending,UMKM mikro,Petani / nelayan,43,Medan,2,7,1,1,0,0,0,0,0,0.0,0,2023-09-20
L1NSB00353,PLT003,Adira Finance,Multifinance,Motor & elektronik,Buruh pabrik,50,Bandung,3,14,1,1,0,0,1,0,0,0.0,0,2023-08-13
L1NSB00354,PLT002,Modal Rakyat,P2P Lending,Pedagang & warung,Karyawan kontrak,36,Palembang,2,16,1,1,0,1,1,0,0,0.0,0,2022-01-10
L1NSB00355,PLT002,Modal Rakyat,P2P Lending,Pedagang & warung,Buruh pabrik,27,Bogor,0,34,1,1,1,0,1,0,0,0.0,0,2022-01-13
L1NSB00356,PLT002,Modal Rakyat,P2P Lending,Pedagang & warung,Ojek online / driver,35,Surabaya,2,7,1,1,0,0,1,1,1,3.5,5,2023-11-27
L1NSB00357,PLT005,KoinWorks SME,P2P Lending,UKM & usaha kecil,Pedagang pasar / warung,30,Palembang,2,19,1,1,1,0,1,0,0,0.0,0,2022-10-21
L1NSB00358,PLT004,BFI Finance,Multifinance,Motor & UMKM,Freelancer digital,28,Pekanbaru,1,11,1,1,1,0,1,1,1,3.6,9,2022-11-21
L1NSB00359,PLT003,Adira Finance,Multifinance,Motor & elektronik,Petani / nelayan,44,Bekasi,1,29,1,1,1,0,1,0,0,0.0,0,2022-08-07
L1NSB00360,PLT001,Amartha Fintech,P2P Lending,UMKM mikro,Ojek online / driver,34,Makassar,4,17,1,1,0,0,0,1,0,0.0,0,2023-07-16
L1NSB00361,PLT001,Amartha Fintech,P2P Lending,UMKM mikro,Ojek online / driver,44,Semarang,3,6,1,1,0,1,1,1,1,4.6,11,2022-05-15
L1NSB00362,PLT005,KoinWorks SME,P2P Lending,UKM & usaha kecil,Karyawan kontrak,20,Jakarta Selatan,2,23,1,1,1,1,1,0,0,0.0,0,2022-08-16
L1NSB00363,PLT002,Modal Rakyat,P2P Lending,Pedagang & warung,Pemilik UMKM kecil,30,Medan,2,30,1,1,1,0,1,0,0,0.0,0,2022-03-30
L1NSB00364,PLT004,BFI Finance,Multifinance,Motor & UMKM,Kurir / ekspedisi,24,Surabaya,3,20,1,1,0,0,1,1,1,4.0,11,2022-12-19
L1NSB00365,PLT004,BFI Finance,Multifinance,Motor & UMKM,Pemilik UMKM kecil,49,Bekasi,1,1,1,1,1,1,1,0,0,0.0,0,2024-06-14
L1NSB00366,PLT004,BFI Finance,Multifinance,Motor & UMKM,Pedagang pasar / warung,43,Pekanbaru,3,25,1,0,1,0,1,0,0,0.0,0,2022-05-20
L1NSB00367,PLT003,Adira Finance,Multifinance,Motor & elektronik,Freelancer digital,36,Bandung,2,13,1,0,0,0,1,1,1,4.4,7,2022-06-05
L1NSB00368,PLT001,Amartha Fintech,P2P Lending,UMKM mikro,Pemilik UMKM kecil,20,Jakarta Timur,0,7,1,0,1,0,0,0,0,0.0,0,2022-08-11
L1NSB00369,PLT003,Adira Finance,Multifinance,Motor & elektronik,Buruh pabrik,50,Tangerang,2,30,1,0,0,1,0,0,0,0.0,0,2022-04-11
L1NSB00370,PLT001,Amartha Fintech,P2P Lending,UMKM mikro,Kurir / ekspedisi,30,Depok,1,17,1,1,0,1,0,1,1,4.2,4,2022-04-07
L1NSB00371,PLT005,KoinWorks SME,P2P Lending,UKM & usaha kecil,Freelancer digital,32,Surabaya,2,25,1,1,0,0,0,1,1,4.3,8,2022-06-02
L1NSB00372,PLT002,Modal Rakyat,P2P Lending,Pedagang & warung,Buruh pabrik,22,Pekanbaru,3,14,1,0,1,0,1,0,0,0.0,0,2023-02-10
L1NSB00373,PLT002,Modal Rakyat,P2P Lending,Pedagang & warung,Ojek online / driver,21,Medan,0,31,1,0,1,0,1,1,1,4.0,14,2022-04-02
L1NSB00374,PLT002,Modal Rakyat,P2P Lending,Pedagang & warung,Petani / nelayan,25,Jakarta Timur,2,32,1,1,1,1,1,0,0,0.0,0,2022-02-19
L1NSB00375,PLT001,Amartha Fintech,P2P Lending,UMKM mikro,Petani / nelayan,41,Yogyakarta,2,9,1,0,1,0,1,0,0,0.0,0,2023-08-04
L1NSB00376,PLT002,Modal Rakyat,P2P Lending,Pedagang & warung,Kurir / ekspedisi,39,Yogyakarta,3,30,1,1,1,0,0,1,1,3.9,8,2022-04-27
L1NSB00377,PLT001,Amartha Fintech,P2P Lending,UMKM mikro,Karyawan kontrak,51,Bandung,0,12,1,1,0,0,0,0,0,0.0,0,2023-07-06
L1NSB00378,PLT004,BFI Finance,Multifinance,Motor & UMKM,Pedagang pasar / warung,50,Palembang,3,36,1,1,1,0,0,0,0,0.0,0,2022-01-02
L1NSB00379,PLT002,Modal Rakyat,P2P Lending,Pedagang & warung,Ojek online / driver,21,Depok,0,7,1,0,1,1,1,1,1,4.6,8,2022-08-15
L1NSB00380,PLT005,KoinWorks SME,P2P Lending,UKM & usaha kecil,Petani / nelayan,19,Bogor,2,14,1,1,1,0,1,0,0,0.0,0,2023-03-02
L1NSB00381,PLT003,Adira Finance,Multifinance,Motor & elektronik,Karyawan kontrak,22,Pekanbaru,3,18,1,1,1,0,0,0,0,0.0,0,2022-04-14
L1NSB00382,PLT002,Modal Rakyat,P2P Lending,Pedagang & warung,Kurir / ekspedisi,31,Depok,2,34,1,1,1,0,1,1,1,4.6,13,2022-02-28
L1NSB00383,PLT004,BFI Finance,Multifinance,Motor & UMKM,Penjahit / konveksi,29,Palembang,5,12,1,1,1,0,1,0,0,0.0,0,2022-11-19
L1NSB00384,PLT005,KoinWorks SME,P2P Lending,UKM & usaha kecil,Pemilik UMKM kecil,39,Pekanbaru,3,24,1,1,1,0,0,0,0,0.0,0,2022-07-12
L1NSB00385,PLT005,KoinWorks SME,P2P Lending,UKM & usaha kecil,Pemilik UMKM kecil,35,Tangerang,3,29,1,1,1,1,1,0,0,0.0,0,2022-03-19
L1NSB00386,PLT001,Amartha Fintech,P2P Lending,UMKM mikro,Pedagang pasar / warung,33,Depok,3,21,0,1,1,0,1,0,0,0.0,0,2022-10-20
L1NSB00387,PLT002,Modal Rakyat,P2P Lending,Pedagang & warung,Ojek online / driver,48,Tangerang,2,10,1,1,1,0,1,1,0,0.0,0,2022-08-11
L1NSB00388,PLT001,Amartha Fintech,P2P Lending,UMKM mikro,Petani / nelayan,49,Jakarta Timur,2,32,1,1,1,1,1,0,0,0.0,0,2022-04-08
L1NSB00389,PLT001,Amartha Fintech,P2P Lending,UMKM mikro,Karyawan kontrak,40,Tangerang,3,28,1,1,1,0,1,0,0,0.0,0,2022-01-06
L1NSB00390,PLT004,BFI Finance,Multifinance,Motor & UMKM,Ojek online / driver,52,Jakarta Selatan,4,21,1,0,1,0,0,1,1,4.1,11,2022-10-22
L1NSB00391,PLT005,KoinWorks SME,P2P Lending,UKM & usaha kecil,Ojek online / driver,46,Bekasi,4,26,1,1,1,0,1,1,1,4.1,10,2022-03-08
L1NSB00392,PLT002,Modal Rakyat,P2P Lending,Pedagang & warung,Kurir / ekspedisi,31,Surabaya,4,26,1,0,1,0,0,1,0,0.0,0,2022-06-15
L1NSB00393,PLT005,KoinWorks SME,P2P Lending,UKM & usaha kecil,Ojek online / driver,45,Bandung,3,24,1,1,1,0,0,1,1,4.4,11,2022-08-14
L1NSB00394,PLT001,Amartha Fintech,P2P Lending,UMKM mikro,Pemilik UMKM kecil,33,Depok,3,24,1,1,0,0,0,0,0,0.0,0,2022-03-17
L1NSB00395,PLT003,Adira Finance,Multifinance,Motor & elektronik,Ojek online / driver,26,Bekasi,3,29,1,1,1,0,1,1,1,4.3,13,2022-02-06
L1NSB00396,PLT001,Amartha Fintech,P2P Lending,UMKM mikro,Buruh pabrik,52,Jakarta Selatan,3,17,1,1,1,0,0,0,0,0.0,0,2022-01-09
L1NSB00397,PLT001,Amartha Fintech,P2P Lending,UMKM mikro,Buruh pabrik,36,Makassar,2,24,1,0,1,0,0,0,0,0.0,0,2022-12-30
L1NSB00398,PLT001,Amartha Fintech,P2P Lending,UMKM mikro,Penjahit / konveksi,50,Pekanbaru,0,35,1,0,1,0,1,0,0,0.0,0,2022-02-03
L1NSB00399,PLT003,Adira Finance,Multifinance,Motor & elektronik,Pedagang pasar / warung,44,Yogyakarta,5,11,0,1,0,0,1,0,0,0.0,0,2022-10-10
L1NSB00400,PLT001,Amartha Fintech,P2P Lending,UMKM mikro,Freelancer digital,43,Bogor,3,2,1,1,0,0,1,1,0,0.0,0,2023-04-11
L1NSB00401,PLT004,BFI Finance,Multifinance,Motor & UMKM,Pedagang pasar / warung,28,Bandung,3,20,1,1,1,0,0,0,0,0.0,0,2023-02-14
L1NSB00402,PLT002,Modal Rakyat,P2P Lending,Pedagang & warung,Penjahit / konveksi,38,Yogyakarta,3,34,1,1,1,1,1,0,0,0.0,0,2022-01-21
L1NSB00403,PLT003,Adira Finance,Multifinance,Motor & elektronik,Ojek online / driver,26,Jakarta Timur,5,21,1,0,0,0,1,1,1,4.0,14,2022-05-21
L1NSB00404,PLT002,Modal Rakyat,P2P Lending,Pedagang & warung,Karyawan kontrak,25,Jakarta Timur,3,12,0,1,1,0,1,0,0,0.0,0,2022-08-25
L1NSB00405,PLT001,Amartha Fintech,P2P Lending,UMKM mikro,Buruh pabrik,49,Jakarta Timur,2,33,1,1,1,0,1,0,0,0.0,0,2022-01-21
L1NSB00406,PLT002,Modal Rakyat,P2P Lending,Pedagang & warung,Pedagang pasar / warung,45,Palembang,1,1,1,1,0,0,0,0,0,0.0,0,2022-12-29
L1NSB00407,PLT004,BFI Finance,Multifinance,Motor & UMKM,Penjahit / konveksi,50,Yogyakarta,4,21,1,1,1,1,1,0,0,0.0,0,2023-01-04
L1NSB00408,PLT003,Adira Finance,Multifinance,Motor & elektronik,Buruh pabrik,52,Makassar,3,3,1,1,1,0,1,0,0,0.0,0,2023-02-10
L1NSB00409,PLT001,Amartha Fintech,P2P Lending,UMKM mikro,Kurir / ekspedisi,52,Palembang,3,4,1,1,1,1,0,1,1,3.9,4,2024-07-14
L1NSB00410,PLT002,Modal Rakyat,P2P Lending,Pedagang & warung,Buruh pabrik,47,Jakarta Barat,2,33,1,1,1,0,0,0,0,0.0,0,2022-02-27
L1NSB00411,PLT001,Amartha Fintech,P2P Lending,UMKM mikro,Ojek online / driver,31,Bogor,3,30,1,1,1,0,0,1,1,3.6,11,2022-01-22
L1NSB00412,PLT005,KoinWorks SME,P2P Lending,UKM & usaha kecil,Petani / nelayan,51,Medan,3,11,1,1,1,1,1,0,0,0.0,0,2022-06-03
L1NSB00413,PLT002,Modal Rakyat,P2P Lending,Pedagang & warung,Penjahit / konveksi,30,Palembang,1,4,1,1,1,0,1,0,0,0.0,0,2022-05-15
L1NSB00414,PLT002,Modal Rakyat,P2P Lending,Pedagang & warung,Ojek online / driver,35,Jakarta Selatan,2,30,1,1,1,0,1,1,1,4.5,11,2022-01-21
L1NSB00415,PLT005,KoinWorks SME,P2P Lending,UKM & usaha kecil,Freelancer digital,34,Bogor,2,36,1,1,1,0,0,1,0,0.0,0,2022-01-05
L1NSB00416,PLT001,Amartha Fintech,P2P Lending,UMKM mikro,Freelancer digital,38,Tangerang,1,6,1,1,0,0,1,1,1,4.4,12,2023-04-12
L1NSB00417,PLT005,KoinWorks SME,P2P Lending,UKM & usaha kecil,Buruh pabrik,21,Jakarta Barat,0,20,1,1,1,1,1,0,0,0.0,0,2022-08-30
L1NSB00418,PLT002,Modal Rakyat,P2P Lending,Pedagang & warung,Ojek online / driver,36,Tangerang,2,34,1,0,0,0,1,1,1,4.3,5,2022-02-06
L1NSB00419,PLT004,BFI Finance,Multifinance,Motor & UMKM,Freelancer digital,39,Bekasi,4,34,1,1,1,0,1,1,1,4.2,6,2022-01-30
L1NSB00420,PLT003,Adira Finance,Multifinance,Motor & elektronik,Pemilik UMKM kecil,19,Jakarta Barat,2,2,1,1,1,0,1,0,0,0.0,0,2022-04-04
L1NSB00421,PLT003,Adira Finance,Multifinance,Motor & elektronik,Buruh pabrik,32,Jakarta Selatan,4,13,1,1,0,0,1,0,0,0.0,0,2022-04-27
L1NSB00422,PLT003,Adira Finance,Multifinance,Motor & elektronik,Buruh pabrik,20,Pekanbaru,0,12,1,1,1,0,1,0,0,0.0,0,2022-05-20
L1NSB00423,PLT004,BFI Finance,Multifinance,Motor & UMKM,Ojek online / driver,48,Bogor,2,35,1,1,1,1,0,1,1,4.3,14,2022-02-04
L1NSB00424,PLT001,Amartha Fintech,P2P Lending,UMKM mikro,Pedagang pasar / warung,40,Palembang,3,23,1,0,1,0,1,0,0,0.0,0,2022-03-26
L1NSB00425,PLT005,KoinWorks SME,P2P Lending,UKM & usaha kecil,Freelancer digital,30,Medan,2,8,1,1,1,0,0,1,1,4.2,7,2024-04-29
L1NSB00426,PLT003,Adira Finance,Multifinance,Motor & elektronik,Pedagang pasar / warung,38,Jakarta Timur,4,8,1,0,0,0,1,0,0,0.0,0,2023-05-28
L1NSB00427,PLT002,Modal Rakyat,P2P Lending,Pedagang & warung,Pedagang pasar / warung,49,Yogyakarta,3,34,1,1,1,0,1,0,0,0.0,0,2022-01-17
L1NSB00428,PLT002,Modal Rakyat,P2P Lending,Pedagang & warung,Petani / nelayan,48,Bandung,2,34,1,1,0,1,1,0,0,0.0,0,2022-01-06
L1NSB00429,PLT001,Amartha Fintech,P2P Lending,UMKM mikro,Kurir / ekspedisi,38,Jakarta Selatan,1,20,1,0,0,0,1,1,1,4.5,8,2022-05-21
L1NSB00430,PLT001,Amartha Fintech,P2P Lending,UMKM mikro,Ojek online / driver,51,Jakarta Barat,3,14,1,1,0,1,1,1,1,3.8,8,2022-12-13
L1NSB00431,PLT005,KoinWorks SME,P2P Lending,UKM & usaha kecil,Buruh pabrik,27,Jakarta Selatan,3,31,1,0,0,0,1,0,0,0.0,0,2022-06-01
L1NSB00432,PLT004,BFI Finance,Multifinance,Motor & UMKM,Freelancer digital,38,Tangerang,0,13,1,1,1,1,1,1,1,3.7,11,2022-11-14
L1NSB00433,PLT004,BFI Finance,Multifinance,Motor & UMKM,Buruh pabrik,33,Jakarta Timur,4,17,1,1,1,0,1,0,0,0.0,0,2023-04-10
L1NSB00434,PLT004,BFI Finance,Multifinance,Motor & UMKM,Ojek online / driver,49,Jakarta Barat,2,23,1,1,0,0,1,1,1,4.1,5,2022-11-29
L1NSB00435,PLT001,Amartha Fintech,P2P Lending,UMKM mikro,Karyawan kontrak,48,Bandung,1,27,1,0,0,0,0,0,0,0.0,0,2022-08-09
L1NSB00436,PLT004,BFI Finance,Multifinance,Motor & UMKM,Kurir / ekspedisi,40,Semarang,3,16,1,1,1,0,1,1,0,0.0,0,2022-11-30
L1NSB00437,PLT005,KoinWorks SME,P2P Lending,UKM & usaha kecil,Ojek online / driver,47,Jakarta Timur,0,20,1,0,0,1,1,1,1,4.2,14,2022-04-22
L1NSB00438,PLT002,Modal Rakyat,P2P Lending,Pedagang & warung,Penjahit / konveksi,19,Palembang,1,10,1,1,0,0,1,0,0,0.0,0,2022-11-21
L1NSB00439,PLT003,Adira Finance,Multifinance,Motor & elektronik,Kurir / ekspedisi,38,Bogor,0,28,1,1,1,0,1,1,1,4.8,8,2022-01-28
L1NSB00440,PLT001,Amartha Fintech,P2P Lending,UMKM mikro,Petani / nelayan,41,Jakarta Barat,2,19,1,0,1,0,0,0,0,0.0,0,2023-01-26
L1NSB00441,PLT004,BFI Finance,Multifinance,Motor & UMKM,Kurir / ekspedisi,30,Surabaya,0,9,1,1,1,1,0,1,1,4.5,6,2023-10-26
L1NSB00442,PLT001,Amartha Fintech,P2P Lending,UMKM mikro,Ojek online / driver,50,Makassar,3,28,1,0,0,1,1,1,1,4.5,10,2022-08-21
L1NSB00443,PLT005,KoinWorks SME,P2P Lending,UKM & usaha kecil,Buruh pabrik,47,Bandung,3,23,1,1,0,0,1,0,0,0.0,0,2022-05-18
L1NSB00444,PLT004,BFI Finance,Multifinance,Motor & UMKM,Pemilik UMKM kecil,42,Jakarta Selatan,1,3,1,1,0,0,1,0,0,0.0,0,2024-01-19
L1NSB00445,PLT005,KoinWorks SME,P2P Lending,UKM & usaha kecil,Pemilik UMKM kecil,36,Surabaya,5,34,1,1,0,0,1,0,0,0.0,0,2022-01-10
L1NSB00446,PLT005,KoinWorks SME,P2P Lending,UKM & usaha kecil,Karyawan kontrak,38,Medan,3,4,1,1,0,0,1,0,0,0.0,0,2022-12-06
L1NSB00447,PLT004,BFI Finance,Multifinance,Motor & UMKM,Buruh pabrik,37,Bekasi,0,11,0,1,1,0,1,0,0,0.0,0,2023-04-30
L1NSB00448,PLT005,KoinWorks SME,P2P Lending,UKM & usaha kecil,Ojek online / driver,22,Makassar,3,19,1,1,0,0,1,1,1,3.9,6,2022-10-09
L1NSB00449,PLT003,Adira Finance,Multifinance,Motor & elektronik,Ojek online / driver,26,Medan,4,12,1,1,1,0,0,1,1,3.9,6,2022-02-03
L1NSB00450,PLT003,Adira Finance,Multifinance,Motor & elektronik,Pemilik UMKM kecil,28,Medan,3,10,1,1,1,0,1,0,0,0.0,0,2022-06-21
L1NSB00451,PLT002,Modal Rakyat,P2P Lending,Pedagang & warung,Kurir / ekspedisi,41,Jakarta Selatan,1,17,1,0,0,0,0,1,1,4.6,12,2023-02-04
L1NSB00452,PLT004,BFI Finance,Multifinance,Motor & UMKM,Pedagang pasar / warung,52,Pekanbaru,3,28,0,1,1,0,1,0,0,0.0,0,2022-01-22
L1NSB00453,PLT001,Amartha Fintech,P2P Lending,UMKM mikro,Penjahit / konveksi,41,Pekanbaru,2,28,1,1,0,0,1,0,0,0.0,0,2022-07-20
L1NSB00454,PLT004,BFI Finance,Multifinance,Motor & UMKM,Karyawan kontrak,34,Yogyakarta,0,13,1,1,1,0,0,0,0,0.0,0,2022-03-11
L1NSB00455,PLT001,Amartha Fintech,P2P Lending,UMKM mikro,Buruh pabrik,52,Jakarta Barat,0,29,1,1,0,0,1,0,0,0.0,0,2022-06-02
L1NSB00456,PLT002,Modal Rakyat,P2P Lending,Pedagang & warung,Pemilik UMKM kecil,26,Yogyakarta,4,8,1,1,0,1,1,0,0,0.0,0,2022-07-09
L1NSB00457,PLT001,Amartha Fintech,P2P Lending,UMKM mikro,Petani / nelayan,35,Bekasi,3,30,1,0,1,1,1,0,0,0.0,0,2022-06-20
L1NSB00458,PLT003,Adira Finance,Multifinance,Motor & elektronik,Pedagang pasar / warung,23,Bekasi,2,4,1,1,0,1,0,0,0,0.0,0,2023-05-19
L1NSB00459,PLT002,Modal Rakyat,P2P Lending,Pedagang & warung,Freelancer digital,30,Makassar,0,32,1,1,1,0,0,1,1,3.9,4,2022-03-06
L1NSB00460,PLT004,BFI Finance,Multifinance,Motor & UMKM,Ojek online / driver,50,Jakarta Timur,2,1,1,1,0,0,1,1,1,4.3,11,2024-04-07
L1NSB00461,PLT001,Amartha Fintech,P2P Lending,UMKM mikro,Kurir / ekspedisi,19,Bandung,5,31,1,1,1,0,0,1,0,0.0,0,2022-06-15
L1NSB00462,PLT001,Amartha Fintech,P2P Lending,UMKM mikro,Buruh pabrik,40,Jakarta Barat,3,30,1,1,0,0,1,0,0,0.0,0,2022-03-18
L1NSB00463,PLT004,BFI Finance,Multifinance,Motor & UMKM,Penjahit / konveksi,41,Surabaya,5,6,1,1,0,0,0,0,0,0.0,0,2022-09-02
L1NSB00464,PLT004,BFI Finance,Multifinance,Motor & UMKM,Buruh pabrik,38,Surabaya,2,35,1,1,1,0,0,0,0,0.0,0,2022-01-03
L1NSB00465,PLT004,BFI Finance,Multifinance,Motor & UMKM,Ojek online / driver,52,Surabaya,0,35,1,1,1,0,0,1,1,4.2,13,2022-02-14
L1NSB00466,PLT002,Modal Rakyat,P2P Lending,Pedagang & warung,Ojek online / driver,22,Bogor,4,20,1,0,1,1,0,1,1,3.7,13,2022-04-23
L1NSB00467,PLT001,Amartha Fintech,P2P Lending,UMKM mikro,Karyawan kontrak,46,Tangerang,4,26,1,1,1,0,1,0,0,0.0,0,2022-01-24
L1NSB00468,PLT005,KoinWorks SME,P2P Lending,UKM & usaha kecil,Ojek online / driver,23,Jakarta Barat,4,18,1,1,1,0,1,1,1,3.6,5,2023-01-21
L1NSB00469,PLT002,Modal Rakyat,P2P Lending,Pedagang & warung,Ojek online / driver,50,Jakarta Barat,3,1,0,1,1,0,0,1,1,4.7,11,2023-02-27
L1NSB00470,PLT002,Modal Rakyat,P2P Lending,Pedagang & warung,Freelancer digital,52,Surabaya,2,27,1,0,1,0,1,1,1,3.6,8,2022-01-03
L1NSB00471,PLT005,KoinWorks SME,P2P Lending,UKM & usaha kecil,Pedagang pasar / warung,26,Semarang,3,7,1,1,1,0,1,0,0,0.0,0,2022-08-02
L1NSB00472,PLT003,Adira Finance,Multifinance,Motor & elektronik,Ojek online / driver,26,Palembang,3,10,1,1,1,0,1,1,0,0.0,0,2022-10-19
L1NSB00473,PLT002,Modal Rakyat,P2P Lending,Pedagang & warung,Buruh pabrik,40,Medan,2,30,1,1,1,0,1,0,0,0.0,0,2022-01-30
L1NSB00474,PLT001,Amartha Fintech,P2P Lending,UMKM mikro,Penjahit / konveksi,47,Medan,1,21,1,1,1,0,0,0,0,0.0,0,2022-05-02
L1NSB00475,PLT004,BFI Finance,Multifinance,Motor & UMKM,Penjahit / konveksi,43,Bogor,3,15,1,1,0,0,0,0,0,0.0,0,2022-07-02
L1NSB00476,PLT004,BFI Finance,Multifinance,Motor & UMKM,Buruh pabrik,48,Yogyakarta,0,13,1,1,0,0,1,0,0,0.0,0,2022-05-20
L1NSB00477,PLT001,Amartha Fintech,P2P Lending,UMKM mikro,Penjahit / konveksi,48,Bandung,5,11,1,0,0,0,1,0,0,0.0,0,2022-06-24
L1NSB00478,PLT005,KoinWorks SME,P2P Lending,UKM & usaha kecil,Pemilik UMKM kecil,33,Jakarta Barat,2,27,1,1,1,0,1,0,0,0.0,0,2022-08-08
L1NSB00479,PLT002,Modal Rakyat,P2P Lending,Pedagang & warung,Pedagang pasar / warung,46,Medan,5,15,1,1,0,0,0,0,0,0.0,0,2022-02-11
L1NSB00480,PLT004,BFI Finance,Multifinance,Motor & UMKM,Petani / nelayan,51,Jakarta Selatan,1,28,1,1,1,1,1,0,0,0.0,0,2022-01-07
L1NSB00481,PLT004,BFI Finance,Multifinance,Motor & UMKM,Pemilik UMKM kecil,27,Tangerang,2,19,1,1,0,0,0,0,0,0.0,0,2022-01-25
L1NSB00482,PLT004,BFI Finance,Multifinance,Motor & UMKM,Buruh pabrik,27,Pekanbaru,3,26,1,1,1,0,0,0,0,0.0,0,2022-07-17
L1NSB00483,PLT003,Adira Finance,Multifinance,Motor & elektronik,Kurir / ekspedisi,37,Bandung,3,18,1,1,1,0,1,1,1,4.0,4,2023-01-08
L1NSB00484,PLT001,Amartha Fintech,P2P Lending,UMKM mikro,Ojek online / driver,42,Surabaya,3,3,1,0,1,0,1,1,1,5.0,7,2023-10-27
L1NSB00485,PLT004,BFI Finance,Multifinance,Motor & UMKM,Petani / nelayan,32,Palembang,2,15,1,1,1,0,0,0,0,0.0,0,2023-04-09
L1NSB00486,PLT004,BFI Finance,Multifinance,Motor & UMKM,Kurir / ekspedisi,26,Surabaya,1,35,1,1,0,0,1,1,1,4.7,5,2022-01-30
L1NSB00487,PLT001,Amartha Fintech,P2P Lending,UMKM mikro,Ojek online / driver,30,Bekasi,2,5,1,1,1,0,1,1,1,4.4,8,2023-11-30
L1NSB00488,PLT005,KoinWorks SME,P2P Lending,UKM & usaha kecil,Pemilik UMKM kecil,49,Tangerang,1,27,1,1,0,0,1,0,0,0.0,0,2022-09-24
L1NSB00489,PLT003,Adira Finance,Multifinance,Motor & elektronik,Buruh pabrik,40,Makassar,3,21,1,1,1,0,1,0,0,0.0,0,2023-04-05
L1NSB00490,PLT003,Adira Finance,Multifinance,Motor & elektronik,Ojek online / driver,35,Depok,3,31,1,1,1,0,0,1,1,4.4,6,2022-03-15
L1NSB00491,PLT002,Modal Rakyat,P2P Lending,Pedagang & warung,Pemilik UMKM kecil,28,Jakarta Timur,1,16,1,1,1,0,1,0,0,0.0,0,2022-02-05
L1NSB00492,PLT003,Adira Finance,Multifinance,Motor & elektronik,Pemilik UMKM kecil,28,Tangerang,2,29,1,0,0,1,1,0,0,0.0,0,2022-02-07
L1NSB00493,PLT004,BFI Finance,Multifinance,Motor & UMKM,Pemilik UMKM kecil,28,Jakarta Selatan,5,35,1,1,1,0,0,0,0,0.0,0,2022-02-06
L1NSB00494,PLT002,Modal Rakyat,P2P Lending,Pedagang & warung,Karyawan kontrak,47,Tangerang,2,8,1,1,0,0,0,0,0,0.0,0,2022-08-14
L1NSB00495,PLT004,BFI Finance,Multifinance,Motor & UMKM,Buruh pabrik,39,Jakarta Selatan,3,13,1,0,1,0,0,0,0,0.0,0,2023-04-02
L1NSB00496,PLT001,Amartha Fintech,P2P Lending,UMKM mikro,Pemilik UMKM kecil,44,Depok,1,32,1,1,1,1,1,0,0,0.0,0,2022-04-20
L1NSB00497,PLT003,Adira Finance,Multifinance,Motor & elektronik,Buruh pabrik,19,Bekasi,2,23,1,1,1,0,1,0,0,0.0,0,2022-08-01
L1NSB00498,PLT004,BFI Finance,Multifinance,Motor & UMKM,Pedagang pasar / warung,46,Yogyakarta,4,27,1,1,0,0,1,0,0,0.0,0,2022-06-21
L1NSB00499,PLT001,Amartha Fintech,P2P Lending,UMKM mikro,Pemilik UMKM kecil,43,Jakarta Barat,4,1,1,1,1,0,1,0,0,0.0,0,2022-10-08
L1NSB00500,PLT002,Modal Rakyat,P2P Lending,Pedagang & warung,Pedagang pasar / warung,43,Bekasi,3,36,1,1,0,0,1,0,0,0.0,0,2022-01-08
L1NSB00501,PLT001,Amartha Fintech,P2P Lending,UMKM mikro,Karyawan kontrak,28,Bekasi,2,20,1,1,1,0,1,0,0,0.0,0,2022-09-09
L1NSB00502,PLT002,Modal Rakyat,P2P Lending,Pedagang & warung,Ojek online / driver,36,Surabaya,2,5,1,1,1,0,0,1,1,5.0,5,2024-01-21
L1NSB00503,PLT005,KoinWorks SME,P2P Lending,UKM & usaha kecil,Ojek online / driver,35,Jakarta Timur,0,4,1,1,1,0,0,1,1,4.5,9,2022-10-26
L1NSB00504,PLT005,KoinWorks SME,P2P Lending,UKM & usaha kecil,Freelancer digital,23,Semarang,4,13,1,0,0,1,1,1,1,4.7,14,2022-10-05
L1NSB00505,PLT003,Adira Finance,Multifinance,Motor & elektronik,Ojek online / driver,41,Pekanbaru,3,10,0,1,0,0,0,1,1,3.7,6,2022-07-12
L1NSB00506,PLT005,KoinWorks SME,P2P Lending,UKM & usaha kecil,Freelancer digital,52,Pekanbaru,1,35,1,1,1,0,1,1,0,0.0,0,2022-01-02
L1NSB00507,PLT004,BFI Finance,Multifinance,Motor & UMKM,Buruh pabrik,42,Jakarta Timur,0,29,1,1,1,0,1,0,0,0.0,0,2022-07-28
L1NSB00508,PLT001,Amartha Fintech,P2P Lending,UMKM mikro,Pedagang pasar / warung,28,Yogyakarta,1,15,1,0,1,0,1,0,0,0.0,0,2022-01-20
L1NSB00509,PLT004,BFI Finance,Multifinance,Motor & UMKM,Karyawan kontrak,21,Depok,0,7,0,1,1,0,1,0,0,0.0,0,2022-11-05
L1NSB00510,PLT001,Amartha Fintech,P2P Lending,UMKM mikro,Karyawan kontrak,26,Bogor,3,14,1,0,1,0,0,0,0,0.0,0,2022-10-12
L1NSB00511,PLT005,KoinWorks SME,P2P Lending,UKM & usaha kecil,Buruh pabrik,29,Pekanbaru,4,33,1,1,1,0,1,0,0,0.0,0,2022-03-09
L1NSB00512,PLT002,Modal Rakyat,P2P Lending,Pedagang & warung,Petani / nelayan,37,Jakarta Timur,2,35,0,1,1,1,1,0,0,0.0,0,2022-02-14
L1NSB00513,PLT005,KoinWorks SME,P2P Lending,UKM & usaha kecil,Pedagang pasar / warung,25,Jakarta Timur,2,23,1,1,1,0,1,0,0,0.0,0,2022-08-27
L1NSB00514,PLT001,Amartha Fintech,P2P Lending,UMKM mikro,Kurir / ekspedisi,50,Palembang,3,24,1,1,0,0,0,1,1,4.4,8,2022-08-16
L1NSB00515,PLT002,Modal Rakyat,P2P Lending,Pedagang & warung,Kurir / ekspedisi,37,Pekanbaru,3,28,1,0,1,0,1,1,1,5.0,11,2022-07-22
L1NSB00516,PLT004,BFI Finance,Multifinance,Motor & UMKM,Kurir / ekspedisi,24,Jakarta Barat,2,10,1,1,1,0,1,1,1,4.0,7,2023-09-02
L1NSB00517,PLT004,BFI Finance,Multifinance,Motor & UMKM,Ojek online / driver,46,Yogyakarta,3,32,1,1,1,0,1,1,1,4.1,11,2022-04-14
L1NSB00518,PLT004,BFI Finance,Multifinance,Motor & UMKM,Kurir / ekspedisi,28,Palembang,0,30,1,1,1,0,0,1,0,0.0,0,2022-01-18
L1NSB00519,PLT004,BFI Finance,Multifinance,Motor & UMKM,Petani / nelayan,30,Bandung,4,21,1,1,0,0,1,0,0,0.0,0,2023-02-10
L1NSB00520,PLT004,BFI Finance,Multifinance,Motor & UMKM,Pedagang pasar / warung,50,Surabaya,0,33,1,1,1,0,1,0,0,0.0,0,2022-02-25
L1NSB00521,PLT001,Amartha Fintech,P2P Lending,UMKM mikro,Buruh pabrik,39,Pekanbaru,4,25,1,0,0,0,1,0,0,0.0,0,2022-03-26
L1NSB00522,PLT004,BFI Finance,Multifinance,Motor & UMKM,Buruh pabrik,38,Yogyakarta,3,25,1,0,1,0,1,0,0,0.0,0,2022-09-01
L1NSB00523,PLT005,KoinWorks SME,P2P Lending,UKM & usaha kecil,Penjahit / konveksi,51,Jakarta Selatan,2,26,1,1,0,0,1,0,0,0.0,0,2022-02-01
L1NSB00524,PLT001,Amartha Fintech,P2P Lending,UMKM mikro,Freelancer digital,27,Pekanbaru,2,24,1,1,0,1,0,1,0,0.0,0,2022-07-02
L1NSB00525,PLT004,BFI Finance,Multifinance,Motor & UMKM,Buruh pabrik,34,Depok,2,16,1,1,1,0,0,0,0,0.0,0,2022-01-21
L1NSB00526,PLT005,KoinWorks SME,P2P Lending,UKM & usaha kecil,Pedagang pasar / warung,48,Makassar,5,28,1,1,0,0,1,0,0,0.0,0,2022-07-13
L1NSB00527,PLT005,KoinWorks SME,P2P Lending,UKM & usaha kecil,Buruh pabrik,25,Palembang,2,32,1,1,0,0,1,0,0,0.0,0,2022-03-18
L1NSB00528,PLT003,Adira Finance,Multifinance,Motor & elektronik,Pemilik UMKM kecil,31,Surabaya,2,5,1,1,0,0,1,0,0,0.0,0,2022-08-20
L1NSB00529,PLT005,KoinWorks SME,P2P Lending,UKM & usaha kecil,Petani / nelayan,24,Yogyakarta,2,7,1,1,1,0,1,0,0,0.0,0,2022-03-20
L1NSB00530,PLT003,Adira Finance,Multifinance,Motor & elektronik,Kurir / ekspedisi,38,Bandung,3,35,1,1,0,0,1,1,1,4.8,14,2022-01-12
L1NSB00531,PLT005,KoinWorks SME,P2P Lending,UKM & usaha kecil,Kurir / ekspedisi,48,Bekasi,1,35,1,1,1,1,1,1,0,0.0,0,2022-01-30
L1NSB00532,PLT002,Modal Rakyat,P2P Lending,Pedagang & warung,Pedagang pasar / warung,38,Pekanbaru,2,28,1,1,1,0,1,0,0,0.0,0,2022-05-27
L1NSB00533,PLT002,Modal Rakyat,P2P Lending,Pedagang & warung,Pedagang pasar / warung,34,Bandung,3,16,1,0,0,1,1,0,0,0.0,0,2023-03-23
L1NSB00534,PLT004,BFI Finance,Multifinance,Motor & UMKM,Freelancer digital,21,Depok,4,11,1,0,1,0,1,1,1,3.6,11,2022-02-26
L1NSB00535,PLT001,Amartha Fintech,P2P Lending,UMKM mikro,Pedagang pasar / warung,38,Pekanbaru,5,5,1,1,0,0,0,0,0,0.0,0,2024-01-12
L1NSB00536,PLT002,Modal Rakyat,P2P Lending,Pedagang & warung,Pedagang pasar / warung,51,Bogor,4,8,1,1,1,1,0,0,0,0.0,0,2022-09-01
L1NSB00537,PLT005,KoinWorks SME,P2P Lending,UKM & usaha kecil,Ojek online / driver,39,Tangerang,2,25,1,1,1,0,0,1,1,3.9,10,2022-10-29
L1NSB00538,PLT001,Amartha Fintech,P2P Lending,UMKM mikro,Kurir / ekspedisi,42,Yogyakarta,4,8,1,1,1,1,1,1,1,4.0,9,2022-01-22
L1NSB00539,PLT005,KoinWorks SME,P2P Lending,UKM & usaha kecil,Ojek online / driver,22,Yogyakarta,4,16,1,1,1,0,1,1,1,4.3,7,2023-02-02
L1NSB00540,PLT001,Amartha Fintech,P2P Lending,UMKM mikro,Penjahit / konveksi,44,Bogor,1,17,1,1,1,0,1,0,0,0.0,0,2023-03-26
L1NSB00541,PLT003,Adira Finance,Multifinance,Motor & elektronik,Penjahit / konveksi,45,Palembang,5,3,1,0,1,0,1,0,0,0.0,0,2022-12-07
L1NSB00542,PLT004,BFI Finance,Multifinance,Motor & UMKM,Penjahit / konveksi,25,Pekanbaru,3,11,1,1,0,0,1,0,0,0.0,0,2023-04-10
L1NSB00543,PLT001,Amartha Fintech,P2P Lending,UMKM mikro,Karyawan kontrak,30,Makassar,0,29,1,0,1,0,0,0,0,0.0,0,2022-02-10
L1NSB00544,PLT002,Modal Rakyat,P2P Lending,Pedagang & warung,Kurir / ekspedisi,27,Pekanbaru,1,27,1,1,1,0,0,1,1,4.7,8,2022-08-01
L1NSB00545,PLT003,Adira Finance,Multifinance,Motor & elektronik,Pedagang pasar / warung,43,Pekanbaru,0,15,0,0,1,0,0,0,0,0.0,0,2023-04-19
L1NSB00546,PLT002,Modal Rakyat,P2P Lending,Pedagang & warung,Pedagang pasar / warung,29,Jakarta Selatan,3,26,1,1,0,1,0,0,0,0.0,0,2022-01-08
L1NSB00547,PLT005,KoinWorks SME,P2P Lending,UKM & usaha kecil,Buruh pabrik,48,Pekanbaru,2,32,1,1,0,1,1,0,0,0.0,0,2022-05-07
L1NSB00548,PLT004,BFI Finance,Multifinance,Motor & UMKM,Ojek online / driver,32,Medan,2,14,1,1,1,0,1,1,0,0.0,0,2022-09-26
L1NSB00549,PLT002,Modal Rakyat,P2P Lending,Pedagang & warung,Freelancer digital,34,Tangerang,3,30,1,1,1,1,1,1,1,4.1,10,2022-03-07
L1NSB00550,PLT001,Amartha Fintech,P2P Lending,UMKM mikro,Ojek online / driver,22,Jakarta Selatan,0,22,1,1,0,0,1,1,1,4.6,4,2022-09-16
L1NSB00551,PLT005,KoinWorks SME,P2P Lending,UKM & usaha kecil,Buruh pabrik,44,Makassar,2,24,1,1,0,0,0,0,0,0.0,0,2022-06-23
L1NSB00552,PLT004,BFI Finance,Multifinance,Motor & UMKM,Ojek online / driver,39,Yogyakarta,5,34,1,1,0,1,1,1,1,3.9,9,2022-02-06
L1NSB00553,PLT003,Adira Finance,Multifinance,Motor & elektronik,Freelancer digital,35,Semarang,4,21,1,0,1,0,1,1,1,4.9,14,2022-01-28
L1NSB00554,PLT002,Modal Rakyat,P2P Lending,Pedagang & warung,Ojek online / driver,33,Jakarta Timur,2,3,1,0,1,0,1,1,1,4.2,12,2023-05-20
L1NSB00555,PLT001,Amartha Fintech,P2P Lending,UMKM mikro,Karyawan kontrak,28,Jakarta Barat,2,23,1,1,0,0,1,0,0,0.0,0,2022-12-06
L1NSB00556,PLT005,KoinWorks SME,P2P Lending,UKM & usaha kecil,Pedagang pasar / warung,19,Semarang,0,12,1,0,1,0,1,0,0,0.0,0,2023-11-29
L1NSB00557,PLT001,Amartha Fintech,P2P Lending,UMKM mikro,Buruh pabrik,25,Pekanbaru,5,21,1,0,1,0,1,0,0,0.0,0,2022-11-01
L1NSB00558,PLT001,Amartha Fintech,P2P Lending,UMKM mikro,Pedagang pasar / warung,21,Makassar,1,29,1,1,1,1,1,0,0,0.0,0,2022-01-13
L1NSB00559,PLT003,Adira Finance,Multifinance,Motor & elektronik,Pedagang pasar / warung,22,Yogyakarta,4,5,1,1,0,0,0,0,0,0.0,0,2023-02-13
L1NSB00560,PLT001,Amartha Fintech,P2P Lending,UMKM mikro,Ojek online / driver,32,Jakarta Timur,5,25,1,1,1,0,0,1,1,4.1,8,2022-11-05
L1NSB00561,PLT002,Modal Rakyat,P2P Lending,Pedagang & warung,Buruh pabrik,25,Pekanbaru,2,24,1,1,1,0,1,0,0,0.0,0,2022-08-05
L1NSB00562,PLT003,Adira Finance,Multifinance,Motor & elektronik,Freelancer digital,46,Makassar,3,28,1,1,1,0,1,1,1,4.9,12,2022-02-12
L1NSB00563,PLT003,Adira Finance,Multifinance,Motor & elektronik,Buruh pabrik,24,Bogor,2,31,1,1,1,0,0,0,0,0.0,0,2022-05-26
L1NSB00564,PLT001,Amartha Fintech,P2P Lending,UMKM mikro,Kurir / ekspedisi,21,Semarang,0,7,1,1,1,0,1,1,1,4.4,12,2024-01-29
L1NSB00565,PLT004,BFI Finance,Multifinance,Motor & UMKM,Ojek online / driver,30,Pekanbaru,2,26,1,1,1,0,1,1,1,4.2,8,2022-04-06
L1NSB00566,PLT002,Modal Rakyat,P2P Lending,Pedagang & warung,Pedagang pasar / warung,35,Pekanbaru,2,7,1,0,0,0,1,0,0,0.0,0,2023-02-19
L1NSB00567,PLT005,KoinWorks SME,P2P Lending,UKM & usaha kecil,Petani / nelayan,38,Medan,1,24,1,1,1,1,0,0,0,0.0,0,2022-04-08
L1NSB00568,PLT001,Amartha Fintech,P2P Lending,UMKM mikro,Karyawan kontrak,31,Pekanbaru,4,2,1,1,1,0,1,0,0,0.0,0,2023-01-26
L1NSB00569,PLT001,Amartha Fintech,P2P Lending,UMKM mikro,Pedagang pasar / warung,48,Jakarta Timur,2,31,1,0,1,0,1,0,0,0.0,0,2022-01-06
L1NSB00570,PLT004,BFI Finance,Multifinance,Motor & UMKM,Freelancer digital,31,Bekasi,3,26,1,0,1,0,1,1,1,4.6,13,2022-05-29
L1NSB00571,PLT001,Amartha Fintech,P2P Lending,UMKM mikro,Kurir / ekspedisi,50,Semarang,1,32,1,0,0,0,1,1,1,4.5,11,2022-03-30
L1NSB00572,PLT004,BFI Finance,Multifinance,Motor & UMKM,Petani / nelayan,20,Jakarta Timur,3,19,1,1,1,0,1,0,0,0.0,0,2023-04-25
L1NSB00573,PLT002,Modal Rakyat,P2P Lending,Pedagang & warung,Penjahit / konveksi,43,Bandung,3,24,1,1,1,0,0,0,0,0.0,0,2022-12-08
L1NSB00574,PLT004,BFI Finance,Multifinance,Motor & UMKM,Ojek online / driver,31,Jakarta Timur,0,32,1,1,1,0,0,1,0,0.0,0,2022-03-08
L1NSB00575,PLT003,Adira Finance,Multifinance,Motor & elektronik,Petani / nelayan,30,Pekanbaru,1,33,0,0,1,0,0,0,0,0.0,0,2022-02-03
L1NSB00576,PLT003,Adira Finance,Multifinance,Motor & elektronik,Karyawan kontrak,21,Palembang,3,36,1,0,1,0,1,0,0,0.0,0,2022-01-15
L1NSB00577,PLT004,BFI Finance,Multifinance,Motor & UMKM,Pemilik UMKM kecil,26,Jakarta Barat,5,7,1,0,0,0,1,0,0,0.0,0,2022-06-10
L1NSB00578,PLT003,Adira Finance,Multifinance,Motor & elektronik,Petani / nelayan,51,Surabaya,5,7,1,1,1,0,0,0,0,0.0,0,2024-02-27
L1NSB00579,PLT001,Amartha Fintech,P2P Lending,UMKM mikro,Pedagang pasar / warung,49,Tangerang,3,19,1,0,0,1,1,0,0,0.0,0,2022-06-05
L1NSB00580,PLT005,KoinWorks SME,P2P Lending,UKM & usaha kecil,Buruh pabrik,33,Jakarta Timur,2,28,1,1,1,1,1,0,0,0.0,0,2022-01-16
L1NSB00581,PLT004,BFI Finance,Multifinance,Motor & UMKM,Ojek online / driver,19,Yogyakarta,4,34,1,0,0,1,0,1,0,0.0,0,2022-01-20
L1NSB00582,PLT005,KoinWorks SME,P2P Lending,UKM & usaha kecil,Ojek online / driver,52,Bekasi,5,27,1,1,1,0,1,1,1,3.5,8,2022-03-17
L1NSB00583,PLT004,BFI Finance,Multifinance,Motor & UMKM,Buruh pabrik,32,Bogor,3,35,1,1,1,0,1,0,0,0.0,0,2022-01-13
L1NSB00584,PLT003,Adira Finance,Multifinance,Motor & elektronik,Ojek online / driver,40,Bandung,0,9,1,1,0,0,0,1,1,4.5,4,2024-03-26
L1NSB00585,PLT005,KoinWorks SME,P2P Lending,UKM & usaha kecil,Freelancer digital,34,Pekanbaru,4,20,1,1,0,0,1,1,1,4.0,4,2023-04-27
L1NSB00586,PLT001,Amartha Fintech,P2P Lending,UMKM mikro,Buruh pabrik,19,Surabaya,3,22,1,1,1,0,1,0,0,0.0,0,2022-10-01
L1NSB00587,PLT005,KoinWorks SME,P2P Lending,UKM & usaha kecil,Pedagang pasar / warung,38,Bekasi,4,9,1,1,0,0,1,0,0,0.0,0,2023-01-05
L1NSB00588,PLT004,BFI Finance,Multifinance,Motor & UMKM,Ojek online / driver,46,Pekanbaru,3,27,1,0,1,0,1,1,1,4.3,13,2022-07-22
L1NSB00589,PLT003,Adira Finance,Multifinance,Motor & elektronik,Freelancer digital,46,Surabaya,4,32,1,1,0,0,1,1,1,5.0,12,2022-01-31
L1NSB00590,PLT002,Modal Rakyat,P2P Lending,Pedagang & warung,Buruh pabrik,21,Yogyakarta,1,11,1,1,1,0,1,0,0,0.0,0,2023-08-09
L1NSB00591,PLT003,Adira Finance,Multifinance,Motor & elektronik,Ojek online / driver,28,Jakarta Barat,4,24,1,1,0,0,0,1,1,4.1,8,2022-04-21
L1NSB00592,PLT002,Modal Rakyat,P2P Lending,Pedagang & warung,Karyawan kontrak,50,Jakarta Selatan,2,8,1,0,0,0,0,0,0,0.0,0,2022-12-12
L1NSB00593,PLT004,BFI Finance,Multifinance,Motor & UMKM,Buruh pabrik,27,Palembang,2,9,1,1,1,0,1,0,0,0.0,0,2024-03-30
L1NSB00594,PLT005,KoinWorks SME,P2P Lending,UKM & usaha kecil,Freelancer digital,45,Bandung,3,15,1,1,0,0,1,1,1,3.6,6,2023-08-09
L1NSB00595,PLT003,Adira Finance,Multifinance,Motor & elektronik,Kurir / ekspedisi,26,Makassar,4,36,1,1,1,1,1,1,1,4.6,12,2022-01-04
L1NSB00596,PLT005,KoinWorks SME,P2P Lending,UKM & usaha kecil,Ojek online / driver,20,Bekasi,2,14,1,1,1,0,1,1,1,4.1,4,2022-01-24
L1NSB00597,PLT003,Adira Finance,Multifinance,Motor & elektronik,Buruh pabrik,45,Jakarta Selatan,1,34,1,1,0,0,0,0,0,0.0,0,2022-02-02
L1NSB00598,PLT001,Amartha Fintech,P2P Lending,UMKM mikro,Ojek online / driver,45,Makassar,1,11,1,1,0,0,0,1,0,0.0,0,2022-11-28
L1NSB00599,PLT003,Adira Finance,Multifinance,Motor & elektronik,Buruh pabrik,26,Jakarta Selatan,5,13,1,1,0,0,1,0,0,0.0,0,2022-10-03
L1NSB00600,PLT001,Amartha Fintech,P2P Lending,UMKM mikro,Pedagang pasar / warung,45,Jakarta Barat,3,31,0,1,1,0,1,0,0,0.0,0,2022-01-26
L1NSB00601,PLT002,Modal Rakyat,P2P Lending,Pedagang & warung,Karyawan kontrak,27,Bekasi,3,27,1,1,1,1,0,0,0,0.0,0,2022-03-28
L1NSB00602,PLT002,Modal Rakyat,P2P Lending,Pedagang & warung,Kurir / ekspedisi,46,Bogor,2,36,1,0,1,1,0,1,1,3.5,11,2022-01-09
L1NSB00603,PLT004,BFI Finance,Multifinance,Motor & UMKM,Pemilik UMKM kecil,32,Medan,3,33,1,0,1,0,0,0,0,0.0,0,2022-01-18
L1NSB00604,PLT005,KoinWorks SME,P2P Lending,UKM & usaha kecil,Pemilik UMKM kecil,46,Depok,4,33,1,1,1,0,0,0,0,0.0,0,2022-02-27
L1NSB00605,PLT003,Adira Finance,Multifinance,Motor & elektronik,Pedagang pasar / warung,39,Tangerang,0,14,1,1,0,0,1,0,0,0.0,0,2023-05-03
L1NSB00606,PLT001,Amartha Fintech,P2P Lending,UMKM mikro,Penjahit / konveksi,30,Bandung,3,36,1,1,1,0,1,0,0,0.0,0,2022-01-03
L1NSB00607,PLT005,KoinWorks SME,P2P Lending,UKM & usaha kecil,Ojek online / driver,47,Makassar,1,8,1,1,1,0,0,1,1,4.5,4,2023-01-15
L1NSB00608,PLT002,Modal Rakyat,P2P Lending,Pedagang & warung,Buruh pabrik,33,Yogyakarta,3,2,1,1,1,0,1,0,0,0.0,0,2023-03-29
L1NSB00609,PLT002,Modal Rakyat,P2P Lending,Pedagang & warung,Pemilik UMKM kecil,42,Jakarta Selatan,3,18,1,1,1,0,1,0,0,0.0,0,2022-04-24
L1NSB00610,PLT003,Adira Finance,Multifinance,Motor & elektronik,Kurir / ekspedisi,50,Jakarta Timur,2,36,1,1,1,0,0,1,1,4.6,6,2022-01-08
L1NSB00611,PLT005,KoinWorks SME,P2P Lending,UKM & usaha kecil,Petani / nelayan,36,Depok,2,2,1,1,1,0,1,0,0,0.0,0,2024-05-24
L1NSB00612,PLT001,Amartha Fintech,P2P Lending,UMKM mikro,Penjahit / konveksi,39,Bandung,4,27,1,1,1,0,1,0,0,0.0,0,2022-04-25
L1NSB00613,PLT001,Amartha Fintech,P2P Lending,UMKM mikro,Pedagang pasar / warung,45,Semarang,5,29,1,1,0,1,1,0,0,0.0,0,2022-02-27
L1NSB00614,PLT004,BFI Finance,Multifinance,Motor & UMKM,Pemilik UMKM kecil,34,Depok,0,11,1,0,1,0,1,0,0,0.0,0,2023-10-04
L1NSB00615,PLT003,Adira Finance,Multifinance,Motor & elektronik,Karyawan kontrak,34,Jakarta Barat,5,31,1,1,0,0,1,0,0,0.0,0,2022-06-03
L1NSB00616,PLT005,KoinWorks SME,P2P Lending,UKM & usaha kecil,Buruh pabrik,25,Makassar,4,29,1,0,0,0,0,0,0,0.0,0,2022-01-17
L1NSB00617,PLT002,Modal Rakyat,P2P Lending,Pedagang & warung,Ojek online / driver,47,Jakarta Selatan,4,20,1,1,0,0,0,1,1,4.1,13,2022-04-30
L1NSB00618,PLT005,KoinWorks SME,P2P Lending,UKM & usaha kecil,Karyawan kontrak,19,Surabaya,3,25,1,1,1,0,1,0,0,0.0,0,2022-01-14
L1NSB00619,PLT004,BFI Finance,Multifinance,Motor & UMKM,Kurir / ekspedisi,31,Jakarta Barat,3,7,0,1,1,1,1,1,0,0.0,0,2022-12-30
L1NSB00620,PLT004,BFI Finance,Multifinance,Motor & UMKM,Kurir / ekspedisi,47,Jakarta Timur,4,16,1,0,0,0,1,1,1,4.0,13,2022-05-30
L1NSB00621,PLT002,Modal Rakyat,P2P Lending,Pedagang & warung,Buruh pabrik,40,Bekasi,4,24,1,1,1,0,0,0,0,0.0,0,2022-10-14
L1NSB00622,PLT001,Amartha Fintech,P2P Lending,UMKM mikro,Buruh pabrik,31,Depok,3,13,1,1,1,0,1,0,0,0.0,0,2022-12-06
L1NSB00623,PLT005,KoinWorks SME,P2P Lending,UKM & usaha kecil,Kurir / ekspedisi,40,Medan,3,20,1,0,1,1,0,1,1,3.5,7,2022-08-27
L1NSB00624,PLT005,KoinWorks SME,P2P Lending,UKM & usaha kecil,Pedagang pasar / warung,49,Yogyakarta,0,22,1,1,1,1,0,0,0,0.0,0,2022-07-03
L1NSB00625,PLT001,Amartha Fintech,P2P Lending,UMKM mikro,Kurir / ekspedisi,28,Bekasi,3,29,1,1,1,0,0,1,1,3.8,8,2022-03-28
L1NSB00626,PLT005,KoinWorks SME,P2P Lending,UKM & usaha kecil,Pedagang pasar / warung,31,Jakarta Selatan,4,12,1,1,0,0,1,0,0,0.0,0,2022-04-24
L1NSB00627,PLT003,Adira Finance,Multifinance,Motor & elektronik,Pemilik UMKM kecil,38,Surabaya,3,16,1,1,0,0,1,0,0,0.0,0,2023-03-21
L1NSB00628,PLT001,Amartha Fintech,P2P Lending,UMKM mikro,Ojek online / driver,27,Palembang,3,13,1,1,0,0,1,1,1,3.6,13,2023-07-03
L1NSB00629,PLT003,Adira Finance,Multifinance,Motor & elektronik,Karyawan kontrak,39,Depok,2,4,1,1,0,0,1,0,0,0.0,0,2024-01-15
L1NSB00630,PLT001,Amartha Fintech,P2P Lending,UMKM mikro,Karyawan kontrak,23,Jakarta Timur,1,33,1,1,1,0,1,0,0,0.0,0,2022-04-02
L1NSB00631,PLT003,Adira Finance,Multifinance,Motor & elektronik,Kurir / ekspedisi,49,Yogyakarta,4,32,1,1,1,1,1,1,1,4.8,11,2022-04-12
L1NSB00632,PLT002,Modal Rakyat,P2P Lending,Pedagang & warung,Pedagang pasar / warung,43,Medan,2,11,1,1,1,0,0,0,0,0.0,0,2022-12-27
L1NSB00633,PLT002,Modal Rakyat,P2P Lending,Pedagang & warung,Freelancer digital,48,Semarang,2,22,1,1,1,1,0,1,1,3.8,7,2022-02-08
L1NSB00634,PLT003,Adira Finance,Multifinance,Motor & elektronik,Penjahit / konveksi,37,Pekanbaru,0,33,1,1,1,1,0,0,0,0.0,0,2022-01-05
L1NSB00635,PLT005,KoinWorks SME,P2P Lending,UKM & usaha kecil,Pedagang pasar / warung,31,Makassar,3,22,1,1,1,1,0,0,0,0.0,0,2022-03-12
L1NSB00636,PLT005,KoinWorks SME,P2P Lending,UKM & usaha kecil,Penjahit / konveksi,19,Palembang,4,20,1,1,1,1,1,0,0,0.0,0,2022-01-07
L1NSB00637,PLT004,BFI Finance,Multifinance,Motor & UMKM,Freelancer digital,28,Pekanbaru,2,26,1,1,0,0,1,1,1,4.2,11,2022-02-13
L1NSB00638,PLT003,Adira Finance,Multifinance,Motor & elektronik,Karyawan kontrak,46,Palembang,1,27,1,1,1,0,1,0,0,0.0,0,2022-01-05
L1NSB00639,PLT004,BFI Finance,Multifinance,Motor & UMKM,Karyawan kontrak,41,Tangerang,2,15,1,1,1,1,1,0,0,0.0,0,2022-01-24
L1NSB00640,PLT005,KoinWorks SME,P2P Lending,UKM & usaha kecil,Karyawan kontrak,27,Jakarta Timur,2,22,1,1,1,0,1,0,0,0.0,0,2022-07-20
L1NSB00641,PLT001,Amartha Fintech,P2P Lending,UMKM mikro,Kurir / ekspedisi,31,Surabaya,2,7,1,1,1,0,0,1,1,3.8,13,2022-07-11
L1NSB00642,PLT002,Modal Rakyat,P2P Lending,Pedagang & warung,Ojek online / driver,43,Bekasi,2,14,1,1,0,0,1,1,1,4.8,10,2022-04-24
L1NSB00643,PLT002,Modal Rakyat,P2P Lending,Pedagang & warung,Kurir / ekspedisi,49,Yogyakarta,3,5,1,1,0,1,0,1,1,4.5,6,2022-11-14
L1NSB00644,PLT005,KoinWorks SME,P2P Lending,UKM & usaha kecil,Pedagang pasar / warung,48,Bekasi,3,13,0,0,0,0,1,0,0,0.0,0,2023-08-06
L1NSB00645,PLT004,BFI Finance,Multifinance,Motor & UMKM,Buruh pabrik,21,Yogyakarta,2,6,1,1,1,0,1,0,0,0.0,0,2023-09-20
L1NSB00646,PLT002,Modal Rakyat,P2P Lending,Pedagang & warung,Buruh pabrik,30,Bogor,5,28,1,1,0,0,1,0,0,0.0,0,2022-05-03
L1NSB00647,PLT002,Modal Rakyat,P2P Lending,Pedagang & warung,Pedagang pasar / warung,37,Makassar,3,5,1,1,0,0,1,0,0,0.0,0,2023-01-13
L1NSB00648,PLT001,Amartha Fintech,P2P Lending,UMKM mikro,Karyawan kontrak,51,Palembang,3,21,1,0,0,0,0,0,0,0.0,0,2022-12-12
L1NSB00649,PLT004,BFI Finance,Multifinance,Motor & UMKM,Buruh pabrik,44,Pekanbaru,3,13,1,0,0,1,0,0,0,0.0,0,2023-05-12
L1NSB00650,PLT004,BFI Finance,Multifinance,Motor & UMKM,Ojek online / driver,34,Yogyakarta,2,29,1,1,1,0,0,1,0,0.0,0,2022-05-17
L1NSB00651,PLT004,BFI Finance,Multifinance,Motor & UMKM,Ojek online / driver,19,Makassar,4,18,1,1,0,0,1,1,1,4.5,14,2022-04-16
L1NSB00652,PLT004,BFI Finance,Multifinance,Motor & UMKM,Petani / nelayan,47,Jakarta Selatan,1,1,1,1,0,0,1,0,0,0.0,0,2022-02-02
L1NSB00653,PLT004,BFI Finance,Multifinance,Motor & UMKM,Ojek online / driver,19,Tangerang,2,13,1,0,1,0,1,1,1,4.6,4,2022-04-21
L1NSB00654,PLT003,Adira Finance,Multifinance,Motor & elektronik,Pedagang pasar / warung,31,Medan,2,14,1,1,1,0,0,0,0,0.0,0,2022-01-16
L1NSB00655,PLT004,BFI Finance,Multifinance,Motor & UMKM,Freelancer digital,19,Bandung,1,14,1,0,1,0,1,1,0,0.0,0,2022-11-05
L1NSB00656,PLT005,KoinWorks SME,P2P Lending,UKM & usaha kecil,Kurir / ekspedisi,25,Yogyakarta,3,35,1,1,1,0,0,1,1,4.4,10,2022-02-14
L1NSB00657,PLT002,Modal Rakyat,P2P Lending,Pedagang & warung,Pedagang pasar / warung,39,Pekanbaru,3,31,1,0,1,0,1,0,0,0.0,0,2022-05-09
L1NSB00658,PLT005,KoinWorks SME,P2P Lending,UKM & usaha kecil,Petani / nelayan,19,Depok,3,2,1,1,0,0,1,0,0,0.0,0,2022-05-03
L1NSB00659,PLT002,Modal Rakyat,P2P Lending,Pedagang & warung,Buruh pabrik,37,Depok,2,10,1,1,0,0,1,0,0,0.0,0,2022-12-03
L1NSB00660,PLT002,Modal Rakyat,P2P Lending,Pedagang & warung,Pedagang pasar / warung,21,Semarang,1,27,1,1,0,1,0,0,0,0.0,0,2022-10-04
L1NSB00661,PLT001,Amartha Fintech,P2P Lending,UMKM mikro,Penjahit / konveksi,34,Palembang,4,15,1,1,0,0,0,0,0,0.0,0,2022-03-13
L1NSB00662,PLT002,Modal Rakyat,P2P Lending,Pedagang & warung,Ojek online / driver,28,Depok,3,9,1,1,1,1,0,1,0,0.0,0,2022-11-15
L1NSB00663,PLT002,Modal Rakyat,P2P Lending,Pedagang & warung,Petani / nelayan,34,Bandung,4,12,1,1,1,1,0,0,0,0.0,0,2023-05-08
L1NSB00664,PLT001,Amartha Fintech,P2P Lending,UMKM mikro,Pemilik UMKM kecil,42,Bandung,4,25,1,1,1,0,1,0,0,0.0,0,2022-09-04
L1NSB00665,PLT001,Amartha Fintech,P2P Lending,UMKM mikro,Karyawan kontrak,46,Pekanbaru,2,6,1,1,1,0,1,0,0,0.0,0,2023-04-20
L1NSB00666,PLT003,Adira Finance,Multifinance,Motor & elektronik,Buruh pabrik,43,Semarang,0,31,1,0,1,0,0,0,0,0.0,0,2022-05-09
L1NSB00667,PLT003,Adira Finance,Multifinance,Motor & elektronik,Kurir / ekspedisi,45,Bandung,1,24,1,1,1,0,1,1,1,3.7,13,2022-08-12
L1NSB00668,PLT003,Adira Finance,Multifinance,Motor & elektronik,Karyawan kontrak,41,Semarang,1,32,1,1,0,0,1,0,0,0.0,0,2022-05-03
L1NSB00669,PLT001,Amartha Fintech,P2P Lending,UMKM mikro,Pemilik UMKM kecil,42,Makassar,2,2,1,1,0,0,1,0,0,0.0,0,2022-11-27
L1NSB00670,PLT001,Amartha Fintech,P2P Lending,UMKM mikro,Ojek online / driver,24,Makassar,3,25,1,1,1,0,0,1,1,4.7,8,2022-09-14
L1NSB00671,PLT005,KoinWorks SME,P2P Lending,UKM & usaha kecil,Freelancer digital,43,Medan,2,20,1,1,1,1,0,1,1,4.7,6,2022-04-18
L1NSB00672,PLT004,BFI Finance,Multifinance,Motor & UMKM,Petani / nelayan,19,Jakarta Timur,3,32,0,0,1,0,1,0,0,0.0,0,2022-02-13
L1NSB00673,PLT002,Modal Rakyat,P2P Lending,Pedagang & warung,Buruh pabrik,27,Depok,0,32,1,1,1,1,0,0,0,0.0,0,2022-02-16
L1NSB00674,PLT002,Modal Rakyat,P2P Lending,Pedagang & warung,Pedagang pasar / warung,45,Surabaya,2,7,1,0,0,0,0,0,0,0.0,0,2023-08-23
L1NSB00675,PLT002,Modal Rakyat,P2P Lending,Pedagang & warung,Buruh pabrik,25,Jakarta Selatan,1,4,1,1,1,1,0,0,0,0.0,0,2024-03-21
L1NSB00676,PLT001,Amartha Fintech,P2P Lending,UMKM mikro,Buruh pabrik,52,Palembang,4,18,1,1,0,0,1,0,0,0.0,0,2022-11-19
L1NSB00677,PLT002,Modal Rakyat,P2P Lending,Pedagang & warung,Pemilik UMKM kecil,44,Bandung,2,4,1,1,1,0,1,0,0,0.0,0,2024-05-05
L1NSB00678,PLT002,Modal Rakyat,P2P Lending,Pedagang & warung,Ojek online / driver,26,Pekanbaru,3,34,1,1,1,0,1,1,1,4.2,10,2022-01-01
L1NSB00679,PLT003,Adira Finance,Multifinance,Motor & elektronik,Ojek online / driver,42,Pekanbaru,2,3,1,1,1,0,1,1,1,4.7,9,2024-08-11
L1NSB00680,PLT004,BFI Finance,Multifinance,Motor & UMKM,Pemilik UMKM kecil,25,Yogyakarta,4,25,1,0,0,0,1,0,0,0.0,0,2022-09-16
L1NSB00681,PLT001,Amartha Fintech,P2P Lending,UMKM mikro,Ojek online / driver,24,Bekasi,4,36,1,1,1,1,1,1,1,3.9,6,2022-01-03
L1NSB00682,PLT001,Amartha Fintech,P2P Lending,UMKM mikro,Buruh pabrik,20,Jakarta Timur,4,21,1,1,0,0,1,0,0,0.0,0,2022-03-05
L1NSB00683,PLT002,Modal Rakyat,P2P Lending,Pedagang & warung,Pemilik UMKM kecil,50,Jakarta Barat,2,22,1,1,1,0,1,0,0,0.0,0,2023-01-03
L1NSB00684,PLT004,BFI Finance,Multifinance,Motor & UMKM,Freelancer digital,46,Palembang,3,15,1,0,0,0,1,1,1,4.6,5,2022-05-11
L1NSB00685,PLT003,Adira Finance,Multifinance,Motor & elektronik,Pemilik UMKM kecil,19,Bekasi,4,4,1,0,0,0,1,0,0,0.0,0,2024-08-14
L1NSB00686,PLT002,Modal Rakyat,P2P Lending,Pedagang & warung,Kurir / ekspedisi,33,Jakarta Barat,3,26,0,1,0,1,0,1,1,4.5,6,2022-03-16
L1NSB00687,PLT001,Amartha Fintech,P2P Lending,UMKM mikro,Freelancer digital,38,Semarang,5,8,1,1,1,0,0,1,1,4.9,4,2022-12-08
L1NSB00688,PLT002,Modal Rakyat,P2P Lending,Pedagang & warung,Karyawan kontrak,32,Pekanbaru,2,15,1,0,1,0,1,0,0,0.0,0,2022-06-13
L1NSB00689,PLT001,Amartha Fintech,P2P Lending,UMKM mikro,Kurir / ekspedisi,40,Bandung,2,31,1,1,0,0,0,1,1,3.8,12,2022-02-03
L1NSB00690,PLT003,Adira Finance,Multifinance,Motor & elektronik,Karyawan kontrak,22,Pekanbaru,1,20,1,0,0,0,0,0,0,0.0,0,2022-04-22
L1NSB00691,PLT002,Modal Rakyat,P2P Lending,Pedagang & warung,Petani / nelayan,19,Tangerang,4,7,1,1,0,1,1,0,0,0.0,0,2022-02-27
L1NSB00692,PLT001,Amartha Fintech,P2P Lending,UMKM mikro,Buruh pabrik,49,Jakarta Timur,3,4,1,1,0,0,0,0,0,0.0,0,2022-09-08
L1NSB00693,PLT001,Amartha Fintech,P2P Lending,UMKM mikro,Ojek online / driver,44,Surabaya,4,20,1,1,1,0,1,1,1,4.5,11,2022-11-29
L1NSB00694,PLT004,BFI Finance,Multifinance,Motor & UMKM,Pedagang pasar / warung,47,Tangerang,0,1,1,0,1,0,1,0,0,0.0,0,2024-09-09
L1NSB00695,PLT003,Adira Finance,Multifinance,Motor & elektronik,Petani / nelayan,25,Palembang,2,12,1,1,1,0,0,0,0,0.0,0,2024-01-01
L1NSB00696,PLT005,KoinWorks SME,P2P Lending,UKM & usaha kecil,Pedagang pasar / warung,20,Bandung,3,36,1,1,1,0,1,0,0,0.0,0,2022-01-04
L1NSB00697,PLT002,Modal Rakyat,P2P Lending,Pedagang & warung,Pemilik UMKM kecil,26,Jakarta Timur,3,12,0,1,0,0,1,0,0,0.0,0,2022-03-31
L1NSB00698,PLT005,KoinWorks SME,P2P Lending,UKM & usaha kecil,Pedagang pasar / warung,21,Jakarta Barat,0,8,1,1,1,0,1,0,0,0.0,0,2022-11-04
L1NSB00699,PLT001,Amartha Fintech,P2P Lending,UMKM mikro,Pemilik UMKM kecil,52,Bogor,5,19,1,1,1,0,1,0,0,0.0,0,2022-12-27
L1NSB00700,PLT005,KoinWorks SME,P2P Lending,UKM & usaha kecil,Kurir / ekspedisi,32,Yogyakarta,1,7,1,0,0,0,1,1,1,3.7,12,2023-01-03
L1NSB00701,PLT003,Adira Finance,Multifinance,Motor & elektronik,Ojek online / driver,46,Jakarta Barat,3,36,1,1,1,0,0,1,1,4.1,6,2022-01-03
L1NSB00702,PLT003,Adira Finance,Multifinance,Motor & elektronik,Pemilik UMKM kecil,31,Yogyakarta,2,24,1,1,1,0,1,0,0,0.0,0,2022-08-11
L1NSB00703,PLT004,BFI Finance,Multifinance,Motor & UMKM,Ojek online / driver,34,Jakarta Barat,1,18,1,0,1,0,1,1,1,4.0,8,2022-08-20
L1NSB00704,PLT003,Adira Finance,Multifinance,Motor & elektronik,Ojek online / driver,43,Depok,3,25,1,1,0,0,1,1,1,4.7,5,2022-10-20
L1NSB00705,PLT003,Adira Finance,Multifinance,Motor & elektronik,Kurir / ekspedisi,25,Bogor,4,4,1,1,0,0,1,1,1,4.3,13,2023-02-17
L1NSB00706,PLT004,BFI Finance,Multifinance,Motor & UMKM,Freelancer digital,35,Jakarta Selatan,3,33,1,1,0,0,0,1,1,4.5,9,2022-02-01
L1NSB00707,PLT005,KoinWorks SME,P2P Lending,UKM & usaha kecil,Buruh pabrik,48,Jakarta Timur,5,29,1,1,1,0,1,0,0,0.0,0,2022-08-14
L1NSB00708,PLT002,Modal Rakyat,P2P Lending,Pedagang & warung,Pedagang pasar / warung,24,Bekasi,0,27,1,1,1,0,0,0,0,0.0,0,2022-01-30
L1NSB00709,PLT001,Amartha Fintech,P2P Lending,UMKM mikro,Petani / nelayan,50,Palembang,3,1,1,1,1,0,1,0,0,0.0,0,2022-09-13
L1NSB00710,PLT004,BFI Finance,Multifinance,Motor & UMKM,Ojek online / driver,31,Bogor,3,1,1,1,1,0,1,1,1,4.7,12,2022-03-28
L1NSB00711,PLT005,KoinWorks SME,P2P Lending,UKM & usaha kecil,Buruh pabrik,29,Makassar,0,34,1,0,0,0,1,0,0,0.0,0,2022-03-05
L1NSB00712,PLT004,BFI Finance,Multifinance,Motor & UMKM,Ojek online / driver,26,Tangerang,3,16,1,1,1,0,1,1,1,3.5,14,2022-08-11
L1NSB00713,PLT003,Adira Finance,Multifinance,Motor & elektronik,Pemilik UMKM kecil,51,Pekanbaru,2,3,1,1,1,0,0,0,0,0.0,0,2022-11-02
L1NSB00714,PLT003,Adira Finance,Multifinance,Motor & elektronik,Ojek online / driver,41,Bogor,0,12,1,0,1,0,1,1,1,4.1,11,2023-11-04
L1NSB00715,PLT003,Adira Finance,Multifinance,Motor & elektronik,Pedagang pasar / warung,44,Tangerang,3,20,1,1,1,0,1,0,0,0.0,0,2022-08-13
L1NSB00716,PLT002,Modal Rakyat,P2P Lending,Pedagang & warung,Ojek online / driver,46,Jakarta Selatan,1,23,1,1,0,0,0,1,1,4.0,4,2022-04-12
L1NSB00717,PLT004,BFI Finance,Multifinance,Motor & UMKM,Pemilik UMKM kecil,36,Jakarta Barat,4,27,1,1,1,0,1,0,0,0.0,0,2022-07-24
L1NSB00718,PLT005,KoinWorks SME,P2P Lending,UKM & usaha kecil,Petani / nelayan,43,Jakarta Timur,3,8,1,1,0,0,0,0,0,0.0,0,2022-02-23
L1NSB00719,PLT003,Adira Finance,Multifinance,Motor & elektronik,Buruh pabrik,19,Bandung,3,31,1,1,1,0,0,0,0,0.0,0,2022-03-05
L1NSB00720,PLT003,Adira Finance,Multifinance,Motor & elektronik,Karyawan kontrak,35,Yogyakarta,3,16,1,1,1,1,0,0,0,0.0,0,2022-07-05
L1NSB00721,PLT002,Modal Rakyat,P2P Lending,Pedagang & warung,Pemilik UMKM kecil,28,Depok,3,8,1,0,1,1,1,0,0,0.0,0,2022-04-04
L1NSB00722,PLT001,Amartha Fintech,P2P Lending,UMKM mikro,Buruh pabrik,52,Bekasi,1,15,1,1,0,0,0,0,0,0.0,0,2023-01-08
L1NSB00723,PLT003,Adira Finance,Multifinance,Motor & elektronik,Pemilik UMKM kecil,45,Depok,2,21,1,0,0,0,0,0,0,0.0,0,2022-05-24
L1NSB00724,PLT005,KoinWorks SME,P2P Lending,UKM & usaha kecil,Ojek online / driver,30,Bekasi,3,32,1,1,0,0,1,1,1,4.0,9,2022-05-16
L1NSB00725,PLT005,KoinWorks SME,P2P Lending,UKM & usaha kecil,Buruh pabrik,36,Depok,5,25,1,0,1,0,0,0,0,0.0,0,2022-12-02
L1NSB00726,PLT002,Modal Rakyat,P2P Lending,Pedagang & warung,Pedagang pasar / warung,47,Bogor,1,7,1,1,0,0,1,0,0,0.0,0,2024-01-09
L1NSB00727,PLT002,Modal Rakyat,P2P Lending,Pedagang & warung,Ojek online / driver,31,Bandung,3,36,1,1,1,1,1,1,1,4.0,14,2022-01-14
L1NSB00728,PLT001,Amartha Fintech,P2P Lending,UMKM mikro,Kurir / ekspedisi,52,Bogor,3,33,1,0,0,1,0,1,1,3.6,7,2022-02-20
L1NSB00729,PLT004,BFI Finance,Multifinance,Motor & UMKM,Petani / nelayan,51,Jakarta Barat,1,11,1,1,1,0,1,0,0,0.0,0,2022-01-04
L1NSB00730,PLT002,Modal Rakyat,P2P Lending,Pedagang & warung,Kurir / ekspedisi,19,Bogor,1,33,1,1,1,0,0,1,1,4.3,6,2022-03-10
L1NSB00731,PLT002,Modal Rakyat,P2P Lending,Pedagang & warung,Pedagang pasar / warung,28,Bogor,4,18,1,1,1,0,0,0,0,0.0,0,2023-07-02
L1NSB00732,PLT001,Amartha Fintech,P2P Lending,UMKM mikro,Ojek online / driver,41,Makassar,3,24,1,1,1,0,0,1,1,3.9,4,2022-01-06
L1NSB00733,PLT003,Adira Finance,Multifinance,Motor & elektronik,Pedagang pasar / warung,36,Jakarta Timur,1,17,1,1,1,1,1,0,0,0.0,0,2023-01-27
L1NSB00734,PLT003,Adira Finance,Multifinance,Motor & elektronik,Penjahit / konveksi,32,Pekanbaru,1,29,1,1,1,1,1,0,0,0.0,0,2022-03-01
L1NSB00735,PLT004,BFI Finance,Multifinance,Motor & UMKM,Buruh pabrik,49,Jakarta Barat,3,32,1,0,1,0,1,0,0,0.0,0,2022-03-14
L1NSB00736,PLT001,Amartha Fintech,P2P Lending,UMKM mikro,Pedagang pasar / warung,30,Pekanbaru,3,26,1,0,0,0,1,0,0,0.0,0,2022-07-26
L1NSB00737,PLT001,Amartha Fintech,P2P Lending,UMKM mikro,Petani / nelayan,27,Yogyakarta,3,1,1,1,0,1,1,0,0,0.0,0,2022-03-31
L1NSB00738,PLT002,Modal Rakyat,P2P Lending,Pedagang & warung,Pedagang pasar / warung,24,Bekasi,3,10,1,1,1,0,1,0,0,0.0,0,2022-12-13
L1NSB00739,PLT001,Amartha Fintech,P2P Lending,UMKM mikro,Pedagang pasar / warung,49,Palembang,2,29,1,1,1,0,1,0,0,0.0,0,2022-05-20
L1NSB00740,PLT001,Amartha Fintech,P2P Lending,UMKM mikro,Ojek online / driver,21,Jakarta Barat,2,35,1,1,1,0,1,1,0,0.0,0,2022-01-10
L1NSB00741,PLT003,Adira Finance,Multifinance,Motor & elektronik,Freelancer digital,33,Bogor,2,25,1,1,1,0,1,1,1,4.9,8,2022-11-12
L1NSB00742,PLT003,Adira Finance,Multifinance,Motor & elektronik,Ojek online / driver,24,Bogor,3,3,1,0,1,0,1,1,1,4.5,8,2022-10-21
L1NSB00743,PLT003,Adira Finance,Multifinance,Motor & elektronik,Penjahit / konveksi,36,Bogor,0,32,1,1,1,0,0,0,0,0.0,0,2022-02-08
L1NSB00744,PLT002,Modal Rakyat,P2P Lending,Pedagang & warung,Pedagang pasar / warung,43,Surabaya,2,31,1,0,1,0,0,0,0,0.0,0,2022-02-02
L1NSB00745,PLT002,Modal Rakyat,P2P Lending,Pedagang & warung,Karyawan kontrak,41,Tangerang,4,32,1,1,1,1,0,0,0,0.0,0,2022-03-04
L1NSB00746,PLT004,BFI Finance,Multifinance,Motor & UMKM,Buruh pabrik,50,Semarang,3,35,1,1,0,0,1,0,0,0.0,0,2022-02-14
L1NSB00747,PLT002,Modal Rakyat,P2P Lending,Pedagang & warung,Petani / nelayan,34,Tangerang,1,1,1,1,0,0,0,0,0,0.0,0,2023-12-17
L1NSB00748,PLT003,Adira Finance,Multifinance,Motor & elektronik,Karyawan kontrak,27,Bekasi,4,30,1,1,1,1,0,0,0,0.0,0,2022-01-15
L1NSB00749,PLT002,Modal Rakyat,P2P Lending,Pedagang & warung,Ojek online / driver,28,Bandung,0,2,1,1,0,0,1,1,1,4.4,6,2024-01-19
L1NSB00750,PLT002,Modal Rakyat,P2P Lending,Pedagang & warung,Ojek online / driver,23,Jakarta Selatan,2,27,1,0,1,0,1,1,1,4.1,9,2022-01-07
L1NSB00751,PLT003,Adira Finance,Multifinance,Motor & elektronik,Ojek online / driver,22,Bogor,5,3,1,0,0,0,1,1,1,4.2,8,2023-05-29
L1NSB00752,PLT003,Adira Finance,Multifinance,Motor & elektronik,Petani / nelayan,46,Bogor,2,11,1,0,0,1,1,0,0,0.0,0,2022-02-27
L1NSB00753,PLT002,Modal Rakyat,P2P Lending,Pedagang & warung,Buruh pabrik,23,Pekanbaru,2,30,1,1,1,0,0,0,0,0.0,0,2022-04-19
L1NSB00754,PLT002,Modal Rakyat,P2P Lending,Pedagang & warung,Pedagang pasar / warung,25,Jakarta Barat,0,24,1,1,0,0,1,0,0,0.0,0,2022-11-02
L1NSB00755,PLT001,Amartha Fintech,P2P Lending,UMKM mikro,Karyawan kontrak,38,Depok,0,36,1,1,0,0,1,0,0,0.0,0,2022-01-16
L1NSB00756,PLT001,Amartha Fintech,P2P Lending,UMKM mikro,Ojek online / driver,24,Bekasi,3,1,1,1,1,0,0,1,1,4.0,6,2022-07-19
L1NSB00757,PLT003,Adira Finance,Multifinance,Motor & elektronik,Buruh pabrik,51,Jakarta Barat,4,33,1,0,1,0,1,0,0,0.0,0,2022-02-07
L1NSB00758,PLT002,Modal Rakyat,P2P Lending,Pedagang & warung,Ojek online / driver,48,Jakarta Barat,3,6,1,0,0,0,0,1,1,5.0,12,2024-01-17
L1NSB00759,PLT005,KoinWorks SME,P2P Lending,UKM & usaha kecil,Freelancer digital,40,Surabaya,5,9,1,1,1,0,1,1,1,4.1,7,2023-09-14
L1NSB00760,PLT001,Amartha Fintech,P2P Lending,UMKM mikro,Pemilik UMKM kecil,50,Jakarta Barat,0,1,1,1,1,1,1,0,0,0.0,0,2022-07-12
L1NSB00761,PLT004,BFI Finance,Multifinance,Motor & UMKM,Pedagang pasar / warung,37,Jakarta Timur,2,5,1,1,0,0,1,0,0,0.0,0,2023-04-30
L1NSB00762,PLT003,Adira Finance,Multifinance,Motor & elektronik,Karyawan kontrak,47,Makassar,2,9,1,1,1,0,0,0,0,0.0,0,2023-09-27
L1NSB00763,PLT002,Modal Rakyat,P2P Lending,Pedagang & warung,Buruh pabrik,51,Pekanbaru,3,21,1,1,1,0,1,0,0,0.0,0,2022-11-14
L1NSB00764,PLT001,Amartha Fintech,P2P Lending,UMKM mikro,Petani / nelayan,34,Yogyakarta,0,36,0,1,0,0,1,0,0,0.0,0,2022-01-13
L1NSB00765,PLT004,BFI Finance,Multifinance,Motor & UMKM,Freelancer digital,41,Surabaya,1,30,1,1,1,0,1,1,1,4.9,10,2022-03-26
L1NSB00766,PLT001,Amartha Fintech,P2P Lending,UMKM mikro,Pedagang pasar / warung,50,Depok,1,31,1,1,1,1,0,0,0,0.0,0,2022-05-26
L1NSB00767,PLT001,Amartha Fintech,P2P Lending,UMKM mikro,Pemilik UMKM kecil,43,Jakarta Selatan,4,24,1,1,0,0,0,0,0,0.0,0,2022-08-05
L1NSB00768,PLT003,Adira Finance,Multifinance,Motor & elektronik,Pedagang pasar / warung,30,Jakarta Barat,3,10,1,1,0,0,1,0,0,0.0,0,2023-11-17
L1NSB00769,PLT003,Adira Finance,Multifinance,Motor & elektronik,Pedagang pasar / warung,22,Jakarta Barat,2,28,1,1,0,0,1,0,0,0.0,0,2022-03-24
L1NSB00770,PLT004,BFI Finance,Multifinance,Motor & UMKM,Buruh pabrik,43,Pekanbaru,1,1,1,1,0,0,1,0,0,0.0,0,2023-10-11
L1NSB00771,PLT001,Amartha Fintech,P2P Lending,UMKM mikro,Ojek online / driver,48,Bogor,3,10,1,1,1,0,0,1,1,5.0,6,2023-10-17
L1NSB00772,PLT005,KoinWorks SME,P2P Lending,UKM & usaha kecil,Ojek online / driver,32,Yogyakarta,5,13,1,1,0,0,0,1,1,5.0,13,2023-01-15
L1NSB00773,PLT003,Adira Finance,Multifinance,Motor & elektronik,Ojek online / driver,38,Semarang,1,8,1,1,1,0,1,1,1,4.3,9,2022-06-30
L1NSB00774,PLT004,BFI Finance,Multifinance,Motor & UMKM,Buruh pabrik,30,Semarang,2,11,1,1,1,0,1,0,0,0.0,0,2023-09-28
L1NSB00775,PLT001,Amartha Fintech,P2P Lending,UMKM mikro,Pemilik UMKM kecil,25,Jakarta Barat,0,2,1,1,1,1,1,0,0,0.0,0,2024-06-28
L1NSB00776,PLT005,KoinWorks SME,P2P Lending,UKM & usaha kecil,Freelancer digital,21,Makassar,5,19,1,0,1,0,0,1,1,4.9,9,2023-04-21
L1NSB00777,PLT004,BFI Finance,Multifinance,Motor & UMKM,Penjahit / konveksi,44,Jakarta Selatan,5,24,1,1,0,0,0,0,0,0.0,0,2022-08-01
L1NSB00778,PLT002,Modal Rakyat,P2P Lending,Pedagang & warung,Ojek online / driver,45,Jakarta Selatan,5,1,0,1,1,0,1,1,1,3.8,13,2023-05-11
L1NSB00779,PLT005,KoinWorks SME,P2P Lending,UKM & usaha kecil,Pemilik UMKM kecil,31,Medan,5,26,1,1,1,0,1,0,0,0.0,0,2022-03-30
L1NSB00780,PLT004,BFI Finance,Multifinance,Motor & UMKM,Penjahit / konveksi,52,Jakarta Timur,2,28,1,1,0,0,1,0,0,0.0,0,2022-05-14
L1NSB00781,PLT005,KoinWorks SME,P2P Lending,UKM & usaha kecil,Ojek online / driver,39,Depok,3,6,1,1,1,0,0,1,1,4.9,5,2022-01-26
L1NSB00782,PLT002,Modal Rakyat,P2P Lending,Pedagang & warung,Pemilik UMKM kecil,41,Jakarta Timur,4,16,1,0,0,1,1,0,0,0.0,0,2023-01-23
L1NSB00783,PLT003,Adira Finance,Multifinance,Motor & elektronik,Freelancer digital,36,Jakarta Barat,2,10,1,1,1,0,1,1,1,3.7,8,2022-07-04
L1NSB00784,PLT001,Amartha Fintech,P2P Lending,UMKM mikro,Ojek online / driver,42,Bogor,3,14,1,1,0,0,1,1,0,0.0,0,2023-01-20
L1NSB00785,PLT003,Adira Finance,Multifinance,Motor & elektronik,Freelancer digital,47,Palembang,5,11,1,0,0,0,1,1,0,0.0,0,2022-12-22
L1NSB00786,PLT004,BFI Finance,Multifinance,Motor & UMKM,Pemilik UMKM kecil,19,Jakarta Timur,3,34,1,1,0,0,0,0,0,0.0,0,2022-01-20
L1NSB00787,PLT002,Modal Rakyat,P2P Lending,Pedagang & warung,Penjahit / konveksi,26,Bogor,2,14,0,0,0,0,0,0,0,0.0,0,2022-07-24
L1NSB00788,PLT001,Amartha Fintech,P2P Lending,UMKM mikro,Buruh pabrik,37,Surabaya,4,32,1,1,1,0,0,0,0,0.0,0,2022-03-13
L1NSB00789,PLT004,BFI Finance,Multifinance,Motor & UMKM,Ojek online / driver,38,Jakarta Timur,2,14,1,1,1,0,1,1,1,4.4,13,2022-07-24
L1NSB00790,PLT005,KoinWorks SME,P2P Lending,UKM & usaha kecil,Buruh pabrik,23,Surabaya,4,11,1,1,0,0,1,0,0,0.0,0,2023-06-28
L1NSB00791,PLT003,Adira Finance,Multifinance,Motor & elektronik,Buruh pabrik,26,Jakarta Timur,1,21,1,0,0,0,1,0,0,0.0,0,2022-06-10
L1NSB00792,PLT001,Amartha Fintech,P2P Lending,UMKM mikro,Ojek online / driver,19,Yogyakarta,1,22,1,1,0,0,0,1,1,3.8,7,2022-05-23
L1NSB00793,PLT005,KoinWorks SME,P2P Lending,UKM & usaha kecil,Pemilik UMKM kecil,23,Medan,2,27,1,1,1,0,0,0,0,0.0,0,2022-01-24
L1NSB00794,PLT003,Adira Finance,Multifinance,Motor & elektronik,Buruh pabrik,26,Surabaya,4,11,1,1,0,0,0,0,0,0.0,0,2023-08-13
L1NSB00795,PLT001,Amartha Fintech,P2P Lending,UMKM mikro,Penjahit / konveksi,37,Jakarta Timur,2,26,0,1,1,0,0,0,0,0.0,0,2022-08-01
L1NSB00796,PLT003,Adira Finance,Multifinance,Motor & elektronik,Pedagang pasar / warung,41,Bandung,2,6,1,1,1,0,1,0,0,0.0,0,2024-05-19
L1NSB00797,PLT001,Amartha Fintech,P2P Lending,UMKM mikro,Karyawan kontrak,25,Jakarta Selatan,2,15,1,0,0,0,1,0,0,0.0,0,2022-06-24
L1NSB00798,PLT001,Amartha Fintech,P2P Lending,UMKM mikro,Pedagang pasar / warung,42,Pekanbaru,1,35,1,1,1,0,1,0,0,0.0,0,2022-01-20
L1NSB00799,PLT001,Amartha Fintech,P2P Lending,UMKM mikro,Pedagang pasar / warung,43,Bekasi,3,11,1,1,0,0,0,0,0,0.0,0,2023-02-28
L1NSB00800,PLT004,BFI Finance,Multifinance,Motor & UMKM,Freelancer digital,52,Semarang,3,16,1,1,1,0,1,1,1,3.9,8,2022-12-28
L1NSB00801,PLT005,KoinWorks SME,P2P Lending,UKM & usaha kecil,Karyawan kontrak,34,Makassar,2,14,1,0,1,0,1,0,0,0.0,0,2023-01-30
L1NSB00802,PLT002,Modal Rakyat,P2P Lending,Pedagang & warung,Kurir / ekspedisi,40,Depok,1,34,1,1,1,0,1,1,1,3.7,6,2022-02-16
L1NSB00803,PLT004,BFI Finance,Multifinance,Motor & UMKM,Pemilik UMKM kecil,51,Depok,3,26,1,1,0,0,1,0,0,0.0,0,2022-03-17
L1NSB00804,PLT004,BFI Finance,Multifinance,Motor & UMKM,Penjahit / konveksi,26,Depok,2,2,1,0,0,0,1,0,0,0.0,0,2022-06-22
L1NSB00805,PLT003,Adira Finance,Multifinance,Motor & elektronik,Buruh pabrik,28,Bandung,2,33,1,1,1,0,0,0,0,0.0,0,2022-02-24
L1NSB00806,PLT002,Modal Rakyat,P2P Lending,Pedagang & warung,Pedagang pasar / warung,44,Jakarta Timur,5,18,1,1,1,0,1,0,0,0.0,0,2022-08-13
L1NSB00807,PLT001,Amartha Fintech,P2P Lending,UMKM mikro,Ojek online / driver,21,Medan,3,18,1,1,0,1,1,1,1,4.1,7,2022-10-02
L1NSB00808,PLT004,BFI Finance,Multifinance,Motor & UMKM,Pedagang pasar / warung,32,Tangerang,3,19,1,1,0,0,1,0,0,0.0,0,2022-11-09
L1NSB00809,PLT002,Modal Rakyat,P2P Lending,Pedagang & warung,Ojek online / driver,23,Jakarta Timur,5,12,1,1,1,0,1,1,0,0.0,0,2022-03-20
L1NSB00810,PLT002,Modal Rakyat,P2P Lending,Pedagang & warung,Petani / nelayan,19,Medan,4,23,1,1,1,0,0,0,0,0.0,0,2022-10-18
L1NSB00811,PLT003,Adira Finance,Multifinance,Motor & elektronik,Karyawan kontrak,52,Semarang,2,11,1,1,0,1,0,0,0,0.0,0,2022-12-26
L1NSB00812,PLT005,KoinWorks SME,P2P Lending,UKM & usaha kecil,Pedagang pasar / warung,50,Bekasi,3,24,1,1,0,0,1,0,0,0.0,0,2022-11-02
L1NSB00813,PLT004,BFI Finance,Multifinance,Motor & UMKM,Ojek online / driver,52,Yogyakarta,3,2,1,1,0,1,1,1,0,0.0,0,2024-06-01
L1NSB00814,PLT003,Adira Finance,Multifinance,Motor & elektronik,Pedagang pasar / warung,24,Depok,2,25,1,1,1,0,1,0,0,0.0,0,2022-09-27
L1NSB00815,PLT002,Modal Rakyat,P2P Lending,Pedagang & warung,Pedagang pasar / warung,41,Bogor,3,22,1,1,1,0,0,0,0,0.0,0,2022-06-25
L1NSB00816,PLT005,KoinWorks SME,P2P Lending,UKM & usaha kecil,Ojek online / driver,48,Medan,3,23,1,1,1,0,1,1,1,5.0,13,2022-03-25
L1NSB00817,PLT003,Adira Finance,Multifinance,Motor & elektronik,Kurir / ekspedisi,23,Palembang,4,19,0,0,0,0,0,1,1,4.1,14,2022-02-21
L1NSB00818,PLT003,Adira Finance,Multifinance,Motor & elektronik,Ojek online / driver,37,Palembang,5,33,1,1,0,0,0,1,1,3.8,13,2022-02-07
L1NSB00819,PLT002,Modal Rakyat,P2P Lending,Pedagang & warung,Ojek online / driver,41,Depok,4,25,1,1,0,0,0,1,1,4.3,14,2022-10-24
L1NSB00820,PLT002,Modal Rakyat,P2P Lending,Pedagang & warung,Petani / nelayan,31,Bekasi,2,9,1,0,0,0,1,0,0,0.0,0,2022-07-07
L1NSB00821,PLT004,BFI Finance,Multifinance,Motor & UMKM,Karyawan kontrak,46,Jakarta Barat,2,9,1,1,1,0,1,0,0,0.0,0,2023-04-23
L1NSB00822,PLT004,BFI Finance,Multifinance,Motor & UMKM,Pemilik UMKM kecil,48,Jakarta Selatan,4,36,0,1,0,0,1,0,0,0.0,0,2022-01-12
L1NSB00823,PLT002,Modal Rakyat,P2P Lending,Pedagang & warung,Freelancer digital,37,Jakarta Selatan,4,26,1,1,1,1,1,1,1,3.6,8,2022-02-24
L1NSB00824,PLT003,Adira Finance,Multifinance,Motor & elektronik,Freelancer digital,37,Medan,1,31,1,1,0,0,1,1,1,4.6,12,2022-05-07
L1NSB00825,PLT002,Modal Rakyat,P2P Lending,Pedagang & warung,Pedagang pasar / warung,28,Bekasi,0,20,1,1,1,0,0,0,0,0.0,0,2022-03-20
L1NSB00826,PLT005,KoinWorks SME,P2P Lending,UKM & usaha kecil,Penjahit / konveksi,52,Jakarta Barat,1,16,1,1,1,0,0,0,0,0.0,0,2023-02-19
L1NSB00827,PLT004,BFI Finance,Multifinance,Motor & UMKM,Pemilik UMKM kecil,34,Pekanbaru,1,35,1,1,1,0,0,0,0,0.0,0,2022-01-02
L1NSB00828,PLT002,Modal Rakyat,P2P Lending,Pedagang & warung,Ojek online / driver,34,Jakarta Timur,2,33,1,1,1,0,1,1,1,4.2,14,2022-02-19
L1NSB00829,PLT001,Amartha Fintech,P2P Lending,UMKM mikro,Buruh pabrik,46,Jakarta Timur,3,2,1,0,0,0,0,0,0,0.0,0,2024-06-29
L1NSB00830,PLT001,Amartha Fintech,P2P Lending,UMKM mikro,Penjahit / konveksi,41,Jakarta Timur,4,30,1,1,0,0,1,0,0,0.0,0,2022-02-23
L1NSB00831,PLT003,Adira Finance,Multifinance,Motor & elektronik,Penjahit / konveksi,52,Bandung,3,33,1,1,0,0,0,0,0,0.0,0,2022-04-11
L1NSB00832,PLT002,Modal Rakyat,P2P Lending,Pedagang & warung,Pedagang pasar / warung,38,Bogor,1,26,1,1,1,1,1,0,0,0.0,0,2022-09-17
L1NSB00833,PLT005,KoinWorks SME,P2P Lending,UKM & usaha kecil,Pedagang pasar / warung,39,Medan,1,23,1,1,0,0,1,0,0,0.0,0,2022-12-07
L1NSB00834,PLT001,Amartha Fintech,P2P Lending,UMKM mikro,Kurir / ekspedisi,49,Tangerang,5,15,1,1,1,0,1,1,1,4.8,10,2022-03-05
L1NSB00835,PLT005,KoinWorks SME,P2P Lending,UKM & usaha kecil,Pedagang pasar / warung,21,Pekanbaru,1,5,1,1,1,0,0,0,0,0.0,0,2023-04-06
L1NSB00836,PLT004,BFI Finance,Multifinance,Motor & UMKM,Ojek online / driver,31,Depok,3,17,1,1,0,0,1,1,1,4.7,5,2022-04-09
L1NSB00837,PLT002,Modal Rakyat,P2P Lending,Pedagang & warung,Ojek online / driver,27,Bogor,3,1,1,1,1,0,0,1,1,4.9,14,2023-01-25
L1NSB00838,PLT002,Modal Rakyat,P2P Lending,Pedagang & warung,Kurir / ekspedisi,49,Semarang,0,23,1,1,1,1,1,1,1,4.8,13,2023-02-05
L1NSB00839,PLT005,KoinWorks SME,P2P Lending,UKM & usaha kecil,Pedagang pasar / warung,26,Surabaya,4,15,1,1,0,1,0,0,0,0.0,0,2023-02-04
L1NSB00840,PLT003,Adira Finance,Multifinance,Motor & elektronik,Ojek online / driver,29,Bekasi,3,5,1,0,1,0,0,1,1,4.3,5,2024-07-28
L1NSB00841,PLT003,Adira Finance,Multifinance,Motor & elektronik,Freelancer digital,21,Tangerang,5,27,1,1,1,0,1,1,1,4.9,14,2022-02-01
L1NSB00842,PLT002,Modal Rakyat,P2P Lending,Pedagang & warung,Kurir / ekspedisi,21,Tangerang,1,5,1,1,1,0,1,1,1,3.9,4,2023-05-24
L1NSB00843,PLT005,KoinWorks SME,P2P Lending,UKM & usaha kecil,Pedagang pasar / warung,41,Bandung,4,31,1,1,1,0,0,0,0,0.0,0,2022-02-20
L1NSB00844,PLT005,KoinWorks SME,P2P Lending,UKM & usaha kecil,Freelancer digital,43,Makassar,1,2,1,0,1,0,1,1,1,3.7,11,2024-01-24
L1NSB00845,PLT003,Adira Finance,Multifinance,Motor & elektronik,Pedagang pasar / warung,46,Bogor,4,4,1,0,0,0,1,0,0,0.0,0,2023-07-04
L1NSB00846,PLT005,KoinWorks SME,P2P Lending,UKM & usaha kecil,Ojek online / driver,19,Pekanbaru,5,16,1,0,0,0,0,1,1,4.5,7,2022-05-13
L1NSB00847,PLT005,KoinWorks SME,P2P Lending,UKM & usaha kecil,Buruh pabrik,26,Makassar,4,5,1,1,0,0,1,0,0,0.0,0,2024-05-29
L1NSB00848,PLT002,Modal Rakyat,P2P Lending,Pedagang & warung,Buruh pabrik,38,Tangerang,3,36,1,1,1,0,1,0,0,0.0,0,2022-01-02
L1NSB00849,PLT003,Adira Finance,Multifinance,Motor & elektronik,Penjahit / konveksi,50,Bekasi,1,6,1,0,1,0,1,0,0,0.0,0,2023-01-17
L1NSB00850,PLT002,Modal Rakyat,P2P Lending,Pedagang & warung,Ojek online / driver,34,Yogyakarta,0,29,1,1,0,0,0,1,1,4.1,5,2022-08-07
L1NSB00851,PLT005,KoinWorks SME,P2P Lending,UKM & usaha kecil,Buruh pabrik,20,Pekanbaru,0,25,1,0,0,0,1,0,0,0.0,0,2022-06-06
L1NSB00852,PLT001,Amartha Fintech,P2P Lending,UMKM mikro,Kurir / ekspedisi,41,Bogor,2,2,1,1,0,1,0,1,1,3.8,4,2024-06-07
L1NSB00853,PLT004,BFI Finance,Multifinance,Motor & UMKM,Karyawan kontrak,22,Palembang,3,7,1,1,1,0,1,0,0,0.0,0,2023-03-11
L1NSB00854,PLT005,KoinWorks SME,P2P Lending,UKM & usaha kecil,Petani / nelayan,52,Bekasi,2,11,1,1,1,0,1,0,0,0.0,0,2023-11-30
L1NSB00855,PLT003,Adira Finance,Multifinance,Motor & elektronik,Ojek online / driver,34,Palembang,0,35,1,1,0,0,0,1,1,4.5,13,2022-01-20
L1NSB00856,PLT005,KoinWorks SME,P2P Lending,UKM & usaha kecil,Freelancer digital,35,Pekanbaru,0,12,1,0,0,0,1,1,1,4.3,10,2022-03-23
L1NSB00857,PLT003,Adira Finance,Multifinance,Motor & elektronik,Penjahit / konveksi,39,Jakarta Barat,3,29,1,1,0,1,0,0,0,0.0,0,2022-02-07
L1NSB00858,PLT005,KoinWorks SME,P2P Lending,UKM & usaha kecil,Freelancer digital,33,Jakarta Barat,5,3,1,1,1,0,1,1,1,4.9,8,2022-01-17
L1NSB00859,PLT003,Adira Finance,Multifinance,Motor & elektronik,Kurir / ekspedisi,21,Medan,2,16,1,0,1,0,0,1,1,4.1,14,2023-03-13
L1NSB00860,PLT003,Adira Finance,Multifinance,Motor & elektronik,Ojek online / driver,39,Medan,2,24,1,1,1,0,1,1,1,3.7,4,2022-03-18
L1NSB00861,PLT005,KoinWorks SME,P2P Lending,UKM & usaha kecil,Ojek online / driver,32,Palembang,3,21,1,1,1,0,0,1,1,4.7,4,2022-03-18
L1NSB00862,PLT004,BFI Finance,Multifinance,Motor & UMKM,Karyawan kontrak,24,Jakarta Barat,1,15,1,1,1,0,1,0,0,0.0,0,2023-06-25
L1NSB00863,PLT001,Amartha Fintech,P2P Lending,UMKM mikro,Freelancer digital,52,Semarang,2,29,1,0,1,1,0,1,1,5.0,7,2022-07-11
L1NSB00864,PLT001,Amartha Fintech,P2P Lending,UMKM mikro,Petani / nelayan,47,Yogyakarta,3,27,1,1,1,1,1,0,0,0.0,0,2022-08-18
L1NSB00865,PLT004,BFI Finance,Multifinance,Motor & UMKM,Pedagang pasar / warung,27,Bogor,4,35,1,1,1,0,1,0,0,0.0,0,2022-01-22
L1NSB00866,PLT003,Adira Finance,Multifinance,Motor & elektronik,Ojek online / driver,45,Bandung,2,33,1,1,1,1,1,1,1,3.5,5,2022-04-08
L1NSB00867,PLT005,KoinWorks SME,P2P Lending,UKM & usaha kecil,Petani / nelayan,49,Yogyakarta,1,7,1,0,1,0,1,0,0,0.0,0,2023-06-27
L1NSB00868,PLT004,BFI Finance,Multifinance,Motor & UMKM,Penjahit / konveksi,41,Jakarta Timur,2,26,1,0,0,0,1,0,0,0.0,0,2022-11-08
L1NSB00869,PLT005,KoinWorks SME,P2P Lending,UKM & usaha kecil,Ojek online / driver,21,Jakarta Barat,3,23,1,1,1,0,1,1,1,4.6,6,2022-10-29
L1NSB00870,PLT005,KoinWorks SME,P2P Lending,UKM & usaha kecil,Ojek online / driver,19,Medan,2,24,1,1,0,0,1,1,1,4.7,7,2022-06-24
L1NSB00871,PLT001,Amartha Fintech,P2P Lending,UMKM mikro,Kurir / ekspedisi,52,Medan,4,33,1,1,0,0,0,1,0,0.0,0,2022-04-05
L1NSB00872,PLT002,Modal Rakyat,P2P Lending,Pedagang & warung,Buruh pabrik,36,Medan,4,21,1,1,0,0,1,0,0,0.0,0,2022-05-28
L1NSB00873,PLT003,Adira Finance,Multifinance,Motor & elektronik,Pemilik UMKM kecil,25,Bogor,0,15,1,0,0,1,1,0,0,0.0,0,2022-02-10
L1NSB00874,PLT005,KoinWorks SME,P2P Lending,UKM & usaha kecil,Kurir / ekspedisi,31,Jakarta Selatan,2,32,1,0,0,1,1,1,1,4.3,11,2022-01-29
L1NSB00875,PLT001,Amartha Fintech,P2P Lending,UMKM mikro,Buruh pabrik,46,Surabaya,4,17,1,0,0,0,1,0,0,0.0,0,2022-08-16
L1NSB00876,PLT001,Amartha Fintech,P2P Lending,UMKM mikro,Pedagang pasar / warung,51,Tangerang,4,18,1,1,1,0,1,0,0,0.0,0,2022-02-09
L1NSB00877,PLT004,BFI Finance,Multifinance,Motor & UMKM,Ojek online / driver,52,Tangerang,1,13,1,1,1,0,1,1,0,0.0,0,2023-01-21
L1NSB00878,PLT002,Modal Rakyat,P2P Lending,Pedagang & warung,Petani / nelayan,35,Surabaya,0,10,1,0,1,0,1,0,0,0.0,0,2023-06-13
L1NSB00879,PLT002,Modal Rakyat,P2P Lending,Pedagang & warung,Ojek online / driver,23,Surabaya,2,36,1,1,0,0,1,1,1,3.9,9,2022-01-06
L1NSB00880,PLT003,Adira Finance,Multifinance,Motor & elektronik,Karyawan kontrak,37,Makassar,1,32,1,1,1,0,0,0,0,0.0,0,2022-03-15
L1NSB00881,PLT004,BFI Finance,Multifinance,Motor & UMKM,Pemilik UMKM kecil,39,Depok,3,28,1,1,0,0,1,0,0,0.0,0,2022-09-05
L1NSB00882,PLT004,BFI Finance,Multifinance,Motor & UMKM,Freelancer digital,34,Jakarta Selatan,2,19,1,0,1,0,1,1,1,4.5,10,2023-03-29
L1NSB00883,PLT004,BFI Finance,Multifinance,Motor & UMKM,Buruh pabrik,22,Bekasi,3,32,1,1,1,0,1,0,0,0.0,0,2022-02-12
L1NSB00884,PLT005,KoinWorks SME,P2P Lending,UKM & usaha kecil,Pedagang pasar / warung,26,Medan,4,22,1,1,1,0,1,0,0,0.0,0,2022-06-20
L1NSB00885,PLT003,Adira Finance,Multifinance,Motor & elektronik,Karyawan kontrak,23,Makassar,4,4,1,1,0,0,1,0,0,0.0,0,2022-08-23
L1NSB00886,PLT003,Adira Finance,Multifinance,Motor & elektronik,Karyawan kontrak,42,Tangerang,5,27,1,1,1,0,0,0,0,0.0,0,2022-02-22
L1NSB00887,PLT005,KoinWorks SME,P2P Lending,UKM & usaha kecil,Buruh pabrik,50,Jakarta Selatan,3,11,1,0,1,0,0,0,0,0.0,0,2023-01-22
L1NSB00888,PLT004,BFI Finance,Multifinance,Motor & UMKM,Ojek online / driver,36,Pekanbaru,0,6,1,1,1,0,0,1,1,4.3,6,2023-08-26
L1NSB00889,PLT004,BFI Finance,Multifinance,Motor & UMKM,Pedagang pasar / warung,38,Palembang,5,21,1,1,0,0,0,0,0,0.0,0,2022-10-23
L1NSB00890,PLT004,BFI Finance,Multifinance,Motor & UMKM,Buruh pabrik,46,Jakarta Barat,1,15,1,1,1,1,1,0,0,0.0,0,2022-01-18
L1NSB00891,PLT004,BFI Finance,Multifinance,Motor & UMKM,Petani / nelayan,42,Palembang,2,35,1,1,1,0,1,0,0,0.0,0,2022-01-31
L1NSB00892,PLT005,KoinWorks SME,P2P Lending,UKM & usaha kecil,Ojek online / driver,38,Tangerang,2,10,1,1,0,0,1,1,1,3.9,6,2023-04-30
L1NSB00893,PLT005,KoinWorks SME,P2P Lending,UKM & usaha kecil,Petani / nelayan,33,Jakarta Selatan,3,32,1,1,0,0,0,0,0,0.0,0,2022-04-15
L1NSB00894,PLT001,Amartha Fintech,P2P Lending,UMKM mikro,Pedagang pasar / warung,32,Palembang,3,36,1,1,0,0,0,0,0,0.0,0,2022-01-03
L1NSB00895,PLT001,Amartha Fintech,P2P Lending,UMKM mikro,Buruh pabrik,23,Bandung,5,9,1,0,1,0,1,0,0,0.0,0,2022-02-09
L1NSB00896,PLT004,BFI Finance,Multifinance,Motor & UMKM,Kurir / ekspedisi,52,Surabaya,2,9,1,1,0,0,1,1,1,4.9,14,2022-11-27
L1NSB00897,PLT005,KoinWorks SME,P2P Lending,UKM & usaha kecil,Penjahit / konveksi,29,Jakarta Timur,2,19,1,0,1,0,1,0,0,0.0,0,2023-04-19
L1NSB00898,PLT002,Modal Rakyat,P2P Lending,Pedagang & warung,Pemilik UMKM kecil,27,Jakarta Timur,5,34,1,1,0,0,1,0,0,0.0,0,2022-01-01
L1NSB00899,PLT003,Adira Finance,Multifinance,Motor & elektronik,Petani / nelayan,31,Yogyakarta,2,7,1,1,0,0,0,0,0,0.0,0,2023-07-27
L1NSB00900,PLT002,Modal Rakyat,P2P Lending,Pedagang & warung,Buruh pabrik,19,Bogor,3,13,1,1,1,0,0,0,0,0.0,0,2023-02-17
L1NSB00901,PLT003,Adira Finance,Multifinance,Motor & elektronik,Kurir / ekspedisi,31,Jakarta Barat,2,10,1,0,0,0,0,1,1,4.5,10,2024-03-01
L1NSB00902,PLT005,KoinWorks SME,P2P Lending,UKM & usaha kecil,Freelancer digital,49,Depok,2,11,0,0,0,1,1,1,0,0.0,0,2022-01-01
L1NSB00903,PLT003,Adira Finance,Multifinance,Motor & elektronik,Ojek online / driver,22,Jakarta Timur,3,33,1,1,1,0,1,1,1,4.1,10,2022-02-15
L1NSB00904,PLT003,Adira Finance,Multifinance,Motor & elektronik,Karyawan kontrak,39,Semarang,3,6,1,1,1,1,1,0,0,0.0,0,2024-05-10
L1NSB00905,PLT004,BFI Finance,Multifinance,Motor & UMKM,Kurir / ekspedisi,50,Yogyakarta,2,17,1,1,1,0,0,1,1,4.2,14,2023-03-11
L1NSB00906,PLT002,Modal Rakyat,P2P Lending,Pedagang & warung,Freelancer digital,31,Bandung,2,24,1,1,0,0,1,1,0,0.0,0,2022-02-18
L1NSB00907,PLT003,Adira Finance,Multifinance,Motor & elektronik,Penjahit / konveksi,51,Bogor,3,1,1,0,0,0,0,0,0,0.0,0,2023-06-03
L1NSB00908,PLT003,Adira Finance,Multifinance,Motor & elektronik,Freelancer digital,20,Pekanbaru,2,31,1,1,1,0,1,1,1,4.7,4,2022-06-06
L1NSB00909,PLT002,Modal Rakyat,P2P Lending,Pedagang & warung,Petani / nelayan,30,Pekanbaru,2,9,1,1,0,0,1,0,0,0.0,0,2023-07-12
L1NSB00910,PLT003,Adira Finance,Multifinance,Motor & elektronik,Pemilik UMKM kecil,31,Makassar,5,2,1,1,1,1,0,0,0,0.0,0,2024-01-21
L1NSB00911,PLT005,KoinWorks SME,P2P Lending,UKM & usaha kecil,Ojek online / driver,44,Bandung,3,4,1,1,1,0,0,1,1,3.9,7,2023-02-24
L1NSB00912,PLT002,Modal Rakyat,P2P Lending,Pedagang & warung,Freelancer digital,19,Bekasi,1,18,1,0,1,1,0,1,1,3.6,5,2022-03-30
L1NSB00913,PLT002,Modal Rakyat,P2P Lending,Pedagang & warung,Pedagang pasar / warung,20,Palembang,1,11,1,0,0,0,1,0,0,0.0,0,2023-11-29
L1NSB00914,PLT002,Modal Rakyat,P2P Lending,Pedagang & warung,Petani / nelayan,27,Bekasi,4,4,1,1,0,0,1,0,0,0.0,0,2022-10-07
L1NSB00915,PLT002,Modal Rakyat,P2P Lending,Pedagang & warung,Ojek online / driver,37,Bekasi,0,29,1,1,1,0,1,1,1,4.4,6,2022-08-02
L1NSB00916,PLT005,KoinWorks SME,P2P Lending,UKM & usaha kecil,Buruh pabrik,32,Yogyakarta,3,28,1,1,1,0,1,0,0,0.0,0,2022-05-18
L1NSB00917,PLT001,Amartha Fintech,P2P Lending,UMKM mikro,Kurir / ekspedisi,32,Bekasi,3,14,1,0,0,0,0,1,0,0.0,0,2023-01-17
L1NSB00918,PLT005,KoinWorks SME,P2P Lending,UKM & usaha kecil,Buruh pabrik,21,Tangerang,3,7,1,1,0,0,0,0,0,0.0,0,2022-04-13
L1NSB00919,PLT002,Modal Rakyat,P2P Lending,Pedagang & warung,Penjahit / konveksi,38,Jakarta Timur,3,30,1,1,1,0,1,0,0,0.0,0,2022-07-07
L1NSB00920,PLT004,BFI Finance,Multifinance,Motor & UMKM,Buruh pabrik,34,Bekasi,1,24,1,1,1,0,1,0,0,0.0,0,2022-09-17
L1NSB00921,PLT001,Amartha Fintech,P2P Lending,UMKM mikro,Buruh pabrik,36,Medan,3,26,1,0,0,0,1,0,0,0.0,0,2022-09-26
L1NSB00922,PLT002,Modal Rakyat,P2P Lending,Pedagang & warung,Pemilik UMKM kecil,27,Jakarta Timur,2,22,1,0,0,1,0,0,0,0.0,0,2022-07-22
L1NSB00923,PLT002,Modal Rakyat,P2P Lending,Pedagang & warung,Buruh pabrik,28,Depok,1,12,1,0,0,0,0,0,0,0.0,0,2023-12-03
L1NSB00924,PLT005,KoinWorks SME,P2P Lending,UKM & usaha kecil,Karyawan kontrak,42,Jakarta Selatan,2,31,1,0,1,0,0,0,0,0.0,0,2022-04-07
L1NSB00925,PLT004,BFI Finance,Multifinance,Motor & UMKM,Petani / nelayan,25,Bandung,3,9,1,1,0,0,0,0,0,0.0,0,2023-03-11
L1NSB00926,PLT005,KoinWorks SME,P2P Lending,UKM & usaha kecil,Buruh pabrik,23,Tangerang,1,32,1,1,0,1,0,0,0,0.0,0,2022-04-03
L1NSB00927,PLT003,Adira Finance,Multifinance,Motor & elektronik,Kurir / ekspedisi,19,Medan,1,26,1,1,0,0,0,1,1,4.0,14,2022-03-19
L1NSB00928,PLT003,Adira Finance,Multifinance,Motor & elektronik,Pedagang pasar / warung,49,Jakarta Selatan,2,17,1,1,0,0,1,0,0,0.0,0,2022-03-26
L1NSB00929,PLT003,Adira Finance,Multifinance,Motor & elektronik,Petani / nelayan,25,Makassar,2,26,1,0,0,0,1,0,0,0.0,0,2022-09-06
L1NSB00930,PLT004,BFI Finance,Multifinance,Motor & UMKM,Buruh pabrik,22,Bekasi,2,28,1,1,1,1,1,0,0,0.0,0,2022-08-31
L1NSB00931,PLT003,Adira Finance,Multifinance,Motor & elektronik,Karyawan kontrak,42,Jakarta Barat,2,12,1,1,0,0,0,0,0,0.0,0,2023-12-26
L1NSB00932,PLT005,KoinWorks SME,P2P Lending,UKM & usaha kecil,Pedagang pasar / warung,51,Pekanbaru,0,30,1,1,0,1,1,0,0,0.0,0,2022-06-03
L1NSB00933,PLT003,Adira Finance,Multifinance,Motor & elektronik,Pedagang pasar / warung,40,Makassar,2,19,1,0,0,0,1,0,0,0.0,0,2022-11-01
L1NSB00934,PLT001,Amartha Fintech,P2P Lending,UMKM mikro,Freelancer digital,41,Yogyakarta,2,3,1,1,0,0,0,1,0,0.0,0,2024-07-03
L1NSB00935,PLT003,Adira Finance,Multifinance,Motor & elektronik,Buruh pabrik,48,Yogyakarta,0,16,1,1,1,1,1,0,0,0.0,0,2022-12-01
L1NSB00936,PLT003,Adira Finance,Multifinance,Motor & elektronik,Ojek online / driver,25,Bandung,5,33,1,0,1,0,1,1,0,0.0,0,2022-02-02
L1NSB00937,PLT001,Amartha Fintech,P2P Lending,UMKM mikro,Karyawan kontrak,46,Jakarta Barat,3,13,1,1,1,0,1,0,0,0.0,0,2022-02-20
L1NSB00938,PLT003,Adira Finance,Multifinance,Motor & elektronik,Kurir / ekspedisi,32,Palembang,2,28,1,1,0,0,0,1,1,3.8,8,2022-07-28
L1NSB00939,PLT002,Modal Rakyat,P2P Lending,Pedagang & warung,Ojek online / driver,45,Makassar,0,9,1,1,1,0,0,1,1,4.6,7,2022-10-22
L1NSB00940,PLT005,KoinWorks SME,P2P Lending,UKM & usaha kecil,Karyawan kontrak,45,Makassar,4,22,1,1,1,0,0,0,0,0.0,0,2022-03-19
L1NSB00941,PLT004,BFI Finance,Multifinance,Motor & UMKM,Penjahit / konveksi,50,Depok,5,35,1,1,0,0,1,0,0,0.0,0,2022-02-10
L1NSB00942,PLT004,BFI Finance,Multifinance,Motor & UMKM,Kurir / ekspedisi,41,Jakarta Barat,1,14,1,1,0,1,1,1,1,3.7,13,2022-12-27
L1NSB00943,PLT005,KoinWorks SME,P2P Lending,UKM & usaha kecil,Buruh pabrik,20,Palembang,3,19,1,1,0,1,0,0,0,0.0,0,2022-05-07
L1NSB00944,PLT001,Amartha Fintech,P2P Lending,UMKM mikro,Buruh pabrik,32,Jakarta Barat,2,19,1,0,1,0,1,0,0,0.0,0,2022-08-11
L1NSB00945,PLT004,BFI Finance,Multifinance,Motor & UMKM,Penjahit / konveksi,36,Tangerang,3,24,1,1,1,0,1,0,0,0.0,0,2022-09-30
L1NSB00946,PLT004,BFI Finance,Multifinance,Motor & UMKM,Pedagang pasar / warung,44,Surabaya,0,30,1,1,0,1,1,0,0,0.0,0,2022-03-27
L1NSB00947,PLT004,BFI Finance,Multifinance,Motor & UMKM,Freelancer digital,25,Bandung,3,27,1,1,1,0,0,1,1,5.0,13,2022-07-29
L1NSB00948,PLT001,Amartha Fintech,P2P Lending,UMKM mikro,Pedagang pasar / warung,34,Jakarta Timur,2,31,1,1,0,0,1,0,0,0.0,0,2022-05-11
L1NSB00949,PLT002,Modal Rakyat,P2P Lending,Pedagang & warung,Penjahit / konveksi,29,Surabaya,1,24,1,0,1,0,0,0,0,0.0,0,2022-02-03
L1NSB00950,PLT001,Amartha Fintech,P2P Lending,UMKM mikro,Pedagang pasar / warung,48,Surabaya,3,16,1,1,0,0,1,0,0,0.0,0,2022-12-06
L1NSB00951,PLT002,Modal Rakyat,P2P Lending,Pedagang & warung,Pedagang pasar / warung,23,Jakarta Selatan,4,3,1,1,1,0,1,0,0,0.0,0,2024-09-07
L1NSB00952,PLT003,Adira Finance,Multifinance,Motor & elektronik,Penjahit / konveksi,26,Yogyakarta,4,35,1,1,1,0,1,0,0,0.0,0,2022-01-03
L1NSB00953,PLT003,Adira Finance,Multifinance,Motor & elektronik,Buruh pabrik,51,Makassar,4,29,1,0,0,0,1,0,0,0.0,0,2022-01-29
L1NSB00954,PLT002,Modal Rakyat,P2P Lending,Pedagang & warung,Buruh pabrik,40,Jakarta Timur,4,16,1,0,0,0,0,0,0,0.0,0,2023-05-19
L1NSB00955,PLT002,Modal Rakyat,P2P Lending,Pedagang & warung,Karyawan kontrak,40,Bekasi,1,29,1,1,0,0,0,0,0,0.0,0,2022-05-14
L1NSB00956,PLT003,Adira Finance,Multifinance,Motor & elektronik,Ojek online / driver,42,Medan,3,24,1,1,1,0,0,1,1,4.5,6,2022-12-22
L1NSB00957,PLT002,Modal Rakyat,P2P Lending,Pedagang & warung,Ojek online / driver,37,Pekanbaru,2,25,1,0,1,0,0,1,0,0.0,0,2022-09-18
L1NSB00958,PLT005,KoinWorks SME,P2P Lending,UKM & usaha kecil,Buruh pabrik,29,Tangerang,3,10,1,1,1,0,1,0,0,0.0,0,2023-06-22
L1NSB00959,PLT004,BFI Finance,Multifinance,Motor & UMKM,Ojek online / driver,43,Jakarta Selatan,2,5,1,1,0,0,1,1,1,4.5,9,2023-08-07
L1NSB00960,PLT001,Amartha Fintech,P2P Lending,UMKM mikro,Karyawan kontrak,52,Bogor,3,15,1,1,0,0,1,0,0,0.0,0,2022-10-05
L1NSB00961,PLT005,KoinWorks SME,P2P Lending,UKM & usaha kecil,Pemilik UMKM kecil,24,Palembang,5,4,1,1,0,1,0,0,0,0.0,0,2024-05-28
L1NSB00962,PLT002,Modal Rakyat,P2P Lending,Pedagang & warung,Pedagang pasar / warung,48,Jakarta Timur,5,3,1,1,0,0,1,0,0,0.0,0,2024-07-16
L1NSB00963,PLT002,Modal Rakyat,P2P Lending,Pedagang & warung,Kurir / ekspedisi,22,Depok,4,15,1,1,1,0,1,1,0,0.0,0,2022-03-16
L1NSB00964,PLT002,Modal Rakyat,P2P Lending,Pedagang & warung,Buruh pabrik,47,Jakarta Barat,3,31,1,1,0,0,1,0,0,0.0,0,2022-01-29
L1NSB00965,PLT004,BFI Finance,Multifinance,Motor & UMKM,Karyawan kontrak,31,Medan,2,30,1,1,1,0,1,0,0,0.0,0,2022-05-04
L1NSB00966,PLT005,KoinWorks SME,P2P Lending,UKM & usaha kecil,Pedagang pasar / warung,38,Bekasi,5,35,1,1,1,0,1,0,0,0.0,0,2022-01-12
L1NSB00967,PLT004,BFI Finance,Multifinance,Motor & UMKM,Ojek online / driver,51,Surabaya,4,32,1,0,1,0,1,1,1,4.5,12,2022-02-19
L1NSB00968,PLT001,Amartha Fintech,P2P Lending,UMKM mikro,Karyawan kontrak,32,Bekasi,1,33,1,1,1,0,1,0,0,0.0,0,2022-03-28
L1NSB00969,PLT002,Modal Rakyat,P2P Lending,Pedagang & warung,Pedagang pasar / warung,31,Palembang,5,26,1,1,1,0,1,0,0,0.0,0,2022-11-01
L1NSB00970,PLT004,BFI Finance,Multifinance,Motor & UMKM,Karyawan kontrak,36,Depok,2,17,1,1,0,0,0,0,0,0.0,0,2022-11-19
L1NSB00971,PLT004,BFI Finance,Multifinance,Motor & UMKM,Pedagang pasar / warung,44,Palembang,1,27,0,1,0,0,1,0,0,0.0,0,2022-08-22
L1NSB00972,PLT003,Adira Finance,Multifinance,Motor & elektronik,Ojek online / driver,31,Depok,3,17,1,1,0,1,0,1,1,3.8,7,2023-03-27
L1NSB00973,PLT003,Adira Finance,Multifinance,Motor & elektronik,Ojek online / driver,34,Jakarta Timur,1,21,1,1,1,1,1,1,1,4.1,11,2022-11-07
L1NSB00974,PLT005,KoinWorks SME,P2P Lending,UKM & usaha kecil,Buruh pabrik,25,Jakarta Selatan,3,22,1,1,1,0,0,0,0,0.0,0,2022-06-16
L1NSB00975,PLT004,BFI Finance,Multifinance,Motor & UMKM,Karyawan kontrak,28,Medan,3,20,1,1,1,0,1,0,0,0.0,0,2022-10-13
L1NSB00976,PLT005,KoinWorks SME,P2P Lending,UKM & usaha kecil,Karyawan kontrak,20,Jakarta Timur,4,5,1,1,1,1,1,0,0,0.0,0,2024-02-05
L1NSB00977,PLT002,Modal Rakyat,P2P Lending,Pedagang & warung,Pedagang pasar / warung,48,Depok,5,30,1,0,1,0,1,0,0,0.0,0,2022-02-05
L1NSB00978,PLT001,Amartha Fintech,P2P Lending,UMKM mikro,Freelancer digital,46,Bandung,4,32,1,1,0,1,1,1,1,5.0,12,2022-03-25
L1NSB00979,PLT005,KoinWorks SME,P2P Lending,UKM & usaha kecil,Kurir / ekspedisi,40,Makassar,3,5,1,1,1,1,1,1,1,4.8,5,2023-04-25
L1NSB00980,PLT005,KoinWorks SME,P2P Lending,UKM & usaha kecil,Freelancer digital,31,Palembang,1,5,1,1,0,0,1,1,1,4.5,5,2023-08-13
L1NSB00981,PLT003,Adira Finance,Multifinance,Motor & elektronik,Buruh pabrik,46,Bogor,2,2,1,1,1,0,0,0,0,0.0,0,2022-11-05
L1NSB00982,PLT003,Adira Finance,Multifinance,Motor & elektronik,Penjahit / konveksi,39,Semarang,3,30,1,0,1,1,1,0,0,0.0,0,2022-05-28
L1NSB00983,PLT002,Modal Rakyat,P2P Lending,Pedagang & warung,Pedagang pasar / warung,28,Depok,3,20,1,0,1,1,1,0,0,0.0,0,2023-05-04
L1NSB00984,PLT001,Amartha Fintech,P2P Lending,UMKM mikro,Pedagang pasar / warung,39,Bogor,5,15,1,0,0,1,0,0,0,0.0,0,2022-12-30
L1NSB00985,PLT001,Amartha Fintech,P2P Lending,UMKM mikro,Ojek online / driver,47,Jakarta Barat,3,25,0,1,1,0,0,1,1,3.8,10,2022-03-05
L1NSB00986,PLT001,Amartha Fintech,P2P Lending,UMKM mikro,Pemilik UMKM kecil,51,Bogor,3,34,1,1,0,0,1,0,0,0.0,0,2022-02-10
L1NSB00987,PLT004,BFI Finance,Multifinance,Motor & UMKM,Pedagang pasar / warung,24,Palembang,4,33,1,1,0,0,0,0,0,0.0,0,2022-02-21
L1NSB00988,PLT001,Amartha Fintech,P2P Lending,UMKM mikro,Buruh pabrik,38,Pekanbaru,3,5,1,1,0,1,0,0,0,0.0,0,2023-02-04
L1NSB00989,PLT004,BFI Finance,Multifinance,Motor & UMKM,Ojek online / driver,36,Yogyakarta,2,21,1,1,0,0,1,1,0,0.0,0,2022-01-20
L1NSB00990,PLT001,Amartha Fintech,P2P Lending,UMKM mikro,Freelancer digital,32,Pekanbaru,1,19,1,1,0,0,1,1,1,4.6,14,2022-04-23
L1NSB00991,PLT002,Modal Rakyat,P2P Lending,Pedagang & warung,Ojek online / driver,32,Bekasi,3,26,1,1,0,0,1,1,1,4.8,4,2022-03-15
L1NSB00992,PLT004,BFI Finance,Multifinance,Motor & UMKM,Ojek online / driver,43,Palembang,5,34,1,0,0,0,1,1,0,0.0,0,2022-03-01
L1NSB00993,PLT004,BFI Finance,Multifinance,Motor & UMKM,Penjahit / konveksi,47,Jakarta Timur,2,1,1,1,1,0,1,0,0,0.0,0,2022-07-17
L1NSB00994,PLT004,BFI Finance,Multifinance,Motor & UMKM,Kurir / ekspedisi,31,Jakarta Timur,1,15,1,1,0,0,1,1,1,3.9,13,2022-08-20
L1NSB00995,PLT003,Adira Finance,Multifinance,Motor & elektronik,Pedagang pasar / warung,38,Tangerang,1,30,1,1,1,1,1,0,0,0.0,0,2022-04-19
L1NSB00996,PLT003,Adira Finance,Multifinance,Motor & elektronik,Freelancer digital,21,Yogyakarta,2,25,1,1,1,0,1,1,1,3.9,10,2022-10-20
L1NSB00997,PLT004,BFI Finance,Multifinance,Motor & UMKM,Kurir / ekspedisi,41,Depok,2,26,1,0,1,0,0,1,1,4.7,9,2022-04-06
L1NSB00998,PLT003,Adira Finance,Multifinance,Motor & elektronik,Buruh pabrik,50,Palembang,4,36,1,0,1,1,0,0,0,0.0,0,2022-01-14
L1NSB00999,PLT001,Amartha Fintech,P2P Lending,UMKM mikro,Pemilik UMKM kecil,27,Jakarta Barat,2,15,1,1,0,0,0,0,0,0.0,0,2023-04-09
L1NSB01000,PLT004,BFI Finance,Multifinance,Motor & UMKM,Kurir / ekspedisi,24,Pekanbaru,3,33,1,1,1,0,0,1,1,4.7,7,2022-02-15
L1NSB01001,PLT005,KoinWorks SME,P2P Lending,UKM & usaha kecil,Freelancer digital,28,Medan,3,34,1,1,0,0,1,1,1,4.1,5,2022-01-29
L1NSB01002,PLT002,Modal Rakyat,P2P Lending,Pedagang & warung,Kurir / ekspedisi,46,Pekanbaru,2,13,1,1,1,0,1,1,1,4.8,11,2022-11-04
L1NSB01003,PLT001,Amartha Fintech,P2P Lending,UMKM mikro,Ojek online / driver,38,Depok,2,5,1,1,0,1,1,1,1,4.9,7,2022-06-13
L1NSB01004,PLT004,BFI Finance,Multifinance,Motor & UMKM,Buruh pabrik,31,Depok,3,23,1,1,0,1,0,0,0,0.0,0,2022-12-11
L1NSB01005,PLT002,Modal Rakyat,P2P Lending,Pedagang & warung,Pedagang pasar / warung,28,Makassar,3,18,1,0,0,0,0,0,0,0.0,0,2023-04-28
L1NSB01006,PLT002,Modal Rakyat,P2P Lending,Pedagang & warung,Freelancer digital,38,Pekanbaru,2,8,1,1,0,1,1,1,1,4.8,4,2022-09-19
L1NSB01007,PLT001,Amartha Fintech,P2P Lending,UMKM mikro,Freelancer digital,46,Medan,5,11,1,1,1,1,0,1,0,0.0,0,2023-09-10
L1NSB01008,PLT005,KoinWorks SME,P2P Lending,UKM & usaha kecil,Penjahit / konveksi,34,Pekanbaru,2,32,1,1,1,0,1,0,0,0.0,0,2022-03-12
L1NSB01009,PLT003,Adira Finance,Multifinance,Motor & elektronik,Freelancer digital,40,Bandung,2,17,1,0,0,1,0,1,1,4.4,14,2023-05-15
L1NSB01010,PLT005,KoinWorks SME,P2P Lending,UKM & usaha kecil,Freelancer digital,43,Medan,1,34,1,1,0,0,1,1,1,3.6,5,2022-01-31
L1NSB01011,PLT003,Adira Finance,Multifinance,Motor & elektronik,Freelancer digital,45,Pekanbaru,4,26,1,0,1,0,1,1,1,3.6,10,2022-08-10
L1NSB01012,PLT001,Amartha Fintech,P2P Lending,UMKM mikro,Pedagang pasar / warung,30,Jakarta Selatan,2,22,1,1,1,0,1,0,0,0.0,0,2023-02-24
L1NSB01013,PLT003,Adira Finance,Multifinance,Motor & elektronik,Buruh pabrik,34,Bekasi,1,29,1,1,1,0,1,0,0,0.0,0,2022-05-23
L1NSB01014,PLT005,KoinWorks SME,P2P Lending,UKM & usaha kecil,Freelancer digital,44,Palembang,2,23,1,0,1,0,1,1,1,4.7,7,2022-06-06
L1NSB01015,PLT001,Amartha Fintech,P2P Lending,UMKM mikro,Penjahit / konveksi,24,Makassar,3,26,1,1,0,0,0,0,0,0.0,0,2022-06-29
L1NSB01016,PLT003,Adira Finance,Multifinance,Motor & elektronik,Karyawan kontrak,42,Palembang,3,11,1,1,0,0,1,0,0,0.0,0,2023-07-28
L1NSB01017,PLT003,Adira Finance,Multifinance,Motor & elektronik,Karyawan kontrak,30,Bandung,2,5,1,0,1,1,1,0,0,0.0,0,2024-01-04
L1NSB01018,PLT003,Adira Finance,Multifinance,Motor & elektronik,Kurir / ekspedisi,44,Jakarta Timur,2,25,1,1,1,1,0,1,1,3.6,7,2022-01-21
L1NSB01019,PLT002,Modal Rakyat,P2P Lending,Pedagang & warung,Kurir / ekspedisi,36,Jakarta Selatan,1,32,1,1,0,1,1,1,1,3.7,8,2022-01-06
L1NSB01020,PLT005,KoinWorks SME,P2P Lending,UKM & usaha kecil,Kurir / ekspedisi,47,Bandung,3,36,1,1,1,1,1,1,1,4.8,10,2022-01-12
L1NSB01021,PLT003,Adira Finance,Multifinance,Motor & elektronik,Buruh pabrik,42,Bogor,5,16,1,1,1,0,1,0,0,0.0,0,2022-09-10
L1NSB01022,PLT005,KoinWorks SME,P2P Lending,UKM & usaha kecil,Kurir / ekspedisi,25,Bogor,4,33,1,1,0,1,0,1,1,4.6,12,2022-01-29
L1NSB01023,PLT004,BFI Finance,Multifinance,Motor & UMKM,Pedagang pasar / warung,22,Surabaya,3,29,1,1,1,0,1,0,0,0.0,0,2022-01-15
L1NSB01024,PLT003,Adira Finance,Multifinance,Motor & elektronik,Buruh pabrik,28,Jakarta Barat,3,23,1,1,1,1,1,0,0,0.0,0,2022-09-09
L1NSB01025,PLT004,BFI Finance,Multifinance,Motor & UMKM,Petani / nelayan,27,Bandung,4,14,1,1,1,0,0,0,0,0.0,0,2023-06-05
L1NSB01026,PLT004,BFI Finance,Multifinance,Motor & UMKM,Ojek online / driver,39,Pekanbaru,0,1,1,0,1,0,1,1,0,0.0,0,2024-04-27
L1NSB01027,PLT002,Modal Rakyat,P2P Lending,Pedagang & warung,Petani / nelayan,34,Medan,0,12,1,0,1,0,0,0,0,0.0,0,2023-02-18
L1NSB01028,PLT005,KoinWorks SME,P2P Lending,UKM & usaha kecil,Petani / nelayan,43,Palembang,1,27,1,1,1,0,0,0,0,0.0,0,2022-08-09
L1NSB01029,PLT003,Adira Finance,Multifinance,Motor & elektronik,Kurir / ekspedisi,30,Bekasi,2,26,1,1,1,0,1,1,0,0.0,0,2022-11-07
L1NSB01030,PLT001,Amartha Fintech,P2P Lending,UMKM mikro,Pemilik UMKM kecil,22,Makassar,2,24,1,0,1,0,0,0,0,0.0,0,2022-10-18
L1NSB01031,PLT005,KoinWorks SME,P2P Lending,UKM & usaha kecil,Buruh pabrik,23,Jakarta Timur,3,13,1,1,1,1,0,0,0,0.0,0,2022-06-08
L1NSB01032,PLT005,KoinWorks SME,P2P Lending,UKM & usaha kecil,Buruh pabrik,30,Bogor,0,29,1,1,0,0,1,0,0,0.0,0,2022-01-10
L1NSB01033,PLT005,KoinWorks SME,P2P Lending,UKM & usaha kecil,Penjahit / konveksi,26,Palembang,0,20,1,0,1,0,0,0,0,0.0,0,2022-04-09
L1NSB01034,PLT005,KoinWorks SME,P2P Lending,UKM & usaha kecil,Ojek online / driver,40,Surabaya,1,36,1,1,1,0,0,1,1,3.7,11,2022-01-13
L1NSB01035,PLT001,Amartha Fintech,P2P Lending,UMKM mikro,Buruh pabrik,49,Palembang,3,7,1,0,1,1,1,0,0,0.0,0,2023-06-19
L1NSB01036,PLT004,BFI Finance,Multifinance,Motor & UMKM,Karyawan kontrak,31,Bekasi,2,21,1,1,0,0,1,0,0,0.0,0,2022-09-09
L1NSB01037,PLT001,Amartha Fintech,P2P Lending,UMKM mikro,Kurir / ekspedisi,39,Semarang,1,31,1,1,1,1,1,1,1,4.3,4,2022-01-23
L1NSB01038,PLT003,Adira Finance,Multifinance,Motor & elektronik,Penjahit / konveksi,30,Makassar,5,21,1,1,0,0,0,0,0,0.0,0,2022-01-27
L1NSB01039,PLT004,BFI Finance,Multifinance,Motor & UMKM,Petani / nelayan,52,Pekanbaru,1,12,1,1,0,0,1,0,0,0.0,0,2022-08-15
L1NSB01040,PLT003,Adira Finance,Multifinance,Motor & elektronik,Ojek online / driver,32,Surabaya,2,14,1,1,0,0,1,1,0,0.0,0,2022-09-04
L1NSB01041,PLT003,Adira Finance,Multifinance,Motor & elektronik,Pemilik UMKM kecil,43,Pekanbaru,3,15,1,1,0,0,0,0,0,0.0,0,2023-03-09
L1NSB01042,PLT005,KoinWorks SME,P2P Lending,UKM & usaha kecil,Petani / nelayan,38,Depok,1,18,1,0,1,0,1,0,0,0.0,0,2023-05-15
L1NSB01043,PLT003,Adira Finance,Multifinance,Motor & elektronik,Freelancer digital,44,Jakarta Selatan,2,29,1,1,0,0,0,1,1,3.6,12,2022-07-09
L1NSB01044,PLT003,Adira Finance,Multifinance,Motor & elektronik,Pemilik UMKM kecil,44,Bekasi,4,35,1,1,0,1,1,0,0,0.0,0,2022-01-13
L1NSB01045,PLT001,Amartha Fintech,P2P Lending,UMKM mikro,Kurir / ekspedisi,50,Depok,1,9,1,0,1,0,0,1,1,3.6,5,2023-09-23
L1NSB01046,PLT003,Adira Finance,Multifinance,Motor & elektronik,Buruh pabrik,28,Surabaya,0,3,1,1,1,1,1,0,0,0.0,0,2022-01-15
L1NSB01047,PLT002,Modal Rakyat,P2P Lending,Pedagang & warung,Buruh pabrik,35,Bogor,2,12,1,0,1,0,0,0,0,0.0,0,2022-03-07
L1NSB01048,PLT002,Modal Rakyat,P2P Lending,Pedagang & warung,Pedagang pasar / warung,31,Tangerang,1,29,0,1,1,0,0,0,0,0.0,0,2022-05-21
L1NSB01049,PLT003,Adira Finance,Multifinance,Motor & elektronik,Ojek online / driver,23,Bandung,1,34,1,1,0,1,1,1,0,0.0,0,2022-01-30
L1NSB01050,PLT001,Amartha Fintech,P2P Lending,UMKM mikro,Buruh pabrik,22,Pekanbaru,0,25,1,0,0,0,1,0,0,0.0,0,2022-11-29
L1NSB01051,PLT004,BFI Finance,Multifinance,Motor & UMKM,Pemilik UMKM kecil,43,Bekasi,5,25,1,1,1,0,0,0,0,0.0,0,2022-08-21
L1NSB01052,PLT004,BFI Finance,Multifinance,Motor & UMKM,Penjahit / konveksi,28,Surabaya,2,35,1,0,0,0,1,0,0,0.0,0,2022-01-17
L1NSB01053,PLT002,Modal Rakyat,P2P Lending,Pedagang & warung,Buruh pabrik,20,Bandung,2,20,1,1,1,0,0,0,0,0.0,0,2023-03-07
L1NSB01054,PLT003,Adira Finance,Multifinance,Motor & elektronik,Pedagang pasar / warung,44,Bandung,3,27,1,1,1,0,0,0,0,0.0,0,2022-03-10
L1NSB01055,PLT005,KoinWorks SME,P2P Lending,UKM & usaha kecil,Pedagang pasar / warung,32,Yogyakarta,2,13,1,1,1,1,1,0,0,0.0,0,2023-02-23
L1NSB01056,PLT003,Adira Finance,Multifinance,Motor & elektronik,Freelancer digital,32,Bandung,1,10,1,1,1,1,1,1,1,4.1,7,2023-07-19
L1NSB01057,PLT002,Modal Rakyat,P2P Lending,Pedagang & warung,Freelancer digital,52,Bandung,3,12,1,0,0,0,0,1,1,4.5,6,2023-08-12
L1NSB01058,PLT002,Modal Rakyat,P2P Lending,Pedagang & warung,Ojek online / driver,39,Surabaya,3,16,1,0,1,0,1,1,1,4.6,4,2022-03-08
L1NSB01059,PLT001,Amartha Fintech,P2P Lending,UMKM mikro,Ojek online / driver,22,Tangerang,3,6,1,1,0,0,0,1,1,4.0,9,2024-04-28
L1NSB01060,PLT004,BFI Finance,Multifinance,Motor & UMKM,Buruh pabrik,30,Bekasi,3,20,1,1,1,0,1,0,0,0.0,0,2022-11-13
L1NSB01061,PLT004,BFI Finance,Multifinance,Motor & UMKM,Ojek online / driver,49,Yogyakarta,4,18,1,1,1,0,0,1,1,4.6,6,2023-04-30
L1NSB01062,PLT004,BFI Finance,Multifinance,Motor & UMKM,Buruh pabrik,20,Medan,5,24,1,1,0,1,1,0,0,0.0,0,2022-10-18
L1NSB01063,PLT003,Adira Finance,Multifinance,Motor & elektronik,Penjahit / konveksi,24,Bogor,5,24,1,0,0,0,0,0,0,0.0,0,2022-12-09
L1NSB01064,PLT002,Modal Rakyat,P2P Lending,Pedagang & warung,Pemilik UMKM kecil,39,Bekasi,5,6,1,1,1,0,1,0,0,0.0,0,2023-01-09
L1NSB01065,PLT003,Adira Finance,Multifinance,Motor & elektronik,Pedagang pasar / warung,36,Semarang,2,2,1,1,0,0,0,0,0,0.0,0,2024-06-05
L1NSB01066,PLT003,Adira Finance,Multifinance,Motor & elektronik,Ojek online / driver,48,Makassar,5,6,1,0,1,1,0,1,1,4.0,7,2023-01-25
L1NSB01067,PLT004,BFI Finance,Multifinance,Motor & UMKM,Ojek online / driver,36,Yogyakarta,3,25,1,1,1,1,1,1,1,4.9,8,2022-09-08
L1NSB01068,PLT003,Adira Finance,Multifinance,Motor & elektronik,Pedagang pasar / warung,47,Bogor,1,6,1,1,1,1,0,0,0,0.0,0,2024-02-20
L1NSB01069,PLT001,Amartha Fintech,P2P Lending,UMKM mikro,Pedagang pasar / warung,30,Tangerang,0,5,1,1,1,1,0,0,0,0.0,0,2024-04-06
L1NSB01070,PLT003,Adira Finance,Multifinance,Motor & elektronik,Penjahit / konveksi,23,Jakarta Timur,1,30,1,1,1,0,0,0,0,0.0,0,2022-07-10
L1NSB01071,PLT001,Amartha Fintech,P2P Lending,UMKM mikro,Pedagang pasar / warung,24,Jakarta Selatan,3,28,1,0,0,0,0,0,0,0.0,0,2022-09-01
L1NSB01072,PLT002,Modal Rakyat,P2P Lending,Pedagang & warung,Petani / nelayan,50,Medan,3,12,1,1,1,1,1,0,0,0.0,0,2022-03-23
L1NSB01073,PLT002,Modal Rakyat,P2P Lending,Pedagang & warung,Pemilik UMKM kecil,35,Jakarta Timur,4,35,1,0,0,1,0,0,0,0.0,0,2022-01-15
L1NSB01074,PLT002,Modal Rakyat,P2P Lending,Pedagang & warung,Buruh pabrik,37,Medan,3,27,1,1,1,1,1,0,0,0.0,0,2022-05-09
L1NSB01075,PLT003,Adira Finance,Multifinance,Motor & elektronik,Karyawan kontrak,23,Jakarta Selatan,3,5,1,1,0,1,1,0,0,0.0,0,2024-07-09
L1NSB01076,PLT004,BFI Finance,Multifinance,Motor & UMKM,Ojek online / driver,24,Tangerang,2,24,1,1,1,0,1,1,1,4.0,11,2022-06-03
L1NSB01077,PLT004,BFI Finance,Multifinance,Motor & UMKM,Pedagang pasar / warung,31,Depok,4,11,1,1,1,0,1,0,0,0.0,0,2023-02-17
L1NSB01078,PLT004,BFI Finance,Multifinance,Motor & UMKM,Penjahit / konveksi,48,Surabaya,2,10,1,1,1,0,0,0,0,0.0,0,2023-10-10
L1NSB01079,PLT002,Modal Rakyat,P2P Lending,Pedagang & warung,Buruh pabrik,19,Bandung,2,12,1,1,0,0,1,0,0,0.0,0,2022-07-22
L1NSB01080,PLT001,Amartha Fintech,P2P Lending,UMKM mikro,Kurir / ekspedisi,29,Bekasi,0,36,1,0,1,0,1,1,1,4.2,14,2022-01-04
L1NSB01081,PLT001,Amartha Fintech,P2P Lending,UMKM mikro,Pemilik UMKM kecil,49,Medan,5,19,1,1,1,0,1,0,0,0.0,0,2022-06-12
L1NSB01082,PLT003,Adira Finance,Multifinance,Motor & elektronik,Freelancer digital,46,Medan,3,8,1,1,0,0,1,1,0,0.0,0,2023-04-30
L1NSB01083,PLT001,Amartha Fintech,P2P Lending,UMKM mikro,Ojek online / driver,42,Bandung,3,16,1,1,0,1,0,1,1,5.0,8,2023-08-15
L1NSB01084,PLT003,Adira Finance,Multifinance,Motor & elektronik,Petani / nelayan,27,Tangerang,4,15,1,1,1,0,1,0,0,0.0,0,2022-11-17
L1NSB01085,PLT005,KoinWorks SME,P2P Lending,UKM & usaha kecil,Penjahit / konveksi,43,Palembang,5,10,1,0,1,0,1,0,0,0.0,0,2022-09-30
L1NSB01086,PLT001,Amartha Fintech,P2P Lending,UMKM mikro,Buruh pabrik,31,Palembang,0,18,1,1,1,0,0,0,0,0.0,0,2022-12-31
L1NSB01087,PLT005,KoinWorks SME,P2P Lending,UKM & usaha kecil,Kurir / ekspedisi,28,Palembang,3,18,1,1,0,1,0,1,1,3.8,13,2022-10-30
L1NSB01088,PLT001,Amartha Fintech,P2P Lending,UMKM mikro,Petani / nelayan,31,Semarang,2,33,1,1,1,1,0,0,0,0.0,0,2022-01-19
L1NSB01089,PLT003,Adira Finance,Multifinance,Motor & elektronik,Ojek online / driver,45,Jakarta Barat,5,24,1,1,0,0,1,1,1,4.6,5,2022-08-22
L1NSB01090,PLT003,Adira Finance,Multifinance,Motor & elektronik,Pedagang pasar / warung,48,Bekasi,2,11,1,1,0,0,0,0,0,0.0,0,2022-05-26
L1NSB01091,PLT003,Adira Finance,Multifinance,Motor & elektronik,Karyawan kontrak,43,Semarang,0,2,1,1,0,0,1,0,0,0.0,0,2023-08-03
L1NSB01092,PLT003,Adira Finance,Multifinance,Motor & elektronik,Kurir / ekspedisi,21,Bogor,0,33,1,1,0,0,0,1,1,4.3,7,2022-02-16
L1NSB01093,PLT003,Adira Finance,Multifinance,Motor & elektronik,Pedagang pasar / warung,45,Tangerang,1,5,1,1,1,0,1,0,0,0.0,0,2024-04-22
L1NSB01094,PLT001,Amartha Fintech,P2P Lending,UMKM mikro,Karyawan kontrak,47,Jakarta Timur,0,8,1,1,0,0,1,0,0,0.0,0,2023-10-21
L1NSB01095,PLT002,Modal Rakyat,P2P Lending,Pedagang & warung,Buruh pabrik,21,Depok,3,15,1,1,0,0,1,0,0,0.0,0,2023-02-10
L1NSB01096,PLT001,Amartha Fintech,P2P Lending,UMKM mikro,Kurir / ekspedisi,37,Surabaya,2,2,1,1,1,0,1,1,1,4.4,4,2022-06-15
L1NSB01097,PLT005,KoinWorks SME,P2P Lending,UKM & usaha kecil,Penjahit / konveksi,51,Bogor,2,11,1,0,0,0,1,0,0,0.0,0,2023-01-19
L1NSB01098,PLT005,KoinWorks SME,P2P Lending,UKM & usaha kecil,Buruh pabrik,31,Palembang,0,17,1,1,0,0,0,0,0,0.0,0,2023-06-09
L1NSB01099,PLT004,BFI Finance,Multifinance,Motor & UMKM,Pedagang pasar / warung,26,Jakarta Selatan,3,25,1,1,1,0,1,0,0,0.0,0,2022-12-12
L1NSB01100,PLT002,Modal Rakyat,P2P Lending,Pedagang & warung,Penjahit / konveksi,38,Tangerang,3,30,1,1,1,1,0,0,0,0.0,0,2022-03-21
L1NSB01101,PLT001,Amartha Fintech,P2P Lending,UMKM mikro,Pedagang pasar / warung,30,Pekanbaru,3,22,1,1,0,0,1,0,0,0.0,0,2022-03-26
L1NSB01102,PLT004,BFI Finance,Multifinance,Motor & UMKM,Kurir / ekspedisi,37,Palembang,2,16,1,0,0,0,0,1,0,0.0,0,2022-01-01
L1NSB01103,PLT003,Adira Finance,Multifinance,Motor & elektronik,Buruh pabrik,29,Jakarta Barat,2,4,1,1,1,0,1,0,0,0.0,0,2023-11-01
L1NSB01104,PLT001,Amartha Fintech,P2P Lending,UMKM mikro,Pedagang pasar / warung,21,Bogor,1,8,1,1,1,1,1,0,0,0.0,0,2023-10-14
L1NSB01105,PLT001,Amartha Fintech,P2P Lending,UMKM mikro,Penjahit / konveksi,49,Jakarta Timur,2,1,1,1,1,1,1,0,0,0.0,0,2022-02-16
L1NSB01106,PLT005,KoinWorks SME,P2P Lending,UKM & usaha kecil,Buruh pabrik,28,Depok,1,5,1,1,0,0,1,0,0,0.0,0,2022-01-14
L1NSB01107,PLT005,KoinWorks SME,P2P Lending,UKM & usaha kecil,Penjahit / konveksi,23,Palembang,5,18,1,1,0,0,1,0,0,0.0,0,2022-07-12
L1NSB01108,PLT002,Modal Rakyat,P2P Lending,Pedagang & warung,Petani / nelayan,19,Makassar,1,3,1,1,1,1,1,0,0,0.0,0,2024-05-18
L1NSB01109,PLT001,Amartha Fintech,P2P Lending,UMKM mikro,Pedagang pasar / warung,24,Medan,3,24,1,1,0,0,1,0,0,0.0,0,2022-03-16
L1NSB01110,PLT003,Adira Finance,Multifinance,Motor & elektronik,Petani / nelayan,41,Bandung,3,12,1,1,1,1,0,0,0,0.0,0,2023-05-22
L1NSB01111,PLT005,KoinWorks SME,P2P Lending,UKM & usaha kecil,Buruh pabrik,46,Jakarta Barat,4,17,1,1,0,0,1,0,0,0.0,0,2022-06-18
L1NSB01112,PLT001,Amartha Fintech,P2P Lending,UMKM mikro,Buruh pabrik,28,Medan,4,22,1,1,0,1,0,0,0,0.0,0,2022-04-16
L1NSB01113,PLT004,BFI Finance,Multifinance,Motor & UMKM,Ojek online / driver,45,Bogor,3,8,1,1,1,0,0,1,1,4.9,7,2024-03-17
L1NSB01114,PLT003,Adira Finance,Multifinance,Motor & elektronik,Kurir / ekspedisi,39,Yogyakarta,1,24,1,1,1,0,1,1,1,4.5,5,2022-11-26
L1NSB01115,PLT004,BFI Finance,Multifinance,Motor & UMKM,Ojek online / driver,31,Yogyakarta,2,1,1,1,1,0,1,1,1,4.0,10,2023-03-05
L1NSB01116,PLT005,KoinWorks SME,P2P Lending,UKM & usaha kecil,Freelancer digital,31,Jakarta Selatan,5,2,0,0,0,1,0,1,1,4.9,10,2024-04-05
L1NSB01117,PLT001,Amartha Fintech,P2P Lending,UMKM mikro,Petani / nelayan,38,Tangerang,3,25,1,1,1,1,1,0,0,0.0,0,2022-09-09
L1NSB01118,PLT001,Amartha Fintech,P2P Lending,UMKM mikro,Kurir / ekspedisi,41,Jakarta Selatan,5,17,1,1,0,0,0,1,1,4.4,9,2023-05-18
L1NSB01119,PLT001,Amartha Fintech,P2P Lending,UMKM mikro,Buruh pabrik,50,Palembang,5,6,1,1,0,0,1,0,0,0.0,0,2023-04-11
L1NSB01120,PLT004,BFI Finance,Multifinance,Motor & UMKM,Petani / nelayan,34,Medan,2,31,0,1,1,1,0,0,0,0.0,0,2022-01-03
L1NSB01121,PLT002,Modal Rakyat,P2P Lending,Pedagang & warung,Freelancer digital,20,Bogor,2,33,1,1,1,0,1,1,1,4.5,4,2022-01-16
L1NSB01122,PLT005,KoinWorks SME,P2P Lending,UKM & usaha kecil,Kurir / ekspedisi,47,Bekasi,2,11,0,1,1,0,1,1,0,0.0,0,2022-09-13
L1NSB01123,PLT001,Amartha Fintech,P2P Lending,UMKM mikro,Buruh pabrik,30,Palembang,1,25,1,0,0,0,1,0,0,0.0,0,2022-08-16
L1NSB01124,PLT001,Amartha Fintech,P2P Lending,UMKM mikro,Ojek online / driver,27,Jakarta Timur,2,2,1,1,1,0,1,1,1,4.5,5,2022-03-10
L1NSB01125,PLT003,Adira Finance,Multifinance,Motor & elektronik,Buruh pabrik,46,Jakarta Barat,1,5,1,1,1,0,1,0,0,0.0,0,2024-06-15
L1NSB01126,PLT002,Modal Rakyat,P2P Lending,Pedagang & warung,Ojek online / driver,29,Jakarta Barat,4,12,1,1,1,0,0,1,0,0.0,0,2022-07-09
L1NSB01127,PLT005,KoinWorks SME,P2P Lending,UKM & usaha kecil,Buruh pabrik,21,Depok,4,13,1,0,1,0,0,0,0,0.0,0,2022-04-26
L1NSB01128,PLT005,KoinWorks SME,P2P Lending,UKM & usaha kecil,Freelancer digital,52,Jakarta Selatan,1,20,1,0,1,1,1,1,1,4.2,11,2022-03-30
L1NSB01129,PLT004,BFI Finance,Multifinance,Motor & UMKM,Kurir / ekspedisi,23,Jakarta Timur,1,9,1,0,1,0,1,1,0,0.0,0,2023-10-04
L1NSB01130,PLT004,BFI Finance,Multifinance,Motor & UMKM,Karyawan kontrak,42,Depok,1,17,1,1,0,0,1,0,0,0.0,0,2023-01-18
L1NSB01131,PLT004,BFI Finance,Multifinance,Motor & UMKM,Buruh pabrik,33,Yogyakarta,3,9,1,1,1,0,1,0,0,0.0,0,2022-09-05
L1NSB01132,PLT005,KoinWorks SME,P2P Lending,UKM & usaha kecil,Kurir / ekspedisi,50,Palembang,3,5,1,0,0,0,1,1,0,0.0,0,2023-01-14
L1NSB01133,PLT003,Adira Finance,Multifinance,Motor & elektronik,Buruh pabrik,48,Makassar,3,22,1,1,0,0,1,0,0,0.0,0,2022-07-17
L1NSB01134,PLT005,KoinWorks SME,P2P Lending,UKM & usaha kecil,Petani / nelayan,27,Surabaya,2,22,1,1,0,0,1,0,0,0.0,0,2022-05-18
L1NSB01135,PLT003,Adira Finance,Multifinance,Motor & elektronik,Penjahit / konveksi,51,Depok,1,21,1,1,0,0,1,0,0,0.0,0,2022-06-21
L1NSB01136,PLT005,KoinWorks SME,P2P Lending,UKM & usaha kecil,Petani / nelayan,36,Bekasi,3,28,1,0,1,1,1,0,0,0.0,0,2022-04-08
L1NSB01137,PLT003,Adira Finance,Multifinance,Motor & elektronik,Petani / nelayan,39,Depok,1,30,1,0,1,1,1,0,0,0.0,0,2022-06-12
L1NSB01138,PLT003,Adira Finance,Multifinance,Motor & elektronik,Pedagang pasar / warung,50,Tangerang,2,16,1,1,1,0,0,0,0,0.0,0,2022-03-15
L1NSB01139,PLT003,Adira Finance,Multifinance,Motor & elektronik,Ojek online / driver,43,Pekanbaru,4,36,1,0,0,1,1,1,1,5.0,13,2022-01-14
L1NSB01140,PLT002,Modal Rakyat,P2P Lending,Pedagang & warung,Pedagang pasar / warung,46,Makassar,2,32,1,1,0,0,0,0,0,0.0,0,2022-01-14
L1NSB01141,PLT001,Amartha Fintech,P2P Lending,UMKM mikro,Karyawan kontrak,36,Jakarta Barat,0,36,1,0,0,0,1,0,0,0.0,0,2022-01-02
L1NSB01142,PLT001,Amartha Fintech,P2P Lending,UMKM mikro,Ojek online / driver,36,Bekasi,3,28,1,0,1,1,1,1,1,3.9,4,2022-06-12
L1NSB01143,PLT002,Modal Rakyat,P2P Lending,Pedagang & warung,Ojek online / driver,43,Depok,1,35,1,1,0,0,1,1,1,4.2,5,2022-01-27
L1NSB01144,PLT002,Modal Rakyat,P2P Lending,Pedagang & warung,Pedagang pasar / warung,29,Bogor,4,12,1,1,0,0,1,0,0,0.0,0,2023-01-31
L1NSB01145,PLT004,BFI Finance,Multifinance,Motor & UMKM,Pedagang pasar / warung,25,Pekanbaru,4,6,1,1,0,1,1,0,0,0.0,0,2022-01-24
L1NSB01146,PLT005,KoinWorks SME,P2P Lending,UKM & usaha kecil,Karyawan kontrak,32,Bogor,2,32,1,1,0,0,1,0,0,0.0,0,2022-04-24
L1NSB01147,PLT005,KoinWorks SME,P2P Lending,UKM & usaha kecil,Pedagang pasar / warung,28,Yogyakarta,2,5,1,1,0,1,0,0,0,0.0,0,2023-02-19
L1NSB01148,PLT003,Adira Finance,Multifinance,Motor & elektronik,Pedagang pasar / warung,37,Bogor,3,15,1,1,1,0,1,0,0,0.0,0,2022-03-08
L1NSB01149,PLT004,BFI Finance,Multifinance,Motor & UMKM,Petani / nelayan,20,Bandung,2,23,1,0,1,0,1,0,0,0.0,0,2022-06-28
L1NSB01150,PLT002,Modal Rakyat,P2P Lending,Pedagang & warung,Pedagang pasar / warung,35,Surabaya,4,11,1,1,1,0,1,0,0,0.0,0,2023-01-26
L1NSB01151,PLT003,Adira Finance,Multifinance,Motor & elektronik,Ojek online / driver,33,Jakarta Barat,2,11,1,1,0,0,1,1,1,3.9,10,2022-07-10
L1NSB01152,PLT002,Modal Rakyat,P2P Lending,Pedagang & warung,Buruh pabrik,29,Semarang,5,5,1,0,0,0,1,0,0,0.0,0,2024-01-29
L1NSB01153,PLT002,Modal Rakyat,P2P Lending,Pedagang & warung,Pedagang pasar / warung,49,Bandung,1,11,1,1,0,0,0,0,0,0.0,0,2022-07-03
L1NSB01154,PLT005,KoinWorks SME,P2P Lending,UKM & usaha kecil,Ojek online / driver,48,Semarang,4,24,1,0,1,0,0,1,1,4.6,12,2022-09-14
L1NSB01155,PLT005,KoinWorks SME,P2P Lending,UKM & usaha kecil,Penjahit / konveksi,44,Jakarta Timur,3,11,1,0,0,1,1,0,0,0.0,0,2022-10-13
L1NSB01156,PLT004,BFI Finance,Multifinance,Motor & UMKM,Pedagang pasar / warung,30,Yogyakarta,1,8,1,0,1,0,1,0,0,0.0,0,2022-10-22
L1NSB01157,PLT004,BFI Finance,Multifinance,Motor & UMKM,Kurir / ekspedisi,50,Makassar,3,26,1,1,1,0,1,1,1,4.7,13,2022-07-27
L1NSB01158,PLT003,Adira Finance,Multifinance,Motor & elektronik,Kurir / ekspedisi,45,Jakarta Timur,2,33,1,0,0,0,1,1,1,3.7,10,2022-02-08
L1NSB01159,PLT003,Adira Finance,Multifinance,Motor & elektronik,Ojek online / driver,50,Depok,2,2,1,1,1,0,1,1,1,3.7,8,2022-10-19
L1NSB01160,PLT001,Amartha Fintech,P2P Lending,UMKM mikro,Penjahit / konveksi,47,Bekasi,5,32,1,1,0,0,0,0,0,0.0,0,2022-03-04
L1NSB01161,PLT002,Modal Rakyat,P2P Lending,Pedagang & warung,Penjahit / konveksi,25,Bekasi,3,24,1,1,0,0,1,0,0,0.0,0,2022-07-01
L1NSB01162,PLT005,KoinWorks SME,P2P Lending,UKM & usaha kecil,Kurir / ekspedisi,21,Bogor,3,31,1,1,0,0,0,1,0,0.0,0,2022-05-24
L1NSB01163,PLT003,Adira Finance,Multifinance,Motor & elektronik,Ojek online / driver,51,Depok,3,34,1,1,0,0,0,1,1,4.1,12,2022-02-26
L1NSB01164,PLT004,BFI Finance,Multifinance,Motor & UMKM,Buruh pabrik,51,Jakarta Selatan,2,36,1,1,0,1,1,0,0,0.0,0,2022-01-15
L1NSB01165,PLT003,Adira Finance,Multifinance,Motor & elektronik,Ojek online / driver,31,Jakarta Barat,2,25,1,0,0,0,0,1,1,3.8,6,2022-10-18
L1NSB01166,PLT003,Adira Finance,Multifinance,Motor & elektronik,Pemilik UMKM kecil,32,Jakarta Selatan,5,5,1,0,1,1,0,0,0,0.0,0,2022-06-19
L1NSB01167,PLT004,BFI Finance,Multifinance,Motor & UMKM,Ojek online / driver,48,Palembang,3,22,1,1,1,1,0,1,1,4.8,9,2022-06-17
L1NSB01168,PLT005,KoinWorks SME,P2P Lending,UKM & usaha kecil,Ojek online / driver,52,Makassar,2,18,1,1,0,1,1,1,1,4.9,8,2023-02-19
L1NSB01169,PLT001,Amartha Fintech,P2P Lending,UMKM mikro,Pemilik UMKM kecil,38,Palembang,1,17,1,0,0,1,1,0,0,0.0,0,2022-06-06
L1NSB01170,PLT001,Amartha Fintech,P2P Lending,UMKM mikro,Petani / nelayan,51,Tangerang,2,27,1,1,0,0,0,0,0,0.0,0,2022-02-03
L1NSB01171,PLT003,Adira Finance,Multifinance,Motor & elektronik,Pemilik UMKM kecil,22,Bandung,1,26,1,0,1,0,1,0,0,0.0,0,2022-05-01
L1NSB01172,PLT004,BFI Finance,Multifinance,Motor & UMKM,Penjahit / konveksi,50,Bogor,1,26,1,1,1,0,1,0,0,0.0,0,2022-03-23
L1NSB01173,PLT005,KoinWorks SME,P2P Lending,UKM & usaha kecil,Pedagang pasar / warung,43,Pekanbaru,4,6,1,0,1,0,1,0,0,0.0,0,2024-03-23
L1NSB01174,PLT002,Modal Rakyat,P2P Lending,Pedagang & warung,Pemilik UMKM kecil,19,Surabaya,3,12,0,1,1,0,1,0,0,0.0,0,2023-11-14
L1NSB01175,PLT005,KoinWorks SME,P2P Lending,UKM & usaha kecil,Ojek online / driver,29,Bogor,4,20,1,0,1,1,1,1,1,3.8,6,2023-02-26
L1NSB01176,PLT004,BFI Finance,Multifinance,Motor & UMKM,Ojek online / driver,37,Medan,0,34,1,1,0,0,1,1,1,4.7,12,2022-01-29
L1NSB01177,PLT003,Adira Finance,Multifinance,Motor & elektronik,Ojek online / driver,40,Makassar,4,11,1,1,0,0,0,1,1,4.1,7,2022-11-13
L1NSB01178,PLT003,Adira Finance,Multifinance,Motor & elektronik,Pedagang pasar / warung,48,Jakarta Timur,1,10,0,0,1,0,1,0,0,0.0,0,2024-01-11
L1NSB01179,PLT001,Amartha Fintech,P2P Lending,UMKM mikro,Pedagang pasar / warung,40,Yogyakarta,5,21,1,1,1,0,1,0,0,0.0,0,2022-10-10
L1NSB01180,PLT005,KoinWorks SME,P2P Lending,UKM & usaha kecil,Pedagang pasar / warung,32,Bogor,4,31,1,1,0,0,0,0,0,0.0,0,2022-03-06
L1NSB01181,PLT004,BFI Finance,Multifinance,Motor & UMKM,Pedagang pasar / warung,50,Surabaya,3,26,1,1,1,1,1,0,0,0.0,0,2022-06-11
L1NSB01182,PLT005,KoinWorks SME,P2P Lending,UKM & usaha kecil,Penjahit / konveksi,30,Jakarta Selatan,4,11,1,1,1,1,0,0,0,0.0,0,2022-09-03
L1NSB01183,PLT005,KoinWorks SME,P2P Lending,UKM & usaha kecil,Freelancer digital,36,Bogor,1,13,1,1,1,0,1,1,1,4.1,4,2023-05-29
L1NSB01184,PLT002,Modal Rakyat,P2P Lending,Pedagang & warung,Pedagang pasar / warung,40,Makassar,1,33,1,1,1,0,1,0,0,0.0,0,2022-04-09
L1NSB01185,PLT001,Amartha Fintech,P2P Lending,UMKM mikro,Buruh pabrik,37,Semarang,2,30,1,1,1,0,1,0,0,0.0,0,2022-04-17
L1NSB01186,PLT004,BFI Finance,Multifinance,Motor & UMKM,Penjahit / konveksi,33,Bogor,4,21,1,0,0,1,1,0,0,0.0,0,2022-12-09
L1NSB01187,PLT005,KoinWorks SME,P2P Lending,UKM & usaha kecil,Pedagang pasar / warung,35,Jakarta Selatan,0,34,1,0,1,0,0,0,0,0.0,0,2022-01-10
L1NSB01188,PLT003,Adira Finance,Multifinance,Motor & elektronik,Kurir / ekspedisi,45,Jakarta Selatan,1,33,1,1,1,1,1,1,1,4.2,13,2022-03-26
L1NSB01189,PLT005,KoinWorks SME,P2P Lending,UKM & usaha kecil,Pedagang pasar / warung,26,Pekanbaru,0,16,1,1,1,0,1,0,0,0.0,0,2023-03-16
L1NSB01190,PLT001,Amartha Fintech,P2P Lending,UMKM mikro,Pedagang pasar / warung,34,Surabaya,2,2,1,1,1,0,0,0,0,0.0,0,2022-11-28
L1NSB01191,PLT004,BFI Finance,Multifinance,Motor & UMKM,Pedagang pasar / warung,29,Tangerang,0,7,1,1,1,0,1,0,0,0.0,0,2022-06-09
L1NSB01192,PLT001,Amartha Fintech,P2P Lending,UMKM mikro,Penjahit / konveksi,19,Depok,2,5,1,1,1,1,0,0,0,0.0,0,2022-05-05
L1NSB01193,PLT005,KoinWorks SME,P2P Lending,UKM & usaha kecil,Karyawan kontrak,48,Semarang,1,8,1,1,1,0,0,0,0,0.0,0,2024-04-05
L1NSB01194,PLT002,Modal Rakyat,P2P Lending,Pedagang & warung,Kurir / ekspedisi,35,Yogyakarta,4,2,1,1,1,1,1,1,1,4.0,12,2023-02-02
L1NSB01195,PLT004,BFI Finance,Multifinance,Motor & UMKM,Pemilik UMKM kecil,41,Jakarta Selatan,2,22,1,1,1,1,1,0,0,0.0,0,2022-03-27
L1NSB01196,PLT002,Modal Rakyat,P2P Lending,Pedagang & warung,Freelancer digital,49,Palembang,3,5,1,1,1,1,1,1,1,4.2,9,2022-07-23
L1NSB01197,PLT001,Amartha Fintech,P2P Lending,UMKM mikro,Ojek online / driver,31,Jakarta Selatan,2,23,0,1,0,0,1,1,0,0.0,0,2022-08-26
L1NSB01198,PLT001,Amartha Fintech,P2P Lending,UMKM mikro,Ojek online / driver,25,Medan,4,34,1,0,0,0,1,1,1,4.0,13,2022-02-10
L1NSB01199,PLT002,Modal Rakyat,P2P Lending,Pedagang & warung,Pedagang pasar / warung,46,Bekasi,2,3,1,0,0,1,0,0,0,0.0,0,2023-01-24
L1NSB01200,PLT002,Modal Rakyat,P2P Lending,Pedagang & warung,Pedagang pasar / warung,45,Jakarta Barat,2,34,1,1,1,0,0,0,0,0.0,0,2022-01-24
L1NSB01201,PLT001,Amartha Fintech,P2P Lending,UMKM mikro,Penjahit / konveksi,52,Medan,1,7,1,0,0,0,1,0,0,0.0,0,2022-08-06
L1NSB01202,PLT005,KoinWorks SME,P2P Lending,UKM & usaha kecil,Karyawan kontrak,33,Jakarta Selatan,3,18,1,1,1,1,0,0,0,0.0,0,2022-11-01
L1NSB01203,PLT005,KoinWorks SME,P2P Lending,UKM & usaha kecil,Freelancer digital,25,Bogor,0,26,1,0,1,0,1,1,1,3.6,5,2022-10-29
L1NSB01204,PLT001,Amartha Fintech,P2P Lending,UMKM mikro,Ojek online / driver,49,Jakarta Selatan,1,31,1,1,0,0,1,1,1,3.9,9,2022-05-26
L1NSB01205,PLT001,Amartha Fintech,P2P Lending,UMKM mikro,Freelancer digital,20,Surabaya,3,14,1,0,1,1,1,1,1,4.1,14,2022-10-07
L1NSB01206,PLT005,KoinWorks SME,P2P Lending,UKM & usaha kecil,Karyawan kontrak,31,Surabaya,2,36,1,1,1,0,1,0,0,0.0,0,2022-01-05
L1NSB01207,PLT004,BFI Finance,Multifinance,Motor & UMKM,Pemilik UMKM kecil,45,Bogor,3,19,1,1,1,0,0,0,0,0.0,0,2022-01-02
L1NSB01208,PLT001,Amartha Fintech,P2P Lending,UMKM mikro,Buruh pabrik,31,Yogyakarta,1,17,1,1,1,0,1,0,0,0.0,0,2022-02-11
L1NSB01209,PLT002,Modal Rakyat,P2P Lending,Pedagang & warung,Pemilik UMKM kecil,21,Yogyakarta,3,5,1,0,0,1,1,0,0,0.0,0,2024-01-05
L1NSB01210,PLT001,Amartha Fintech,P2P Lending,UMKM mikro,Karyawan kontrak,19,Bandung,2,7,1,1,0,0,0,0,0,0.0,0,2023-02-25
L1NSB01211,PLT004,BFI Finance,Multifinance,Motor & UMKM,Freelancer digital,36,Surabaya,5,13,1,0,0,0,1,1,1,3.9,11,2023-03-24
L1NSB01212,PLT001,Amartha Fintech,P2P Lending,UMKM mikro,Pedagang pasar / warung,46,Surabaya,2,11,1,1,0,0,0,0,0,0.0,0,2022-10-22
L1NSB01213,PLT002,Modal Rakyat,P2P Lending,Pedagang & warung,Pedagang pasar / warung,30,Bandung,1,1,1,1,0,0,0,0,0,0.0,0,2023-02-16
L1NSB01214,PLT003,Adira Finance,Multifinance,Motor & elektronik,Karyawan kontrak,43,Bekasi,2,11,1,1,0,1,1,0,0,0.0,0,2023-07-19
L1NSB01215,PLT005,KoinWorks SME,P2P Lending,UKM & usaha kecil,Freelancer digital,28,Jakarta Barat,0,18,1,1,1,0,1,1,1,4.6,4,2022-04-20
L1NSB01216,PLT002,Modal Rakyat,P2P Lending,Pedagang & warung,Penjahit / konveksi,35,Palembang,3,16,1,1,1,0,1,0,0,0.0,0,2022-07-07
L1NSB01217,PLT004,BFI Finance,Multifinance,Motor & UMKM,Pemilik UMKM kecil,19,Jakarta Timur,1,2,1,1,1,0,0,0,0,0.0,0,2022-08-11
L1NSB01218,PLT003,Adira Finance,Multifinance,Motor & elektronik,Petani / nelayan,46,Bekasi,2,18,1,1,1,1,1,0,0,0.0,0,2023-01-25
L1NSB01219,PLT004,BFI Finance,Multifinance,Motor & UMKM,Freelancer digital,34,Tangerang,1,3,1,1,1,0,1,1,1,4.3,5,2024-07-06
L1NSB01220,PLT002,Modal Rakyat,P2P Lending,Pedagang & warung,Pedagang pasar / warung,21,Depok,2,30,1,1,0,0,1,0,0,0.0,0,2022-02-04
L1NSB01221,PLT002,Modal Rakyat,P2P Lending,Pedagang & warung,Petani / nelayan,32,Tangerang,3,7,0,0,1,0,0,0,0,0.0,0,2023-04-06
L1NSB01222,PLT002,Modal Rakyat,P2P Lending,Pedagang & warung,Ojek online / driver,34,Medan,3,8,1,1,1,0,1,1,1,4.2,8,2023-11-05
L1NSB01223,PLT001,Amartha Fintech,P2P Lending,UMKM mikro,Pemilik UMKM kecil,50,Pekanbaru,3,14,1,1,0,0,0,0,0,0.0,0,2022-01-01
L1NSB01224,PLT004,BFI Finance,Multifinance,Motor & UMKM,Petani / nelayan,41,Palembang,3,29,1,0,1,1,1,0,0,0.0,0,2022-02-19
L1NSB01225,PLT002,Modal Rakyat,P2P Lending,Pedagang & warung,Karyawan kontrak,33,Yogyakarta,3,3,1,0,0,0,1,0,0,0.0,0,2022-08-20
L1NSB01226,PLT005,KoinWorks SME,P2P Lending,UKM & usaha kecil,Ojek online / driver,26,Yogyakarta,2,14,1,1,1,1,1,1,1,4.8,6,2022-01-08
L1NSB01227,PLT002,Modal Rakyat,P2P Lending,Pedagang & warung,Buruh pabrik,30,Makassar,1,27,1,1,0,0,0,0,0,0.0,0,2022-03-27
L1NSB01228,PLT003,Adira Finance,Multifinance,Motor & elektronik,Petani / nelayan,52,Bogor,5,22,1,0,1,0,1,0,0,0.0,0,2022-08-06
L1NSB01229,PLT002,Modal Rakyat,P2P Lending,Pedagang & warung,Freelancer digital,47,Bekasi,2,21,1,0,1,1,0,1,1,4.1,12,2022-02-16
L1NSB01230,PLT005,KoinWorks SME,P2P Lending,UKM & usaha kecil,Ojek online / driver,27,Bogor,0,4,1,1,1,0,1,1,1,4.4,6,2022-07-04
L1NSB01231,PLT005,KoinWorks SME,P2P Lending,UKM & usaha kecil,Penjahit / konveksi,27,Depok,2,4,1,1,1,0,1,0,0,0.0,0,2023-07-05
L1NSB01232,PLT001,Amartha Fintech,P2P Lending,UMKM mikro,Pedagang pasar / warung,40,Semarang,4,9,1,0,1,1,0,0,0,0.0,0,2023-12-17
L1NSB01233,PLT001,Amartha Fintech,P2P Lending,UMKM mikro,Kurir / ekspedisi,47,Jakarta Barat,0,28,1,1,1,0,0,1,1,4.8,4,2022-01-06
L1NSB01234,PLT001,Amartha Fintech,P2P Lending,UMKM mikro,Karyawan kontrak,20,Pekanbaru,3,2,1,0,1,0,0,0,0,0.0,0,2024-09-11
L1NSB01235,PLT001,Amartha Fintech,P2P Lending,UMKM mikro,Buruh pabrik,42,Jakarta Selatan,3,2,1,1,0,0,1,0,0,0.0,0,2023-08-17
L1NSB01236,PLT003,Adira Finance,Multifinance,Motor & elektronik,Pedagang pasar / warung,24,Semarang,0,10,1,1,1,0,1,0,0,0.0,0,2022-06-29
L1NSB01237,PLT003,Adira Finance,Multifinance,Motor & elektronik,Kurir / ekspedisi,21,Tangerang,2,25,1,1,1,0,0,1,1,4.8,10,2022-06-24
L1NSB01238,PLT001,Amartha Fintech,P2P Lending,UMKM mikro,Buruh pabrik,52,Bekasi,3,34,1,1,0,0,1,0,0,0.0,0,2022-02-11
L1NSB01239,PLT003,Adira Finance,Multifinance,Motor & elektronik,Freelancer digital,42,Bekasi,1,11,1,1,0,0,1,1,0,0.0,0,2023-02-25
L1NSB01240,PLT005,KoinWorks SME,P2P Lending,UKM & usaha kecil,Penjahit / konveksi,48,Medan,5,23,1,0,1,0,1,0,0,0.0,0,2022-04-05
L1NSB01241,PLT002,Modal Rakyat,P2P Lending,Pedagang & warung,Ojek online / driver,36,Palembang,3,4,1,1,0,0,1,1,1,4.6,8,2022-09-22
L1NSB01242,PLT002,Modal Rakyat,P2P Lending,Pedagang & warung,Kurir / ekspedisi,49,Surabaya,1,16,1,1,1,0,0,1,1,3.7,5,2023-02-14
L1NSB01243,PLT005,KoinWorks SME,P2P Lending,UKM & usaha kecil,Petani / nelayan,29,Semarang,2,20,1,0,0,0,1,0,0,0.0,0,2023-01-07
L1NSB01244,PLT005,KoinWorks SME,P2P Lending,UKM & usaha kecil,Buruh pabrik,25,Bekasi,2,17,1,1,1,0,1,0,0,0.0,0,2022-12-30
L1NSB01245,PLT003,Adira Finance,Multifinance,Motor & elektronik,Karyawan kontrak,21,Jakarta Timur,1,26,1,1,0,0,0,0,0,0.0,0,2022-01-12
L1NSB01246,PLT001,Amartha Fintech,P2P Lending,UMKM mikro,Buruh pabrik,38,Bandung,0,18,1,1,1,0,1,0,0,0.0,0,2022-08-20
L1NSB01247,PLT001,Amartha Fintech,P2P Lending,UMKM mikro,Buruh pabrik,51,Semarang,3,12,1,1,1,0,1,0,0,0.0,0,2023-11-21
L1NSB01248,PLT003,Adira Finance,Multifinance,Motor & elektronik,Ojek online / driver,22,Pekanbaru,4,19,1,1,0,1,1,1,1,3.9,9,2022-05-06
L1NSB01249,PLT004,BFI Finance,Multifinance,Motor & UMKM,Petani / nelayan,28,Palembang,1,7,1,1,1,0,1,0,0,0.0,0,2022-02-19
L1NSB01250,PLT005,KoinWorks SME,P2P Lending,UKM & usaha kecil,Pemilik UMKM kecil,34,Medan,1,6,1,0,0,0,0,0,0,0.0,0,2024-06-22
L1NSB01251,PLT004,BFI Finance,Multifinance,Motor & UMKM,Penjahit / konveksi,23,Jakarta Barat,4,33,1,1,1,0,1,0,0,0.0,0,2022-04-10
L1NSB01252,PLT005,KoinWorks SME,P2P Lending,UKM & usaha kecil,Petani / nelayan,52,Bogor,1,1,0,0,1,1,0,0,0,0.0,0,2024-04-29
L1NSB01253,PLT001,Amartha Fintech,P2P Lending,UMKM mikro,Kurir / ekspedisi,52,Bogor,5,1,1,1,1,0,0,1,1,5.0,5,2024-04-30
L1NSB01254,PLT001,Amartha Fintech,P2P Lending,UMKM mikro,Penjahit / konveksi,32,Bandung,4,24,1,1,1,0,1,0,0,0.0,0,2022-09-27
L1NSB01255,PLT005,KoinWorks SME,P2P Lending,UKM & usaha kecil,Pedagang pasar / warung,37,Depok,2,15,1,1,1,0,1,0,0,0.0,0,2022-06-24
L1NSB01256,PLT002,Modal Rakyat,P2P Lending,Pedagang & warung,Pemilik UMKM kecil,51,Jakarta Timur,0,5,1,1,0,0,0,0,0,0.0,0,2024-02-03
L1NSB01257,PLT003,Adira Finance,Multifinance,Motor & elektronik,Ojek online / driver,45,Yogyakarta,3,3,1,1,1,0,1,1,1,4.2,4,2022-04-09
L1NSB01258,PLT001,Amartha Fintech,P2P Lending,UMKM mikro,Petani / nelayan,46,Palembang,2,2,1,1,1,0,1,0,0,0.0,0,2024-03-25
L1NSB01259,PLT005,KoinWorks SME,P2P Lending,UKM & usaha kecil,Ojek online / driver,20,Bandung,2,10,1,0,1,0,1,1,1,3.9,9,2023-03-17
L1NSB01260,PLT005,KoinWorks SME,P2P Lending,UKM & usaha kecil,Kurir / ekspedisi,46,Medan,2,7,1,1,1,0,1,1,1,5.0,8,2022-02-11
L1NSB01261,PLT001,Amartha Fintech,P2P Lending,UMKM mikro,Pedagang pasar / warung,19,Palembang,5,34,1,1,0,0,1,0,0,0.0,0,2022-03-09
L1NSB01262,PLT002,Modal Rakyat,P2P Lending,Pedagang & warung,Buruh pabrik,32,Depok,0,24,1,0,0,0,1,0,0,0.0,0,2022-01-25
L1NSB01263,PLT005,KoinWorks SME,P2P Lending,UKM & usaha kecil,Buruh pabrik,23,Palembang,3,19,1,0,0,1,1,0,0,0.0,0,2022-06-19
L1NSB01264,PLT004,BFI Finance,Multifinance,Motor & UMKM,Karyawan kontrak,45,Palembang,3,25,1,1,1,0,1,0,0,0.0,0,2022-08-22
L1NSB01265,PLT001,Amartha Fintech,P2P Lending,UMKM mikro,Penjahit / konveksi,37,Jakarta Timur,3,35,1,1,1,0,0,0,0,0.0,0,2022-01-19
L1NSB01266,PLT001,Amartha Fintech,P2P Lending,UMKM mikro,Karyawan kontrak,38,Medan,1,13,1,1,0,1,1,0,0,0.0,0,2022-05-25
L1NSB01267,PLT004,BFI Finance,Multifinance,Motor & UMKM,Buruh pabrik,22,Bandung,5,2,1,1,0,0,1,0,0,0.0,0,2022-03-04
L1NSB01268,PLT004,BFI Finance,Multifinance,Motor & UMKM,Ojek online / driver,32,Bekasi,4,36,1,1,1,0,1,1,1,4.0,7,2022-01-05
L1NSB01269,PLT005,KoinWorks SME,P2P Lending,UKM & usaha kecil,Karyawan kontrak,37,Pekanbaru,3,1,1,1,1,0,0,0,0,0.0,0,2024-06-08
L1NSB01270,PLT003,Adira Finance,Multifinance,Motor & elektronik,Ojek online / driver,28,Bandung,0,23,1,0,1,0,1,1,1,4.0,14,2022-04-21
L1NSB01271,PLT001,Amartha Fintech,P2P Lending,UMKM mikro,Kurir / ekspedisi,46,Jakarta Barat,4,10,1,1,0,0,1,1,0,0.0,0,2024-03-06
L1NSB01272,PLT003,Adira Finance,Multifinance,Motor & elektronik,Buruh pabrik,28,Depok,1,20,1,1,1,1,1,0,0,0.0,0,2023-01-21
L1NSB01273,PLT002,Modal Rakyat,P2P Lending,Pedagang & warung,Ojek online / driver,51,Bandung,3,26,1,1,1,0,1,1,1,3.8,5,2022-11-10
L1NSB01274,PLT003,Adira Finance,Multifinance,Motor & elektronik,Karyawan kontrak,20,Jakarta Selatan,0,5,1,0,1,0,1,0,0,0.0,0,2024-01-26
L1NSB01275,PLT003,Adira Finance,Multifinance,Motor & elektronik,Ojek online / driver,45,Palembang,1,12,1,1,1,1,1,1,1,3.6,9,2022-10-14
L1NSB01276,PLT003,Adira Finance,Multifinance,Motor & elektronik,Ojek online / driver,50,Surabaya,3,29,1,1,0,1,1,1,1,4.6,10,2022-06-02
L1NSB01277,PLT002,Modal Rakyat,P2P Lending,Pedagang & warung,Buruh pabrik,24,Yogyakarta,3,32,1,1,1,1,1,0,0,0.0,0,2022-01-18
L1NSB01278,PLT003,Adira Finance,Multifinance,Motor & elektronik,Ojek online / driver,52,Makassar,5,35,1,1,0,0,0,1,0,0.0,0,2022-01-23
L1NSB01279,PLT002,Modal Rakyat,P2P Lending,Pedagang & warung,Pedagang pasar / warung,44,Jakarta Barat,1,30,1,0,0,1,1,0,0,0.0,0,2022-01-27
L1NSB01280,PLT001,Amartha Fintech,P2P Lending,UMKM mikro,Freelancer digital,19,Bandung,2,8,1,1,1,1,0,1,1,4.3,9,2022-07-14
L1NSB01281,PLT002,Modal Rakyat,P2P Lending,Pedagang & warung,Buruh pabrik,37,Bekasi,4,17,1,1,0,0,0,0,0,0.0,0,2022-10-29
L1NSB01282,PLT005,KoinWorks SME,P2P Lending,UKM & usaha kecil,Ojek online / driver,25,Bandung,5,18,1,0,1,0,1,1,1,4.3,6,2023-05-27
L1NSB01283,PLT005,KoinWorks SME,P2P Lending,UKM & usaha kecil,Ojek online / driver,30,Jakarta Barat,2,1,1,1,1,1,1,1,1,3.7,7,2024-05-09
L1NSB01284,PLT002,Modal Rakyat,P2P Lending,Pedagang & warung,Kurir / ekspedisi,40,Yogyakarta,4,32,1,1,1,1,1,1,1,4.7,7,2022-05-12
L1NSB01285,PLT002,Modal Rakyat,P2P Lending,Pedagang & warung,Kurir / ekspedisi,39,Bandung,2,2,1,1,1,0,1,1,1,4.3,14,2022-09-01
L1NSB01286,PLT004,BFI Finance,Multifinance,Motor & UMKM,Buruh pabrik,22,Bandung,2,32,1,1,1,0,1,0,0,0.0,0,2022-01-01
L1NSB01287,PLT004,BFI Finance,Multifinance,Motor & UMKM,Kurir / ekspedisi,24,Makassar,4,11,1,1,0,0,1,1,1,4.5,4,2023-07-07
L1NSB01288,PLT004,BFI Finance,Multifinance,Motor & UMKM,Pemilik UMKM kecil,35,Bandung,1,10,1,1,1,0,1,0,0,0.0,0,2023-08-05
L1NSB01289,PLT004,BFI Finance,Multifinance,Motor & UMKM,Pemilik UMKM kecil,21,Semarang,3,35,1,1,1,0,0,0,0,0.0,0,2022-01-02
L1NSB01290,PLT002,Modal Rakyat,P2P Lending,Pedagang & warung,Ojek online / driver,21,Pekanbaru,3,22,1,1,1,0,1,1,1,4.6,8,2022-05-30
L1NSB01291,PLT002,Modal Rakyat,P2P Lending,Pedagang & warung,Pedagang pasar / warung,40,Pekanbaru,3,33,1,0,0,0,1,0,0,0.0,0,2022-04-14
L1NSB01292,PLT001,Amartha Fintech,P2P Lending,UMKM mikro,Petani / nelayan,47,Jakarta Barat,3,23,1,0,1,0,1,0,0,0.0,0,2022-12-03
L1NSB01293,PLT002,Modal Rakyat,P2P Lending,Pedagang & warung,Ojek online / driver,47,Bekasi,3,25,1,1,0,0,1,1,1,4.3,10,2022-11-16
L1NSB01294,PLT005,KoinWorks SME,P2P Lending,UKM & usaha kecil,Penjahit / konveksi,51,Surabaya,0,10,1,0,1,0,1,0,0,0.0,0,2023-10-21
L1NSB01295,PLT005,KoinWorks SME,P2P Lending,UKM & usaha kecil,Pedagang pasar / warung,52,Jakarta Selatan,4,26,1,1,1,0,1,0,0,0.0,0,2022-07-04
L1NSB01296,PLT004,BFI Finance,Multifinance,Motor & UMKM,Buruh pabrik,40,Makassar,4,30,1,0,0,0,1,0,0,0.0,0,2022-03-29
L1NSB01297,PLT003,Adira Finance,Multifinance,Motor & elektronik,Pedagang pasar / warung,30,Bogor,2,34,1,1,0,0,1,0,0,0.0,0,2022-02-01
L1NSB01298,PLT002,Modal Rakyat,P2P Lending,Pedagang & warung,Petani / nelayan,36,Palembang,3,26,1,0,1,0,1,0,0,0.0,0,2022-02-22
L1NSB01299,PLT003,Adira Finance,Multifinance,Motor & elektronik,Buruh pabrik,35,Jakarta Barat,5,21,1,1,1,1,0,0,0,0.0,0,2022-07-19
L1NSB01300,PLT002,Modal Rakyat,P2P Lending,Pedagang & warung,Pemilik UMKM kecil,29,Bandung,1,15,1,0,1,1,1,0,0,0.0,0,2023-06-01
L1NSB01301,PLT001,Amartha Fintech,P2P Lending,UMKM mikro,Kurir / ekspedisi,44,Tangerang,4,24,0,1,1,1,1,1,1,3.5,9,2022-12-15
L1NSB01302,PLT003,Adira Finance,Multifinance,Motor & elektronik,Karyawan kontrak,33,Jakarta Selatan,0,13,1,1,1,1,1,0,0,0.0,0,2022-04-26
L1NSB01303,PLT004,BFI Finance,Multifinance,Motor & UMKM,Freelancer digital,29,Jakarta Selatan,0,13,1,1,1,0,0,1,1,3.8,8,2022-10-28
L1NSB01304,PLT004,BFI Finance,Multifinance,Motor & UMKM,Ojek online / driver,39,Depok,1,7,1,0,1,0,1,1,1,4.9,5,2023-03-13
L1NSB01305,PLT004,BFI Finance,Multifinance,Motor & UMKM,Penjahit / konveksi,21,Jakarta Selatan,4,18,1,0,1,1,0,0,0,0.0,0,2022-03-31
L1NSB01306,PLT001,Amartha Fintech,P2P Lending,UMKM mikro,Karyawan kontrak,30,Surabaya,0,25,1,1,0,0,1,0,0,0.0,0,2022-03-09
L1NSB01307,PLT004,BFI Finance,Multifinance,Motor & UMKM,Ojek online / driver,42,Jakarta Timur,2,16,1,1,1,0,0,1,0,0.0,0,2023-03-15
L1NSB01308,PLT004,BFI Finance,Multifinance,Motor & UMKM,Ojek online / driver,39,Pekanbaru,3,33,1,1,1,0,1,1,0,0.0,0,2022-03-07
L1NSB01309,PLT003,Adira Finance,Multifinance,Motor & elektronik,Pemilik UMKM kecil,36,Semarang,4,22,1,1,0,1,1,0,0,0.0,0,2022-05-28
L1NSB01310,PLT002,Modal Rakyat,P2P Lending,Pedagang & warung,Kurir / ekspedisi,38,Medan,1,8,1,1,1,0,0,1,1,4.8,4,2022-11-11
L1NSB01311,PLT003,Adira Finance,Multifinance,Motor & elektronik,Freelancer digital,33,Jakarta Barat,2,16,1,1,1,1,1,1,1,3.6,4,2023-05-08
L1NSB01312,PLT001,Amartha Fintech,P2P Lending,UMKM mikro,Kurir / ekspedisi,46,Semarang,1,12,1,1,0,0,1,1,1,4.4,11,2023-12-08
L1NSB01313,PLT002,Modal Rakyat,P2P Lending,Pedagang & warung,Buruh pabrik,47,Yogyakarta,3,19,1,0,0,0,1,0,0,0.0,0,2022-06-21
L1NSB01314,PLT003,Adira Finance,Multifinance,Motor & elektronik,Pedagang pasar / warung,23,Semarang,1,14,1,0,1,1,1,0,0,0.0,0,2022-03-06
L1NSB01315,PLT002,Modal Rakyat,P2P Lending,Pedagang & warung,Pedagang pasar / warung,28,Bogor,3,1,1,1,0,0,1,0,0,0.0,0,2024-04-30
L1NSB01316,PLT003,Adira Finance,Multifinance,Motor & elektronik,Kurir / ekspedisi,32,Yogyakarta,2,36,1,0,0,0,1,1,0,0.0,0,2022-01-06
L1NSB01317,PLT003,Adira Finance,Multifinance,Motor & elektronik,Kurir / ekspedisi,39,Bekasi,1,24,1,1,0,0,1,1,0,0.0,0,2022-02-16
L1NSB01318,PLT005,KoinWorks SME,P2P Lending,UKM & usaha kecil,Karyawan kontrak,48,Bandung,5,36,1,0,0,1,1,0,0,0.0,0,2022-01-16
L1NSB01319,PLT002,Modal Rakyat,P2P Lending,Pedagang & warung,Ojek online / driver,32,Depok,1,29,1,1,1,0,1,1,1,4.9,9,2022-02-09
L1NSB01320,PLT005,KoinWorks SME,P2P Lending,UKM & usaha kecil,Pemilik UMKM kecil,32,Yogyakarta,3,27,1,1,1,1,1,0,0,0.0,0,2022-06-05
L1NSB01321,PLT002,Modal Rakyat,P2P Lending,Pedagang & warung,Kurir / ekspedisi,28,Depok,2,11,1,1,1,1,1,1,1,4.0,8,2022-05-06
L1NSB01322,PLT004,BFI Finance,Multifinance,Motor & UMKM,Petani / nelayan,48,Yogyakarta,2,32,1,1,0,1,1,0,0,0.0,0,2022-03-06
L1NSB01323,PLT005,KoinWorks SME,P2P Lending,UKM & usaha kecil,Karyawan kontrak,50,Medan,1,8,1,1,1,1,1,0,0,0.0,0,2022-06-28
L1NSB01324,PLT004,BFI Finance,Multifinance,Motor & UMKM,Ojek online / driver,22,Tangerang,1,16,1,1,1,1,1,1,1,4.6,9,2023-07-26
L1NSB01325,PLT005,KoinWorks SME,P2P Lending,UKM & usaha kecil,Pedagang pasar / warung,28,Jakarta Selatan,1,7,1,1,1,0,0,0,0,0.0,0,2022-02-08
L1NSB01326,PLT001,Amartha Fintech,P2P Lending,UMKM mikro,Pedagang pasar / warung,50,Medan,3,30,1,1,1,0,0,0,0,0.0,0,2022-06-30
L1NSB01327,PLT003,Adira Finance,Multifinance,Motor & elektronik,Freelancer digital,41,Jakarta Timur,0,16,1,1,0,1,1,1,1,4.7,7,2022-11-06
L1NSB01328,PLT002,Modal Rakyat,P2P Lending,Pedagang & warung,Pemilik UMKM kecil,24,Pekanbaru,3,21,1,0,1,0,0,0,0,0.0,0,2023-04-06
L1NSB01329,PLT001,Amartha Fintech,P2P Lending,UMKM mikro,Ojek online / driver,28,Makassar,4,11,1,1,1,0,0,1,1,4.2,14,2023-06-08
L1NSB01330,PLT002,Modal Rakyat,P2P Lending,Pedagang & warung,Ojek online / driver,31,Bogor,0,1,1,1,0,0,1,1,1,3.7,10,2022-11-06
L1NSB01331,PLT002,Modal Rakyat,P2P Lending,Pedagang & warung,Ojek online / driver,29,Jakarta Barat,2,30,1,1,0,0,1,1,1,3.7,10,2022-02-03
L1NSB01332,PLT002,Modal Rakyat,P2P Lending,Pedagang & warung,Ojek online / driver,21,Surabaya,0,9,1,1,1,1,1,1,1,4.4,7,2023-08-09
L1NSB01333,PLT002,Modal Rakyat,P2P Lending,Pedagang & warung,Buruh pabrik,40,Depok,3,35,0,0,1,0,0,0,0,0.0,0,2022-01-10
L1NSB01334,PLT003,Adira Finance,Multifinance,Motor & elektronik,Ojek online / driver,24,Bekasi,3,2,1,1,1,0,0,1,0,0.0,0,2022-10-03
L1NSB01335,PLT002,Modal Rakyat,P2P Lending,Pedagang & warung,Freelancer digital,43,Jakarta Timur,4,2,1,1,1,0,1,1,1,4.8,5,2022-01-03
L1NSB01336,PLT002,Modal Rakyat,P2P Lending,Pedagang & warung,Petani / nelayan,41,Jakarta Timur,1,32,1,1,0,0,0,0,0,0.0,0,2022-04-02
L1NSB01337,PLT005,KoinWorks SME,P2P Lending,UKM & usaha kecil,Pedagang pasar / warung,42,Bandung,3,20,1,0,1,0,0,0,0,0.0,0,2022-03-21
L1NSB01338,PLT001,Amartha Fintech,P2P Lending,UMKM mikro,Ojek online / driver,49,Bogor,3,4,1,1,0,0,1,1,0,0.0,0,2022-03-04
L1NSB01339,PLT004,BFI Finance,Multifinance,Motor & UMKM,Petani / nelayan,24,Bandung,3,28,1,0,0,0,0,0,0,0.0,0,2022-02-24
L1NSB01340,PLT003,Adira Finance,Multifinance,Motor & elektronik,Pedagang pasar / warung,29,Pekanbaru,3,1,1,1,0,0,0,0,0,0.0,0,2024-04-10
L1NSB01341,PLT004,BFI Finance,Multifinance,Motor & UMKM,Kurir / ekspedisi,47,Tangerang,4,28,1,1,0,0,1,1,1,4.1,10,2022-05-07
L1NSB01342,PLT003,Adira Finance,Multifinance,Motor & elektronik,Buruh pabrik,25,Jakarta Timur,4,17,1,0,0,0,0,0,0,0.0,0,2022-05-06
L1NSB01343,PLT001,Amartha Fintech,P2P Lending,UMKM mikro,Pedagang pasar / warung,45,Semarang,3,15,1,1,1,0,0,0,0,0.0,0,2023-07-12
L1NSB01344,PLT001,Amartha Fintech,P2P Lending,UMKM mikro,Kurir / ekspedisi,42,Surabaya,2,7,1,0,1,1,1,1,1,3.8,4,2022-04-15
L1NSB01345,PLT002,Modal Rakyat,P2P Lending,Pedagang & warung,Ojek online / driver,33,Tangerang,1,6,1,1,0,1,1,1,1,3.8,10,2023-12-22
L1NSB01346,PLT002,Modal Rakyat,P2P Lending,Pedagang & warung,Ojek online / driver,46,Jakarta Timur,3,23,1,1,0,0,1,1,1,3.5,5,2022-06-20
L1NSB01347,PLT002,Modal Rakyat,P2P Lending,Pedagang & warung,Pemilik UMKM kecil,31,Medan,4,26,1,1,1,1,1,0,0,0.0,0,2022-08-12
L1NSB01348,PLT002,Modal Rakyat,P2P Lending,Pedagang & warung,Ojek online / driver,23,Semarang,5,16,1,1,1,0,1,1,1,4.1,8,2023-08-27
L1NSB01349,PLT001,Amartha Fintech,P2P Lending,UMKM mikro,Karyawan kontrak,26,Jakarta Selatan,3,29,1,1,0,0,0,0,0,0.0,0,2022-05-30
L1NSB01350,PLT002,Modal Rakyat,P2P Lending,Pedagang & warung,Kurir / ekspedisi,23,Pekanbaru,3,18,1,1,1,0,0,1,1,3.9,13,2022-11-01
L1NSB01351,PLT005,KoinWorks SME,P2P Lending,UKM & usaha kecil,Karyawan kontrak,44,Palembang,3,34,1,1,1,0,1,0,0,0.0,0,2022-02-23
L1NSB01352,PLT004,BFI Finance,Multifinance,Motor & UMKM,Freelancer digital,37,Jakarta Barat,1,27,1,1,0,0,1,1,1,4.4,7,2022-03-31
L1NSB01353,PLT003,Adira Finance,Multifinance,Motor & elektronik,Buruh pabrik,32,Yogyakarta,2,33,1,1,1,1,1,0,0,0.0,0,2022-01-02
L1NSB01354,PLT001,Amartha Fintech,P2P Lending,UMKM mikro,Petani / nelayan,35,Jakarta Timur,2,28,1,1,0,0,0,0,0,0.0,0,2022-03-29
L1NSB01355,PLT001,Amartha Fintech,P2P Lending,UMKM mikro,Ojek online / driver,22,Pekanbaru,5,11,1,1,1,0,0,1,1,4.9,12,2022-03-27
L1NSB01356,PLT002,Modal Rakyat,P2P Lending,Pedagang & warung,Buruh pabrik,51,Medan,5,33,1,1,1,0,0,0,0,0.0,0,2022-01-03
L1NSB01357,PLT005,KoinWorks SME,P2P Lending,UKM & usaha kecil,Kurir / ekspedisi,37,Bogor,4,33,0,1,0,0,1,1,1,4.3,6,2022-02-27
L1NSB01358,PLT003,Adira Finance,Multifinance,Motor & elektronik,Kurir / ekspedisi,33,Medan,3,29,1,1,1,0,0,1,0,0.0,0,2022-04-18
L1NSB01359,PLT004,BFI Finance,Multifinance,Motor & UMKM,Pedagang pasar / warung,24,Pekanbaru,3,12,1,1,0,0,0,0,0,0.0,0,2022-03-28
L1NSB01360,PLT002,Modal Rakyat,P2P Lending,Pedagang & warung,Kurir / ekspedisi,50,Makassar,5,18,1,1,1,1,0,1,1,4.1,14,2023-05-04
L1NSB01361,PLT001,Amartha Fintech,P2P Lending,UMKM mikro,Pedagang pasar / warung,41,Depok,0,8,1,1,1,0,1,0,0,0.0,0,2023-07-20
L1NSB01362,PLT002,Modal Rakyat,P2P Lending,Pedagang & warung,Ojek online / driver,37,Makassar,3,36,1,1,0,0,1,1,1,4.8,14,2022-01-13
L1NSB01363,PLT002,Modal Rakyat,P2P Lending,Pedagang & warung,Pedagang pasar / warung,21,Bogor,2,27,1,1,1,0,0,0,0,0.0,0,2022-08-08
L1NSB01364,PLT001,Amartha Fintech,P2P Lending,UMKM mikro,Pedagang pasar / warung,51,Bekasi,5,10,1,0,1,0,0,0,0,0.0,0,2022-12-31
L1NSB01365,PLT005,KoinWorks SME,P2P Lending,UKM & usaha kecil,Karyawan kontrak,45,Bekasi,2,35,1,0,1,1,1,0,0,0.0,0,2022-01-26
L1NSB01366,PLT005,KoinWorks SME,P2P Lending,UKM & usaha kecil,Petani / nelayan,33,Medan,4,3,1,0,0,0,1,0,0,0.0,0,2023-04-01
L1NSB01367,PLT005,KoinWorks SME,P2P Lending,UKM & usaha kecil,Kurir / ekspedisi,46,Jakarta Selatan,4,5,1,0,1,0,1,1,1,3.9,14,2023-09-07
L1NSB01368,PLT002,Modal Rakyat,P2P Lending,Pedagang & warung,Pemilik UMKM kecil,32,Yogyakarta,5,27,1,0,1,1,0,0,0,0.0,0,2022-01-23
L1NSB01369,PLT003,Adira Finance,Multifinance,Motor & elektronik,Pedagang pasar / warung,51,Jakarta Barat,2,26,1,1,0,0,1,0,0,0.0,0,2022-06-04
L1NSB01370,PLT004,BFI Finance,Multifinance,Motor & UMKM,Ojek online / driver,26,Medan,2,7,1,1,1,0,0,1,1,4.1,5,2024-01-29
L1NSB01371,PLT004,BFI Finance,Multifinance,Motor & UMKM,Penjahit / konveksi,23,Palembang,3,34,1,1,1,1,1,0,0,0.0,0,2022-01-01
L1NSB01372,PLT004,BFI Finance,Multifinance,Motor & UMKM,Buruh pabrik,28,Jakarta Barat,4,18,1,1,1,1,1,0,0,0.0,0,2022-07-09
L1NSB01373,PLT004,BFI Finance,Multifinance,Motor & UMKM,Freelancer digital,35,Semarang,2,28,1,1,1,0,1,1,1,4.4,11,2022-07-15
L1NSB01374,PLT005,KoinWorks SME,P2P Lending,UKM & usaha kecil,Pedagang pasar / warung,24,Tangerang,1,22,1,1,1,0,0,0,0,0.0,0,2022-11-03
L1NSB01375,PLT002,Modal Rakyat,P2P Lending,Pedagang & warung,Ojek online / driver,49,Tangerang,3,16,1,1,1,0,0,1,0,0.0,0,2022-03-05
L1NSB01376,PLT002,Modal Rakyat,P2P Lending,Pedagang & warung,Karyawan kontrak,44,Depok,2,27,1,1,1,0,1,0,0,0.0,0,2022-07-10
L1NSB01377,PLT005,KoinWorks SME,P2P Lending,UKM & usaha kecil,Ojek online / driver,50,Jakarta Selatan,2,4,0,1,1,1,0,1,1,3.9,4,2023-01-21
L1NSB01378,PLT004,BFI Finance,Multifinance,Motor & UMKM,Petani / nelayan,36,Palembang,1,36,1,1,1,0,1,0,0,0.0,0,2022-01-10
L1NSB01379,PLT003,Adira Finance,Multifinance,Motor & elektronik,Buruh pabrik,42,Surabaya,2,29,1,1,1,1,0,0,0,0.0,0,2022-02-26
L1NSB01380,PLT002,Modal Rakyat,P2P Lending,Pedagang & warung,Karyawan kontrak,20,Bandung,1,9,1,1,0,0,1,0,0,0.0,0,2023-10-11
L1NSB01381,PLT002,Modal Rakyat,P2P Lending,Pedagang & warung,Karyawan kontrak,40,Yogyakarta,0,19,1,1,0,0,0,0,0,0.0,0,2023-03-12
L1NSB01382,PLT002,Modal Rakyat,P2P Lending,Pedagang & warung,Penjahit / konveksi,26,Jakarta Timur,3,10,1,1,1,0,1,0,0,0.0,0,2023-05-01
L1NSB01383,PLT003,Adira Finance,Multifinance,Motor & elektronik,Buruh pabrik,39,Medan,2,5,1,0,0,0,0,0,0,0.0,0,2024-05-22
L1NSB01384,PLT005,KoinWorks SME,P2P Lending,UKM & usaha kecil,Karyawan kontrak,35,Semarang,1,34,1,1,0,1,1,0,0,0.0,0,2022-03-17
L1NSB01385,PLT005,KoinWorks SME,P2P Lending,UKM & usaha kecil,Pemilik UMKM kecil,49,Yogyakarta,5,32,1,0,1,0,1,0,0,0.0,0,2022-04-24
L1NSB01386,PLT001,Amartha Fintech,P2P Lending,UMKM mikro,Pemilik UMKM kecil,36,Surabaya,0,9,1,1,0,0,1,0,0,0.0,0,2024-01-18
L1NSB01387,PLT001,Amartha Fintech,P2P Lending,UMKM mikro,Penjahit / konveksi,22,Depok,3,34,1,1,1,0,1,0,0,0.0,0,2022-02-19
L1NSB01388,PLT005,KoinWorks SME,P2P Lending,UKM & usaha kecil,Ojek online / driver,41,Pekanbaru,2,11,1,1,1,0,0,1,1,4.6,12,2022-09-17
L1NSB01389,PLT003,Adira Finance,Multifinance,Motor & elektronik,Karyawan kontrak,36,Jakarta Selatan,2,3,1,1,0,0,1,0,0,0.0,0,2022-05-30
L1NSB01390,PLT002,Modal Rakyat,P2P Lending,Pedagang & warung,Karyawan kontrak,23,Jakarta Barat,3,9,1,0,1,0,1,0,0,0.0,0,2024-01-25
L1NSB01391,PLT004,BFI Finance,Multifinance,Motor & UMKM,Petani / nelayan,24,Surabaya,3,29,1,1,0,0,1,0,0,0.0,0,2022-02-12
L1NSB01392,PLT004,BFI Finance,Multifinance,Motor & UMKM,Ojek online / driver,31,Pekanbaru,3,36,1,1,1,1,1,1,0,0.0,0,2022-01-03
L1NSB01393,PLT005,KoinWorks SME,P2P Lending,UKM & usaha kecil,Karyawan kontrak,34,Pekanbaru,5,3,1,1,0,0,1,0,0,0.0,0,2022-11-29
L1NSB01394,PLT005,KoinWorks SME,P2P Lending,UKM & usaha kecil,Kurir / ekspedisi,28,Bekasi,3,15,1,0,0,0,1,1,1,4.5,5,2023-02-10
L1NSB01395,PLT004,BFI Finance,Multifinance,Motor & UMKM,Buruh pabrik,37,Semarang,5,5,1,1,0,0,1,0,0,0.0,0,2022-09-25
L1NSB01396,PLT003,Adira Finance,Multifinance,Motor & elektronik,Buruh pabrik,32,Pekanbaru,4,35,1,1,1,0,1,0,0,0.0,0,2022-01-07
L1NSB01397,PLT001,Amartha Fintech,P2P Lending,UMKM mikro,Freelancer digital,39,Depok,3,8,1,1,1,0,1,1,1,4.7,13,2023-08-24
L1NSB01398,PLT005,KoinWorks SME,P2P Lending,UKM & usaha kecil,Kurir / ekspedisi,28,Bogor,4,4,1,1,1,0,1,1,0,0.0,0,2023-11-29
L1NSB01399,PLT002,Modal Rakyat,P2P Lending,Pedagang & warung,Pedagang pasar / warung,33,Jakarta Selatan,1,6,1,1,1,1,1,0,0,0.0,0,2022-05-16
L1NSB01400,PLT002,Modal Rakyat,P2P Lending,Pedagang & warung,Karyawan kontrak,33,Medan,5,29,1,0,1,0,1,0,0,0.0,0,2022-06-18
L1NSB01401,PLT005,KoinWorks SME,P2P Lending,UKM & usaha kecil,Kurir / ekspedisi,44,Bogor,3,11,1,1,1,0,1,1,0,0.0,0,2022-08-06
L1NSB01402,PLT002,Modal Rakyat,P2P Lending,Pedagang & warung,Ojek online / driver,21,Pekanbaru,0,8,0,0,1,0,1,1,1,4.2,5,2022-01-31
L1NSB01403,PLT005,KoinWorks SME,P2P Lending,UKM & usaha kecil,Karyawan kontrak,49,Yogyakarta,0,25,1,1,1,0,1,0,0,0.0,0,2022-02-01
L1NSB01404,PLT002,Modal Rakyat,P2P Lending,Pedagang & warung,Penjahit / konveksi,37,Bogor,2,21,1,1,0,0,0,0,0,0.0,0,2022-08-04
L1NSB01405,PLT005,KoinWorks SME,P2P Lending,UKM & usaha kecil,Freelancer digital,31,Tangerang,3,20,1,1,0,0,0,1,0,0.0,0,2022-01-09
L1NSB01406,PLT004,BFI Finance,Multifinance,Motor & UMKM,Karyawan kontrak,44,Bogor,2,12,0,1,0,0,1,0,0,0.0,0,2022-03-18
L1NSB01407,PLT003,Adira Finance,Multifinance,Motor & elektronik,Ojek online / driver,21,Bandung,4,28,1,1,1,0,0,1,1,4.9,8,2022-02-16
L1NSB01408,PLT002,Modal Rakyat,P2P Lending,Pedagang & warung,Pemilik UMKM kecil,19,Palembang,4,29,1,0,1,1,1,0,0,0.0,0,2022-05-01
L1NSB01409,PLT001,Amartha Fintech,P2P Lending,UMKM mikro,Kurir / ekspedisi,19,Tangerang,2,36,1,1,1,0,0,1,1,4.4,13,2022-01-13
L1NSB01410,PLT005,KoinWorks SME,P2P Lending,UKM & usaha kecil,Buruh pabrik,19,Semarang,3,15,1,1,1,0,0,0,0,0.0,0,2023-05-12
L1NSB01411,PLT005,KoinWorks SME,P2P Lending,UKM & usaha kecil,Ojek online / driver,20,Tangerang,5,28,1,1,0,0,1,1,1,3.9,4,2022-03-09
L1NSB01412,PLT004,BFI Finance,Multifinance,Motor & UMKM,Penjahit / konveksi,41,Surabaya,3,34,1,1,0,0,1,0,0,0.0,0,2022-01-01
L1NSB01413,PLT005,KoinWorks SME,P2P Lending,UKM & usaha kecil,Buruh pabrik,27,Jakarta Barat,2,30,1,1,1,0,1,0,0,0.0,0,2022-01-24
L1NSB01414,PLT002,Modal Rakyat,P2P Lending,Pedagang & warung,Kurir / ekspedisi,43,Medan,2,12,1,0,1,1,1,1,1,4.4,13,2022-05-22
L1NSB01415,PLT004,BFI Finance,Multifinance,Motor & UMKM,Pedagang pasar / warung,29,Jakarta Timur,5,31,1,1,1,1,1,0,0,0.0,0,2022-03-09
L1NSB01416,PLT003,Adira Finance,Multifinance,Motor & elektronik,Pedagang pasar / warung,27,Jakarta Barat,4,36,1,1,1,1,0,0,0,0.0,0,2022-01-05
L1NSB01417,PLT001,Amartha Fintech,P2P Lending,UMKM mikro,Karyawan kontrak,28,Jakarta Timur,3,24,1,0,1,1,0,0,0,0.0,0,2022-04-23
L1NSB01418,PLT003,Adira Finance,Multifinance,Motor & elektronik,Buruh pabrik,22,Surabaya,1,11,1,0,1,0,0,0,0,0.0,0,2023-07-28
L1NSB01419,PLT005,KoinWorks SME,P2P Lending,UKM & usaha kecil,Pedagang pasar / warung,36,Jakarta Selatan,3,4,1,1,1,1,0,0,0,0.0,0,2024-01-05
L1NSB01420,PLT004,BFI Finance,Multifinance,Motor & UMKM,Pedagang pasar / warung,27,Bandung,2,5,1,1,1,1,1,0,0,0.0,0,2022-03-02
L1NSB01421,PLT003,Adira Finance,Multifinance,Motor & elektronik,Pemilik UMKM kecil,22,Jakarta Barat,1,8,1,1,1,1,1,0,0,0.0,0,2024-04-15
L1NSB01422,PLT001,Amartha Fintech,P2P Lending,UMKM mikro,Pedagang pasar / warung,46,Jakarta Barat,3,3,1,0,1,1,0,0,0,0.0,0,2022-07-24
L1NSB01423,PLT001,Amartha Fintech,P2P Lending,UMKM mikro,Ojek online / driver,23,Palembang,3,28,1,1,0,0,1,1,1,4.5,12,2022-06-09
L1NSB01424,PLT005,KoinWorks SME,P2P Lending,UKM & usaha kecil,Petani / nelayan,37,Depok,4,10,1,1,1,0,0,0,0,0.0,0,2022-12-19
L1NSB01425,PLT002,Modal Rakyat,P2P Lending,Pedagang & warung,Freelancer digital,36,Surabaya,2,8,1,1,1,1,1,1,0,0.0,0,2024-04-04
L1NSB01426,PLT003,Adira Finance,Multifinance,Motor & elektronik,Karyawan kontrak,24,Depok,2,5,0,1,0,1,1,0,0,0.0,0,2023-12-03
L1NSB01427,PLT002,Modal Rakyat,P2P Lending,Pedagang & warung,Ojek online / driver,37,Depok,4,24,1,1,1,0,1,1,1,4.3,10,2022-10-07
L1NSB01428,PLT004,BFI Finance,Multifinance,Motor & UMKM,Ojek online / driver,46,Surabaya,5,13,1,0,1,0,0,1,1,3.8,8,2022-11-22
L1NSB01429,PLT002,Modal Rakyat,P2P Lending,Pedagang & warung,Buruh pabrik,38,Bandung,3,9,1,1,0,1,1,0,0,0.0,0,2023-02-07
L1NSB01430,PLT003,Adira Finance,Multifinance,Motor & elektronik,Buruh pabrik,40,Tangerang,3,6,1,1,0,0,1,0,0,0.0,0,2023-07-08
L1NSB01431,PLT003,Adira Finance,Multifinance,Motor & elektronik,Penjahit / konveksi,39,Jakarta Barat,4,3,1,1,1,0,1,0,0,0.0,0,2022-04-13
L1NSB01432,PLT001,Amartha Fintech,P2P Lending,UMKM mikro,Pemilik UMKM kecil,48,Palembang,2,33,1,0,1,0,0,0,0,0.0,0,2022-02-26
L1NSB01433,PLT004,BFI Finance,Multifinance,Motor & UMKM,Ojek online / driver,30,Jakarta Timur,1,2,1,1,1,0,1,1,1,4.9,14,2022-01-02
L1NSB01434,PLT001,Amartha Fintech,P2P Lending,UMKM mikro,Freelancer digital,30,Surabaya,0,21,1,1,0,1,0,1,1,4.6,4,2022-02-26
L1NSB01435,PLT003,Adira Finance,Multifinance,Motor & elektronik,Pedagang pasar / warung,30,Bogor,3,23,1,1,1,0,1,0,0,0.0,0,2022-01-17
L1NSB01436,PLT004,BFI Finance,Multifinance,Motor & UMKM,Pedagang pasar / warung,50,Jakarta Barat,3,29,1,1,1,0,1,0,0,0.0,0,2022-06-01
L1NSB01437,PLT003,Adira Finance,Multifinance,Motor & elektronik,Freelancer digital,33,Makassar,3,5,1,1,0,0,0,1,1,4.6,7,2023-08-16
L1NSB01438,PLT001,Amartha Fintech,P2P Lending,UMKM mikro,Ojek online / driver,41,Jakarta Timur,3,3,1,1,1,0,1,1,0,0.0,0,2023-10-04
L1NSB01439,PLT005,KoinWorks SME,P2P Lending,UKM & usaha kecil,Penjahit / konveksi,33,Makassar,4,22,1,1,0,0,0,0,0,0.0,0,2022-07-11
L1NSB01440,PLT005,KoinWorks SME,P2P Lending,UKM & usaha kecil,Buruh pabrik,21,Tangerang,3,25,1,0,1,0,1,0,0,0.0,0,2022-07-23
L1NSB01441,PLT005,KoinWorks SME,P2P Lending,UKM & usaha kecil,Buruh pabrik,22,Jakarta Barat,5,35,1,1,0,1,1,0,0,0.0,0,2022-02-02
L1NSB01442,PLT003,Adira Finance,Multifinance,Motor & elektronik,Petani / nelayan,27,Yogyakarta,2,14,1,1,0,0,1,0,0,0.0,0,2022-08-19
L1NSB01443,PLT001,Amartha Fintech,P2P Lending,UMKM mikro,Ojek online / driver,50,Surabaya,1,25,1,1,0,0,0,1,1,3.5,11,2022-07-14
L1NSB01444,PLT003,Adira Finance,Multifinance,Motor & elektronik,Pedagang pasar / warung,44,Jakarta Timur,5,19,1,1,0,0,0,0,0,0.0,0,2022-06-03
L1NSB01445,PLT002,Modal Rakyat,P2P Lending,Pedagang & warung,Karyawan kontrak,38,Tangerang,2,7,1,1,0,0,1,0,0,0.0,0,2023-11-25
L1NSB01446,PLT001,Amartha Fintech,P2P Lending,UMKM mikro,Buruh pabrik,19,Makassar,1,35,1,1,0,0,1,0,0,0.0,0,2022-01-25
L1NSB01447,PLT004,BFI Finance,Multifinance,Motor & UMKM,Buruh pabrik,27,Medan,4,1,1,1,1,1,1,0,0,0.0,0,2024-07-12
L1NSB01448,PLT003,Adira Finance,Multifinance,Motor & elektronik,Penjahit / konveksi,30,Jakarta Barat,5,11,1,1,1,0,0,0,0,0.0,0,2022-09-04
L1NSB01449,PLT004,BFI Finance,Multifinance,Motor & UMKM,Petani / nelayan,30,Palembang,2,1,1,0,0,0,0,0,0,0.0,0,2024-08-06
L1NSB01450,PLT001,Amartha Fintech,P2P Lending,UMKM mikro,Petani / nelayan,27,Jakarta Selatan,0,29,1,1,1,0,1,0,0,0.0,0,2022-02-18
L1NSB01451,PLT004,BFI Finance,Multifinance,Motor & UMKM,Petani / nelayan,29,Jakarta Barat,2,11,1,1,1,0,1,0,0,0.0,0,2022-01-05
L1NSB01452,PLT003,Adira Finance,Multifinance,Motor & elektronik,Kurir / ekspedisi,46,Jakarta Barat,3,8,1,0,0,0,0,1,1,4.0,11,2023-04-27
L1NSB01453,PLT002,Modal Rakyat,P2P Lending,Pedagang & warung,Petani / nelayan,25,Bandung,2,36,1,1,1,1,1,0,0,0.0,0,2022-01-07
L1NSB01454,PLT001,Amartha Fintech,P2P Lending,UMKM mikro,Kurir / ekspedisi,43,Medan,3,10,1,1,1,1,0,1,1,4.0,4,2023-06-11
L1NSB01455,PLT002,Modal Rakyat,P2P Lending,Pedagang & warung,Ojek online / driver,49,Jakarta Timur,5,1,1,1,1,0,1,1,1,3.8,14,2022-05-02
L1NSB01456,PLT003,Adira Finance,Multifinance,Motor & elektronik,Ojek online / driver,36,Surabaya,5,18,1,1,1,1,1,1,0,0.0,0,2023-01-04
L1NSB01457,PLT005,KoinWorks SME,P2P Lending,UKM & usaha kecil,Freelancer digital,31,Yogyakarta,1,1,1,1,1,0,1,1,1,3.9,6,2022-09-26
L1NSB01458,PLT002,Modal Rakyat,P2P Lending,Pedagang & warung,Petani / nelayan,50,Tangerang,4,9,1,0,0,0,1,0,0,0.0,0,2023-05-31
L1NSB01459,PLT001,Amartha Fintech,P2P Lending,UMKM mikro,Buruh pabrik,22,Bandung,3,17,1,0,1,0,1,0,0,0.0,0,2023-03-27
L1NSB01460,PLT004,BFI Finance,Multifinance,Motor & UMKM,Buruh pabrik,44,Bogor,5,7,1,0,1,0,1,0,0,0.0,0,2022-04-02
L1NSB01461,PLT004,BFI Finance,Multifinance,Motor & UMKM,Petani / nelayan,23,Surabaya,3,20,1,1,1,0,1,0,0,0.0,0,2022-03-03
L1NSB01462,PLT001,Amartha Fintech,P2P Lending,UMKM mikro,Pedagang pasar / warung,36,Jakarta Barat,2,25,1,0,0,1,1,0,0,0.0,0,2022-01-08
L1NSB01463,PLT005,KoinWorks SME,P2P Lending,UKM & usaha kecil,Ojek online / driver,44,Semarang,3,24,1,1,1,0,1,1,1,3.6,7,2022-03-20
L1NSB01464,PLT001,Amartha Fintech,P2P Lending,UMKM mikro,Kurir / ekspedisi,44,Tangerang,5,24,1,1,1,1,0,1,0,0.0,0,2022-07-20
L1NSB01465,PLT002,Modal Rakyat,P2P Lending,Pedagang & warung,Petani / nelayan,31,Yogyakarta,1,15,1,1,0,0,0,0,0,0.0,0,2022-06-22
L1NSB01466,PLT004,BFI Finance,Multifinance,Motor & UMKM,Ojek online / driver,26,Jakarta Barat,3,19,1,1,1,0,1,1,1,4.9,12,2022-09-30
L1NSB01467,PLT002,Modal Rakyat,P2P Lending,Pedagang & warung,Ojek online / driver,51,Pekanbaru,5,33,1,1,1,0,1,1,1,4.4,13,2022-01-19
L1NSB01468,PLT002,Modal Rakyat,P2P Lending,Pedagang & warung,Petani / nelayan,24,Makassar,5,25,1,0,0,0,0,0,0,0.0,0,2022-05-25
L1NSB01469,PLT004,BFI Finance,Multifinance,Motor & UMKM,Pemilik UMKM kecil,30,Bogor,5,24,1,1,0,0,1,0,0,0.0,0,2022-01-18
L1NSB01470,PLT002,Modal Rakyat,P2P Lending,Pedagang & warung,Ojek online / driver,42,Pekanbaru,3,34,1,0,1,0,1,1,1,4.1,13,2022-03-05
L1NSB01471,PLT003,Adira Finance,Multifinance,Motor & elektronik,Karyawan kontrak,44,Medan,5,18,1,1,1,0,0,0,0,0.0,0,2023-03-24
L1NSB01472,PLT003,Adira Finance,Multifinance,Motor & elektronik,Kurir / ekspedisi,36,Bandung,1,25,1,1,1,1,0,1,1,3.9,5,2022-05-27
L1NSB01473,PLT003,Adira Finance,Multifinance,Motor & elektronik,Ojek online / driver,19,Medan,1,22,1,1,1,0,0,1,1,4.6,13,2023-02-07
L1NSB01474,PLT003,Adira Finance,Multifinance,Motor & elektronik,Kurir / ekspedisi,44,Bekasi,2,29,1,1,0,0,1,1,0,0.0,0,2022-07-03
L1NSB01475,PLT005,KoinWorks SME,P2P Lending,UKM & usaha kecil,Pemilik UMKM kecil,36,Jakarta Timur,3,25,1,1,0,0,0,0,0,0.0,0,2022-04-11
L1NSB01476,PLT002,Modal Rakyat,P2P Lending,Pedagang & warung,Karyawan kontrak,29,Bandung,3,8,1,1,0,0,0,0,0,0.0,0,2022-08-14
L1NSB01477,PLT004,BFI Finance,Multifinance,Motor & UMKM,Pedagang pasar / warung,20,Jakarta Selatan,1,35,1,1,1,0,1,0,0,0.0,0,2022-01-08
L1NSB01478,PLT001,Amartha Fintech,P2P Lending,UMKM mikro,Buruh pabrik,47,Jakarta Barat,4,36,1,0,0,1,0,0,0,0.0,0,2022-01-14
L1NSB01479,PLT005,KoinWorks SME,P2P Lending,UKM & usaha kecil,Karyawan kontrak,35,Bekasi,4,32,1,1,1,0,1,0,0,0.0,0,2022-01-07
L1NSB01480,PLT005,KoinWorks SME,P2P Lending,UKM & usaha kecil,Buruh pabrik,40,Bogor,2,10,1,1,1,0,1,0,0,0.0,0,2022-07-12
L1NSB01481,PLT002,Modal Rakyat,P2P Lending,Pedagang & warung,Buruh pabrik,26,Bekasi,4,4,1,0,1,0,1,0,0,0.0,0,2024-08-12
L1NSB01482,PLT005,KoinWorks SME,P2P Lending,UKM & usaha kecil,Ojek online / driver,42,Tangerang,1,34,1,0,0,0,1,1,1,3.7,8,2022-03-01
L1NSB01483,PLT002,Modal Rakyat,P2P Lending,Pedagang & warung,Ojek online / driver,20,Medan,2,20,1,1,1,1,0,1,1,4.7,5,2022-03-26
L1NSB01484,PLT001,Amartha Fintech,P2P Lending,UMKM mikro,Pedagang pasar / warung,31,Bandung,3,23,1,0,1,0,1,0,0,0.0,0,2022-04-06
L1NSB01485,PLT005,KoinWorks SME,P2P Lending,UKM & usaha kecil,Petani / nelayan,50,Palembang,3,16,1,1,1,0,1,0,0,0.0,0,2022-08-07
L1NSB01486,PLT002,Modal Rakyat,P2P Lending,Pedagang & warung,Ojek online / driver,28,Makassar,4,29,1,1,1,0,0,1,1,4.8,7,2022-02-27
L1NSB01487,PLT002,Modal Rakyat,P2P Lending,Pedagang & warung,Pedagang pasar / warung,46,Jakarta Barat,2,33,1,0,0,1,1,0,0,0.0,0,2022-03-07
L1NSB01488,PLT002,Modal Rakyat,P2P Lending,Pedagang & warung,Buruh pabrik,50,Palembang,0,8,1,1,1,0,0,0,0,0.0,0,2022-05-08
L1NSB01489,PLT002,Modal Rakyat,P2P Lending,Pedagang & warung,Buruh pabrik,41,Makassar,0,36,1,1,1,0,0,0,0,0.0,0,2022-01-16
L1NSB01490,PLT004,BFI Finance,Multifinance,Motor & UMKM,Pemilik UMKM kecil,35,Semarang,1,17,1,1,0,1,0,0,0,0.0,0,2022-08-10
L1NSB01491,PLT002,Modal Rakyat,P2P Lending,Pedagang & warung,Ojek online / driver,29,Bogor,1,33,0,0,1,0,0,1,1,4.5,13,2022-04-15
L1NSB01492,PLT002,Modal Rakyat,P2P Lending,Pedagang & warung,Ojek online / driver,41,Bandung,4,4,1,1,1,1,0,1,1,4.9,7,2023-10-13
L1NSB01493,PLT004,BFI Finance,Multifinance,Motor & UMKM,Penjahit / konveksi,34,Jakarta Barat,1,8,1,1,1,0,0,0,0,0.0,0,2023-05-13
L1NSB01494,PLT003,Adira Finance,Multifinance,Motor & elektronik,Pedagang pasar / warung,38,Palembang,2,8,1,1,0,0,0,0,0,0.0,0,2023-02-15
L1NSB01495,PLT001,Amartha Fintech,P2P Lending,UMKM mikro,Kurir / ekspedisi,37,Makassar,2,26,1,1,1,0,0,1,1,4.7,4,2022-05-09
L1NSB01496,PLT005,KoinWorks SME,P2P Lending,UKM & usaha kecil,Ojek online / driver,30,Bogor,2,5,1,1,1,0,1,1,1,4.0,10,2023-08-07
L1NSB01497,PLT001,Amartha Fintech,P2P Lending,UMKM mikro,Kurir / ekspedisi,43,Medan,2,14,1,1,1,1,0,1,1,4.7,4,2023-03-22
L1NSB01498,PLT002,Modal Rakyat,P2P Lending,Pedagang & warung,Freelancer digital,23,Medan,5,32,1,1,0,0,1,1,1,4.6,10,2022-04-14
L1NSB01499,PLT004,BFI Finance,Multifinance,Motor & UMKM,Kurir / ekspedisi,48,Bandung,5,3,1,1,0,0,1,1,1,3.6,13,2022-07-09
L1NSB01500,PLT002,Modal Rakyat,P2P Lending,Pedagang & warung,Buruh pabrik,43,Makassar,3,2,1,1,1,0,1,0,0,0.0,0,2024-05-10
L1NSB01501,PLT003,Adira Finance,Multifinance,Motor & elektronik,Pedagang pasar / warung,32,Makassar,0,20,1,1,1,0,0,0,0,0.0,0,2022-09-20
L1NSB01502,PLT005,KoinWorks SME,P2P Lending,UKM & usaha kecil,Freelancer digital,30,Depok,5,8,1,0,1,0,0,1,1,4.7,8,2023-07-31
L1NSB01503,PLT004,BFI Finance,Multifinance,Motor & UMKM,Karyawan kontrak,37,Surabaya,2,1,1,0,1,0,1,0,0,0.0,0,2024-06-10
L1NSB01504,PLT004,BFI Finance,Multifinance,Motor & UMKM,Buruh pabrik,47,Medan,2,29,1,1,0,1,1,0,0,0.0,0,2022-06-26
L1NSB01505,PLT001,Amartha Fintech,P2P Lending,UMKM mikro,Pedagang pasar / warung,40,Jakarta Selatan,3,2,1,1,1,0,0,0,0,0.0,0,2023-07-12
L1NSB01506,PLT005,KoinWorks SME,P2P Lending,UKM & usaha kecil,Buruh pabrik,30,Surabaya,2,29,1,1,1,0,1,0,0,0.0,0,2022-03-24
L1NSB01507,PLT002,Modal Rakyat,P2P Lending,Pedagang & warung,Ojek online / driver,42,Medan,1,30,1,0,0,0,0,1,1,3.8,8,2022-01-21
L1NSB01508,PLT003,Adira Finance,Multifinance,Motor & elektronik,Freelancer digital,52,Medan,4,36,1,1,1,0,0,1,1,3.9,9,2022-01-10
L1NSB01509,PLT002,Modal Rakyat,P2P Lending,Pedagang & warung,Pedagang pasar / warung,35,Palembang,1,5,1,1,0,0,1,0,0,0.0,0,2023-09-15
L1NSB01510,PLT002,Modal Rakyat,P2P Lending,Pedagang & warung,Karyawan kontrak,35,Bekasi,4,29,1,1,0,0,0,0,0,0.0,0,2022-08-03
L1NSB01511,PLT005,KoinWorks SME,P2P Lending,UKM & usaha kecil,Ojek online / driver,33,Jakarta Selatan,4,22,1,0,1,0,0,1,1,4.7,14,2022-09-25
L1NSB01512,PLT005,KoinWorks SME,P2P Lending,UKM & usaha kecil,Penjahit / konveksi,36,Jakarta Barat,0,16,1,1,1,1,1,0,0,0.0,0,2022-06-27
L1NSB01513,PLT001,Amartha Fintech,P2P Lending,UMKM mikro,Penjahit / konveksi,21,Surabaya,2,21,1,1,0,0,1,0,0,0.0,0,2022-06-22
L1NSB01514,PLT004,BFI Finance,Multifinance,Motor & UMKM,Karyawan kontrak,27,Pekanbaru,2,9,0,0,0,0,1,0,0,0.0,0,2022-03-07
L1NSB01515,PLT002,Modal Rakyat,P2P Lending,Pedagang & warung,Petani / nelayan,33,Medan,1,4,1,0,1,0,0,0,0,0.0,0,2024-01-22
L1NSB01516,PLT004,BFI Finance,Multifinance,Motor & UMKM,Pedagang pasar / warung,44,Pekanbaru,4,23,1,1,0,0,1,0,0,0.0,0,2022-01-02
L1NSB01517,PLT005,KoinWorks SME,P2P Lending,UKM & usaha kecil,Pemilik UMKM kecil,24,Bogor,2,14,1,1,0,0,0,0,0,0.0,0,2023-02-02
L1NSB01518,PLT002,Modal Rakyat,P2P Lending,Pedagang & warung,Ojek online / driver,33,Bogor,0,35,1,0,0,1,0,1,1,4.9,6,2022-01-16
L1NSB01519,PLT002,Modal Rakyat,P2P Lending,Pedagang & warung,Pedagang pasar / warung,37,Jakarta Timur,3,17,1,1,0,0,1,0,0,0.0,0,2023-06-01
L1NSB01520,PLT004,BFI Finance,Multifinance,Motor & UMKM,Karyawan kontrak,20,Jakarta Selatan,3,36,1,1,1,0,1,0,0,0.0,0,2022-01-09
L1NSB01521,PLT004,BFI Finance,Multifinance,Motor & UMKM,Karyawan kontrak,22,Jakarta Timur,1,6,1,1,1,0,1,0,0,0.0,0,2022-02-08
L1NSB01522,PLT003,Adira Finance,Multifinance,Motor & elektronik,Pedagang pasar / warung,39,Jakarta Selatan,4,10,1,1,1,1,0,0,0,0.0,0,2023-09-17
L1NSB01523,PLT003,Adira Finance,Multifinance,Motor & elektronik,Buruh pabrik,40,Jakarta Timur,1,29,1,1,1,1,0,0,0,0.0,0,2022-02-09
L1NSB01524,PLT005,KoinWorks SME,P2P Lending,UKM & usaha kecil,Karyawan kontrak,19,Jakarta Timur,1,2,1,1,1,0,1,0,0,0.0,0,2023-03-26
L1NSB01525,PLT002,Modal Rakyat,P2P Lending,Pedagang & warung,Pedagang pasar / warung,48,Surabaya,4,5,1,0,1,1,1,0,0,0.0,0,2023-03-25
L1NSB01526,PLT004,BFI Finance,Multifinance,Motor & UMKM,Ojek online / driver,49,Medan,5,23,1,1,1,0,0,1,1,3.6,6,2023-01-12
L1NSB01527,PLT005,KoinWorks SME,P2P Lending,UKM & usaha kecil,Kurir / ekspedisi,35,Pekanbaru,3,32,1,0,0,1,1,1,0,0.0,0,2022-04-28
L1NSB01528,PLT001,Amartha Fintech,P2P Lending,UMKM mikro,Pemilik UMKM kecil,20,Jakarta Barat,2,30,1,1,1,0,0,0,0,0.0,0,2022-04-23
L1NSB01529,PLT004,BFI Finance,Multifinance,Motor & UMKM,Penjahit / konveksi,35,Makassar,3,35,1,1,0,1,1,0,0,0.0,0,2022-01-21
L1NSB01530,PLT003,Adira Finance,Multifinance,Motor & elektronik,Buruh pabrik,30,Bogor,1,17,1,1,1,0,1,0,0,0.0,0,2023-04-26
L1NSB01531,PLT002,Modal Rakyat,P2P Lending,Pedagang & warung,Pedagang pasar / warung,23,Jakarta Timur,2,10,1,0,1,1,0,0,0,0.0,0,2023-07-01
L1NSB01532,PLT003,Adira Finance,Multifinance,Motor & elektronik,Petani / nelayan,51,Yogyakarta,0,10,1,1,1,0,1,0,0,0.0,0,2022-07-10
L1NSB01533,PLT001,Amartha Fintech,P2P Lending,UMKM mikro,Ojek online / driver,24,Jakarta Selatan,0,8,1,1,0,0,1,1,1,4.7,13,2022-03-17
L1NSB01534,PLT004,BFI Finance,Multifinance,Motor & UMKM,Penjahit / konveksi,50,Bekasi,3,3,1,1,1,0,1,0,0,0.0,0,2022-09-15
L1NSB01535,PLT003,Adira Finance,Multifinance,Motor & elektronik,Ojek online / driver,39,Yogyakarta,1,8,1,0,0,0,1,1,1,3.8,11,2022-01-22
L1NSB01536,PLT003,Adira Finance,Multifinance,Motor & elektronik,Penjahit / konveksi,28,Jakarta Timur,3,8,1,1,0,1,1,0,0,0.0,0,2022-07-16
L1NSB01537,PLT002,Modal Rakyat,P2P Lending,Pedagang & warung,Petani / nelayan,19,Yogyakarta,4,35,1,0,0,0,1,0,0,0.0,0,2022-01-20
L1NSB01538,PLT005,KoinWorks SME,P2P Lending,UKM & usaha kecil,Karyawan kontrak,50,Semarang,3,22,0,1,1,0,1,0,0,0.0,0,2023-01-28
L1NSB01539,PLT005,KoinWorks SME,P2P Lending,UKM & usaha kecil,Petani / nelayan,23,Medan,2,21,1,1,1,0,1,0,0,0.0,0,2022-11-21
L1NSB01540,PLT002,Modal Rakyat,P2P Lending,Pedagang & warung,Ojek online / driver,39,Bandung,2,15,1,1,1,0,0,1,1,4.4,4,2023-02-13
L1NSB01541,PLT003,Adira Finance,Multifinance,Motor & elektronik,Kurir / ekspedisi,28,Palembang,2,9,0,1,1,0,1,1,0,0.0,0,2024-02-27
L1NSB01542,PLT004,BFI Finance,Multifinance,Motor & UMKM,Pedagang pasar / warung,28,Medan,3,21,1,1,1,0,0,0,0,0.0,0,2023-02-20
L1NSB01543,PLT002,Modal Rakyat,P2P Lending,Pedagang & warung,Freelancer digital,30,Pekanbaru,3,19,1,1,0,0,0,1,1,4.3,14,2022-12-14
L1NSB01544,PLT001,Amartha Fintech,P2P Lending,UMKM mikro,Pedagang pasar / warung,25,Depok,3,35,1,0,0,0,1,0,0,0.0,0,2022-01-11
L1NSB01545,PLT001,Amartha Fintech,P2P Lending,UMKM mikro,Karyawan kontrak,24,Jakarta Timur,3,10,1,1,1,0,0,0,0,0.0,0,2022-04-26
L1NSB01546,PLT003,Adira Finance,Multifinance,Motor & elektronik,Kurir / ekspedisi,46,Semarang,2,27,1,1,0,0,1,1,0,0.0,0,2022-10-12
L1NSB01547,PLT005,KoinWorks SME,P2P Lending,UKM & usaha kecil,Ojek online / driver,38,Bekasi,3,9,1,1,0,0,1,1,1,4.9,11,2023-05-07
L1NSB01548,PLT002,Modal Rakyat,P2P Lending,Pedagang & warung,Karyawan kontrak,52,Tangerang,1,25,1,1,1,0,1,0,0,0.0,0,2022-08-11
L1NSB01549,PLT002,Modal Rakyat,P2P Lending,Pedagang & warung,Pedagang pasar / warung,30,Jakarta Barat,2,10,1,1,0,0,0,0,0,0.0,0,2022-03-07
L1NSB01550,PLT001,Amartha Fintech,P2P Lending,UMKM mikro,Pedagang pasar / warung,35,Semarang,3,14,1,0,1,1,1,0,0,0.0,0,2022-04-25
L1NSB01551,PLT001,Amartha Fintech,P2P Lending,UMKM mikro,Buruh pabrik,47,Jakarta Timur,3,27,1,1,1,0,1,0,0,0.0,0,2022-09-21
L1NSB01552,PLT002,Modal Rakyat,P2P Lending,Pedagang & warung,Ojek online / driver,20,Jakarta Selatan,0,15,1,1,0,0,0,1,0,0.0,0,2022-07-21
L1NSB01553,PLT002,Modal Rakyat,P2P Lending,Pedagang & warung,Kurir / ekspedisi,31,Semarang,3,26,1,0,0,0,1,1,1,4.8,7,2022-01-01
L1NSB01554,PLT003,Adira Finance,Multifinance,Motor & elektronik,Kurir / ekspedisi,29,Bogor,2,27,1,1,1,0,1,1,0,0.0,0,2022-08-10
L1NSB01555,PLT002,Modal Rakyat,P2P Lending,Pedagang & warung,Karyawan kontrak,46,Bogor,3,16,1,0,1,1,1,0,0,0.0,0,2023-01-30
L1NSB01556,PLT002,Modal Rakyat,P2P Lending,Pedagang & warung,Pedagang pasar / warung,49,Bandung,4,6,1,1,1,1,1,0,0,0.0,0,2024-02-26
L1NSB01557,PLT004,BFI Finance,Multifinance,Motor & UMKM,Ojek online / driver,48,Jakarta Barat,1,16,1,1,1,0,0,1,1,4.3,6,2022-08-20
L1NSB01558,PLT005,KoinWorks SME,P2P Lending,UKM & usaha kecil,Ojek online / driver,51,Yogyakarta,2,15,1,0,1,0,0,1,1,4.6,4,2023-05-09
L1NSB01559,PLT004,BFI Finance,Multifinance,Motor & UMKM,Buruh pabrik,21,Bandung,4,24,1,0,1,1,1,0,0,0.0,0,2022-05-17
L1NSB01560,PLT002,Modal Rakyat,P2P Lending,Pedagang & warung,Karyawan kontrak,27,Surabaya,3,29,1,0,1,0,1,0,0,0.0,0,2022-05-29
L1NSB01561,PLT005,KoinWorks SME,P2P Lending,UKM & usaha kecil,Freelancer digital,38,Tangerang,3,32,1,1,1,1,0,1,1,4.1,10,2022-02-13
L1NSB01562,PLT005,KoinWorks SME,P2P Lending,UKM & usaha kecil,Penjahit / konveksi,25,Jakarta Timur,2,21,1,1,1,0,1,0,0,0.0,0,2022-04-25
L1NSB01563,PLT005,KoinWorks SME,P2P Lending,UKM & usaha kecil,Pedagang pasar / warung,46,Makassar,2,1,1,1,1,0,1,0,0,0.0,0,2024-08-31
L1NSB01564,PLT002,Modal Rakyat,P2P Lending,Pedagang & warung,Karyawan kontrak,45,Bandung,3,20,1,1,1,0,1,0,0,0.0,0,2022-11-01
L1NSB01565,PLT004,BFI Finance,Multifinance,Motor & UMKM,Pedagang pasar / warung,50,Bekasi,3,36,1,1,1,0,0,0,0,0.0,0,2022-01-10
L1NSB01566,PLT001,Amartha Fintech,P2P Lending,UMKM mikro,Buruh pabrik,34,Bekasi,3,30,1,1,0,0,1,0,0,0.0,0,2022-04-08
L1NSB01567,PLT003,Adira Finance,Multifinance,Motor & elektronik,Karyawan kontrak,20,Bekasi,4,19,1,1,0,0,1,0,0,0.0,0,2022-12-01
L1NSB01568,PLT002,Modal Rakyat,P2P Lending,Pedagang & warung,Ojek online / driver,21,Jakarta Timur,4,26,1,1,0,0,1,1,0,0.0,0,2022-04-02
L1NSB01569,PLT003,Adira Finance,Multifinance,Motor & elektronik,Kurir / ekspedisi,35,Tangerang,2,34,1,0,1,0,1,1,1,4.7,9,2022-03-11
L1NSB01570,PLT005,KoinWorks SME,P2P Lending,UKM & usaha kecil,Pedagang pasar / warung,49,Bekasi,2,7,1,1,1,0,1,0,0,0.0,0,2023-01-15
L1NSB01571,PLT001,Amartha Fintech,P2P Lending,UMKM mikro,Ojek online / driver,32,Jakarta Selatan,5,23,1,1,1,0,1,1,1,4.5,4,2022-07-03
L1NSB01572,PLT004,BFI Finance,Multifinance,Motor & UMKM,Pedagang pasar / warung,35,Palembang,2,13,1,1,1,1,0,0,0,0.0,0,2022-02-23
L1NSB01573,PLT005,KoinWorks SME,P2P Lending,UKM & usaha kecil,Karyawan kontrak,20,Makassar,3,8,1,0,1,1,0,0,0,0.0,0,2022-07-28
L1NSB01574,PLT004,BFI Finance,Multifinance,Motor & UMKM,Buruh pabrik,26,Jakarta Selatan,5,15,1,1,1,0,1,0,0,0.0,0,2023-02-07
L1NSB01575,PLT004,BFI Finance,Multifinance,Motor & UMKM,Pedagang pasar / warung,40,Bandung,2,36,1,1,1,0,1,0,0,0.0,0,2022-01-05
L1NSB01576,PLT001,Amartha Fintech,P2P Lending,UMKM mikro,Pedagang pasar / warung,41,Medan,4,28,1,0,1,1,0,0,0,0.0,0,2022-03-05
L1NSB01577,PLT005,KoinWorks SME,P2P Lending,UKM & usaha kecil,Ojek online / driver,34,Depok,2,19,1,0,1,0,1,1,1,4.5,9,2022-08-17
L1NSB01578,PLT005,KoinWorks SME,P2P Lending,UKM & usaha kecil,Buruh pabrik,29,Jakarta Barat,2,15,1,1,1,0,0,0,0,0.0,0,2022-12-23
L1NSB01579,PLT002,Modal Rakyat,P2P Lending,Pedagang & warung,Ojek online / driver,22,Jakarta Selatan,1,16,1,1,1,1,0,1,1,4.2,14,2023-04-20
L1NSB01580,PLT004,BFI Finance,Multifinance,Motor & UMKM,Ojek online / driver,36,Semarang,2,35,1,1,1,0,0,1,1,3.8,14,2022-02-13
L1NSB01581,PLT003,Adira Finance,Multifinance,Motor & elektronik,Ojek online / driver,39,Jakarta Barat,5,26,1,1,1,0,1,1,0,0.0,0,2022-09-28
L1NSB01582,PLT001,Amartha Fintech,P2P Lending,UMKM mikro,Buruh pabrik,24,Bekasi,4,29,1,1,0,0,0,0,0,0.0,0,2022-03-18
L1NSB01583,PLT004,BFI Finance,Multifinance,Motor & UMKM,Penjahit / konveksi,37,Jakarta Barat,2,30,1,1,1,1,1,0,0,0.0,0,2022-06-04
L1NSB01584,PLT002,Modal Rakyat,P2P Lending,Pedagang & warung,Ojek online / driver,33,Surabaya,4,33,1,0,0,0,0,1,1,4.5,7,2022-03-08
L1NSB01585,PLT005,KoinWorks SME,P2P Lending,UKM & usaha kecil,Pemilik UMKM kecil,46,Bogor,2,3,1,1,1,1,1,0,0,0.0,0,2022-06-28
L1NSB01586,PLT004,BFI Finance,Multifinance,Motor & UMKM,Kurir / ekspedisi,31,Jakarta Selatan,4,19,1,1,0,0,0,1,1,4.0,9,2022-08-06
L1NSB01587,PLT003,Adira Finance,Multifinance,Motor & elektronik,Petani / nelayan,49,Palembang,1,33,1,1,1,0,1,0,0,0.0,0,2022-02-05
L1NSB01588,PLT004,BFI Finance,Multifinance,Motor & UMKM,Kurir / ekspedisi,49,Surabaya,3,25,1,1,0,1,1,1,1,4.7,6,2022-10-22
L1NSB01589,PLT003,Adira Finance,Multifinance,Motor & elektronik,Penjahit / konveksi,46,Bekasi,0,22,1,1,1,0,0,0,0,0.0,0,2022-11-01
L1NSB01590,PLT005,KoinWorks SME,P2P Lending,UKM & usaha kecil,Buruh pabrik,33,Medan,3,2,1,0,1,0,0,0,0,0.0,0,2024-04-18
L1NSB01591,PLT005,KoinWorks SME,P2P Lending,UKM & usaha kecil,Pedagang pasar / warung,37,Jakarta Timur,5,19,1,1,1,0,1,0,0,0.0,0,2023-04-14
L1NSB01592,PLT005,KoinWorks SME,P2P Lending,UKM & usaha kecil,Buruh pabrik,29,Semarang,3,24,1,1,0,0,0,0,0,0.0,0,2022-09-23
L1NSB01593,PLT001,Amartha Fintech,P2P Lending,UMKM mikro,Karyawan kontrak,22,Jakarta Timur,3,10,1,1,1,0,1,0,0,0.0,0,2023-10-09
L1NSB01594,PLT001,Amartha Fintech,P2P Lending,UMKM mikro,Karyawan kontrak,38,Semarang,5,35,1,1,1,1,1,0,0,0.0,0,2022-02-07
L1NSB01595,PLT005,KoinWorks SME,P2P Lending,UKM & usaha kecil,Pedagang pasar / warung,35,Bogor,4,22,1,1,1,0,1,0,0,0.0,0,2022-09-25
L1NSB01596,PLT004,BFI Finance,Multifinance,Motor & UMKM,Pemilik UMKM kecil,25,Jakarta Barat,4,12,1,1,0,0,1,0,0,0.0,0,2022-04-27
L1NSB01597,PLT001,Amartha Fintech,P2P Lending,UMKM mikro,Kurir / ekspedisi,50,Pekanbaru,3,35,1,1,0,0,1,1,1,4.4,13,2022-01-11
L1NSB01598,PLT001,Amartha Fintech,P2P Lending,UMKM mikro,Buruh pabrik,22,Tangerang,4,21,1,1,1,0,0,0,0,0.0,0,2022-02-15
L1NSB01599,PLT003,Adira Finance,Multifinance,Motor & elektronik,Petani / nelayan,20,Palembang,2,30,1,0,1,0,0,0,0,0.0,0,2022-07-11
L1NSB01600,PLT001,Amartha Fintech,P2P Lending,UMKM mikro,Ojek online / driver,34,Palembang,2,6,0,1,1,1,1,1,1,4.5,9,2022-09-07
L1NSB01601,PLT004,BFI Finance,Multifinance,Motor & UMKM,Ojek online / driver,22,Yogyakarta,2,34,1,1,0,0,0,1,1,3.6,6,2022-03-01
L1NSB01602,PLT002,Modal Rakyat,P2P Lending,Pedagang & warung,Buruh pabrik,40,Bogor,3,34,1,1,1,1,0,0,0,0.0,0,2022-03-07
L1NSB01603,PLT005,KoinWorks SME,P2P Lending,UKM & usaha kecil,Buruh pabrik,34,Depok,5,23,1,1,1,0,1,0,0,0.0,0,2023-01-20
L1NSB01604,PLT004,BFI Finance,Multifinance,Motor & UMKM,Ojek online / driver,37,Surabaya,1,16,1,1,0,0,1,1,1,4.0,5,2022-10-25
L1NSB01605,PLT002,Modal Rakyat,P2P Lending,Pedagang & warung,Buruh pabrik,21,Makassar,1,9,1,1,1,0,0,0,0,0.0,0,2023-09-01
L1NSB01606,PLT004,BFI Finance,Multifinance,Motor & UMKM,Pemilik UMKM kecil,43,Bandung,2,1,1,0,0,0,1,0,0,0.0,0,2024-04-24
L1NSB01607,PLT001,Amartha Fintech,P2P Lending,UMKM mikro,Ojek online / driver,25,Medan,0,30,1,1,1,0,1,1,1,3.9,8,2022-04-06
L1NSB01608,PLT001,Amartha Fintech,P2P Lending,UMKM mikro,Ojek online / driver,19,Jakarta Timur,2,32,1,0,0,0,1,1,1,4.3,5,2022-03-08
L1NSB01609,PLT003,Adira Finance,Multifinance,Motor & elektronik,Buruh pabrik,52,Palembang,0,15,1,1,1,0,1,0,0,0.0,0,2023-05-23
L1NSB01610,PLT004,BFI Finance,Multifinance,Motor & UMKM,Pedagang pasar / warung,19,Medan,4,12,1,1,1,1,1,0,0,0.0,0,2022-11-24
L1NSB01611,PLT003,Adira Finance,Multifinance,Motor & elektronik,Ojek online / driver,34,Pekanbaru,4,22,1,1,0,0,1,1,1,3.5,10,2022-10-14
L1NSB01612,PLT001,Amartha Fintech,P2P Lending,UMKM mikro,Karyawan kontrak,43,Pekanbaru,3,18,1,1,0,0,0,0,0,0.0,0,2023-06-20
L1NSB01613,PLT001,Amartha Fintech,P2P Lending,UMKM mikro,Kurir / ekspedisi,32,Semarang,0,31,1,1,1,0,0,1,1,4.6,11,2022-03-06
L1NSB01614,PLT001,Amartha Fintech,P2P Lending,UMKM mikro,Pedagang pasar / warung,19,Medan,4,1,1,0,1,0,1,0,0,0.0,0,2022-02-17
L1NSB01615,PLT002,Modal Rakyat,P2P Lending,Pedagang & warung,Kurir / ekspedisi,44,Jakarta Timur,3,23,1,0,0,0,1,1,1,4.8,5,2023-01-06
L1NSB01616,PLT003,Adira Finance,Multifinance,Motor & elektronik,Buruh pabrik,27,Jakarta Selatan,4,18,1,0,0,0,1,0,0,0.0,0,2022-10-06
L1NSB01617,PLT001,Amartha Fintech,P2P Lending,UMKM mikro,Kurir / ekspedisi,29,Bekasi,5,24,1,0,1,0,1,1,1,4.0,14,2022-03-15
L1NSB01618,PLT003,Adira Finance,Multifinance,Motor & elektronik,Kurir / ekspedisi,48,Jakarta Selatan,5,36,1,1,1,1,1,1,1,3.8,5,2022-01-10
L1NSB01619,PLT002,Modal Rakyat,P2P Lending,Pedagang & warung,Pedagang pasar / warung,19,Bekasi,2,14,1,0,1,0,0,0,0,0.0,0,2023-06-23
L1NSB01620,PLT004,BFI Finance,Multifinance,Motor & UMKM,Ojek online / driver,43,Depok,0,4,1,0,0,0,0,1,1,3.7,4,2022-12-10
L1NSB01621,PLT002,Modal Rakyat,P2P Lending,Pedagang & warung,Buruh pabrik,45,Yogyakarta,2,9,1,1,1,0,0,0,0,0.0,0,2023-05-03
L1NSB01622,PLT005,KoinWorks SME,P2P Lending,UKM & usaha kecil,Pedagang pasar / warung,22,Jakarta Barat,2,32,1,1,1,1,0,0,0,0.0,0,2022-04-29
L1NSB01623,PLT001,Amartha Fintech,P2P Lending,UMKM mikro,Pedagang pasar / warung,21,Makassar,3,29,1,0,0,1,1,0,0,0.0,0,2022-05-01
L1NSB01624,PLT001,Amartha Fintech,P2P Lending,UMKM mikro,Freelancer digital,50,Jakarta Timur,5,12,1,1,0,1,1,1,1,4.1,5,2022-04-24
L1NSB01625,PLT005,KoinWorks SME,P2P Lending,UKM & usaha kecil,Ojek online / driver,23,Surabaya,1,1,1,1,1,1,0,1,1,4.0,6,2022-10-23
L1NSB01626,PLT001,Amartha Fintech,P2P Lending,UMKM mikro,Freelancer digital,19,Jakarta Timur,3,22,1,1,0,0,1,1,1,4.5,4,2022-06-06
L1NSB01627,PLT004,BFI Finance,Multifinance,Motor & UMKM,Karyawan kontrak,49,Bogor,2,12,1,0,1,0,1,0,0,0.0,0,2022-08-19
L1NSB01628,PLT002,Modal Rakyat,P2P Lending,Pedagang & warung,Buruh pabrik,24,Makassar,2,30,1,1,1,1,1,0,0,0.0,0,2022-03-30
L1NSB01629,PLT003,Adira Finance,Multifinance,Motor & elektronik,Freelancer digital,41,Jakarta Barat,1,25,0,0,1,0,1,1,1,4.9,5,2022-08-09
L1NSB01630,PLT005,KoinWorks SME,P2P Lending,UKM & usaha kecil,Penjahit / konveksi,37,Yogyakarta,3,35,1,1,1,1,1,0,0,0.0,0,2022-01-27
L1NSB01631,PLT002,Modal Rakyat,P2P Lending,Pedagang & warung,Pedagang pasar / warung,43,Jakarta Selatan,2,1,1,1,1,0,1,0,0,0.0,0,2022-07-01
L1NSB01632,PLT005,KoinWorks SME,P2P Lending,UKM & usaha kecil,Ojek online / driver,21,Surabaya,5,19,1,1,0,0,0,1,1,4.6,12,2022-07-26
L1NSB01633,PLT004,BFI Finance,Multifinance,Motor & UMKM,Freelancer digital,27,Pekanbaru,1,13,1,1,0,0,1,1,1,4.9,12,2022-08-18
L1NSB01634,PLT005,KoinWorks SME,P2P Lending,UKM & usaha kecil,Pemilik UMKM kecil,45,Tangerang,1,18,1,0,1,0,1,0,0,0.0,0,2023-05-19
L1NSB01635,PLT002,Modal Rakyat,P2P Lending,Pedagang & warung,Penjahit / konveksi,41,Bogor,3,22,0,0,0,0,0,0,0,0.0,0,2022-05-08
L1NSB01636,PLT003,Adira Finance,Multifinance,Motor & elektronik,Petani / nelayan,44,Surabaya,3,16,1,1,0,0,1,0,0,0.0,0,2022-04-03
L1NSB01637,PLT001,Amartha Fintech,P2P Lending,UMKM mikro,Pedagang pasar / warung,44,Palembang,3,1,0,1,1,0,1,0,0,0.0,0,2023-04-27
L1NSB01638,PLT002,Modal Rakyat,P2P Lending,Pedagang & warung,Petani / nelayan,31,Bogor,3,30,1,1,1,1,1,0,0,0.0,0,2022-06-08
L1NSB01639,PLT001,Amartha Fintech,P2P Lending,UMKM mikro,Buruh pabrik,40,Bekasi,2,35,1,1,1,1,1,0,0,0.0,0,2022-01-17
L1NSB01640,PLT004,BFI Finance,Multifinance,Motor & UMKM,Pedagang pasar / warung,22,Jakarta Selatan,1,33,1,0,1,1,1,0,0,0.0,0,2022-02-27
L1NSB01641,PLT001,Amartha Fintech,P2P Lending,UMKM mikro,Pemilik UMKM kecil,52,Bogor,3,6,1,1,1,0,0,0,0,0.0,0,2024-02-17
L1NSB01642,PLT005,KoinWorks SME,P2P Lending,UKM & usaha kecil,Pemilik UMKM kecil,38,Jakarta Timur,2,2,1,1,1,0,1,0,0,0.0,0,2023-05-05
L1NSB01643,PLT003,Adira Finance,Multifinance,Motor & elektronik,Buruh pabrik,20,Surabaya,2,21,1,1,1,0,1,0,0,0.0,0,2022-07-27
L1NSB01644,PLT004,BFI Finance,Multifinance,Motor & UMKM,Buruh pabrik,22,Jakarta Barat,4,4,1,1,1,0,0,0,0,0.0,0,2024-07-21
L1NSB01645,PLT001,Amartha Fintech,P2P Lending,UMKM mikro,Petani / nelayan,28,Bogor,1,9,1,1,1,1,1,0,0,0.0,0,2023-02-05
L1NSB01646,PLT002,Modal Rakyat,P2P Lending,Pedagang & warung,Ojek online / driver,41,Semarang,2,5,1,1,1,0,1,1,1,5.0,10,2022-08-16
L1NSB01647,PLT003,Adira Finance,Multifinance,Motor & elektronik,Pemilik UMKM kecil,20,Jakarta Selatan,3,19,1,1,1,0,0,0,0,0.0,0,2022-04-20
L1NSB01648,PLT005,KoinWorks SME,P2P Lending,UKM & usaha kecil,Ojek online / driver,45,Jakarta Barat,0,12,1,1,0,0,1,1,1,3.7,4,2023-09-09
L1NSB01649,PLT002,Modal Rakyat,P2P Lending,Pedagang & warung,Pedagang pasar / warung,35,Bandung,0,27,0,0,1,0,1,0,0,0.0,0,2022-03-31
L1NSB01650,PLT002,Modal Rakyat,P2P Lending,Pedagang & warung,Pemilik UMKM kecil,27,Medan,3,28,1,0,0,1,1,0,0,0.0,0,2022-01-06
L1NSB01651,PLT004,BFI Finance,Multifinance,Motor & UMKM,Petani / nelayan,46,Palembang,2,21,1,1,1,1,1,0,0,0.0,0,2023-01-07
L1NSB01652,PLT001,Amartha Fintech,P2P Lending,UMKM mikro,Pemilik UMKM kecil,38,Makassar,2,12,1,1,1,0,1,0,0,0.0,0,2022-01-26
L1NSB01653,PLT001,Amartha Fintech,P2P Lending,UMKM mikro,Freelancer digital,40,Depok,1,1,1,1,1,1,1,1,1,4.8,8,2024-05-13
L1NSB01654,PLT001,Amartha Fintech,P2P Lending,UMKM mikro,Kurir / ekspedisi,45,Semarang,5,11,1,1,0,0,1,1,1,3.8,11,2023-06-06
L1NSB01655,PLT004,BFI Finance,Multifinance,Motor & UMKM,Karyawan kontrak,43,Bogor,0,23,1,1,1,1,0,0,0,0.0,0,2022-11-15
L1NSB01656,PLT004,BFI Finance,Multifinance,Motor & UMKM,Penjahit / konveksi,45,Pekanbaru,4,35,1,1,0,0,1,0,0,0.0,0,2022-02-12
L1NSB01657,PLT002,Modal Rakyat,P2P Lending,Pedagang & warung,Kurir / ekspedisi,32,Tangerang,1,1,0,1,0,0,1,1,1,4.0,6,2023-10-04
L1NSB01658,PLT003,Adira Finance,Multifinance,Motor & elektronik,Karyawan kontrak,38,Jakarta Selatan,1,20,1,1,1,0,1,0,0,0.0,0,2022-06-22
L1NSB01659,PLT004,BFI Finance,Multifinance,Motor & UMKM,Karyawan kontrak,41,Jakarta Timur,4,23,1,1,0,0,1,0,0,0.0,0,2022-11-26
L1NSB01660,PLT001,Amartha Fintech,P2P Lending,UMKM mikro,Karyawan kontrak,25,Makassar,4,32,1,1,0,0,0,0,0,0.0,0,2022-04-20
L1NSB01661,PLT002,Modal Rakyat,P2P Lending,Pedagang & warung,Pedagang pasar / warung,40,Makassar,2,19,1,1,1,0,1,0,0,0.0,0,2023-03-06
L1NSB01662,PLT005,KoinWorks SME,P2P Lending,UKM & usaha kecil,Ojek online / driver,44,Bandung,2,17,1,0,1,1,1,1,1,3.7,9,2022-10-13
L1NSB01663,PLT001,Amartha Fintech,P2P Lending,UMKM mikro,Karyawan kontrak,30,Depok,0,2,1,1,0,0,1,0,0,0.0,0,2023-05-06
L1NSB01664,PLT004,BFI Finance,Multifinance,Motor & UMKM,Ojek online / driver,51,Bandung,3,4,1,0,0,0,0,1,1,4.7,13,2022-02-20
L1NSB01665,PLT001,Amartha Fintech,P2P Lending,UMKM mikro,Ojek online / driver,36,Jakarta Selatan,4,1,1,1,1,0,0,1,1,4.6,13,2024-04-29
L1NSB01666,PLT001,Amartha Fintech,P2P Lending,UMKM mikro,Karyawan kontrak,25,Bogor,5,25,1,0,1,0,1,0,0,0.0,0,2022-01-27
L1NSB01667,PLT005,KoinWorks SME,P2P Lending,UKM & usaha kecil,Pedagang pasar / warung,37,Pekanbaru,1,30,1,1,0,0,0,0,0,0.0,0,2022-04-23
L1NSB01668,PLT003,Adira Finance,Multifinance,Motor & elektronik,Pedagang pasar / warung,52,Jakarta Timur,3,8,0,1,1,0,1,0,0,0.0,0,2022-01-04
L1NSB01669,PLT004,BFI Finance,Multifinance,Motor & UMKM,Ojek online / driver,48,Medan,2,4,1,1,1,0,0,1,1,3.7,13,2024-05-04
L1NSB01670,PLT002,Modal Rakyat,P2P Lending,Pedagang & warung,Ojek online / driver,31,Makassar,3,25,1,1,0,0,0,1,1,4.2,10,2022-02-24
L1NSB01671,PLT001,Amartha Fintech,P2P Lending,UMKM mikro,Pedagang pasar / warung,37,Semarang,3,1,1,1,0,0,1,0,0,0.0,0,2022-01-31
L1NSB01672,PLT002,Modal Rakyat,P2P Lending,Pedagang & warung,Freelancer digital,37,Depok,3,9,1,1,0,1,0,1,1,4.7,10,2024-02-21
L1NSB01673,PLT004,BFI Finance,Multifinance,Motor & UMKM,Kurir / ekspedisi,48,Bekasi,3,26,1,0,1,0,1,1,1,4.5,7,2022-07-06
L1NSB01674,PLT002,Modal Rakyat,P2P Lending,Pedagang & warung,Ojek online / driver,22,Yogyakarta,0,8,1,1,1,0,0,1,1,3.8,9,2024-04-12
L1NSB01675,PLT005,KoinWorks SME,P2P Lending,UKM & usaha kecil,Karyawan kontrak,29,Bekasi,2,14,1,1,1,1,1,0,0,0.0,0,2022-10-27
L1NSB01676,PLT005,KoinWorks SME,P2P Lending,UKM & usaha kecil,Ojek online / driver,20,Jakarta Selatan,1,20,1,1,1,1,1,1,1,3.8,6,2023-04-12
L1NSB01677,PLT001,Amartha Fintech,P2P Lending,UMKM mikro,Buruh pabrik,42,Palembang,4,36,1,1,1,1,0,0,0,0.0,0,2022-01-11
L1NSB01678,PLT002,Modal Rakyat,P2P Lending,Pedagang & warung,Pedagang pasar / warung,24,Jakarta Barat,2,1,1,1,1,0,1,0,0,0.0,0,2022-11-15
L1NSB01679,PLT004,BFI Finance,Multifinance,Motor & UMKM,Kurir / ekspedisi,46,Pekanbaru,3,8,1,0,0,0,1,1,0,0.0,0,2022-03-20
L1NSB01680,PLT004,BFI Finance,Multifinance,Motor & UMKM,Penjahit / konveksi,40,Palembang,2,7,1,1,1,0,0,0,0,0.0,0,2022-06-08
L1NSB01681,PLT004,BFI Finance,Multifinance,Motor & UMKM,Penjahit / konveksi,21,Palembang,4,30,1,1,0,0,0,0,0,0.0,0,2022-04-05
L1NSB01682,PLT003,Adira Finance,Multifinance,Motor & elektronik,Buruh pabrik,48,Surabaya,3,10,0,0,0,0,0,0,0,0.0,0,2022-05-06
L1NSB01683,PLT003,Adira Finance,Multifinance,Motor & elektronik,Buruh pabrik,35,Palembang,0,31,1,1,0,0,0,0,0,0.0,0,2022-03-23
L1NSB01684,PLT003,Adira Finance,Multifinance,Motor & elektronik,Pemilik UMKM kecil,52,Jakarta Selatan,3,12,1,1,0,0,1,0,0,0.0,0,2023-11-19
L1NSB01685,PLT002,Modal Rakyat,P2P Lending,Pedagang & warung,Buruh pabrik,29,Medan,4,12,1,1,0,0,1,0,0,0.0,0,2022-07-10
L1NSB01686,PLT005,KoinWorks SME,P2P Lending,UKM & usaha kecil,Kurir / ekspedisi,38,Jakarta Selatan,4,29,1,1,0,0,1,1,1,4.2,5,2022-06-30
L1NSB01687,PLT002,Modal Rakyat,P2P Lending,Pedagang & warung,Pemilik UMKM kecil,32,Yogyakarta,1,36,1,1,1,0,1,0,0,0.0,0,2022-01-14
L1NSB01688,PLT005,KoinWorks SME,P2P Lending,UKM & usaha kecil,Karyawan kontrak,22,Bandung,1,2,1,1,1,1,1,0,0,0.0,0,2022-04-28
L1NSB01689,PLT003,Adira Finance,Multifinance,Motor & elektronik,Karyawan kontrak,34,Bekasi,2,1,1,0,1,1,1,0,0,0.0,0,2024-05-06
L1NSB01690,PLT001,Amartha Fintech,P2P Lending,UMKM mikro,Pemilik UMKM kecil,39,Medan,2,29,1,1,0,0,1,0,0,0.0,0,2022-04-26
L1NSB01691,PLT001,Amartha Fintech,P2P Lending,UMKM mikro,Petani / nelayan,51,Medan,3,30,1,1,0,0,0,0,0,0.0,0,2022-01-08
L1NSB01692,PLT002,Modal Rakyat,P2P Lending,Pedagang & warung,Karyawan kontrak,52,Bekasi,3,10,1,1,1,0,0,0,0,0.0,0,2022-07-04
L1NSB01693,PLT001,Amartha Fintech,P2P Lending,UMKM mikro,Petani / nelayan,30,Makassar,4,10,1,0,0,0,1,0,0,0.0,0,2023-03-13
L1NSB01694,PLT005,KoinWorks SME,P2P Lending,UKM & usaha kecil,Ojek online / driver,50,Jakarta Barat,3,28,1,1,0,1,1,1,1,4.8,10,2022-04-30
L1NSB01695,PLT001,Amartha Fintech,P2P Lending,UMKM mikro,Buruh pabrik,25,Pekanbaru,4,28,1,0,1,1,0,0,0,0.0,0,2022-07-31
L1NSB01696,PLT005,KoinWorks SME,P2P Lending,UKM & usaha kecil,Karyawan kontrak,19,Jakarta Barat,0,18,1,1,1,0,1,0,0,0.0,0,2022-03-15
L1NSB01697,PLT004,BFI Finance,Multifinance,Motor & UMKM,Buruh pabrik,20,Bogor,4,14,1,0,1,0,1,0,0,0.0,0,2022-01-12
L1NSB01698,PLT001,Amartha Fintech,P2P Lending,UMKM mikro,Pedagang pasar / warung,31,Depok,4,12,1,1,0,0,1,0,0,0.0,0,2023-03-28
L1NSB01699,PLT002,Modal Rakyat,P2P Lending,Pedagang & warung,Kurir / ekspedisi,47,Bandung,1,16,1,0,0,0,1,1,1,4.0,4,2022-12-25
L1NSB01700,PLT005,KoinWorks SME,P2P Lending,UKM & usaha kecil,Petani / nelayan,39,Jakarta Barat,1,15,1,0,1,0,1,0,0,0.0,0,2022-03-31
L1NSB01701,PLT002,Modal Rakyat,P2P Lending,Pedagang & warung,Penjahit / konveksi,26,Pekanbaru,0,25,1,1,0,1,1,0,0,0.0,0,2022-08-09
L1NSB01702,PLT004,BFI Finance,Multifinance,Motor & UMKM,Buruh pabrik,40,Pekanbaru,2,11,1,0,1,0,0,0,0,0.0,0,2023-10-01
L1NSB01703,PLT005,KoinWorks SME,P2P Lending,UKM & usaha kecil,Buruh pabrik,47,Yogyakarta,5,1,1,1,0,0,1,0,0,0.0,0,2024-04-25
L1NSB01704,PLT001,Amartha Fintech,P2P Lending,UMKM mikro,Ojek online / driver,19,Makassar,2,7,1,1,0,0,0,1,0,0.0,0,2024-04-25
L1NSB01705,PLT003,Adira Finance,Multifinance,Motor & elektronik,Penjahit / konveksi,34,Medan,1,3,1,1,1,0,0,0,0,0.0,0,2024-09-07
L1NSB01706,PLT002,Modal Rakyat,P2P Lending,Pedagang & warung,Pedagang pasar / warung,30,Jakarta Selatan,2,11,1,0,0,0,1,0,0,0.0,0,2022-03-02
L1NSB01707,PLT001,Amartha Fintech,P2P Lending,UMKM mikro,Freelancer digital,33,Tangerang,2,19,1,1,1,0,1,1,1,4.3,12,2022-08-02
L1NSB01708,PLT005,KoinWorks SME,P2P Lending,UKM & usaha kecil,Pedagang pasar / warung,34,Depok,4,11,1,0,1,0,0,0,0,0.0,0,2022-01-28
L1NSB01709,PLT003,Adira Finance,Multifinance,Motor & elektronik,Kurir / ekspedisi,33,Jakarta Barat,4,9,1,1,1,0,1,1,0,0.0,0,2024-02-09
L1NSB01710,PLT005,KoinWorks SME,P2P Lending,UKM & usaha kecil,Buruh pabrik,27,Jakarta Selatan,3,8,1,1,1,0,1,0,0,0.0,0,2022-10-12
L1NSB01711,PLT002,Modal Rakyat,P2P Lending,Pedagang & warung,Ojek online / driver,19,Bandung,3,12,1,1,1,0,1,1,1,5.0,5,2022-07-05
L1NSB01712,PLT004,BFI Finance,Multifinance,Motor & UMKM,Buruh pabrik,33,Jakarta Barat,2,31,1,1,0,0,1,0,0,0.0,0,2022-02-08
L1NSB01713,PLT005,KoinWorks SME,P2P Lending,UKM & usaha kecil,Freelancer digital,44,Bekasi,0,25,1,1,1,1,1,1,1,4.6,4,2022-10-31
L1NSB01714,PLT002,Modal Rakyat,P2P Lending,Pedagang & warung,Freelancer digital,36,Tangerang,0,9,1,0,1,0,1,1,1,4.0,9,2022-08-03
L1NSB01715,PLT002,Modal Rakyat,P2P Lending,Pedagang & warung,Ojek online / driver,25,Bekasi,5,16,1,0,1,0,1,1,1,3.9,13,2023-01-19
L1NSB01716,PLT003,Adira Finance,Multifinance,Motor & elektronik,Penjahit / konveksi,28,Jakarta Barat,5,33,1,1,0,1,0,0,0,0.0,0,2022-04-12
L1NSB01717,PLT001,Amartha Fintech,P2P Lending,UMKM mikro,Freelancer digital,19,Bekasi,3,35,1,0,1,0,1,1,1,4.8,6,2022-02-05
L1NSB01718,PLT004,BFI Finance,Multifinance,Motor & UMKM,Buruh pabrik,41,Pekanbaru,0,4,1,1,1,0,1,0,0,0.0,0,2023-06-17
L1NSB01719,PLT003,Adira Finance,Multifinance,Motor & elektronik,Freelancer digital,41,Yogyakarta,2,34,1,1,1,1,0,1,1,4.7,6,2022-01-23
L1NSB01720,PLT001,Amartha Fintech,P2P Lending,UMKM mikro,Petani / nelayan,36,Bandung,4,31,1,1,0,0,0,0,0,0.0,0,2022-03-23
L1NSB01721,PLT003,Adira Finance,Multifinance,Motor & elektronik,Ojek online / driver,44,Jakarta Timur,2,36,1,0,0,1,1,1,1,4.7,14,2022-01-10
L1NSB01722,PLT004,BFI Finance,Multifinance,Motor & UMKM,Ojek online / driver,45,Depok,3,17,1,1,0,1,1,1,1,3.9,8,2022-06-29
L1NSB01723,PLT005,KoinWorks SME,P2P Lending,UKM & usaha kecil,Ojek online / driver,19,Medan,4,27,1,1,1,0,1,1,1,4.7,9,2022-01-27
L1NSB01724,PLT005,KoinWorks SME,P2P Lending,UKM & usaha kecil,Buruh pabrik,31,Jakarta Timur,0,5,1,1,0,0,1,0,0,0.0,0,2024-02-18
L1NSB01725,PLT001,Amartha Fintech,P2P Lending,UMKM mikro,Kurir / ekspedisi,34,Tangerang,3,13,1,0,0,1,0,1,1,3.8,4,2023-03-06
L1NSB01726,PLT001,Amartha Fintech,P2P Lending,UMKM mikro,Pemilik UMKM kecil,28,Surabaya,2,32,1,1,0,0,1,0,0,0.0,0,2022-01-15
L1NSB01727,PLT004,BFI Finance,Multifinance,Motor & UMKM,Pemilik UMKM kecil,27,Bandung,1,19,1,1,1,0,1,0,0,0.0,0,2022-06-27
L1NSB01728,PLT002,Modal Rakyat,P2P Lending,Pedagang & warung,Pedagang pasar / warung,24,Surabaya,1,28,1,1,1,0,1,0,0,0.0,0,2022-07-30
L1NSB01729,PLT001,Amartha Fintech,P2P Lending,UMKM mikro,Ojek online / driver,35,Bekasi,5,6,1,1,1,0,1,1,1,4.7,5,2022-07-21
L1NSB01730,PLT004,BFI Finance,Multifinance,Motor & UMKM,Ojek online / driver,49,Makassar,3,25,1,1,1,1,0,1,1,3.8,8,2022-04-03
L1NSB01731,PLT005,KoinWorks SME,P2P Lending,UKM & usaha kecil,Pemilik UMKM kecil,36,Bogor,0,28,1,1,1,0,1,0,0,0.0,0,2022-02-14
L1NSB01732,PLT004,BFI Finance,Multifinance,Motor & UMKM,Freelancer digital,31,Jakarta Timur,1,20,1,0,0,0,1,1,1,3.9,11,2022-05-18
L1NSB01733,PLT003,Adira Finance,Multifinance,Motor & elektronik,Buruh pabrik,40,Palembang,1,13,1,1,0,0,1,0,0,0.0,0,2022-10-28
L1NSB01734,PLT005,KoinWorks SME,P2P Lending,UKM & usaha kecil,Buruh pabrik,33,Bandung,2,9,1,1,0,0,0,0,0,0.0,0,2023-12-25
L1NSB01735,PLT003,Adira Finance,Multifinance,Motor & elektronik,Ojek online / driver,19,Jakarta Selatan,1,22,1,1,1,0,1,1,1,3.6,8,2023-02-04
L1NSB01736,PLT005,KoinWorks SME,P2P Lending,UKM & usaha kecil,Freelancer digital,21,Medan,2,15,1,0,1,0,1,1,1,4.1,5,2023-04-12
L1NSB01737,PLT005,KoinWorks SME,P2P Lending,UKM & usaha kecil,Pemilik UMKM kecil,52,Bekasi,4,18,1,0,1,0,1,0,0,0.0,0,2022-12-26
L1NSB01738,PLT004,BFI Finance,Multifinance,Motor & UMKM,Pedagang pasar / warung,45,Pekanbaru,5,30,1,1,1,0,1,0,0,0.0,0,2022-01-18
L1NSB01739,PLT003,Adira Finance,Multifinance,Motor & elektronik,Freelancer digital,24,Semarang,4,24,1,1,1,1,0,1,1,4.5,13,2022-01-06
L1NSB01740,PLT005,KoinWorks SME,P2P Lending,UKM & usaha kecil,Pedagang pasar / warung,21,Yogyakarta,2,30,1,1,0,0,0,0,0,0.0,0,2022-04-20
L1NSB01741,PLT001,Amartha Fintech,P2P Lending,UMKM mikro,Pedagang pasar / warung,21,Depok,2,16,1,1,1,0,0,0,0,0.0,0,2023-03-27
L1NSB01742,PLT002,Modal Rakyat,P2P Lending,Pedagang & warung,Ojek online / driver,44,Surabaya,4,8,1,0,1,0,1,1,1,4.4,8,2023-09-22
L1NSB01743,PLT001,Amartha Fintech,P2P Lending,UMKM mikro,Karyawan kontrak,47,Semarang,0,33,1,0,1,0,1,0,0,0.0,0,2022-03-02
L1NSB01744,PLT002,Modal Rakyat,P2P Lending,Pedagang & warung,Kurir / ekspedisi,32,Bekasi,4,11,1,1,1,0,1,1,1,4.6,9,2023-10-15
L1NSB01745,PLT003,Adira Finance,Multifinance,Motor & elektronik,Karyawan kontrak,38,Medan,2,9,1,0,1,0,1,0,0,0.0,0,2023-12-18
L1NSB01746,PLT001,Amartha Fintech,P2P Lending,UMKM mikro,Kurir / ekspedisi,44,Makassar,4,29,0,1,0,0,0,1,1,4.4,14,2022-01-04
L1NSB01747,PLT004,BFI Finance,Multifinance,Motor & UMKM,Pedagang pasar / warung,30,Palembang,2,33,1,0,1,1,1,0,0,0.0,0,2022-03-13
L1NSB01748,PLT002,Modal Rakyat,P2P Lending,Pedagang & warung,Buruh pabrik,39,Bogor,3,14,1,0,0,0,1,0,0,0.0,0,2022-11-12
L1NSB01749,PLT005,KoinWorks SME,P2P Lending,UKM & usaha kecil,Pedagang pasar / warung,44,Medan,1,19,1,0,1,0,1,0,0,0.0,0,2022-03-31
L1NSB01750,PLT002,Modal Rakyat,P2P Lending,Pedagang & warung,Pemilik UMKM kecil,38,Makassar,5,2,1,1,1,1,1,0,0,0.0,0,2023-01-03
L1NSB01751,PLT001,Amartha Fintech,P2P Lending,UMKM mikro,Freelancer digital,47,Depok,3,1,1,1,1,1,0,1,1,4.3,8,2023-05-18
L1NSB01752,PLT001,Amartha Fintech,P2P Lending,UMKM mikro,Petani / nelayan,23,Surabaya,5,35,1,1,1,0,1,0,0,0.0,0,2022-01-18
L1NSB01753,PLT002,Modal Rakyat,P2P Lending,Pedagang & warung,Petani / nelayan,40,Bogor,4,34,1,1,1,0,1,0,0,0.0,0,2022-03-16
L1NSB01754,PLT002,Modal Rakyat,P2P Lending,Pedagang & warung,Penjahit / konveksi,51,Jakarta Barat,3,22,0,1,1,0,0,0,0,0.0,0,2022-03-21
L1NSB01755,PLT004,BFI Finance,Multifinance,Motor & UMKM,Freelancer digital,21,Surabaya,2,4,1,1,1,0,1,1,1,3.6,6,2023-06-26
L1NSB01756,PLT002,Modal Rakyat,P2P Lending,Pedagang & warung,Freelancer digital,45,Semarang,2,12,1,1,1,1,0,1,1,4.5,4,2023-06-13
L1NSB01757,PLT005,KoinWorks SME,P2P Lending,UKM & usaha kecil,Freelancer digital,40,Medan,3,12,1,1,0,0,1,1,1,4.4,5,2023-01-30
L1NSB01758,PLT001,Amartha Fintech,P2P Lending,UMKM mikro,Ojek online / driver,49,Bandung,0,26,1,1,1,1,0,1,0,0.0,0,2022-03-31
L1NSB01759,PLT004,BFI Finance,Multifinance,Motor & UMKM,Pedagang pasar / warung,35,Bekasi,2,18,1,1,0,0,1,0,0,0.0,0,2023-06-19
L1NSB01760,PLT004,BFI Finance,Multifinance,Motor & UMKM,Penjahit / konveksi,24,Jakarta Timur,3,1,1,1,1,0,0,0,0,0.0,0,2024-02-05
L1NSB01761,PLT002,Modal Rakyat,P2P Lending,Pedagang & warung,Buruh pabrik,20,Medan,3,6,1,0,0,0,0,0,0,0.0,0,2022-09-30
L1NSB01762,PLT005,KoinWorks SME,P2P Lending,UKM & usaha kecil,Buruh pabrik,22,Depok,2,25,1,1,0,1,0,0,0,0.0,0,2022-06-07
L1NSB01763,PLT001,Amartha Fintech,P2P Lending,UMKM mikro,Buruh pabrik,33,Yogyakarta,4,28,1,1,1,1,1,0,0,0.0,0,2022-05-23
L1NSB01764,PLT001,Amartha Fintech,P2P Lending,UMKM mikro,Pemilik UMKM kecil,44,Pekanbaru,3,18,1,1,1,0,1,0,0,0.0,0,2023-05-26
L1NSB01765,PLT002,Modal Rakyat,P2P Lending,Pedagang & warung,Kurir / ekspedisi,36,Yogyakarta,5,26,1,1,1,0,0,1,1,4.2,13,2022-07-28
L1NSB01766,PLT003,Adira Finance,Multifinance,Motor & elektronik,Freelancer digital,27,Tangerang,0,20,1,1,1,1,1,1,0,0.0,0,2022-05-12
L1NSB01767,PLT002,Modal Rakyat,P2P Lending,Pedagang & warung,Freelancer digital,43,Jakarta Timur,3,11,1,1,0,0,1,1,1,4.9,13,2022-07-01
L1NSB01768,PLT002,Modal Rakyat,P2P Lending,Pedagang & warung,Penjahit / konveksi,43,Medan,2,10,1,1,1,0,0,0,0,0.0,0,2023-07-21
L1NSB01769,PLT004,BFI Finance,Multifinance,Motor & UMKM,Penjahit / konveksi,44,Semarang,0,33,1,1,1,0,1,0,0,0.0,0,2022-01-16
L1NSB01770,PLT002,Modal Rakyat,P2P Lending,Pedagang & warung,Pedagang pasar / warung,30,Jakarta Selatan,1,34,1,1,1,1,0,0,0,0.0,0,2022-03-09
L1NSB01771,PLT002,Modal Rakyat,P2P Lending,Pedagang & warung,Pemilik UMKM kecil,24,Jakarta Timur,5,9,1,0,1,0,0,0,0,0.0,0,2023-12-17
L1NSB01772,PLT004,BFI Finance,Multifinance,Motor & UMKM,Pemilik UMKM kecil,28,Pekanbaru,2,5,1,1,1,0,0,0,0,0.0,0,2023-08-01
L1NSB01773,PLT001,Amartha Fintech,P2P Lending,UMKM mikro,Pedagang pasar / warung,26,Jakarta Selatan,2,14,1,1,0,1,1,0,0,0.0,0,2022-02-03
L1NSB01774,PLT005,KoinWorks SME,P2P Lending,UKM & usaha kecil,Freelancer digital,46,Makassar,5,21,1,1,0,1,1,1,0,0.0,0,2022-06-18
L1NSB01775,PLT005,KoinWorks SME,P2P Lending,UKM & usaha kecil,Pemilik UMKM kecil,28,Jakarta Selatan,2,34,1,1,0,0,1,0,0,0.0,0,2022-01-14
L1NSB01776,PLT005,KoinWorks SME,P2P Lending,UKM & usaha kecil,Pemilik UMKM kecil,44,Jakarta Timur,3,35,1,1,0,1,1,0,0,0.0,0,2022-01-01
L1NSB01777,PLT001,Amartha Fintech,P2P Lending,UMKM mikro,Buruh pabrik,42,Depok,5,1,1,1,0,0,1,0,0,0.0,0,2022-11-10
L1NSB01778,PLT003,Adira Finance,Multifinance,Motor & elektronik,Karyawan kontrak,19,Bekasi,5,16,1,1,0,0,0,0,0,0.0,0,2022-07-18
L1NSB01779,PLT004,BFI Finance,Multifinance,Motor & UMKM,Freelancer digital,39,Pekanbaru,1,26,1,0,1,0,0,1,1,5.0,4,2022-02-14
L1NSB01780,PLT005,KoinWorks SME,P2P Lending,UKM & usaha kecil,Karyawan kontrak,30,Jakarta Selatan,3,10,1,1,1,0,1,0,0,0.0,0,2023-06-13
L1NSB01781,PLT004,BFI Finance,Multifinance,Motor & UMKM,Pedagang pasar / warung,48,Jakarta Selatan,2,13,1,0,0,1,0,0,0,0.0,0,2023-07-18
L1NSB01782,PLT005,KoinWorks SME,P2P Lending,UKM & usaha kecil,Ojek online / driver,36,Surabaya,3,28,0,1,1,1,1,1,1,3.6,4,2022-08-29
L1NSB01783,PLT004,BFI Finance,Multifinance,Motor & UMKM,Pedagang pasar / warung,23,Palembang,0,31,1,1,1,1,1,0,0,0.0,0,2022-03-03
L1NSB01784,PLT002,Modal Rakyat,P2P Lending,Pedagang & warung,Penjahit / konveksi,41,Jakarta Barat,4,18,1,0,0,0,0,0,0,0.0,0,2023-06-06
L1NSB01785,PLT001,Amartha Fintech,P2P Lending,UMKM mikro,Buruh pabrik,24,Yogyakarta,3,7,1,1,0,0,1,0,0,0.0,0,2022-09-12
L1NSB01786,PLT005,KoinWorks SME,P2P Lending,UKM & usaha kecil,Freelancer digital,44,Jakarta Selatan,4,32,1,0,0,0,1,1,1,4.6,9,2022-01-31
L1NSB01787,PLT005,KoinWorks SME,P2P Lending,UKM & usaha kecil,Pedagang pasar / warung,20,Palembang,0,16,1,1,1,0,1,0,0,0.0,0,2022-08-03
L1NSB01788,PLT005,KoinWorks SME,P2P Lending,UKM & usaha kecil,Buruh pabrik,29,Palembang,2,3,1,1,1,0,1,0,0,0.0,0,2024-09-22
L1NSB01789,PLT001,Amartha Fintech,P2P Lending,UMKM mikro,Freelancer digital,19,Jakarta Timur,4,26,1,1,0,1,1,1,1,4.6,7,2022-05-02
L1NSB01790,PLT003,Adira Finance,Multifinance,Motor & elektronik,Petani / nelayan,27,Depok,5,4,1,1,1,0,0,0,0,0.0,0,2024-07-10
L1NSB01791,PLT001,Amartha Fintech,P2P Lending,UMKM mikro,Karyawan kontrak,46,Surabaya,1,3,1,1,1,1,0,0,0,0.0,0,2024-09-29
L1NSB01792,PLT001,Amartha Fintech,P2P Lending,UMKM mikro,Freelancer digital,24,Semarang,3,19,1,0,0,1,0,1,1,3.7,9,2022-12-13
L1NSB01793,PLT005,KoinWorks SME,P2P Lending,UKM & usaha kecil,Ojek online / driver,29,Palembang,5,26,1,1,0,0,0,1,1,4.7,14,2022-03-17
L1NSB01794,PLT001,Amartha Fintech,P2P Lending,UMKM mikro,Pedagang pasar / warung,49,Makassar,3,1,1,1,0,0,1,0,0,0.0,0,2022-04-27
L1NSB01795,PLT005,KoinWorks SME,P2P Lending,UKM & usaha kecil,Petani / nelayan,27,Bogor,3,13,1,1,0,0,1,0,0,0.0,0,2022-09-07
L1NSB01796,PLT005,KoinWorks SME,P2P Lending,UKM & usaha kecil,Pedagang pasar / warung,50,Palembang,3,25,1,0,1,0,1,0,0,0.0,0,2022-01-02
L1NSB01797,PLT003,Adira Finance,Multifinance,Motor & elektronik,Pedagang pasar / warung,19,Jakarta Timur,5,25,1,1,0,0,1,0,0,0.0,0,2022-01-04
L1NSB01798,PLT002,Modal Rakyat,P2P Lending,Pedagang & warung,Penjahit / konveksi,52,Bandung,2,4,1,1,0,0,1,0,0,0.0,0,2022-01-09
L1NSB01799,PLT003,Adira Finance,Multifinance,Motor & elektronik,Ojek online / driver,52,Bogor,1,6,1,1,1,0,1,1,0,0.0,0,2022-02-14
L1NSB01800,PLT005,KoinWorks SME,P2P Lending,UKM & usaha kecil,Ojek online / driver,29,Jakarta Selatan,4,16,1,0,0,0,0,1,1,4.7,11,2023-08-06
L1NSB01801,PLT004,BFI Finance,Multifinance,Motor & UMKM,Petani / nelayan,42,Depok,3,8,1,1,1,0,1,0,0,0.0,0,2022-02-14
L1NSB01802,PLT002,Modal Rakyat,P2P Lending,Pedagang & warung,Penjahit / konveksi,48,Tangerang,5,32,1,1,0,0,1,0,0,0.0,0,2022-01-12
L1NSB01803,PLT003,Adira Finance,Multifinance,Motor & elektronik,Pedagang pasar / warung,37,Yogyakarta,1,19,1,0,0,0,1,0,0,0.0,0,2023-02-03
L1NSB01804,PLT003,Adira Finance,Multifinance,Motor & elektronik,Freelancer digital,52,Depok,2,19,1,1,1,0,1,1,1,4.4,14,2022-05-07
L1NSB01805,PLT004,BFI Finance,Multifinance,Motor & UMKM,Freelancer digital,22,Tangerang,3,27,1,0,1,0,1,1,0,0.0,0,2022-01-16
L1NSB01806,PLT004,BFI Finance,Multifinance,Motor & UMKM,Ojek online / driver,47,Pekanbaru,0,10,1,1,1,0,1,1,1,4.0,9,2023-01-19
L1NSB01807,PLT002,Modal Rakyat,P2P Lending,Pedagang & warung,Petani / nelayan,23,Surabaya,2,15,1,1,0,0,0,0,0,0.0,0,2022-12-22
L1NSB01808,PLT005,KoinWorks SME,P2P Lending,UKM & usaha kecil,Buruh pabrik,22,Tangerang,3,9,1,1,0,0,0,0,0,0.0,0,2022-02-27
L1NSB01809,PLT004,BFI Finance,Multifinance,Motor & UMKM,Pemilik UMKM kecil,42,Depok,2,7,1,1,1,1,1,0,0,0.0,0,2023-04-17
L1NSB01810,PLT001,Amartha Fintech,P2P Lending,UMKM mikro,Kurir / ekspedisi,24,Palembang,2,34,1,1,1,0,0,1,1,4.4,10,2022-01-16
L1NSB01811,PLT005,KoinWorks SME,P2P Lending,UKM & usaha kecil,Pedagang pasar / warung,39,Yogyakarta,3,32,1,1,1,0,0,0,0,0.0,0,2022-01-13
L1NSB01812,PLT002,Modal Rakyat,P2P Lending,Pedagang & warung,Pemilik UMKM kecil,49,Pekanbaru,1,31,1,0,0,1,1,0,0,0.0,0,2022-02-17
L1NSB01813,PLT002,Modal Rakyat,P2P Lending,Pedagang & warung,Ojek online / driver,42,Bandung,1,32,1,0,1,0,1,1,1,4.7,6,2022-04-14
L1NSB01814,PLT003,Adira Finance,Multifinance,Motor & elektronik,Pedagang pasar / warung,30,Pekanbaru,4,36,1,1,1,1,1,0,0,0.0,0,2022-01-15
L1NSB01815,PLT004,BFI Finance,Multifinance,Motor & UMKM,Freelancer digital,30,Bekasi,0,11,1,1,1,0,0,1,1,4.0,6,2022-09-02
L1NSB01816,PLT002,Modal Rakyat,P2P Lending,Pedagang & warung,Ojek online / driver,25,Bekasi,2,1,1,1,0,1,1,1,1,3.8,8,2022-05-25
L1NSB01817,PLT005,KoinWorks SME,P2P Lending,UKM & usaha kecil,Freelancer digital,28,Bogor,0,1,1,1,1,1,0,1,1,4.0,10,2024-06-25
L1NSB01818,PLT003,Adira Finance,Multifinance,Motor & elektronik,Buruh pabrik,23,Depok,5,36,1,0,0,1,1,0,0,0.0,0,2022-01-07
L1NSB01819,PLT002,Modal Rakyat,P2P Lending,Pedagang & warung,Pedagang pasar / warung,46,Makassar,2,10,1,1,1,0,1,0,0,0.0,0,2024-01-14
L1NSB01820,PLT005,KoinWorks SME,P2P Lending,UKM & usaha kecil,Petani / nelayan,21,Bandung,3,26,1,1,0,1,0,0,0,0.0,0,2022-01-27
L1NSB01821,PLT002,Modal Rakyat,P2P Lending,Pedagang & warung,Buruh pabrik,21,Tangerang,4,21,1,1,0,0,0,0,0,0.0,0,2022-11-24
L1NSB01822,PLT004,BFI Finance,Multifinance,Motor & UMKM,Karyawan kontrak,38,Yogyakarta,4,4,1,1,0,0,1,0,0,0.0,0,2023-01-11
L1NSB01823,PLT005,KoinWorks SME,P2P Lending,UKM & usaha kecil,Ojek online / driver,48,Bandung,1,9,1,1,1,0,0,1,1,3.9,10,2023-06-05
L1NSB01824,PLT003,Adira Finance,Multifinance,Motor & elektronik,Freelancer digital,44,Bogor,3,17,1,1,0,0,0,1,1,4.4,5,2022-08-11
L1NSB01825,PLT005,KoinWorks SME,P2P Lending,UKM & usaha kecil,Petani / nelayan,50,Yogyakarta,3,35,1,1,1,0,1,0,0,0.0,0,2022-01-28
L1NSB01826,PLT001,Amartha Fintech,P2P Lending,UMKM mikro,Freelancer digital,39,Pekanbaru,1,21,0,1,1,0,0,1,1,4.8,8,2022-03-09
L1NSB01827,PLT002,Modal Rakyat,P2P Lending,Pedagang & warung,Pemilik UMKM kecil,35,Bogor,3,25,1,0,1,0,1,0,0,0.0,0,2022-11-30
L1NSB01828,PLT001,Amartha Fintech,P2P Lending,UMKM mikro,Freelancer digital,25,Tangerang,1,19,1,1,0,0,0,1,1,4.2,6,2022-07-17
L1NSB01829,PLT005,KoinWorks SME,P2P Lending,UKM & usaha kecil,Pemilik UMKM kecil,38,Surabaya,3,20,1,1,1,0,1,0,0,0.0,0,2022-12-23
L1NSB01830,PLT004,BFI Finance,Multifinance,Motor & UMKM,Ojek online / driver,51,Palembang,3,33,1,1,0,0,1,1,1,3.6,14,2022-02-07
L1NSB01831,PLT001,Amartha Fintech,P2P Lending,UMKM mikro,Buruh pabrik,22,Bandung,2,5,1,0,1,0,1,0,0,0.0,0,2024-02-05
L1NSB01832,PLT005,KoinWorks SME,P2P Lending,UKM & usaha kecil,Freelancer digital,36,Bandung,3,2,1,1,1,0,0,1,1,4.1,14,2022-01-08
L1NSB01833,PLT005,KoinWorks SME,P2P Lending,UKM & usaha kecil,Penjahit / konveksi,47,Jakarta Timur,2,13,1,0,1,0,1,0,0,0.0,0,2023-01-29
L1NSB01834,PLT004,BFI Finance,Multifinance,Motor & UMKM,Ojek online / driver,25,Bandung,5,21,1,1,1,0,1,1,1,4.5,12,2022-06-15
L1NSB01835,PLT003,Adira Finance,Multifinance,Motor & elektronik,Karyawan kontrak,41,Bogor,0,32,1,1,0,0,0,0,0,0.0,0,2022-04-09
L1NSB01836,PLT005,KoinWorks SME,P2P Lending,UKM & usaha kecil,Buruh pabrik,52,Palembang,2,27,1,1,0,0,0,0,0,0.0,0,2022-05-11
L1NSB01837,PLT003,Adira Finance,Multifinance,Motor & elektronik,Ojek online / driver,30,Bogor,1,17,1,1,1,0,1,1,1,3.7,7,2023-02-21
L1NSB01838,PLT005,KoinWorks SME,P2P Lending,UKM & usaha kecil,Pemilik UMKM kecil,20,Semarang,5,15,1,1,1,0,1,0,0,0.0,0,2023-02-23
L1NSB01839,PLT002,Modal Rakyat,P2P Lending,Pedagang & warung,Ojek online / driver,38,Palembang,3,18,1,0,1,0,0,1,1,4.6,12,2023-07-02
L1NSB01840,PLT002,Modal Rakyat,P2P Lending,Pedagang & warung,Ojek online / driver,36,Yogyakarta,4,5,1,1,0,1,1,1,1,4.2,11,2024-07-30
L1NSB01841,PLT005,KoinWorks SME,P2P Lending,UKM & usaha kecil,Penjahit / konveksi,27,Pekanbaru,2,18,1,0,0,0,1,0,0,0.0,0,2022-01-14
L1NSB01842,PLT003,Adira Finance,Multifinance,Motor & elektronik,Pedagang pasar / warung,21,Surabaya,5,14,1,1,1,0,1,0,0,0.0,0,2022-01-15
L1NSB01843,PLT005,KoinWorks SME,P2P Lending,UKM & usaha kecil,Pedagang pasar / warung,33,Medan,1,17,1,1,1,0,1,0,0,0.0,0,2023-03-19
L1NSB01844,PLT001,Amartha Fintech,P2P Lending,UMKM mikro,Ojek online / driver,35,Bekasi,2,10,1,1,0,0,0,1,1,4.4,6,2022-10-15
L1NSB01845,PLT005,KoinWorks SME,P2P Lending,UKM & usaha kecil,Karyawan kontrak,20,Surabaya,2,13,1,0,0,0,1,0,0,0.0,0,2022-10-20
L1NSB01846,PLT005,KoinWorks SME,P2P Lending,UKM & usaha kecil,Buruh pabrik,42,Medan,2,24,1,0,0,0,1,0,0,0.0,0,2022-12-18
L1NSB01847,PLT005,KoinWorks SME,P2P Lending,UKM & usaha kecil,Petani / nelayan,31,Jakarta Selatan,4,33,1,1,1,0,1,0,0,0.0,0,2022-03-31
L1NSB01848,PLT005,KoinWorks SME,P2P Lending,UKM & usaha kecil,Karyawan kontrak,36,Jakarta Barat,3,27,1,1,0,1,1,0,0,0.0,0,2022-07-04
L1NSB01849,PLT005,KoinWorks SME,P2P Lending,UKM & usaha kecil,Buruh pabrik,36,Jakarta Timur,2,30,1,1,1,0,1,0,0,0.0,0,2022-06-29
L1NSB01850,PLT001,Amartha Fintech,P2P Lending,UMKM mikro,Buruh pabrik,30,Pekanbaru,3,14,1,1,1,0,1,0,0,0.0,0,2022-04-03
L1NSB01851,PLT004,BFI Finance,Multifinance,Motor & UMKM,Kurir / ekspedisi,28,Bekasi,5,10,1,1,1,0,1,1,1,4.8,10,2022-08-30
L1NSB01852,PLT002,Modal Rakyat,P2P Lending,Pedagang & warung,Buruh pabrik,28,Depok,1,31,1,1,1,0,0,0,0,0.0,0,2022-05-01
L1NSB01853,PLT005,KoinWorks SME,P2P Lending,UKM & usaha kecil,Ojek online / driver,46,Tangerang,3,18,1,1,1,0,1,1,1,4.7,11,2022-09-23
L1NSB01854,PLT001,Amartha Fintech,P2P Lending,UMKM mikro,Freelancer digital,47,Bandung,4,32,1,0,1,1,1,1,1,4.4,4,2022-02-23
L1NSB01855,PLT004,BFI Finance,Multifinance,Motor & UMKM,Kurir / ekspedisi,41,Medan,1,5,1,1,1,0,1,1,1,4.6,10,2024-04-26
L1NSB01856,PLT005,KoinWorks SME,P2P Lending,UKM & usaha kecil,Pedagang pasar / warung,35,Semarang,2,33,1,0,0,0,0,0,0,0.0,0,2022-01-11
L1NSB01857,PLT002,Modal Rakyat,P2P Lending,Pedagang & warung,Pedagang pasar / warung,44,Makassar,2,7,1,1,1,0,1,0,0,0.0,0,2022-04-01
L1NSB01858,PLT005,KoinWorks SME,P2P Lending,UKM & usaha kecil,Penjahit / konveksi,25,Jakarta Timur,1,35,1,1,1,1,1,0,0,0.0,0,2022-01-02
L1NSB01859,PLT004,BFI Finance,Multifinance,Motor & UMKM,Ojek online / driver,44,Bandung,3,3,1,0,1,0,1,1,1,3.7,12,2022-08-25
L1NSB01860,PLT002,Modal Rakyat,P2P Lending,Pedagang & warung,Pedagang pasar / warung,51,Makassar,0,28,1,1,1,0,1,0,0,0.0,0,2022-09-09
L1NSB01861,PLT003,Adira Finance,Multifinance,Motor & elektronik,Buruh pabrik,45,Pekanbaru,2,34,1,1,1,0,1,0,0,0.0,0,2022-03-04
L1NSB01862,PLT004,BFI Finance,Multifinance,Motor & UMKM,Pedagang pasar / warung,25,Palembang,3,11,1,1,1,0,0,0,0,0.0,0,2023-11-29
L1NSB01863,PLT003,Adira Finance,Multifinance,Motor & elektronik,Buruh pabrik,21,Tangerang,3,9,1,1,1,0,1,0,0,0.0,0,2023-12-29
L1NSB01864,PLT003,Adira Finance,Multifinance,Motor & elektronik,Pedagang pasar / warung,38,Tangerang,5,33,1,0,0,0,1,0,0,0.0,0,2022-03-25
L1NSB01865,PLT001,Amartha Fintech,P2P Lending,UMKM mikro,Karyawan kontrak,33,Makassar,4,21,1,0,1,0,0,0,0,0.0,0,2023-02-24
L1NSB01866,PLT005,KoinWorks SME,P2P Lending,UKM & usaha kecil,Freelancer digital,21,Medan,2,29,1,1,1,0,1,1,1,5.0,14,2022-04-20
L1NSB01867,PLT005,KoinWorks SME,P2P Lending,UKM & usaha kecil,Pedagang pasar / warung,45,Surabaya,2,19,0,1,0,1,1,0,0,0.0,0,2022-11-02
L1NSB01868,PLT001,Amartha Fintech,P2P Lending,UMKM mikro,Ojek online / driver,32,Jakarta Timur,3,21,1,1,1,0,0,1,1,4.2,11,2022-03-24
L1NSB01869,PLT005,KoinWorks SME,P2P Lending,UKM & usaha kecil,Penjahit / konveksi,28,Makassar,0,29,1,1,1,1,0,0,0,0.0,0,2022-05-25
L1NSB01870,PLT001,Amartha Fintech,P2P Lending,UMKM mikro,Pedagang pasar / warung,42,Bogor,4,20,1,1,0,0,0,0,0,0.0,0,2023-01-13
L1NSB01871,PLT003,Adira Finance,Multifinance,Motor & elektronik,Ojek online / driver,41,Makassar,4,17,1,1,1,0,1,1,1,3.9,10,2022-09-18
L1NSB01872,PLT004,BFI Finance,Multifinance,Motor & UMKM,Ojek online / driver,26,Tangerang,0,23,1,1,1,0,1,1,1,4.4,10,2022-01-02
L1NSB01873,PLT003,Adira Finance,Multifinance,Motor & elektronik,Ojek online / driver,29,Bogor,1,11,1,1,1,0,1,1,1,4.8,5,2022-11-04
L1NSB01874,PLT003,Adira Finance,Multifinance,Motor & elektronik,Freelancer digital,43,Yogyakarta,3,4,1,1,1,0,1,1,1,4.6,6,2024-01-07
L1NSB01875,PLT002,Modal Rakyat,P2P Lending,Pedagang & warung,Kurir / ekspedisi,37,Makassar,3,16,1,1,0,0,1,1,1,5.0,4,2023-08-23
L1NSB01876,PLT004,BFI Finance,Multifinance,Motor & UMKM,Petani / nelayan,30,Jakarta Barat,5,36,1,1,1,0,1,0,0,0.0,0,2022-01-14
L1NSB01877,PLT004,BFI Finance,Multifinance,Motor & UMKM,Pemilik UMKM kecil,19,Jakarta Timur,1,21,1,1,0,1,1,0,0,0.0,0,2023-03-11
L1NSB01878,PLT002,Modal Rakyat,P2P Lending,Pedagang & warung,Ojek online / driver,33,Bekasi,3,35,0,1,0,0,1,1,1,4.1,9,2022-01-02
L1NSB01879,PLT001,Amartha Fintech,P2P Lending,UMKM mikro,Buruh pabrik,47,Medan,0,5,1,1,0,0,0,0,0,0.0,0,2022-06-18
L1NSB01880,PLT002,Modal Rakyat,P2P Lending,Pedagang & warung,Pedagang pasar / warung,41,Jakarta Barat,4,30,1,1,0,1,0,0,0,0.0,0,2022-01-14
L1NSB01881,PLT001,Amartha Fintech,P2P Lending,UMKM mikro,Kurir / ekspedisi,34,Surabaya,2,9,1,0,1,1,1,1,1,4.8,14,2023-08-20
L1NSB01882,PLT002,Modal Rakyat,P2P Lending,Pedagang & warung,Freelancer digital,50,Makassar,2,29,1,1,1,0,0,1,1,4.8,12,2022-02-15
L1NSB01883,PLT003,Adira Finance,Multifinance,Motor & elektronik,Buruh pabrik,32,Pekanbaru,1,18,1,1,0,0,1,0,0,0.0,0,2023-07-03
L1NSB01884,PLT002,Modal Rakyat,P2P Lending,Pedagang & warung,Kurir / ekspedisi,38,Surabaya,2,16,1,0,1,0,1,1,1,4.1,11,2022-07-22
L1NSB01885,PLT002,Modal Rakyat,P2P Lending,Pedagang & warung,Buruh pabrik,26,Bekasi,3,30,1,1,1,0,0,0,0,0.0,0,2022-03-16
L1NSB01886,PLT001,Amartha Fintech,P2P Lending,UMKM mikro,Freelancer digital,37,Depok,0,29,1,1,0,0,1,1,1,4.3,4,2022-06-28
L1NSB01887,PLT005,KoinWorks SME,P2P Lending,UKM & usaha kecil,Kurir / ekspedisi,34,Jakarta Barat,1,20,1,0,0,0,0,1,1,4.1,14,2023-02-14
L1NSB01888,PLT001,Amartha Fintech,P2P Lending,UMKM mikro,Kurir / ekspedisi,23,Semarang,4,30,1,1,1,0,1,1,0,0.0,0,2022-01-14
L1NSB01889,PLT004,BFI Finance,Multifinance,Motor & UMKM,Freelancer digital,19,Jakarta Timur,0,28,1,1,0,1,0,1,1,3.8,7,2022-01-18
L1NSB01890,PLT001,Amartha Fintech,P2P Lending,UMKM mikro,Pedagang pasar / warung,22,Jakarta Timur,0,33,1,1,1,1,1,0,0,0.0,0,2022-02-11
L1NSB01891,PLT002,Modal Rakyat,P2P Lending,Pedagang & warung,Ojek online / driver,25,Jakarta Barat,1,19,1,0,1,0,0,1,1,4.6,13,2022-04-08
L1NSB01892,PLT004,BFI Finance,Multifinance,Motor & UMKM,Buruh pabrik,34,Depok,1,34,1,0,0,0,1,0,0,0.0,0,2022-03-17
L1NSB01893,PLT002,Modal Rakyat,P2P Lending,Pedagang & warung,Pedagang pasar / warung,30,Jakarta Selatan,0,24,1,1,0,0,1,0,0,0.0,0,2022-02-08
L1NSB01894,PLT001,Amartha Fintech,P2P Lending,UMKM mikro,Karyawan kontrak,35,Semarang,3,20,1,1,0,0,1,0,0,0.0,0,2023-05-05
L1NSB01895,PLT001,Amartha Fintech,P2P Lending,UMKM mikro,Karyawan kontrak,29,Depok,1,17,1,1,1,0,0,0,0,0.0,0,2023-02-14
L1NSB01896,PLT003,Adira Finance,Multifinance,Motor & elektronik,Karyawan kontrak,38,Medan,2,29,1,0,0,0,1,0,0,0.0,0,2022-07-10
L1NSB01897,PLT001,Amartha Fintech,P2P Lending,UMKM mikro,Petani / nelayan,41,Depok,2,28,1,1,1,1,1,0,0,0.0,0,2022-07-04
L1NSB01898,PLT002,Modal Rakyat,P2P Lending,Pedagang & warung,Freelancer digital,33,Tangerang,4,26,1,0,1,1,1,1,1,4.7,13,2022-05-17
L1NSB01899,PLT004,BFI Finance,Multifinance,Motor & UMKM,Karyawan kontrak,43,Jakarta Timur,2,24,1,1,1,0,1,0,0,0.0,0,2022-05-17
L1NSB01900,PLT004,BFI Finance,Multifinance,Motor & UMKM,Karyawan kontrak,42,Depok,5,16,1,1,0,0,1,0,0,0.0,0,2022-10-05
L1NSB01901,PLT004,BFI Finance,Multifinance,Motor & UMKM,Buruh pabrik,39,Makassar,4,15,1,1,1,0,1,0,0,0.0,0,2023-08-14
L1NSB01902,PLT005,KoinWorks SME,P2P Lending,UKM & usaha kecil,Penjahit / konveksi,34,Jakarta Timur,1,19,1,1,1,0,1,0,0,0.0,0,2022-04-16
L1NSB01903,PLT003,Adira Finance,Multifinance,Motor & elektronik,Buruh pabrik,29,Makassar,5,30,1,1,1,0,1,0,0,0.0,0,2022-03-24
L1NSB01904,PLT003,Adira Finance,Multifinance,Motor & elektronik,Pedagang pasar / warung,37,Bandung,1,36,1,1,0,0,1,0,0,0.0,0,2022-01-05
L1NSB01905,PLT003,Adira Finance,Multifinance,Motor & elektronik,Kurir / ekspedisi,34,Medan,3,35,1,0,0,1,1,1,1,3.7,12,2022-02-14
L1NSB01906,PLT004,BFI Finance,Multifinance,Motor & UMKM,Ojek online / driver,34,Jakarta Selatan,2,32,1,1,0,0,0,1,1,3.5,5,2022-04-19
L1NSB01907,PLT004,BFI Finance,Multifinance,Motor & UMKM,Pemilik UMKM kecil,20,Semarang,2,9,1,1,0,0,0,0,0,0.0,0,2024-03-13
L1NSB01908,PLT002,Modal Rakyat,P2P Lending,Pedagang & warung,Freelancer digital,38,Palembang,2,29,1,1,0,0,1,1,1,3.7,8,2022-04-14
L1NSB01909,PLT002,Modal Rakyat,P2P Lending,Pedagang & warung,Penjahit / konveksi,31,Medan,2,7,1,1,1,1,1,0,0,0.0,0,2022-08-09
L1NSB01910,PLT004,BFI Finance,Multifinance,Motor & UMKM,Karyawan kontrak,35,Semarang,2,6,1,0,1,0,1,0,0,0.0,0,2023-04-17
L1NSB01911,PLT001,Amartha Fintech,P2P Lending,UMKM mikro,Freelancer digital,47,Makassar,5,2,1,1,0,0,1,1,0,0.0,0,2022-08-09
L1NSB01912,PLT002,Modal Rakyat,P2P Lending,Pedagang & warung,Buruh pabrik,20,Jakarta Barat,4,26,1,0,1,0,0,0,0,0.0,0,2022-04-10
L1NSB01913,PLT002,Modal Rakyat,P2P Lending,Pedagang & warung,Pedagang pasar / warung,36,Depok,2,31,1,1,1,1,1,0,0,0.0,0,2022-01-26
L1NSB01914,PLT003,Adira Finance,Multifinance,Motor & elektronik,Ojek online / driver,35,Jakarta Barat,2,4,1,1,1,0,0,1,1,4.3,5,2022-10-17
L1NSB01915,PLT005,KoinWorks SME,P2P Lending,UKM & usaha kecil,Freelancer digital,24,Palembang,4,2,1,1,1,0,1,1,1,4.3,10,2022-09-01
L1NSB01916,PLT004,BFI Finance,Multifinance,Motor & UMKM,Penjahit / konveksi,21,Yogyakarta,4,5,1,1,0,0,1,0,0,0.0,0,2022-09-22
L1NSB01917,PLT005,KoinWorks SME,P2P Lending,UKM & usaha kecil,Penjahit / konveksi,40,Bekasi,0,36,1,0,0,0,0,0,0,0.0,0,2022-01-16
L1NSB01918,PLT005,KoinWorks SME,P2P Lending,UKM & usaha kecil,Pemilik UMKM kecil,25,Surabaya,4,7,1,1,0,0,1,0,0,0.0,0,2022-03-30
L1NSB01919,PLT004,BFI Finance,Multifinance,Motor & UMKM,Ojek online / driver,27,Palembang,1,7,1,1,1,0,0,1,1,4.5,4,2023-06-18
L1NSB01920,PLT005,KoinWorks SME,P2P Lending,UKM & usaha kecil,Karyawan kontrak,24,Bekasi,5,6,1,1,1,0,0,0,0,0.0,0,2023-12-15
L1NSB01921,PLT001,Amartha Fintech,P2P Lending,UMKM mikro,Karyawan kontrak,32,Bandung,0,31,1,1,0,1,0,0,0,0.0,0,2022-05-22
L1NSB01922,PLT001,Amartha Fintech,P2P Lending,UMKM mikro,Ojek online / driver,50,Bekasi,4,8,1,1,1,1,0,1,1,3.7,8,2022-03-19
L1NSB01923,PLT002,Modal Rakyat,P2P Lending,Pedagang & warung,Ojek online / driver,40,Depok,2,22,1,1,1,0,1,1,1,3.9,9,2022-06-15
L1NSB01924,PLT002,Modal Rakyat,P2P Lending,Pedagang & warung,Karyawan kontrak,50,Yogyakarta,0,20,1,0,1,0,1,0,0,0.0,0,2022-12-29
L1NSB01925,PLT004,BFI Finance,Multifinance,Motor & UMKM,Freelancer digital,36,Semarang,0,34,1,1,0,0,1,1,1,3.8,4,2022-01-14
L1NSB01926,PLT005,KoinWorks SME,P2P Lending,UKM & usaha kecil,Pemilik UMKM kecil,40,Bandung,2,29,1,1,1,0,1,0,0,0.0,0,2022-02-07
L1NSB01927,PLT002,Modal Rakyat,P2P Lending,Pedagang & warung,Buruh pabrik,24,Surabaya,2,10,1,0,1,0,0,0,0,0.0,0,2022-01-09
L1NSB01928,PLT004,BFI Finance,Multifinance,Motor & UMKM,Ojek online / driver,21,Jakarta Barat,4,19,1,1,0,1,0,1,1,4.3,10,2022-09-24
L1NSB01929,PLT001,Amartha Fintech,P2P Lending,UMKM mikro,Karyawan kontrak,51,Surabaya,3,7,1,0,1,1,1,0,0,0.0,0,2023-11-20
L1NSB01930,PLT003,Adira Finance,Multifinance,Motor & elektronik,Pemilik UMKM kecil,25,Surabaya,1,9,1,0,1,0,1,0,0,0.0,0,2024-03-22
L1NSB01931,PLT002,Modal Rakyat,P2P Lending,Pedagang & warung,Ojek online / driver,28,Semarang,5,10,1,1,0,0,1,1,1,4.3,9,2023-08-29
L1NSB01932,PLT005,KoinWorks SME,P2P Lending,UKM & usaha kecil,Pedagang pasar / warung,19,Bekasi,2,6,0,1,0,0,0,0,0,0.0,0,2024-03-11
L1NSB01933,PLT001,Amartha Fintech,P2P Lending,UMKM mikro,Petani / nelayan,34,Tangerang,2,2,1,1,0,0,1,0,0,0.0,0,2022-10-26
L1NSB01934,PLT002,Modal Rakyat,P2P Lending,Pedagang & warung,Karyawan kontrak,52,Medan,5,9,1,0,1,0,1,0,0,0.0,0,2023-01-04
L1NSB01935,PLT004,BFI Finance,Multifinance,Motor & UMKM,Kurir / ekspedisi,21,Medan,5,30,1,0,1,0,0,1,1,3.7,8,2022-07-02
L1NSB01936,PLT003,Adira Finance,Multifinance,Motor & elektronik,Pedagang pasar / warung,23,Medan,3,22,1,0,1,1,0,0,0,0.0,0,2022-05-28
L1NSB01937,PLT004,BFI Finance,Multifinance,Motor & UMKM,Kurir / ekspedisi,48,Bekasi,2,9,1,0,1,0,1,1,1,4.1,9,2023-07-27
L1NSB01938,PLT001,Amartha Fintech,P2P Lending,UMKM mikro,Petani / nelayan,33,Surabaya,3,36,1,0,0,0,1,0,0,0.0,0,2022-01-15
L1NSB01939,PLT003,Adira Finance,Multifinance,Motor & elektronik,Pemilik UMKM kecil,34,Pekanbaru,5,26,1,0,1,0,1,0,0,0.0,0,2022-07-10
L1NSB01940,PLT005,KoinWorks SME,P2P Lending,UKM & usaha kecil,Kurir / ekspedisi,20,Semarang,2,18,1,1,0,0,1,1,1,3.6,8,2022-06-06
L1NSB01941,PLT005,KoinWorks SME,P2P Lending,UKM & usaha kecil,Freelancer digital,46,Jakarta Selatan,0,25,1,0,0,0,0,1,1,4.1,4,2022-06-12
L1NSB01942,PLT002,Modal Rakyat,P2P Lending,Pedagang & warung,Buruh pabrik,24,Bogor,2,15,1,1,0,1,0,0,0,0.0,0,2022-01-21
L1NSB01943,PLT005,KoinWorks SME,P2P Lending,UKM & usaha kecil,Pedagang pasar / warung,49,Yogyakarta,2,26,1,0,1,0,0,0,0,0.0,0,2022-09-13
L1NSB01944,PLT002,Modal Rakyat,P2P Lending,Pedagang & warung,Pedagang pasar / warung,19,Semarang,3,19,1,0,0,0,0,0,0,0.0,0,2022-02-02
L1NSB01945,PLT003,Adira Finance,Multifinance,Motor & elektronik,Ojek online / driver,27,Bekasi,4,8,1,1,1,0,0,1,1,4.0,8,2023-08-22
L1NSB01946,PLT001,Amartha Fintech,P2P Lending,UMKM mikro,Buruh pabrik,50,Medan,1,25,0,1,0,0,1,0,0,0.0,0,2022-12-03
L1NSB01947,PLT002,Modal Rakyat,P2P Lending,Pedagang & warung,Freelancer digital,40,Makassar,0,19,1,1,1,0,1,1,1,4.3,7,2022-01-21
L1NSB01948,PLT002,Modal Rakyat,P2P Lending,Pedagang & warung,Freelancer digital,44,Jakarta Timur,2,6,1,0,0,0,0,1,0,0.0,0,2023-02-22
L1NSB01949,PLT004,BFI Finance,Multifinance,Motor & UMKM,Kurir / ekspedisi,30,Bogor,2,8,1,0,0,0,1,1,1,5.0,4,2022-05-10
L1NSB01950,PLT003,Adira Finance,Multifinance,Motor & elektronik,Karyawan kontrak,32,Jakarta Barat,0,15,1,1,0,1,1,0,0,0.0,0,2022-06-04
L1NSB01951,PLT001,Amartha Fintech,P2P Lending,UMKM mikro,Buruh pabrik,22,Jakarta Barat,3,16,1,0,1,0,1,0,0,0.0,0,2022-01-03
L1NSB01952,PLT001,Amartha Fintech,P2P Lending,UMKM mikro,Freelancer digital,30,Yogyakarta,3,22,1,1,0,0,1,1,1,4.6,5,2022-07-08
L1NSB01953,PLT003,Adira Finance,Multifinance,Motor & elektronik,Pemilik UMKM kecil,38,Jakarta Selatan,4,29,1,1,1,0,0,0,0,0.0,0,2022-07-06
L1NSB01954,PLT002,Modal Rakyat,P2P Lending,Pedagang & warung,Ojek online / driver,33,Jakarta Barat,4,25,1,1,1,0,0,1,1,3.9,8,2022-08-16
L1NSB01955,PLT001,Amartha Fintech,P2P Lending,UMKM mikro,Karyawan kontrak,26,Medan,0,19,1,1,1,0,0,0,0,0.0,0,2023-04-08
L1NSB01956,PLT004,BFI Finance,Multifinance,Motor & UMKM,Buruh pabrik,45,Yogyakarta,0,28,1,1,1,0,1,0,0,0.0,0,2022-01-14
L1NSB01957,PLT005,KoinWorks SME,P2P Lending,UKM & usaha kecil,Ojek online / driver,24,Pekanbaru,1,21,1,0,1,1,1,1,1,3.9,14,2022-09-02
L1NSB01958,PLT005,KoinWorks SME,P2P Lending,UKM & usaha kecil,Petani / nelayan,47,Jakarta Selatan,1,25,1,1,1,0,0,0,0,0.0,0,2022-09-06
L1NSB01959,PLT001,Amartha Fintech,P2P Lending,UMKM mikro,Kurir / ekspedisi,28,Jakarta Barat,2,9,1,1,1,0,1,1,1,4.2,5,2022-06-05
L1NSB01960,PLT005,KoinWorks SME,P2P Lending,UKM & usaha kecil,Pedagang pasar / warung,20,Jakarta Selatan,4,2,1,0,1,1,0,0,0,0.0,0,2022-11-01
L1NSB01961,PLT002,Modal Rakyat,P2P Lending,Pedagang & warung,Petani / nelayan,23,Depok,3,10,1,1,1,0,1,0,0,0.0,0,2022-05-10
L1NSB01962,PLT004,BFI Finance,Multifinance,Motor & UMKM,Karyawan kontrak,35,Jakarta Barat,4,32,1,0,1,0,1,0,0,0.0,0,2022-03-29
L1NSB01963,PLT002,Modal Rakyat,P2P Lending,Pedagang & warung,Penjahit / konveksi,27,Jakarta Selatan,1,7,1,1,1,1,1,0,0,0.0,0,2023-03-15
L1NSB01964,PLT004,BFI Finance,Multifinance,Motor & UMKM,Pedagang pasar / warung,46,Surabaya,2,15,1,1,1,0,1,0,0,0.0,0,2022-12-20
L1NSB01965,PLT002,Modal Rakyat,P2P Lending,Pedagang & warung,Pemilik UMKM kecil,34,Surabaya,2,24,1,1,1,0,1,0,0,0.0,0,2022-08-14
L1NSB01966,PLT005,KoinWorks SME,P2P Lending,UKM & usaha kecil,Pedagang pasar / warung,46,Jakarta Timur,2,11,1,1,0,0,0,0,0,0.0,0,2023-10-03
L1NSB01967,PLT002,Modal Rakyat,P2P Lending,Pedagang & warung,Pedagang pasar / warung,45,Medan,1,9,1,1,0,1,1,0,0,0.0,0,2023-11-20
L1NSB01968,PLT001,Amartha Fintech,P2P Lending,UMKM mikro,Penjahit / konveksi,27,Palembang,3,29,1,1,0,1,1,0,0,0.0,0,2022-06-07
L1NSB01969,PLT004,BFI Finance,Multifinance,Motor & UMKM,Freelancer digital,32,Bekasi,1,18,1,0,1,0,1,1,1,4.9,6,2022-07-20
L1NSB01970,PLT003,Adira Finance,Multifinance,Motor & elektronik,Penjahit / konveksi,48,Semarang,1,1,1,1,1,0,1,0,0,0.0,0,2022-08-27
L1NSB01971,PLT005,KoinWorks SME,P2P Lending,UKM & usaha kecil,Pedagang pasar / warung,22,Surabaya,3,2,1,1,1,0,1,0,0,0.0,0,2022-10-22
L1NSB01972,PLT002,Modal Rakyat,P2P Lending,Pedagang & warung,Pedagang pasar / warung,28,Yogyakarta,2,4,1,1,0,0,1,0,0,0.0,0,2024-02-24
L1NSB01973,PLT004,BFI Finance,Multifinance,Motor & UMKM,Ojek online / driver,31,Bandung,0,15,1,1,1,1,1,1,0,0.0,0,2022-05-22
L1NSB01974,PLT002,Modal Rakyat,P2P Lending,Pedagang & warung,Ojek online / driver,22,Bogor,2,34,1,1,0,1,1,1,1,3.8,7,2022-02-27
L1NSB01975,PLT005,KoinWorks SME,P2P Lending,UKM & usaha kecil,Buruh pabrik,51,Jakarta Timur,0,35,1,1,1,0,0,0,0,0.0,0,2022-01-22
L1NSB01976,PLT003,Adira Finance,Multifinance,Motor & elektronik,Freelancer digital,37,Bogor,1,28,1,1,0,1,1,1,1,4.6,4,2022-04-07
L1NSB01977,PLT002,Modal Rakyat,P2P Lending,Pedagang & warung,Pedagang pasar / warung,42,Palembang,4,6,1,1,0,1,1,0,0,0.0,0,2022-03-21
L1NSB01978,PLT001,Amartha Fintech,P2P Lending,UMKM mikro,Penjahit / konveksi,37,Bandung,0,8,1,1,1,0,1,0,0,0.0,0,2022-02-19
L1NSB01979,PLT002,Modal Rakyat,P2P Lending,Pedagang & warung,Pemilik UMKM kecil,51,Medan,2,3,1,1,0,0,0,0,0,0.0,0,2023-01-30
L1NSB01980,PLT005,KoinWorks SME,P2P Lending,UKM & usaha kecil,Pedagang pasar / warung,32,Pekanbaru,2,22,1,1,0,0,0,0,0,0.0,0,2022-06-13
L1NSB01981,PLT003,Adira Finance,Multifinance,Motor & elektronik,Kurir / ekspedisi,31,Jakarta Selatan,2,1,1,1,1,0,1,1,1,4.7,12,2022-07-06
L1NSB01982,PLT005,KoinWorks SME,P2P Lending,UKM & usaha kecil,Ojek online / driver,48,Palembang,2,7,1,1,1,0,0,1,1,4.2,5,2023-02-03
L1NSB01983,PLT004,BFI Finance,Multifinance,Motor & UMKM,Pemilik UMKM kecil,52,Bandung,3,8,1,1,1,0,1,0,0,0.0,0,2023-06-18
L1NSB01984,PLT002,Modal Rakyat,P2P Lending,Pedagang & warung,Freelancer digital,29,Bandung,2,5,1,0,0,0,1,1,1,4.1,8,2023-07-07
L1NSB01985,PLT001,Amartha Fintech,P2P Lending,UMKM mikro,Freelancer digital,46,Tangerang,1,29,1,1,0,1,1,1,1,4.4,12,2022-02-10
L1NSB01986,PLT004,BFI Finance,Multifinance,Motor & UMKM,Buruh pabrik,28,Jakarta Barat,3,30,1,1,0,0,1,0,0,0.0,0,2022-03-10
L1NSB01987,PLT004,BFI Finance,Multifinance,Motor & UMKM,Buruh pabrik,50,Medan,1,14,0,1,0,0,1,0,0,0.0,0,2023-04-19
L1NSB01988,PLT002,Modal Rakyat,P2P Lending,Pedagang & warung,Buruh pabrik,43,Bandung,3,36,1,0,0,0,1,0,0,0.0,0,2022-01-06
L1NSB01989,PLT003,Adira Finance,Multifinance,Motor & elektronik,Ojek online / driver,52,Tangerang,5,20,1,1,0,0,1,1,1,3.5,13,2022-03-06
L1NSB01990,PLT001,Amartha Fintech,P2P Lending,UMKM mikro,Freelancer digital,33,Semarang,4,11,1,1,1,1,1,1,0,0.0,0,2023-05-29
L1NSB01991,PLT003,Adira Finance,Multifinance,Motor & elektronik,Ojek online / driver,27,Yogyakarta,0,31,1,1,0,1,0,1,1,3.6,5,2022-02-06
L1NSB01992,PLT003,Adira Finance,Multifinance,Motor & elektronik,Ojek online / driver,37,Makassar,5,19,1,1,1,0,1,1,1,4.5,11,2022-04-07
L1NSB01993,PLT005,KoinWorks SME,P2P Lending,UKM & usaha kecil,Karyawan kontrak,46,Bogor,2,8,1,1,1,0,1,0,0,0.0,0,2024-03-01
L1NSB01994,PLT004,BFI Finance,Multifinance,Motor & UMKM,Buruh pabrik,48,Bandung,2,19,1,1,1,0,0,0,0,0.0,0,2022-09-30
L1NSB01995,PLT001,Amartha Fintech,P2P Lending,UMKM mikro,Ojek online / driver,42,Jakarta Timur,3,11,1,1,1,1,1,1,1,3.8,11,2023-12-13
L1NSB01996,PLT002,Modal Rakyat,P2P Lending,Pedagang & warung,Ojek online / driver,24,Medan,2,5,1,0,1,0,0,1,1,4.2,7,2024-02-20
L1NSB01997,PLT001,Amartha Fintech,P2P Lending,UMKM mikro,Pedagang pasar / warung,26,Jakarta Barat,1,22,0,1,0,0,1,0,0,0.0,0,2022-01-05
L1NSB01998,PLT001,Amartha Fintech,P2P Lending,UMKM mikro,Kurir / ekspedisi,27,Bandung,1,23,1,1,1,1,1,1,1,4.8,7,2022-05-28
L1NSB01999,PLT005,KoinWorks SME,P2P Lending,UKM & usaha kecil,Kurir / ekspedisi,32,Tangerang,2,32,1,1,0,0,1,1,0,0.0,0,2022-03-04
L1NSB02000,PLT005,KoinWorks SME,P2P Lending,UKM & usaha kecil,Pemilik UMKM kecil,43,Pekanbaru,5,19,1,0,0,1,0,0,0,0.0,0,2023-05-22
