nasabah_id,ew_aktif_bulan,ew_transaksi_per_bulan,ew_avg_nominal,ew_top_up_rutin,ew_spike_sebelum_ajuan,ew_saldo_rata_rata,gig_income_avg_bln,gig_order_per_bln,gig_konsisten_6bln,gig_cancel_rate,listrik_tepat_waktu,listrik_pct_tepat,bpjs_rutin,ecom_trx_per_bln,ecom_avg_nominal,ecom_return_rate,punya_toko_online,omzet_toko_online,pulsa_bulanan,pulsa_konsisten_12bln,platform_ontime_rate,platform_late_days_avg
L1NSB00001,0,0,0,0,0,0,0,0,0,0.0,16,66.7,0,13,266000,0.05,0,0,120000,1,0.67,14
L1NSB00002,24,26,767000,1,0,11000,1822000,67,1,0.11,24,100.0,0,4,60000,0.08,0,0,116000,1,0.69,13
L1NSB00003,24,8,602000,1,0,431000,2673000,303,1,0.07,24,100.0,1,6,423000,0.01,0,0,80000,1,0.74,11
L1NSB00004,12,53,642000,1,0,112000,0,0,0,0.0,14,58.3,0,2,79000,0.01,0,0,80000,0,0.75,11
L1NSB00005,9,5,347000,1,0,32000,0,0,0,0.0,16,66.7,1,16,379000,0.15,0,0,91000,0,0.79,9
L1NSB00006,11,11,666000,1,1,144000,0,0,0,0.0,17,70.8,0,20,277000,0.06,0,0,126000,1,0.79,9
L1NSB00007,6,70,114000,0,0,335000,0,0,0,0.0,20,83.3,0,16,84000,0.05,0,0,97000,1,0.95,2
L1NSB00008,0,0,0,0,0,0,0,0,0,0.0,18,75.0,1,14,483000,0.0,0,0,38000,1,0.94,2
L1NSB00009,8,9,387000,1,0,355000,7887000,175,0,0.1,21,87.5,1,6,359000,0.07,0,0,44000,1,0.99,0
L1NSB00010,15,22,713000,1,0,218000,0,0,0,0.0,19,79.2,0,20,64000,0.11,0,0,144000,1,0.86,6
L1NSB00011,9,70,537000,1,0,74000,0,0,0,0.0,24,100.0,0,16,327000,0.12,0,0,80000,1,0.79,9
L1NSB00012,17,8,119000,1,0,407000,7908000,377,0,0.14,16,66.7,1,18,131000,0.03,0,0,22000,1,0.86,6
L1NSB00013,20,55,117000,1,0,176000,0,0,0,0.0,16,66.7,1,5,331000,0.14,1,18000000,20000,1,0.81,8
L1NSB00014,13,45,609000,1,0,184000,6599000,294,1,0.03,19,79.2,0,0,0,0.0,0,0,146000,1,0.56,19
L1NSB00015,0,0,0,0,0,0,3039000,335,1,0.11,14,58.3,1,10,65000,0.14,0,0,94000,0,0.75,11
L1NSB00016,0,0,0,0,0,0,7895000,248,1,0.09,17,70.8,0,18,85000,0.14,0,0,110000,1,0.71,13
L1NSB00017,8,73,575000,1,0,440000,4026000,319,1,0.02,24,100.0,0,11,446000,0.01,0,0,67000,0,0.82,8
L1NSB00018,11,71,487000,1,0,188000,0,0,0,0.0,24,100.0,1,14,75000,0.09,0,0,70000,0,0.6,18
L1NSB00019,0,0,0,0,0,0,2728000,224,1,0.02,22,91.7,0,12,477000,0.09,0,0,25000,1,0.84,7
L1NSB00020,17,24,215000,0,0,218000,0,0,0,0.0,23,95.8,0,6,470000,0.02,0,0,118000,0,0.57,19
L1NSB00021,21,30,50000,1,0,412000,0,0,0,0.0,16,66.7,1,12,383000,0.11,0,0,135000,1,0.76,10
L1NSB00022,15,8,744000,1,0,410000,0,0,0,0.0,15,62.5,1,20,440000,0.04,0,0,114000,1,0.86,6
L1NSB00023,21,37,80000,1,0,262000,0,0,0,0.0,17,70.8,0,11,380000,0.05,0,0,76000,0,0.88,5
L1NSB00024,14,53,701000,1,0,284000,0,0,0,0.0,24,100.0,1,13,231000,0.14,0,0,88000,1,0.9,4
L1NSB00025,23,34,707000,1,0,290000,5014000,372,0,0.07,21,87.5,1,6,272000,0.15,0,0,81000,0,0.94,2
L1NSB00026,0,0,0,0,0,0,5274000,292,1,0.08,22,91.7,1,19,198000,0.04,0,0,75000,1,0.84,7
L1NSB00027,15,36,776000,1,0,182000,0,0,0,0.0,22,91.7,0,0,0,0.0,0,0,26000,1,0.91,4
L1NSB00028,0,0,0,0,0,0,4114000,80,1,0.11,23,95.8,0,5,322000,0.04,0,0,22000,0,0.64,16
L1NSB00029,11,30,610000,0,0,126000,0,0,0,0.0,21,87.5,0,4,482000,0.15,0,0,108000,1,0.99,0
L1NSB00030,6,35,605000,1,1,80000,0,0,0,0.0,19,79.2,0,17,229000,0.02,0,0,21000,0,0.7,13
L1NSB00031,11,76,126000,1,0,462000,2030000,121,1,0.09,24,100.0,1,7,472000,0.03,0,0,104000,0,0.91,4
L1NSB00032,9,19,175000,0,0,24000,0,0,0,0.0,18,75.0,0,5,255000,0.05,0,0,87000,0,0.75,11
L1NSB00033,18,28,713000,1,0,278000,4477000,303,1,0.04,24,100.0,1,11,228000,0.04,0,0,130000,1,0.91,4
L1NSB00034,8,79,267000,1,1,350000,0,0,0,0.0,18,75.0,0,11,474000,0.05,0,0,136000,1,0.97,1
L1NSB00035,19,22,515000,0,0,222000,0,0,0,0.0,21,87.5,1,6,176000,0.07,0,0,55000,1,0.85,6
L1NSB00036,21,52,463000,1,0,392000,0,0,0,0.0,16,66.7,0,13,181000,0.13,0,0,128000,0,0.67,14
L1NSB00037,9,70,700000,1,0,311000,6590000,80,1,0.04,23,95.8,1,13,173000,0.0,0,0,106000,1,0.75,11
L1NSB00038,21,12,348000,1,0,379000,0,0,0,0.0,23,95.8,1,18,326000,0.02,0,0,127000,1,0.85,6
L1NSB00039,9,27,250000,0,0,407000,0,0,0,0.0,22,91.7,1,17,321000,0.14,0,0,43000,1,0.84,7
L1NSB00040,7,23,408000,1,0,162000,0,0,0,0.0,19,79.2,1,1,489000,0.1,0,0,80000,0,0.66,15
L1NSB00041,21,51,409000,1,0,320000,6494000,82,0,0.06,23,95.8,0,0,0,0.0,0,0,26000,1,0.83,7
L1NSB00042,12,15,563000,1,0,163000,3537000,273,1,0.06,15,62.5,0,1,401000,0.1,0,0,143000,1,0.86,6
L1NSB00043,9,46,46000,1,0,68000,0,0,0,0.0,24,100.0,1,14,359000,0.02,0,0,36000,1,0.65,15
L1NSB00044,11,70,144000,1,0,324000,0,0,0,0.0,15,62.5,1,1,424000,0.08,0,0,60000,0,0.8,8
L1NSB00045,0,0,0,0,0,0,4752000,340,1,0.12,21,87.5,0,6,397000,0.07,0,0,26000,1,0.8,8
L1NSB00046,20,67,31000,1,0,445000,0,0,0,0.0,23,95.8,0,19,480000,0.11,0,0,85000,0,0.57,19
L1NSB00047,11,5,164000,1,0,423000,0,0,0,0.0,22,91.7,1,7,336000,0.07,0,0,99000,1,0.95,2
L1NSB00048,11,45,545000,1,0,34000,0,0,0,0.0,17,70.8,1,20,448000,0.01,0,0,72000,0,0.86,6
L1NSB00049,20,49,334000,1,0,380000,0,0,0,0.0,16,66.7,0,7,453000,0.06,0,0,31000,0,0.66,15
L1NSB00050,23,21,487000,0,1,394000,4068000,101,1,0.05,14,58.3,0,3,329000,0.05,0,0,63000,1,0.66,15
L1NSB00051,7,75,787000,0,0,461000,0,0,0,0.0,24,100.0,1,12,317000,0.02,0,0,126000,1,0.66,15
L1NSB00052,24,16,694000,1,0,135000,7547000,244,1,0.08,22,91.7,1,18,411000,0.05,0,0,31000,0,0.71,13
L1NSB00053,8,37,745000,1,0,252000,0,0,0,0.0,14,58.3,1,0,0,0.0,0,0,131000,0,0.8,8
L1NSB00054,6,73,651000,1,0,244000,1552000,320,1,0.12,23,95.8,1,2,368000,0.04,0,0,113000,1,0.76,10
L1NSB00055,18,49,376000,1,0,105000,5215000,269,1,0.04,21,87.5,0,3,402000,0.11,0,0,126000,1,0.93,3
L1NSB00056,0,0,0,0,0,0,0,0,0,0.0,17,70.8,0,18,231000,0.06,0,0,122000,1,0.72,12
L1NSB00057,0,0,0,0,0,0,7859000,275,1,0.14,19,79.2,1,11,303000,0.03,0,0,142000,1,0.92,3
L1NSB00058,7,26,776000,0,0,484000,7376000,197,1,0.14,18,75.0,0,9,453000,0.06,0,0,146000,1,0.88,5
L1NSB00059,0,0,0,0,0,0,0,0,0,0.0,14,58.3,0,9,398000,0.02,0,0,126000,1,0.86,6
L1NSB00060,11,18,413000,0,0,67000,0,0,0,0.0,23,95.8,1,12,322000,0.11,0,0,87000,1,0.93,3
L1NSB00061,18,45,416000,1,0,313000,0,0,0,0.0,22,91.7,1,15,61000,0.03,0,0,79000,0,0.68,14
L1NSB00062,13,67,729000,1,0,215000,7471000,166,1,0.02,19,79.2,1,18,142000,0.11,0,0,49000,1,0.63,16
L1NSB00063,0,0,0,0,0,0,1972000,246,1,0.04,15,62.5,1,1,185000,0.01,0,0,44000,0,0.75,11
L1NSB00064,10,70,190000,0,0,108000,0,0,0,0.0,14,58.3,0,2,324000,0.02,0,0,122000,1,0.93,3
L1NSB00065,0,0,0,0,0,0,5435000,221,1,0.08,22,91.7,1,20,179000,0.12,0,0,134000,1,0.58,18
L1NSB00066,11,22,139000,1,0,289000,0,0,0,0.0,20,83.3,1,10,263000,0.05,1,18000000,46000,1,0.95,2
L1NSB00067,6,60,108000,1,0,360000,0,0,0,0.0,19,79.2,0,13,491000,0.04,0,0,44000,0,0.76,10
L1NSB00068,0,0,0,0,0,0,0,0,0,0.0,19,79.2,1,11,279000,0.12,0,0,46000,1,0.69,13
L1NSB00069,19,32,529000,1,0,55000,6201000,158,1,0.11,23,95.8,1,20,347000,0.13,0,0,62000,1,0.6,18
L1NSB00070,0,0,0,0,0,0,0,0,0,0.0,17,70.8,1,20,471000,0.0,0,0,109000,0,0.86,6
L1NSB00071,11,19,428000,0,0,109000,0,0,0,0.0,20,83.3,0,3,460000,0.13,0,0,104000,0,0.57,19
L1NSB00072,7,44,735000,1,1,253000,0,0,0,0.0,24,100.0,1,5,357000,0.05,0,0,105000,1,0.7,13
L1NSB00073,19,35,726000,1,0,398000,0,0,0,0.0,15,62.5,0,4,296000,0.13,0,0,75000,1,0.62,17
L1NSB00074,16,48,138000,1,0,436000,0,0,0,0.0,23,95.8,1,5,215000,0.08,0,0,85000,1,0.94,2
L1NSB00075,11,18,750000,1,0,217000,1805000,112,1,0.07,23,95.8,0,19,183000,0.05,0,0,84000,1,0.59,18
L1NSB00076,18,32,83000,1,1,405000,0,0,0,0.0,21,87.5,1,19,254000,0.08,0,0,31000,1,0.74,11
L1NSB00077,0,0,0,0,0,0,0,0,0,0.0,24,100.0,0,9,235000,0.13,0,0,138000,0,0.67,14
L1NSB00078,7,76,797000,1,0,369000,2381000,285,1,0.12,17,70.8,1,10,383000,0.14,0,0,150000,0,0.94,2
L1NSB00079,12,65,226000,1,0,254000,0,0,0,0.0,16,66.7,0,0,0,0.0,0,0,77000,1,0.99,0
L1NSB00080,11,44,165000,1,0,386000,0,0,0,0.0,18,75.0,1,3,402000,0.09,0,0,78000,1,0.58,18
L1NSB00081,0,0,0,0,0,0,7019000,175,0,0.04,19,79.2,1,9,57000,0.01,0,0,99000,0,0.63,16
L1NSB00082,23,39,189000,1,0,90000,7178000,193,1,0.13,19,79.2,1,0,407000,0.09,0,0,43000,0,0.88,5
L1NSB00083,0,0,0,0,0,0,0,0,0,0.0,20,83.3,0,2,222000,0.06,0,0,92000,0,0.77,10
L1NSB00084,0,0,0,0,0,0,0,0,0,0.0,17,70.8,0,19,326000,0.09,0,0,29000,1,0.92,3
L1NSB00085,10,43,362000,1,0,329000,1957000,310,1,0.04,15,62.5,0,2,63000,0.1,0,0,101000,1,0.63,16
L1NSB00086,0,0,0,0,0,0,0,0,0,0.0,23,95.8,0,18,139000,0.01,0,0,117000,1,0.74,11
L1NSB00087,19,27,201000,1,0,285000,4643000,97,1,0.02,15,62.5,1,20,471000,0.08,0,0,24000,1,0.91,4
L1NSB00088,15,21,317000,1,0,160000,1518000,243,1,0.03,17,70.8,0,8,259000,0.03,0,0,78000,1,0.67,14
L1NSB00089,21,52,134000,1,0,205000,0,0,0,0.0,20,83.3,0,19,180000,0.11,0,0,112000,1,0.63,16
L1NSB00090,13,76,210000,1,0,78000,6042000,218,1,0.07,17,70.8,1,10,470000,0.12,0,0,115000,1,0.95,2
L1NSB00091,0,0,0,0,0,0,0,0,0,0.0,21,87.5,0,20,493000,0.0,0,0,128000,0,0.64,16
L1NSB00092,9,65,444000,1,0,73000,0,0,0,0.0,22,91.7,1,16,153000,0.0,0,0,107000,0,0.8,8
L1NSB00093,0,0,0,0,0,0,0,0,0,0.0,21,87.5,0,6,190000,0.15,0,0,122000,1,0.78,9
L1NSB00094,0,0,0,0,0,0,0,0,0,0.0,20,83.3,1,13,280000,0.09,0,0,24000,1,0.6,18
L1NSB00095,6,60,628000,0,0,328000,5107000,92,0,0.14,17,70.8,0,16,183000,0.12,0,0,134000,0,0.73,12
L1NSB00096,17,58,472000,1,1,183000,0,0,0,0.0,15,62.5,0,17,422000,0.08,0,0,44000,1,0.85,6
L1NSB00097,14,77,770000,1,0,365000,0,0,0,0.0,17,70.8,1,11,362000,0.13,0,0,103000,0,0.99,0
L1NSB00098,14,46,47000,1,0,219000,0,0,0,0.0,23,95.8,0,7,298000,0.05,0,0,87000,1,0.91,4
L1NSB00099,0,0,0,0,0,0,0,0,0,0.0,20,83.3,0,2,291000,0.12,0,0,104000,1,0.61,17
L1NSB00100,7,21,368000,0,0,449000,0,0,0,0.0,17,70.8,1,17,215000,0.13,0,0,64000,1,0.94,2
L1NSB00101,0,0,0,0,0,0,0,0,0,0.0,18,75.0,1,16,454000,0.01,0,0,93000,1,0.89,4
L1NSB00102,19,76,83000,1,0,272000,0,0,0,0.0,19,79.2,1,7,59000,0.11,0,0,56000,1,0.81,8
L1NSB00103,0,0,0,0,0,0,6424000,220,0,0.12,24,100.0,1,6,50000,0.11,0,0,114000,0,0.94,2
L1NSB00104,21,63,388000,1,0,34000,3271000,248,1,0.03,17,70.8,0,13,160000,0.04,0,0,74000,1,0.67,14
L1NSB00105,0,0,0,0,0,0,0,0,0,0.0,22,91.7,0,19,243000,0.11,0,0,38000,1,0.62,17
L1NSB00106,13,52,480000,1,1,375000,7584000,74,1,0.04,15,62.5,1,14,204000,0.04,0,0,129000,0,0.74,11
L1NSB00107,10,54,280000,1,0,170000,7206000,71,1,0.14,22,91.7,1,19,300000,0.12,0,0,115000,1,0.86,6
L1NSB00108,13,41,544000,1,0,191000,0,0,0,0.0,17,70.8,1,14,433000,0.07,0,0,27000,1,0.9,4
L1NSB00109,21,54,506000,1,0,22000,3672000,126,0,0.13,20,83.3,0,14,231000,0.01,0,0,109000,0,0.59,18
L1NSB00110,16,65,242000,1,0,328000,0,0,0,0.0,23,95.8,1,1,453000,0.0,0,0,91000,1,0.91,4
L1NSB00111,17,55,395000,1,0,391000,0,0,0,0.0,18,75.0,0,8,225000,0.04,0,0,105000,1,0.74,11
L1NSB00112,13,48,214000,1,0,76000,4871000,270,1,0.1,24,100.0,0,0,491000,0.14,0,0,27000,1,0.81,8
L1NSB00113,8,13,91000,1,0,309000,0,0,0,0.0,24,100.0,0,11,472000,0.06,0,0,148000,1,0.88,5
L1NSB00114,16,15,118000,1,0,172000,0,0,0,0.0,22,91.7,1,6,433000,0.14,0,0,129000,0,0.88,5
L1NSB00115,21,62,465000,1,0,401000,0,0,0,0.0,24,100.0,0,13,311000,0.07,0,0,138000,1,0.74,11
L1NSB00116,18,75,180000,1,1,200000,7332000,118,1,0.06,23,95.8,1,0,0,0.0,0,0,24000,1,0.83,7
L1NSB00117,14,26,748000,0,0,383000,0,0,0,0.0,16,66.7,1,18,410000,0.03,0,0,24000,1,0.93,3
L1NSB00118,13,73,462000,0,0,139000,0,0,0,0.0,14,58.3,1,11,84000,0.03,0,0,28000,1,0.69,13
L1NSB00119,13,32,595000,1,1,242000,7506000,306,1,0.05,18,75.0,1,9,473000,0.02,0,0,92000,0,0.97,1
L1NSB00120,11,33,546000,1,0,192000,0,0,0,0.0,15,62.5,0,17,432000,0.1,0,0,124000,1,0.97,1
L1NSB00121,21,66,339000,0,1,114000,0,0,0,0.0,19,79.2,1,2,308000,0.1,0,0,115000,0,0.96,1
L1NSB00122,19,45,577000,1,0,496000,0,0,0,0.0,23,95.8,0,16,447000,0.08,0,0,50000,1,0.82,8
L1NSB00123,0,0,0,0,0,0,4315000,368,1,0.02,23,95.8,1,16,205000,0.11,0,0,63000,1,0.8,8
L1NSB00124,18,47,399000,1,0,453000,0,0,0,0.0,15,62.5,0,12,285000,0.05,0,0,75000,1,0.97,1
L1NSB00125,9,80,255000,1,0,302000,0,0,0,0.0,15,62.5,1,17,416000,0.11,1,7000000,36000,1,0.94,2
L1NSB00126,12,38,160000,1,0,98000,4053000,130,0,0.1,19,79.2,0,18,287000,0.11,0,0,33000,1,0.88,5
L1NSB00127,9,27,94000,1,0,473000,3082000,201,0,0.02,20,83.3,1,2,150000,0.04,0,0,112000,0,0.57,19
L1NSB00128,0,0,0,0,0,0,0,0,0,0.0,15,62.5,1,10,164000,0.01,0,0,22000,1,0.79,9
L1NSB00129,9,11,661000,1,0,194000,0,0,0,0.0,23,95.8,1,17,205000,0.1,0,0,130000,0,0.91,4
L1NSB00130,16,43,152000,1,0,104000,6395000,352,0,0.07,23,95.8,1,19,186000,0.05,0,0,41000,1,0.96,1
L1NSB00131,9,7,459000,1,0,393000,0,0,0,0.0,20,83.3,0,20,244000,0.1,0,0,53000,0,0.66,15
L1NSB00132,0,0,0,0,0,0,0,0,0,0.0,15,62.5,1,12,324000,0.02,0,0,58000,1,0.83,7
L1NSB00133,21,50,683000,1,0,205000,0,0,0,0.0,23,95.8,0,18,448000,0.06,0,0,69000,1,0.77,10
L1NSB00134,8,5,41000,1,0,348000,0,0,0,0.0,24,100.0,0,20,374000,0.05,0,0,53000,1,0.76,10
L1NSB00135,12,25,179000,0,0,348000,0,0,0,0.0,21,87.5,0,8,336000,0.05,0,0,68000,1,0.97,1
L1NSB00136,0,0,0,0,0,0,0,0,0,0.0,16,66.7,1,19,229000,0.01,0,0,31000,1,1.0,0
L1NSB00137,6,23,676000,1,0,422000,0,0,0,0.0,20,83.3,0,1,197000,0.08,0,0,66000,0,0.74,11
L1NSB00138,17,43,518000,0,0,214000,0,0,0,0.0,23,95.8,1,10,71000,0.11,0,0,148000,1,0.81,8
L1NSB00139,16,60,431000,1,0,28000,0,0,0,0.0,15,62.5,0,12,218000,0.09,0,0,54000,0,0.8,8
L1NSB00140,0,0,0,0,0,0,5848000,310,1,0.07,20,83.3,1,11,267000,0.1,0,0,80000,0,0.73,12
L1NSB00141,7,58,692000,0,0,441000,6346000,61,1,0.15,17,70.8,0,17,245000,0.0,0,0,90000,1,0.75,11
L1NSB00142,8,78,660000,0,0,116000,4197000,112,1,0.11,22,91.7,0,18,458000,0.15,0,0,63000,1,0.81,8
L1NSB00143,15,14,633000,1,0,245000,6115000,74,1,0.04,21,87.5,0,4,337000,0.04,0,0,124000,1,0.84,7
L1NSB00144,24,47,776000,0,0,211000,0,0,0,0.0,21,87.5,1,0,463000,0.08,0,0,123000,1,0.79,9
L1NSB00145,19,47,419000,1,0,466000,2866000,238,1,0.14,22,91.7,0,5,496000,0.13,0,0,62000,1,0.96,1
L1NSB00146,9,72,253000,0,0,31000,5078000,311,1,0.07,18,75.0,1,13,298000,0.14,0,0,122000,0,0.91,4
L1NSB00147,13,66,305000,1,0,435000,6209000,293,1,0.02,19,79.2,0,20,152000,0.01,0,0,108000,1,0.87,5
L1NSB00148,0,0,0,0,0,0,0,0,0,0.0,23,95.8,0,20,131000,0.14,0,0,145000,0,0.87,5
L1NSB00149,14,16,732000,0,0,279000,4660000,400,1,0.14,20,83.3,1,14,215000,0.11,0,0,146000,1,0.7,13
L1NSB00150,0,0,0,0,0,0,0,0,0,0.0,18,75.0,0,19,258000,0.05,0,0,111000,1,0.75,11
L1NSB00151,0,0,0,0,0,0,0,0,0,0.0,15,62.5,0,19,256000,0.07,0,0,80000,1,0.55,20
L1NSB00152,7,77,241000,1,0,104000,1999000,106,1,0.04,14,58.3,1,2,438000,0.11,0,0,59000,0,0.68,14
L1NSB00153,10,72,317000,1,0,120000,4001000,389,1,0.08,20,83.3,1,17,74000,0.09,0,0,32000,1,0.91,4
L1NSB00154,0,0,0,0,0,0,0,0,0,0.0,22,91.7,0,1,190000,0.0,0,0,96000,1,0.58,18
L1NSB00155,0,0,0,0,0,0,4233000,162,1,0.04,22,91.7,1,12,254000,0.15,0,0,103000,0,0.74,11
L1NSB00156,6,49,280000,1,0,30000,6538000,273,1,0.05,20,83.3,1,20,408000,0.02,0,0,72000,1,0.86,6
L1NSB00157,15,78,94000,0,0,373000,0,0,0,0.0,22,91.7,1,11,259000,0.07,0,0,148000,1,0.57,19
L1NSB00158,8,50,358000,1,0,342000,6876000,161,1,0.13,24,100.0,0,15,282000,0.05,0,0,60000,1,0.74,11
L1NSB00159,12,52,437000,1,0,157000,0,0,0,0.0,20,83.3,0,0,278000,0.08,0,0,143000,1,0.59,18
L1NSB00160,24,77,132000,1,1,257000,0,0,0,0.0,19,79.2,1,0,0,0.0,0,0,59000,1,0.86,6
L1NSB00161,15,17,344000,1,0,115000,0,0,0,0.0,24,100.0,1,3,269000,0.14,1,6000000,82000,1,0.84,7
L1NSB00162,24,65,308000,1,0,204000,0,0,0,0.0,19,79.2,1,18,68000,0.07,0,0,87000,1,0.87,5
L1NSB00163,15,33,472000,1,0,62000,0,0,0,0.0,19,79.2,1,13,459000,0.08,0,0,88000,1,0.94,2
L1NSB00164,7,67,444000,1,0,162000,0,0,0,0.0,15,62.5,0,11,157000,0.05,0,0,51000,1,0.85,6
L1NSB00165,0,0,0,0,0,0,0,0,0,0.0,15,62.5,1,3,220000,0.1,0,0,93000,1,0.67,14
L1NSB00166,8,38,740000,1,0,190000,0,0,0,0.0,19,79.2,0,14,306000,0.05,0,0,89000,1,0.88,5
L1NSB00167,21,44,127000,1,0,342000,4564000,289,1,0.1,16,66.7,1,7,490000,0.02,0,0,24000,1,0.85,6
L1NSB00168,24,49,527000,1,0,259000,0,0,0,0.0,19,79.2,0,16,100000,0.1,0,0,59000,1,0.96,1
L1NSB00169,14,20,228000,1,0,389000,7529000,385,1,0.1,21,87.5,1,0,203000,0.0,0,0,133000,1,0.59,18
L1NSB00170,0,0,0,0,0,0,0,0,0,0.0,21,87.5,0,18,300000,0.11,1,8000000,94000,0,0.71,13
L1NSB00171,16,78,378000,1,0,120000,0,0,0,0.0,21,87.5,0,9,240000,0.11,0,0,26000,0,0.92,3
L1NSB00172,9,7,109000,1,0,25000,0,0,0,0.0,24,100.0,0,1,438000,0.02,0,0,118000,1,0.91,4
L1NSB00173,14,78,64000,1,0,315000,0,0,0,0.0,16,66.7,1,16,210000,0.05,0,0,59000,0,0.91,4
L1NSB00174,24,35,710000,1,0,309000,0,0,0,0.0,20,83.3,0,14,255000,0.1,0,0,70000,1,0.77,10
L1NSB00175,13,52,719000,1,0,314000,0,0,0,0.0,20,83.3,1,1,300000,0.01,0,0,74000,0,0.59,18
L1NSB00176,12,34,383000,1,0,323000,1559000,88,1,0.02,21,87.5,1,0,0,0.0,0,0,99000,0,0.84,7
L1NSB00177,13,60,444000,1,0,170000,0,0,0,0.0,21,87.5,0,18,261000,0.07,0,0,88000,1,0.56,19
L1NSB00178,6,11,497000,1,0,196000,0,0,0,0.0,24,100.0,1,13,481000,0.05,0,0,26000,1,0.99,0
L1NSB00179,16,28,715000,1,0,251000,0,0,0,0.0,23,95.8,1,8,412000,0.12,0,0,119000,1,0.81,8
L1NSB00180,8,21,718000,0,0,420000,0,0,0,0.0,16,66.7,1,2,185000,0.09,0,0,116000,0,0.6,18
L1NSB00181,21,74,611000,1,0,180000,6568000,206,1,0.12,19,79.2,0,14,185000,0.09,0,0,115000,1,0.63,16
L1NSB00182,16,40,323000,1,0,59000,0,0,0,0.0,22,91.7,0,10,93000,0.03,0,0,24000,1,0.61,17
L1NSB00183,12,75,693000,1,0,313000,0,0,0,0.0,17,70.8,1,0,0,0.0,0,0,129000,1,0.9,4
L1NSB00184,23,40,538000,1,0,353000,0,0,0,0.0,16,66.7,1,5,64000,0.14,0,0,70000,0,0.67,14
L1NSB00185,7,17,143000,0,0,116000,0,0,0,0.0,20,83.3,1,0,150000,0.0,0,0,94000,1,0.77,10
L1NSB00186,24,6,461000,1,0,65000,5952000,171,1,0.06,23,95.8,0,11,51000,0.07,0,0,36000,1,0.63,16
L1NSB00187,9,68,180000,0,0,442000,5728000,252,1,0.1,15,62.5,0,16,249000,0.12,0,0,77000,1,0.85,6
L1NSB00188,0,0,0,0,0,0,4671000,202,1,0.12,18,75.0,1,19,269000,0.07,0,0,122000,0,0.87,5
L1NSB00189,0,0,0,0,0,0,7108000,168,1,0.01,18,75.0,1,18,66000,0.14,0,0,23000,0,0.61,17
L1NSB00190,9,62,729000,0,0,387000,0,0,0,0.0,19,79.2,1,17,343000,0.01,0,0,120000,1,0.55,20
L1NSB00191,14,27,150000,1,0,44000,0,0,0,0.0,23,95.8,1,7,376000,0.14,0,0,107000,1,0.73,12
L1NSB00192,6,22,208000,0,0,485000,0,0,0,0.0,14,58.3,1,17,412000,0.08,0,0,22000,0,0.93,3
L1NSB00193,13,30,406000,1,0,433000,3941000,148,1,0.1,15,62.5,1,0,259000,0.05,0,0,41000,1,0.7,13
L1NSB00194,14,53,617000,0,0,186000,2500000,63,1,0.11,18,75.0,1,1,463000,0.11,0,0,68000,0,0.7,13
L1NSB00195,22,79,753000,1,0,487000,3306000,223,1,0.13,21,87.5,1,3,302000,0.14,0,0,26000,0,0.71,13
L1NSB00196,22,62,88000,1,0,76000,0,0,0,0.0,18,75.0,1,0,0,0.0,0,0,117000,0,0.59,18
L1NSB00197,0,0,0,0,0,0,4712000,179,1,0.04,24,100.0,1,20,334000,0.09,0,0,86000,0,0.8,8
L1NSB00198,18,63,505000,1,0,41000,0,0,0,0.0,14,58.3,0,12,193000,0.03,0,0,136000,1,0.85,6
L1NSB00199,13,15,684000,1,0,32000,0,0,0,0.0,17,70.8,1,7,140000,0.04,0,0,135000,1,0.89,4
L1NSB00200,21,38,378000,0,1,287000,0,0,0,0.0,18,75.0,0,17,489000,0.01,0,0,132000,1,0.65,15
L1NSB00201,9,74,124000,1,0,448000,0,0,0,0.0,19,79.2,0,9,133000,0.07,0,0,112000,1,0.87,5
L1NSB00202,15,66,453000,1,0,36000,5465000,344,1,0.05,21,87.5,1,11,198000,0.1,0,0,58000,1,0.91,4
L1NSB00203,0,0,0,0,0,0,0,0,0,0.0,16,66.7,0,5,248000,0.1,0,0,149000,1,0.97,1
L1NSB00204,0,0,0,0,0,0,7073000,62,1,0.09,23,95.8,1,16,182000,0.14,0,0,126000,0,0.75,11
L1NSB00205,24,28,695000,1,0,121000,0,0,0,0.0,22,91.7,1,4,259000,0.12,0,0,133000,1,0.95,2
L1NSB00206,0,0,0,0,0,0,0,0,0,0.0,21,87.5,0,19,241000,0.07,0,0,72000,1,0.95,2
L1NSB00207,19,23,415000,0,0,104000,0,0,0,0.0,21,87.5,1,2,393000,0.12,0,0,81000,1,0.61,17
L1NSB00208,23,58,206000,0,0,218000,0,0,0,0.0,22,91.7,0,20,135000,0.04,0,0,81000,0,0.61,17
L1NSB00209,24,34,288000,0,1,215000,7302000,64,1,0.14,20,83.3,0,18,182000,0.11,0,0,20000,1,0.7,13
L1NSB00210,10,29,379000,1,0,175000,0,0,0,0.0,16,66.7,0,19,206000,0.01,0,0,32000,0,0.72,12
L1NSB00211,14,37,573000,1,0,157000,0,0,0,0.0,22,91.7,0,15,449000,0.14,0,0,22000,0,0.71,13
L1NSB00212,15,23,572000,1,0,237000,0,0,0,0.0,20,83.3,0,0,0,0.0,0,0,97000,1,0.71,13
L1NSB00213,6,66,600000,1,0,291000,5842000,376,1,0.09,14,58.3,0,5,71000,0.03,0,0,53000,0,0.66,15
L1NSB00214,8,66,65000,1,1,377000,0,0,0,0.0,19,79.2,0,17,255000,0.14,0,0,53000,1,0.76,10
L1NSB00215,22,66,193000,1,0,113000,7231000,89,1,0.03,18,75.0,1,18,235000,0.12,0,0,141000,1,0.81,8
L1NSB00216,15,43,147000,1,0,399000,2997000,327,1,0.01,14,58.3,1,0,215000,0.01,0,0,99000,1,0.59,18
L1NSB00217,0,0,0,0,0,0,0,0,0,0.0,14,58.3,1,4,398000,0.02,0,0,41000,1,0.77,10
L1NSB00218,0,0,0,0,0,0,0,0,0,0.0,18,75.0,1,11,189000,0.01,0,0,55000,1,0.86,6
L1NSB00219,7,39,445000,1,0,173000,0,0,0,0.0,24,100.0,0,0,449000,0.01,0,0,134000,0,0.63,16
L1NSB00220,7,34,768000,1,0,475000,0,0,0,0.0,19,79.2,0,9,426000,0.08,0,0,68000,0,0.81,8
L1NSB00221,17,69,535000,0,0,294000,0,0,0,0.0,17,70.8,0,12,323000,0.11,0,0,32000,1,0.94,2
L1NSB00222,16,62,638000,0,0,258000,2118000,187,1,0.08,22,91.7,0,3,367000,0.1,0,0,113000,0,0.6,18
L1NSB00223,19,68,653000,1,0,352000,2583000,64,1,0.06,23,95.8,1,4,73000,0.02,0,0,110000,0,0.65,15
L1NSB00224,10,77,490000,1,0,304000,0,0,0,0.0,24,100.0,0,6,436000,0.07,0,0,46000,1,0.98,0
L1NSB00225,17,46,157000,0,0,420000,6450000,380,1,0.05,16,66.7,0,0,453000,0.07,0,0,137000,1,0.94,2
L1NSB00226,0,0,0,0,0,0,7985000,208,1,0.05,21,87.5,1,7,348000,0.06,0,0,40000,1,0.8,8
L1NSB00227,8,27,337000,1,0,415000,0,0,0,0.0,21,87.5,0,14,170000,0.11,0,0,138000,1,0.95,2
L1NSB00228,14,43,225000,1,0,462000,0,0,0,0.0,19,79.2,0,9,368000,0.13,0,0,62000,1,0.94,2
L1NSB00229,17,65,142000,1,0,374000,4018000,164,1,0.13,24,100.0,0,1,477000,0.02,0,0,32000,1,0.65,15
L1NSB00230,23,7,686000,0,0,307000,0,0,0,0.0,20,83.3,1,1,370000,0.0,0,0,36000,1,0.71,13
L1NSB00231,13,66,455000,0,0,217000,4628000,120,0,0.05,16,66.7,0,1,163000,0.06,0,0,33000,1,0.59,18
L1NSB00232,14,12,132000,1,0,133000,0,0,0,0.0,15,62.5,1,3,435000,0.07,0,0,36000,0,0.98,0
L1NSB00233,16,58,615000,1,1,15000,0,0,0,0.0,24,100.0,0,2,317000,0.04,0,0,77000,0,0.7,13
L1NSB00234,22,39,489000,1,0,304000,0,0,0,0.0,22,91.7,0,20,174000,0.13,0,0,102000,1,0.86,6
L1NSB00235,21,66,114000,1,0,314000,0,0,0,0.0,14,58.3,0,5,135000,0.06,1,10000000,139000,1,0.66,15
L1NSB00236,16,6,73000,1,0,298000,0,0,0,0.0,14,58.3,0,18,69000,0.11,0,0,130000,1,0.75,11
L1NSB00237,0,0,0,0,0,0,2053000,380,1,0.03,22,91.7,1,15,177000,0.13,0,0,33000,1,0.68,14
L1NSB00238,13,20,440000,1,0,380000,0,0,0,0.0,14,58.3,1,0,0,0.0,0,0,133000,1,0.92,3
L1NSB00239,14,78,260000,1,0,128000,0,0,0,0.0,24,100.0,1,18,254000,0.09,0,0,66000,1,0.86,6
L1NSB00240,11,70,510000,1,0,243000,0,0,0,0.0,17,70.8,0,7,473000,0.12,0,0,76000,0,0.97,1
L1NSB00241,13,40,378000,0,0,357000,0,0,0,0.0,17,70.8,0,1,142000,0.15,0,0,65000,0,0.89,4
L1NSB00242,14,7,678000,1,0,375000,0,0,0,0.0,21,87.5,1,5,78000,0.04,0,0,38000,1,0.61,17
L1NSB00243,0,0,0,0,0,0,2581000,217,0,0.01,15,62.5,0,11,232000,0.05,0,0,88000,1,0.86,6
L1NSB00244,0,0,0,0,0,0,3739000,127,0,0.1,24,100.0,1,9,224000,0.06,0,0,60000,1,0.72,12
L1NSB00245,8,21,358000,0,0,28000,0,0,0,0.0,21,87.5,0,16,88000,0.09,0,0,108000,1,0.71,13
L1NSB00246,0,0,0,0,0,0,0,0,0,0.0,17,70.8,1,9,362000,0.14,0,0,140000,0,0.86,6
L1NSB00247,16,50,538000,1,0,210000,0,0,0,0.0,20,83.3,0,7,138000,0.14,0,0,91000,1,0.56,19
L1NSB00248,0,0,0,0,0,0,7921000,270,0,0.07,15,62.5,1,17,386000,0.05,0,0,100000,0,0.94,2
L1NSB00249,6,63,476000,1,0,158000,0,0,0,0.0,16,66.7,0,1,210000,0.09,0,0,148000,1,0.85,6
L1NSB00250,19,62,501000,1,0,361000,0,0,0,0.0,17,70.8,1,13,62000,0.14,0,0,29000,0,0.59,18
L1NSB00251,15,58,780000,0,1,120000,0,0,0,0.0,23,95.8,1,4,298000,0.12,0,0,73000,0,0.91,4
L1NSB00252,18,19,425000,1,0,68000,4839000,310,1,0.08,19,79.2,0,2,320000,0.12,0,0,127000,1,0.57,19
L1NSB00253,17,9,706000,1,0,214000,0,0,0,0.0,22,91.7,1,17,438000,0.02,0,0,23000,1,0.62,17
L1NSB00254,21,25,31000,1,0,67000,0,0,0,0.0,24,100.0,0,9,279000,0.02,0,0,127000,0,0.76,10
L1NSB00255,13,8,576000,0,0,319000,5132000,316,1,0.09,23,95.8,1,11,102000,0.1,0,0,72000,1,0.95,2
L1NSB00256,14,54,522000,0,1,232000,4604000,319,1,0.07,19,79.2,1,2,494000,0.08,0,0,41000,1,0.71,13
L1NSB00257,7,49,714000,1,0,215000,0,0,0,0.0,17,70.8,0,9,177000,0.14,0,0,132000,0,0.97,1
L1NSB00258,6,9,167000,1,0,187000,5010000,219,1,0.04,21,87.5,0,15,296000,0.12,0,0,116000,1,0.8,8
L1NSB00259,9,80,194000,1,0,154000,0,0,0,0.0,22,91.7,0,15,394000,0.02,0,0,34000,0,0.72,12
L1NSB00260,15,48,358000,0,1,185000,0,0,0,0.0,18,75.0,0,18,66000,0.08,0,0,29000,1,0.81,8
L1NSB00261,23,31,611000,1,0,244000,0,0,0,0.0,17,70.8,0,16,311000,0.07,0,0,74000,0,0.91,4
L1NSB00262,15,36,568000,0,0,24000,0,0,0,0.0,14,58.3,0,18,90000,0.04,0,0,98000,1,0.65,15
L1NSB00263,6,67,738000,1,0,234000,0,0,0,0.0,23,95.8,0,18,379000,0.06,0,0,125000,1,0.62,17
L1NSB00264,21,29,397000,0,0,203000,0,0,0,0.0,16,66.7,0,4,222000,0.02,0,0,123000,0,0.62,17
L1NSB00265,13,9,162000,0,0,29000,0,0,0,0.0,19,79.2,0,12,430000,0.07,0,0,46000,0,0.59,18
L1NSB00266,0,0,0,0,0,0,0,0,0,0.0,19,79.2,0,16,338000,0.11,0,0,62000,1,0.78,9
L1NSB00267,6,48,101000,1,0,373000,5942000,108,1,0.04,16,66.7,0,15,319000,0.08,0,0,144000,1,0.57,19
L1NSB00268,0,0,0,0,0,0,6061000,245,1,0.07,19,79.2,0,4,292000,0.06,0,0,92000,1,0.62,17
L1NSB00269,10,25,295000,1,0,284000,0,0,0,0.0,22,91.7,1,12,147000,0.11,0,0,138000,0,0.72,12
L1NSB00270,13,14,142000,1,1,88000,4615000,397,1,0.09,15,62.5,0,8,453000,0.02,0,0,124000,0,0.59,18
L1NSB00271,14,63,124000,1,0,391000,0,0,0,0.0,15,62.5,0,3,467000,0.09,0,0,100000,1,0.72,12
L1NSB00272,10,43,773000,1,0,352000,0,0,0,0.0,17,70.8,0,9,82000,0.15,0,0,43000,0,0.58,18
L1NSB00273,0,0,0,0,0,0,0,0,0,0.0,15,62.5,0,3,489000,0.15,0,0,22000,1,0.7,13
L1NSB00274,8,34,190000,1,0,457000,6310000,392,0,0.05,14,58.3,0,16,234000,0.06,0,0,90000,1,0.91,4
L1NSB00275,18,63,132000,0,0,244000,0,0,0,0.0,22,91.7,0,6,85000,0.0,0,0,110000,1,0.73,12
L1NSB00276,0,0,0,0,0,0,0,0,0,0.0,19,79.2,1,15,114000,0.14,0,0,140000,1,0.91,4
L1NSB00277,0,0,0,0,0,0,0,0,0,0.0,21,87.5,0,8,63000,0.03,0,0,135000,0,0.83,7
L1NSB00278,0,0,0,0,0,0,0,0,0,0.0,23,95.8,0,0,0,0.0,0,0,135000,0,0.97,1
L1NSB00279,0,0,0,0,0,0,0,0,0,0.0,17,70.8,0,19,104000,0.11,0,0,93000,0,0.92,3
L1NSB00280,18,43,102000,0,0,124000,0,0,0,0.0,16,66.7,1,13,438000,0.12,0,0,31000,1,0.97,1
L1NSB00281,0,0,0,0,0,0,0,0,0,0.0,20,83.3,0,7,94000,0.1,0,0,26000,1,0.82,8
L1NSB00282,0,0,0,0,0,0,6775000,220,1,0.12,16,66.7,1,10,165000,0.06,0,0,35000,0,0.68,14
L1NSB00283,22,56,505000,1,0,203000,0,0,0,0.0,24,100.0,0,20,348000,0.12,0,0,150000,0,0.58,18
L1NSB00284,6,36,445000,1,1,37000,5235000,289,0,0.02,21,87.5,1,7,384000,0.07,0,0,70000,1,0.92,3
L1NSB00285,7,61,570000,0,0,47000,0,0,0,0.0,21,87.5,0,3,343000,0.11,0,0,33000,1,0.68,14
L1NSB00286,0,0,0,0,0,0,0,0,0,0.0,14,58.3,1,5,97000,0.04,0,0,111000,1,0.82,8
L1NSB00287,0,0,0,0,0,0,0,0,0,0.0,21,87.5,1,0,0,0.0,0,0,79000,0,0.85,6
L1NSB00288,15,77,777000,1,0,185000,0,0,0,0.0,19,79.2,1,5,167000,0.09,0,0,26000,1,0.88,5
L1NSB00289,17,36,31000,1,0,169000,6556000,349,1,0.06,20,83.3,1,11,159000,0.11,0,0,142000,1,0.76,10
L1NSB00290,0,0,0,0,0,0,2350000,282,1,0.09,18,75.0,1,13,405000,0.14,0,0,58000,1,0.64,16
L1NSB00291,23,49,568000,1,0,348000,3495000,368,0,0.08,20,83.3,0,17,282000,0.1,0,0,81000,0,0.64,16
L1NSB00292,9,66,653000,1,0,230000,0,0,0,0.0,14,58.3,0,11,236000,0.08,0,0,78000,1,0.76,10
L1NSB00293,10,20,764000,0,0,22000,0,0,0,0.0,20,83.3,0,18,335000,0.09,0,0,114000,1,0.73,12
L1NSB00294,18,31,636000,1,0,17000,2332000,201,1,0.1,19,79.2,1,11,298000,0.0,0,0,80000,0,0.61,17
L1NSB00295,9,74,434000,1,0,87000,0,0,0,0.0,19,79.2,0,10,114000,0.09,0,0,26000,1,0.63,16
L1NSB00296,7,5,79000,1,0,417000,2410000,391,1,0.02,19,79.2,1,13,87000,0.06,0,0,86000,1,0.99,0
L1NSB00297,0,0,0,0,0,0,7619000,369,1,0.02,15,62.5,0,7,50000,0.01,0,0,55000,1,0.64,16
L1NSB00298,15,53,616000,1,0,361000,7307000,337,1,0.08,17,70.8,1,0,0,0.0,0,0,75000,0,0.67,14
L1NSB00299,14,72,157000,1,0,248000,6645000,175,1,0.07,19,79.2,0,10,421000,0.06,0,0,38000,1,0.79,9
L1NSB00300,0,0,0,0,0,0,0,0,0,0.0,16,66.7,0,4,60000,0.06,0,0,121000,1,0.6,18
L1NSB00301,18,13,683000,1,0,124000,1738000,129,0,0.05,15,62.5,0,20,273000,0.09,0,0,36000,1,0.76,10
L1NSB00302,0,0,0,0,0,0,3743000,57,1,0.03,23,95.8,0,2,415000,0.09,0,0,107000,0,0.95,2
L1NSB00303,10,56,495000,1,0,464000,0,0,0,0.0,23,95.8,1,7,286000,0.09,0,0,102000,1,0.62,17
L1NSB00304,11,45,219000,1,0,141000,0,0,0,0.0,18,75.0,0,9,400000,0.08,0,0,83000,1,0.89,4
L1NSB00305,19,74,475000,1,0,462000,0,0,0,0.0,15,62.5,0,2,208000,0.12,0,0,85000,0,0.87,5
L1NSB00306,0,0,0,0,0,0,0,0,0,0.0,14,58.3,0,10,337000,0.07,0,0,105000,1,0.71,13
L1NSB00307,7,54,745000,1,0,281000,0,0,0,0.0,21,87.5,0,19,76000,0.03,0,0,58000,0,0.88,5
L1NSB00308,18,35,509000,0,0,463000,0,0,0,0.0,20,83.3,1,12,421000,0.0,0,0,96000,0,0.91,4
L1NSB00309,11,45,382000,1,0,497000,0,0,0,0.0,21,87.5,1,14,444000,0.03,0,0,70000,1,0.71,13
L1NSB00310,21,79,353000,1,1,339000,2696000,180,1,0.05,15,62.5,1,2,82000,0.07,0,0,136000,0,0.87,5
L1NSB00311,19,23,393000,1,0,451000,5031000,103,0,0.06,22,91.7,0,9,423000,0.13,0,0,23000,1,0.71,13
L1NSB00312,13,9,790000,1,0,305000,2860000,371,1,0.1,16,66.7,1,16,288000,0.03,0,0,48000,0,0.76,10
L1NSB00313,0,0,0,0,0,0,7366000,317,1,0.02,24,100.0,1,14,167000,0.11,0,0,94000,1,0.62,17
L1NSB00314,6,65,166000,0,0,442000,0,0,0,0.0,14,58.3,1,17,201000,0.02,0,0,37000,1,0.87,5
L1NSB00315,21,60,244000,1,0,90000,0,0,0,0.0,23,95.8,0,10,230000,0.05,0,0,24000,0,0.71,13
L1NSB00316,8,9,555000,0,0,285000,0,0,0,0.0,18,75.0,1,4,115000,0.06,0,0,23000,0,0.55,20
L1NSB00317,20,22,162000,0,1,391000,0,0,0,0.0,24,100.0,0,0,0,0.0,0,0,79000,0,0.96,1
L1NSB00318,14,23,685000,0,0,179000,0,0,0,0.0,17,70.8,0,18,108000,0.15,0,0,27000,1,0.6,18
L1NSB00319,0,0,0,0,0,0,0,0,0,0.0,20,83.3,1,12,163000,0.02,0,0,118000,1,0.76,10
L1NSB00320,15,6,284000,0,1,201000,0,0,0,0.0,18,75.0,1,8,82000,0.14,0,0,87000,1,0.55,20
L1NSB00321,0,0,0,0,0,0,0,0,0,0.0,24,100.0,0,17,197000,0.04,1,18000000,104000,1,0.59,18
L1NSB00322,19,43,176000,1,0,364000,0,0,0,0.0,16,66.7,0,16,51000,0.09,0,0,50000,1,0.69,13
L1NSB00323,6,57,660000,1,0,60000,0,0,0,0.0,17,70.8,1,3,218000,0.13,0,0,82000,1,0.61,17
L1NSB00324,0,0,0,0,0,0,7997000,332,1,0.06,22,91.7,0,6,283000,0.1,0,0,80000,1,0.67,14
L1NSB00325,0,0,0,0,0,0,0,0,0,0.0,14,58.3,1,9,304000,0.15,0,0,70000,1,0.57,19
L1NSB00326,9,16,148000,1,0,428000,0,0,0,0.0,19,79.2,1,10,309000,0.1,1,15000000,65000,1,0.65,15
L1NSB00327,20,40,574000,1,0,20000,0,0,0,0.0,18,75.0,1,11,460000,0.14,0,0,140000,0,0.79,9
L1NSB00328,8,44,164000,0,0,122000,0,0,0,0.0,19,79.2,1,10,404000,0.12,0,0,66000,0,0.88,5
L1NSB00329,0,0,0,0,0,0,0,0,0,0.0,19,79.2,0,18,258000,0.07,0,0,42000,0,0.63,16
L1NSB00330,20,80,591000,0,0,398000,4214000,289,1,0.03,18,75.0,0,10,442000,0.13,0,0,119000,0,0.81,8
L1NSB00331,17,72,614000,1,0,418000,7697000,105,1,0.1,16,66.7,1,5,109000,0.12,0,0,116000,0,0.96,1
L1NSB00332,12,39,499000,1,0,76000,0,0,0,0.0,24,100.0,1,16,375000,0.09,0,0,78000,0,0.99,0
L1NSB00333,0,0,0,0,0,0,5561000,193,1,0.02,15,62.5,0,7,424000,0.13,0,0,142000,1,0.94,2
L1NSB00334,10,64,137000,1,0,366000,4727000,74,1,0.13,17,70.8,1,6,316000,0.1,0,0,110000,1,0.62,17
L1NSB00335,17,76,659000,1,0,63000,5973000,182,1,0.15,21,87.5,1,12,406000,0.04,0,0,22000,1,0.76,10
L1NSB00336,21,80,321000,1,0,445000,0,0,0,0.0,24,100.0,1,9,450000,0.04,0,0,84000,1,0.69,13
L1NSB00337,9,10,492000,1,0,97000,7593000,268,0,0.1,19,79.2,1,9,384000,0.03,0,0,47000,1,0.56,19
L1NSB00338,14,36,379000,1,0,117000,0,0,0,0.0,23,95.8,1,16,218000,0.14,1,19000000,138000,1,0.87,5
L1NSB00339,24,59,402000,1,0,269000,0,0,0,0.0,17,70.8,1,15,218000,0.06,0,0,116000,1,0.69,13
L1NSB00340,12,44,723000,0,0,365000,0,0,0,0.0,17,70.8,1,1,276000,0.1,0,0,139000,1,0.72,12
L1NSB00341,12,45,703000,0,0,261000,0,0,0,0.0,22,91.7,0,17,161000,0.06,0,0,148000,1,0.56,19
L1NSB00342,12,57,625000,1,0,498000,0,0,0,0.0,22,91.7,0,10,399000,0.11,0,0,55000,1,0.86,6
L1NSB00343,18,45,230000,0,0,365000,6996000,219,1,0.05,21,87.5,0,4,184000,0.09,0,0,55000,1,0.66,15
L1NSB00344,21,67,106000,0,0,178000,1773000,349,1,0.06,19,79.2,0,11,405000,0.07,0,0,58000,0,0.73,12
L1NSB00345,0,0,0,0,0,0,5352000,178,0,0.07,18,75.0,1,8,455000,0.05,0,0,120000,0,0.62,17
L1NSB00346,23,77,285000,1,0,499000,0,0,0,0.0,24,100.0,0,4,294000,0.1,0,0,23000,1,0.7,13
L1NSB00347,20,56,135000,1,0,86000,0,0,0,0.0,22,91.7,0,20,171000,0.1,0,0,113000,1,0.68,14
L1NSB00348,23,50,284000,1,0,199000,4528000,215,1,0.06,19,79.2,1,1,114000,0.15,0,0,21000,1,0.77,10
L1NSB00349,23,44,251000,0,0,219000,0,0,0,0.0,17,70.8,0,18,420000,0.09,0,0,125000,0,0.78,9
L1NSB00350,13,56,609000,1,0,429000,2664000,267,1,0.09,16,66.7,1,5,126000,0.01,0,0,25000,1,0.76,10
L1NSB00351,7,60,688000,1,0,479000,7408000,84,1,0.1,16,66.7,1,1,78000,0.03,0,0,28000,1,0.82,8
L1NSB00352,11,19,421000,0,1,342000,0,0,0,0.0,17,70.8,0,7,436000,0.1,0,0,38000,1,0.62,17
L1NSB00353,18,23,145000,0,0,22000,0,0,0,0.0,21,87.5,1,2,131000,0.03,0,0,52000,1,0.78,9
L1NSB00354,20,61,796000,0,0,37000,0,0,0,0.0,19,79.2,1,9,367000,0.08,0,0,133000,1,0.95,2
L1NSB00355,10,12,439000,0,0,348000,0,0,0,0.0,22,91.7,1,0,90000,0.15,0,0,33000,1,0.67,14
L1NSB00356,19,51,545000,1,0,461000,3717000,301,1,0.13,20,83.3,1,0,381000,0.06,0,0,59000,1,0.67,14
L1NSB00357,16,27,400000,1,0,248000,0,0,0,0.0,18,75.0,0,15,303000,0.08,0,0,20000,1,0.86,6
L1NSB00358,14,58,355000,1,0,454000,1933000,272,0,0.14,22,91.7,1,16,360000,0.07,0,0,59000,1,0.58,18
L1NSB00359,10,70,180000,1,0,46000,0,0,0,0.0,24,100.0,1,12,181000,0.02,0,0,146000,0,0.78,9
L1NSB00360,19,9,372000,1,0,287000,0,0,0,0.0,22,91.7,0,0,456000,0.03,0,0,122000,1,1.0,0
L1NSB00361,24,52,681000,0,0,278000,3063000,113,1,0.12,18,75.0,1,4,335000,0.1,0,0,89000,0,0.73,12
L1NSB00362,6,15,620000,1,0,294000,0,0,0,0.0,24,100.0,1,8,334000,0.0,0,0,50000,1,0.86,6
L1NSB00363,18,67,135000,1,1,249000,0,0,0,0.0,24,100.0,1,3,420000,0.14,0,0,92000,0,0.74,11
L1NSB00364,23,79,411000,1,0,241000,7229000,127,1,0.05,15,62.5,1,1,217000,0.15,0,0,20000,0,0.76,10
L1NSB00365,9,68,598000,1,1,100000,0,0,0,0.0,14,58.3,1,11,74000,0.02,1,19000000,78000,1,0.83,7
L1NSB00366,0,0,0,0,0,0,0,0,0,0.0,14,58.3,1,2,56000,0.15,0,0,140000,1,0.83,7
L1NSB00367,0,0,0,0,0,0,6440000,292,1,0.07,24,100.0,1,10,377000,0.03,0,0,135000,1,0.66,15
L1NSB00368,0,0,0,0,0,0,0,0,0,0.0,16,66.7,0,11,127000,0.06,1,20000000,86000,1,0.62,17
L1NSB00369,0,0,0,0,0,0,0,0,0,0.0,18,75.0,0,2,257000,0.04,0,0,74000,1,0.57,19
L1NSB00370,17,16,222000,0,0,323000,7786000,167,1,0.12,20,83.3,0,18,444000,0.12,0,0,117000,1,0.88,5
L1NSB00371,18,5,572000,1,0,55000,5250000,204,1,0.02,19,79.2,0,16,202000,0.09,0,0,150000,0,0.67,14
L1NSB00372,0,0,0,0,0,0,0,0,0,0.0,23,95.8,1,1,313000,0.01,0,0,148000,1,0.68,14
L1NSB00373,0,0,0,0,0,0,1869000,395,1,0.05,19,79.2,0,0,339000,0.09,0,0,86000,1,0.66,15
L1NSB00374,10,61,784000,1,1,69000,0,0,0,0.0,15,62.5,1,1,408000,0.08,0,0,84000,1,0.74,11
L1NSB00375,0,0,0,0,0,0,0,0,0,0.0,22,91.7,1,19,333000,0.1,0,0,62000,0,0.71,13
L1NSB00376,24,57,150000,1,0,429000,6899000,282,1,0.04,18,75.0,0,17,54000,0.13,0,0,59000,0,0.94,2
L1NSB00377,14,24,384000,1,0,349000,0,0,0,0.0,16,66.7,0,0,221000,0.13,0,0,61000,1,0.78,9
L1NSB00378,21,75,134000,1,0,42000,0,0,0,0.0,18,75.0,0,15,399000,0.04,0,0,91000,1,0.72,12
L1NSB00379,0,0,0,0,0,0,3914000,139,1,0.14,15,62.5,1,15,419000,0.08,0,0,66000,0,0.74,11
L1NSB00380,20,28,541000,1,1,148000,0,0,0,0.0,19,79.2,1,4,368000,0.12,0,0,129000,1,0.78,9
L1NSB00381,20,80,584000,1,0,179000,0,0,0,0.0,18,75.0,0,8,218000,0.08,0,0,95000,1,0.66,15
L1NSB00382,6,19,655000,1,0,489000,6261000,159,1,0.13,14,58.3,1,10,358000,0.07,0,0,36000,1,0.81,8
L1NSB00383,14,53,285000,1,1,88000,0,0,0,0.0,18,75.0,0,16,196000,0.12,0,0,109000,1,0.96,1
L1NSB00384,8,51,449000,1,0,371000,0,0,0,0.0,16,66.7,0,7,494000,0.13,1,15000000,27000,1,0.7,13
L1NSB00385,14,71,60000,1,0,62000,0,0,0,0.0,20,83.3,1,1,117000,0.11,0,0,81000,0,0.65,15
L1NSB00386,20,27,696000,1,0,44000,0,0,0,0.0,22,91.7,1,0,0,0.0,0,0,61000,0,0.76,10
L1NSB00387,17,58,222000,1,0,63000,0,0,0,0.0,16,66.7,1,20,89000,0.03,0,0,67000,1,0.77,10
L1NSB00388,7,55,456000,0,0,162000,0,0,0,0.0,19,79.2,1,19,491000,0.08,0,0,110000,1,0.87,5
L1NSB00389,15,15,565000,1,0,447000,0,0,0,0.0,22,91.7,0,16,140000,0.05,0,0,117000,1,0.57,19
L1NSB00390,0,0,0,0,0,0,4089000,364,1,0.09,23,95.8,0,16,439000,0.05,0,0,60000,1,0.93,3
L1NSB00391,15,62,66000,1,1,50000,6987000,162,1,0.03,23,95.8,1,17,334000,0.13,0,0,62000,0,0.62,17
L1NSB00392,0,0,0,0,0,0,0,0,0,0.0,14,58.3,0,6,494000,0.06,0,0,131000,1,0.61,17
L1NSB00393,20,66,588000,1,0,287000,7254000,389,1,0.04,16,66.7,0,16,286000,0.11,0,0,82000,0,0.78,9
L1NSB00394,21,62,604000,0,0,50000,0,0,0,0.0,14,58.3,0,13,143000,0.1,0,0,76000,0,0.83,7
L1NSB00395,17,66,278000,1,0,108000,6827000,116,1,0.13,21,87.5,1,15,379000,0.11,0,0,74000,1,0.71,13
L1NSB00396,24,65,253000,0,0,246000,0,0,0,0.0,17,70.8,0,20,392000,0.12,0,0,108000,1,0.91,4
L1NSB00397,0,0,0,0,0,0,0,0,0,0.0,14,58.3,0,9,413000,0.02,0,0,59000,1,0.7,13
L1NSB00398,0,0,0,0,0,0,0,0,0,0.0,20,83.3,0,16,359000,0.11,0,0,135000,1,0.99,0
L1NSB00399,7,42,136000,0,0,295000,0,0,0,0.0,22,91.7,1,0,0,0.0,0,0,37000,1,0.81,8
L1NSB00400,15,56,690000,1,0,440000,0,0,0,0.0,19,79.2,1,12,361000,0.0,0,0,87000,1,0.74,11
L1NSB00401,13,31,221000,1,0,46000,0,0,0,0.0,16,66.7,0,9,328000,0.09,0,0,139000,1,0.75,11
L1NSB00402,6,59,195000,0,0,491000,0,0,0,0.0,19,79.2,1,18,480000,0.09,0,0,127000,0,0.77,10
L1NSB00403,0,0,0,0,0,0,1696000,375,1,0.06,14,58.3,1,2,115000,0.14,0,0,82000,1,0.56,19
L1NSB00404,9,35,768000,1,0,453000,0,0,0,0.0,20,83.3,0,0,0,0.0,0,0,77000,0,0.74,11
L1NSB00405,7,46,591000,1,1,286000,0,0,0,0.0,24,100.0,1,0,109000,0.05,0,0,70000,1,0.76,10
L1NSB00406,10,62,532000,0,0,46000,0,0,0,0.0,19,79.2,0,12,237000,0.09,0,0,114000,1,0.96,1
L1NSB00407,15,50,536000,1,0,301000,0,0,0,0.0,19,79.2,1,11,63000,0.13,0,0,119000,0,0.87,5
L1NSB00408,8,61,147000,1,0,465000,0,0,0,0.0,18,75.0,0,2,336000,0.03,0,0,100000,0,0.93,3
L1NSB00409,17,23,93000,1,0,406000,5838000,380,1,0.03,15,62.5,0,12,382000,0.05,0,0,67000,0,0.92,3
L1NSB00410,17,67,332000,1,0,40000,0,0,0,0.0,17,70.8,0,1,454000,0.12,0,0,118000,1,0.95,2
L1NSB00411,20,30,56000,1,0,82000,3959000,79,0,0.11,24,100.0,0,7,138000,0.11,0,0,63000,1,0.68,14
L1NSB00412,15,6,784000,1,0,405000,0,0,0,0.0,20,83.3,0,7,198000,0.1,0,0,84000,0,0.91,4
L1NSB00413,8,75,69000,1,0,94000,0,0,0,0.0,19,79.2,1,15,342000,0.05,0,0,92000,1,0.77,10
L1NSB00414,14,16,169000,1,0,472000,2760000,216,1,0.01,22,91.7,0,19,94000,0.14,0,0,97000,1,0.88,5
L1NSB00415,13,38,544000,1,0,113000,0,0,0,0.0,17,70.8,0,19,442000,0.1,0,0,65000,1,0.74,11
L1NSB00416,19,16,220000,1,0,75000,2450000,109,0,0.12,23,95.8,1,2,406000,0.11,0,0,30000,0,0.82,8
L1NSB00417,15,76,65000,0,0,318000,0,0,0,0.0,14,58.3,1,17,329000,0.1,0,0,125000,1,0.71,13
L1NSB00418,0,0,0,0,0,0,3042000,109,1,0.03,23,95.8,0,18,68000,0.08,0,0,102000,1,0.8,8
L1NSB00419,12,17,482000,1,0,230000,6628000,254,1,0.15,15,62.5,1,15,93000,0.0,0,0,43000,1,0.95,2
L1NSB00420,21,42,66000,1,0,67000,0,0,0,0.0,17,70.8,1,6,450000,0.02,1,8000000,87000,1,0.74,11
L1NSB00421,21,14,292000,1,0,210000,0,0,0,0.0,19,79.2,1,1,473000,0.11,0,0,59000,1,0.94,2
L1NSB00422,20,24,261000,0,0,392000,0,0,0,0.0,17,70.8,1,3,251000,0.0,0,0,148000,1,0.59,18
L1NSB00423,7,45,736000,1,0,25000,3039000,343,1,0.13,17,70.8,0,1,267000,0.06,0,0,23000,1,0.82,8
L1NSB00424,0,0,0,0,0,0,0,0,0,0.0,20,83.3,1,19,491000,0.13,0,0,82000,1,0.61,17
L1NSB00425,13,32,736000,1,1,65000,7580000,398,1,0.12,14,58.3,0,18,303000,0.13,0,0,32000,1,0.64,16
L1NSB00426,0,0,0,0,0,0,0,0,0,0.0,16,66.7,1,6,202000,0.03,0,0,106000,1,0.9,4
L1NSB00427,15,41,742000,1,0,108000,0,0,0,0.0,23,95.8,1,20,137000,0.04,0,0,146000,0,0.79,9
L1NSB00428,16,74,739000,0,0,494000,0,0,0,0.0,19,79.2,0,8,232000,0.05,0,0,49000,1,0.98,0
L1NSB00429,0,0,0,0,0,0,7903000,62,1,0.14,22,91.7,1,5,448000,0.11,0,0,72000,1,0.77,10
L1NSB00430,18,77,680000,0,0,282000,1639000,66,1,0.04,18,75.0,1,14,236000,0.08,0,0,90000,1,0.88,5
L1NSB00431,0,0,0,0,0,0,0,0,0,0.0,18,75.0,0,3,251000,0.03,0,0,122000,0,0.76,10
L1NSB00432,17,26,618000,1,0,72000,3631000,233,1,0.01,15,62.5,0,3,433000,0.12,0,0,132000,0,0.6,18
L1NSB00433,15,32,749000,1,1,222000,0,0,0,0.0,22,91.7,0,12,110000,0.02,0,0,70000,1,0.58,18
L1NSB00434,22,26,439000,1,1,180000,4299000,223,1,0.05,19,79.2,0,8,139000,0.11,0,0,149000,1,0.97,1
L1NSB00435,0,0,0,0,0,0,0,0,0,0.0,17,70.8,0,15,281000,0.01,0,0,26000,0,0.94,2
L1NSB00436,14,45,317000,1,0,191000,0,0,0,0.0,24,100.0,1,13,453000,0.06,0,0,42000,0,0.98,0
L1NSB00437,0,0,0,0,0,0,6771000,120,0,0.12,17,70.8,1,16,242000,0.12,0,0,52000,1,0.84,7
L1NSB00438,20,31,429000,1,0,198000,0,0,0,0.0,24,100.0,1,1,347000,0.05,0,0,69000,0,0.9,4
L1NSB00439,24,15,446000,1,0,26000,5953000,108,0,0.07,18,75.0,1,0,173000,0.04,0,0,89000,0,0.89,4
L1NSB00440,0,0,0,0,0,0,0,0,0,0.0,21,87.5,0,14,67000,0.0,0,0,144000,1,0.7,13
L1NSB00441,24,47,756000,0,0,314000,4411000,180,1,0.11,20,83.3,0,18,218000,0.04,0,0,141000,1,0.86,6
L1NSB00442,0,0,0,0,0,0,4397000,272,0,0.06,22,91.7,1,0,56000,0.02,0,0,37000,1,0.75,11
L1NSB00443,14,44,502000,1,0,366000,0,0,0,0.0,19,79.2,1,18,144000,0.04,0,0,74000,1,0.92,3
L1NSB00444,19,40,779000,1,0,56000,0,0,0,0.0,24,100.0,1,1,77000,0.01,0,0,46000,0,0.87,5
L1NSB00445,15,48,489000,1,1,388000,0,0,0,0.0,17,70.8,1,1,488000,0.04,1,19000000,92000,0,0.96,1
L1NSB00446,15,27,670000,1,0,465000,0,0,0,0.0,17,70.8,1,10,415000,0.05,0,0,71000,1,0.77,10
L1NSB00447,23,65,760000,1,0,261000,0,0,0,0.0,23,95.8,1,0,0,0.0,0,0,51000,1,0.57,19
L1NSB00448,10,58,363000,1,0,496000,7324000,291,0,0.02,22,91.7,0,17,116000,0.13,0,0,139000,1,0.85,6
L1NSB00449,22,40,104000,1,0,259000,7461000,345,0,0.15,15,62.5,0,2,203000,0.14,0,0,117000,1,0.59,18
L1NSB00450,9,79,546000,0,0,244000,0,0,0,0.0,19,79.2,1,9,138000,0.11,0,0,74000,1,0.92,3
L1NSB00451,0,0,0,0,0,0,6992000,314,1,0.13,19,79.2,0,5,173000,0.07,0,0,143000,1,0.8,8
L1NSB00452,21,63,34000,0,0,464000,0,0,0,0.0,15,62.5,1,0,0,0.0,0,0,107000,0,0.7,13
L1NSB00453,9,25,118000,1,0,294000,0,0,0,0.0,14,58.3,1,17,133000,0.11,0,0,35000,1,0.85,6
L1NSB00454,19,7,181000,1,0,378000,0,0,0,0.0,17,70.8,0,17,160000,0.12,0,0,112000,1,0.73,12
L1NSB00455,18,72,166000,1,0,10000,0,0,0,0.0,14,58.3,1,6,399000,0.15,0,0,25000,1,0.91,4
L1NSB00456,21,71,92000,1,0,385000,0,0,0,0.0,20,83.3,0,13,434000,0.12,0,0,147000,1,0.91,4
L1NSB00457,0,0,0,0,0,0,0,0,0,0.0,14,58.3,1,18,313000,0.04,0,0,131000,1,0.69,13
L1NSB00458,20,57,730000,0,0,40000,0,0,0,0.0,21,87.5,0,9,394000,0.13,0,0,121000,1,0.61,17
L1NSB00459,21,55,399000,1,1,316000,5676000,132,1,0.07,23,95.8,0,8,305000,0.07,0,0,30000,0,0.7,13
L1NSB00460,10,24,92000,0,0,213000,6509000,165,0,0.03,20,83.3,1,8,226000,0.03,0,0,77000,0,0.83,7
L1NSB00461,7,64,294000,1,1,205000,0,0,0,0.0,17,70.8,0,10,94000,0.06,0,0,58000,0,0.73,12
L1NSB00462,21,52,155000,0,0,112000,0,0,0,0.0,21,87.5,1,20,344000,0.09,0,0,111000,1,0.95,2
L1NSB00463,18,57,644000,1,0,262000,0,0,0,0.0,20,83.3,0,7,161000,0.15,0,0,110000,1,0.62,17
L1NSB00464,22,34,506000,0,0,447000,0,0,0,0.0,17,70.8,0,15,395000,0.03,0,0,73000,0,0.65,15
L1NSB00465,13,65,780000,1,0,13000,5950000,349,1,0.1,18,75.0,0,1,154000,0.11,0,0,70000,0,0.95,2
L1NSB00466,0,0,0,0,0,0,3110000,399,0,0.1,22,91.7,0,6,323000,0.04,0,0,41000,0,0.84,7
L1NSB00467,23,6,305000,1,0,313000,0,0,0,0.0,22,91.7,1,20,370000,0.06,0,0,142000,1,0.81,8
L1NSB00468,18,74,46000,1,0,207000,3923000,239,1,0.06,18,75.0,1,4,99000,0.06,0,0,76000,1,0.85,6
L1NSB00469,19,42,60000,1,0,332000,5188000,151,1,0.15,23,95.8,0,0,0,0.0,0,0,129000,1,0.71,13
L1NSB00470,0,0,0,0,0,0,3172000,184,1,0.03,22,91.7,1,6,375000,0.12,0,0,139000,1,0.85,6
L1NSB00471,22,32,723000,0,0,21000,0,0,0,0.0,17,70.8,1,5,98000,0.09,0,0,127000,1,0.91,4
L1NSB00472,8,8,160000,1,0,232000,0,0,0,0.0,24,100.0,1,16,257000,0.1,0,0,137000,0,0.68,14
L1NSB00473,19,65,125000,1,0,305000,0,0,0,0.0,24,100.0,1,17,269000,0.04,0,0,42000,1,0.55,20
L1NSB00474,22,47,219000,1,0,205000,0,0,0,0.0,16,66.7,0,4,102000,0.05,0,0,122000,0,0.85,6
L1NSB00475,15,31,616000,1,0,315000,0,0,0,0.0,23,95.8,0,8,364000,0.05,0,0,21000,0,0.8,8
L1NSB00476,16,41,454000,1,0,344000,0,0,0,0.0,19,79.2,0,6,88000,0.07,0,0,33000,0,0.93,3
L1NSB00477,0,0,0,0,0,0,0,0,0,0.0,14,58.3,0,4,426000,0.12,0,0,116000,0,0.88,5
L1NSB00478,11,49,783000,1,0,114000,0,0,0,0.0,16,66.7,1,5,423000,0.03,1,15000000,74000,1,0.58,18
L1NSB00479,18,5,128000,1,1,15000,0,0,0,0.0,18,75.0,0,17,315000,0.06,0,0,25000,1,0.64,16
L1NSB00480,10,57,346000,1,0,406000,0,0,0,0.0,22,91.7,1,18,371000,0.1,0,0,112000,1,0.68,14
L1NSB00481,21,60,89000,1,0,21000,0,0,0,0.0,23,95.8,0,6,303000,0.01,0,0,113000,1,0.8,8
L1NSB00482,6,41,388000,1,0,376000,0,0,0,0.0,18,75.0,0,13,272000,0.14,0,0,85000,1,0.91,4
L1NSB00483,13,74,481000,1,0,391000,7815000,216,0,0.14,14,58.3,0,10,249000,0.07,0,0,68000,1,0.91,4
L1NSB00484,0,0,0,0,0,0,3981000,280,1,0.09,22,91.7,1,16,171000,0.15,0,0,110000,0,0.92,3
L1NSB00485,22,45,663000,0,1,90000,0,0,0,0.0,19,79.2,0,1,126000,0.04,0,0,119000,0,0.91,4
L1NSB00486,11,38,257000,0,0,193000,3557000,320,1,0.06,15,62.5,0,5,469000,0.02,0,0,80000,1,0.58,18
L1NSB00487,22,74,76000,0,0,224000,6594000,198,1,0.01,18,75.0,1,18,460000,0.01,0,0,90000,1,0.88,5
L1NSB00488,24,20,702000,1,1,51000,0,0,0,0.0,16,66.7,1,5,109000,0.12,0,0,123000,1,0.99,0
L1NSB00489,23,57,757000,1,0,45000,0,0,0,0.0,24,100.0,1,18,377000,0.01,0,0,100000,1,0.65,15
L1NSB00490,12,52,164000,1,0,376000,6919000,255,0,0.12,22,91.7,0,10,211000,0.11,0,0,26000,0,0.7,13
L1NSB00491,21,29,561000,0,0,462000,0,0,0,0.0,14,58.3,0,2,144000,0.13,1,15000000,43000,1,0.8,8
L1NSB00492,0,0,0,0,0,0,0,0,0,0.0,20,83.3,1,20,463000,0.01,0,0,49000,0,0.73,12
L1NSB00493,17,9,394000,1,0,353000,0,0,0,0.0,23,95.8,0,7,476000,0.14,0,0,132000,0,0.74,11
L1NSB00494,21,14,524000,0,1,169000,0,0,0,0.0,23,95.8,0,4,355000,0.13,0,0,113000,0,0.96,1
L1NSB00495,0,0,0,0,0,0,0,0,0,0.0,15,62.5,0,19,266000,0.01,0,0,76000,0,0.61,17
L1NSB00496,12,40,620000,1,0,31000,0,0,0,0.0,23,95.8,1,8,71000,0.1,1,7000000,38000,1,0.76,10
L1NSB00497,17,71,599000,1,0,239000,0,0,0,0.0,18,75.0,1,17,53000,0.06,0,0,66000,1,0.91,4
L1NSB00498,10,9,695000,0,1,208000,0,0,0,0.0,23,95.8,0,11,87000,0.06,0,0,48000,0,0.74,11
L1NSB00499,8,74,113000,1,0,77000,0,0,0,0.0,24,100.0,1,20,449000,0.03,1,20000000,70000,0,0.7,13
L1NSB00500,24,70,537000,1,0,40000,0,0,0,0.0,20,83.3,1,4,163000,0.02,0,0,130000,1,0.86,6
L1NSB00501,9,7,626000,1,0,302000,0,0,0,0.0,20,83.3,1,17,74000,0.15,0,0,42000,0,0.89,4
L1NSB00502,12,59,36000,1,0,150000,7856000,102,1,0.13,14,58.3,0,8,180000,0.11,0,0,30000,1,0.87,5
L1NSB00503,21,18,292000,0,0,440000,3434000,189,1,0.06,18,75.0,0,18,498000,0.05,0,0,22000,1,0.92,3
L1NSB00504,0,0,0,0,0,0,7563000,220,1,0.14,14,58.3,1,13,473000,0.02,0,0,121000,1,0.8,8
L1NSB00505,23,49,615000,1,0,82000,6483000,190,0,0.03,23,95.8,0,0,0,0.0,0,0,24000,0,0.71,13
L1NSB00506,20,60,213000,1,0,399000,0,0,0,0.0,24,100.0,1,17,197000,0.07,0,0,108000,0,0.59,18
L1NSB00507,15,68,172000,1,0,73000,0,0,0,0.0,21,87.5,1,9,394000,0.11,0,0,23000,0,0.9,4
L1NSB00508,0,0,0,0,0,0,0,0,0,0.0,24,100.0,1,12,116000,0.09,0,0,50000,1,0.72,12
L1NSB00509,23,56,475000,0,0,315000,0,0,0,0.0,22,91.7,0,0,0,0.0,0,0,122000,1,0.82,8
L1NSB00510,0,0,0,0,0,0,0,0,0,0.0,24,100.0,0,13,297000,0.1,0,0,114000,1,0.93,3
L1NSB00511,21,42,75000,0,0,430000,0,0,0,0.0,21,87.5,1,4,155000,0.01,0,0,90000,0,0.64,16
L1NSB00512,10,48,790000,1,1,276000,0,0,0,0.0,19,79.2,1,0,0,0.0,0,0,99000,1,0.95,2
L1NSB00513,20,28,140000,1,0,183000,0,0,0,0.0,16,66.7,0,0,370000,0.05,0,0,70000,1,0.63,16
L1NSB00514,9,70,308000,1,0,178000,6518000,369,1,0.1,17,70.8,0,4,114000,0.11,0,0,21000,1,0.95,2
L1NSB00515,0,0,0,0,0,0,6240000,188,1,0.13,17,70.8,1,3,455000,0.12,0,0,39000,0,0.56,19
L1NSB00516,23,67,554000,0,0,419000,3112000,398,1,0.08,21,87.5,1,18,440000,0.08,0,0,58000,0,0.6,18
L1NSB00517,22,23,263000,0,0,491000,6135000,398,1,0.08,22,91.7,1,3,384000,0.0,0,0,118000,0,0.69,13
L1NSB00518,19,49,504000,1,0,422000,0,0,0,0.0,20,83.3,0,6,397000,0.05,0,0,135000,1,0.9,4
L1NSB00519,17,21,457000,0,0,267000,0,0,0,0.0,22,91.7,1,17,123000,0.03,0,0,58000,1,0.68,14
L1NSB00520,11,21,684000,1,0,44000,0,0,0,0.0,21,87.5,0,16,397000,0.08,0,0,31000,1,0.66,15
L1NSB00521,0,0,0,0,0,0,0,0,0,0.0,19,79.2,1,7,333000,0.11,0,0,60000,0,0.67,14
L1NSB00522,0,0,0,0,0,0,0,0,0,0.0,20,83.3,0,15,272000,0.06,0,0,52000,1,0.99,0
L1NSB00523,15,46,753000,1,0,50000,0,0,0,0.0,24,100.0,0,4,78000,0.09,0,0,75000,1,0.73,12
L1NSB00524,17,29,135000,1,0,79000,0,0,0,0.0,20,83.3,0,4,98000,0.1,0,0,95000,1,0.97,1
L1NSB00525,14,38,255000,0,0,17000,0,0,0,0.0,20,83.3,0,2,192000,0.14,0,0,117000,1,0.71,13
L1NSB00526,20,44,307000,1,0,314000,0,0,0,0.0,23,95.8,1,15,99000,0.12,0,0,78000,1,0.95,2
L1NSB00527,24,62,198000,1,0,249000,0,0,0,0.0,14,58.3,1,2,62000,0.11,0,0,97000,0,0.69,13
L1NSB00528,21,51,786000,1,0,426000,0,0,0,0.0,22,91.7,1,13,370000,0.01,0,0,141000,1,0.57,19
L1NSB00529,10,19,405000,1,0,320000,0,0,0,0.0,18,75.0,1,6,283000,0.07,0,0,145000,1,0.81,8
L1NSB00530,7,31,249000,0,0,127000,6432000,214,1,0.02,21,87.5,1,0,198000,0.07,0,0,75000,1,0.8,8
L1NSB00531,15,63,512000,1,0,13000,0,0,0,0.0,21,87.5,1,0,163000,0.06,0,0,110000,1,0.55,20
L1NSB00532,20,53,764000,0,0,291000,0,0,0,0.0,16,66.7,1,3,493000,0.15,0,0,52000,0,0.92,3
L1NSB00533,0,0,0,0,0,0,0,0,0,0.0,17,70.8,1,16,262000,0.13,0,0,86000,1,0.61,17
L1NSB00534,0,0,0,0,0,0,3641000,160,1,0.04,14,58.3,1,9,419000,0.12,0,0,130000,1,0.85,6
L1NSB00535,7,56,440000,1,0,464000,0,0,0,0.0,18,75.0,0,17,230000,0.15,0,0,71000,0,0.96,1
L1NSB00536,12,48,563000,1,0,459000,0,0,0,0.0,22,91.7,0,2,107000,0.14,0,0,130000,1,0.62,17
L1NSB00537,14,28,151000,0,0,130000,5331000,335,1,0.08,14,58.3,0,9,336000,0.11,0,0,116000,0,0.98,0
L1NSB00538,9,15,735000,1,0,189000,4460000,332,1,0.11,23,95.8,1,8,135000,0.01,0,0,70000,1,0.64,16
L1NSB00539,19,29,735000,1,0,100000,5504000,254,1,0.08,21,87.5,1,15,237000,0.09,0,0,38000,0,0.9,4
L1NSB00540,8,67,293000,1,1,187000,0,0,0,0.0,17,70.8,1,17,62000,0.14,0,0,65000,1,0.77,10
L1NSB00541,0,0,0,0,0,0,0,0,0,0.0,16,66.7,1,6,152000,0.09,0,0,123000,0,0.94,2
L1NSB00542,7,17,106000,0,0,181000,0,0,0,0.0,18,75.0,0,16,50000,0.05,0,0,84000,1,0.62,17
L1NSB00543,0,0,0,0,0,0,0,0,0,0.0,15,62.5,0,8,349000,0.09,0,0,120000,0,0.97,1
L1NSB00544,14,63,750000,1,0,331000,6895000,358,1,0.02,21,87.5,0,7,321000,0.1,0,0,136000,1,0.81,8
L1NSB00545,0,0,0,0,0,0,0,0,0,0.0,21,87.5,0,0,0,0.0,0,0,79000,1,0.63,16
L1NSB00546,7,79,721000,1,1,102000,0,0,0,0.0,17,70.8,0,14,142000,0.06,0,0,64000,0,0.78,9
L1NSB00547,18,77,609000,1,0,146000,0,0,0,0.0,19,79.2,1,19,290000,0.02,0,0,112000,1,0.75,11
L1NSB00548,12,25,530000,1,0,358000,0,0,0,0.0,19,79.2,1,9,397000,0.09,0,0,147000,0,0.91,4
L1NSB00549,19,5,630000,1,0,270000,6020000,324,1,0.11,20,83.3,1,2,67000,0.14,0,0,141000,0,0.71,13
L1NSB00550,18,66,635000,0,0,366000,3093000,260,1,0.13,14,58.3,1,5,245000,0.03,0,0,128000,1,0.89,4
L1NSB00551,17,55,300000,1,0,345000,0,0,0,0.0,20,83.3,0,12,366000,0.04,0,0,87000,1,0.89,4
L1NSB00552,17,50,673000,1,0,447000,5131000,179,1,0.1,24,100.0,1,4,179000,0.0,0,0,63000,1,0.55,20
L1NSB00553,0,0,0,0,0,0,7438000,189,1,0.11,23,95.8,1,12,211000,0.13,0,0,26000,0,0.91,4
L1NSB00554,0,0,0,0,0,0,4362000,193,1,0.14,21,87.5,0,16,53000,0.06,0,0,115000,1,0.81,8
L1NSB00555,11,20,283000,1,0,389000,0,0,0,0.0,22,91.7,0,1,406000,0.14,0,0,76000,1,0.57,19
L1NSB00556,0,0,0,0,0,0,0,0,0,0.0,18,75.0,0,2,230000,0.0,0,0,85000,1,0.69,13
L1NSB00557,0,0,0,0,0,0,0,0,0,0.0,14,58.3,1,4,258000,0.05,0,0,130000,0,0.95,2
L1NSB00558,18,64,317000,1,0,413000,0,0,0,0.0,20,83.3,1,13,431000,0.01,0,0,54000,1,0.64,16
L1NSB00559,24,65,300000,0,0,410000,0,0,0,0.0,14,58.3,0,18,195000,0.12,0,0,42000,0,0.83,7
L1NSB00560,19,10,524000,1,0,457000,6385000,217,0,0.05,22,91.7,0,8,353000,0.13,0,0,140000,0,0.64,16
L1NSB00561,13,7,467000,0,0,465000,0,0,0,0.0,19,79.2,1,14,491000,0.1,0,0,73000,1,0.56,19
L1NSB00562,17,28,449000,0,0,24000,7449000,256,1,0.08,20,83.3,1,15,80000,0.07,0,0,50000,1,0.82,8
L1NSB00563,13,56,127000,1,0,75000,0,0,0,0.0,17,70.8,0,15,286000,0.04,0,0,96000,1,0.6,18
L1NSB00564,12,36,540000,1,0,14000,4239000,308,1,0.01,23,95.8,1,2,438000,0.01,0,0,113000,0,0.56,19
L1NSB00565,19,39,71000,1,0,280000,3179000,325,1,0.05,22,91.7,0,8,312000,0.15,0,0,109000,1,0.74,11
L1NSB00566,0,0,0,0,0,0,0,0,0,0.0,19,79.2,1,9,403000,0.1,0,0,53000,1,0.78,9
L1NSB00567,6,29,150000,1,0,429000,0,0,0,0.0,22,91.7,0,7,455000,0.1,0,0,85000,0,0.98,0
L1NSB00568,19,68,792000,1,0,267000,0,0,0,0.0,18,75.0,1,8,186000,0.13,0,0,100000,1,0.81,8
L1NSB00569,0,0,0,0,0,0,0,0,0,0.0,14,58.3,1,6,145000,0.15,0,0,115000,1,0.93,3
L1NSB00570,0,0,0,0,0,0,4303000,129,1,0.1,14,58.3,1,3,430000,0.05,0,0,29000,1,0.82,8
L1NSB00571,0,0,0,0,0,0,6399000,387,1,0.06,17,70.8,0,0,357000,0.12,0,0,122000,1,0.99,0
L1NSB00572,13,8,480000,1,0,421000,0,0,0,0.0,19,79.2,0,8,462000,0.12,0,0,138000,0,0.62,17
L1NSB00573,9,23,673000,1,0,295000,0,0,0,0.0,19,79.2,0,0,61000,0.04,0,0,55000,1,0.89,4
L1NSB00574,18,71,159000,1,1,280000,0,0,0,0.0,15,62.5,0,1,340000,0.04,0,0,108000,0,0.68,14
L1NSB00575,0,0,0,0,0,0,0,0,0,0.0,21,87.5,0,0,0,0.0,0,0,75000,1,0.71,13
L1NSB00576,0,0,0,0,0,0,0,0,0,0.0,21,87.5,1,19,278000,0.13,0,0,58000,0,0.87,5
L1NSB00577,0,0,0,0,0,0,0,0,0,0.0,24,100.0,1,10,171000,0.08,0,0,60000,1,0.94,2
L1NSB00578,12,70,171000,1,0,77000,0,0,0,0.0,23,95.8,0,11,494000,0.14,0,0,67000,1,0.71,13
L1NSB00579,0,0,0,0,0,0,0,0,0,0.0,21,87.5,1,13,446000,0.08,0,0,106000,1,0.82,8
L1NSB00580,13,11,555000,0,0,382000,0,0,0,0.0,23,95.8,1,10,482000,0.05,0,0,46000,1,0.7,13
L1NSB00581,0,0,0,0,0,0,0,0,0,0.0,18,75.0,0,16,333000,0.04,0,0,103000,1,0.78,9
L1NSB00582,10,37,325000,1,0,131000,4223000,63,1,0.13,23,95.8,1,11,227000,0.12,0,0,73000,1,0.7,13
L1NSB00583,22,14,93000,1,0,349000,0,0,0,0.0,16,66.7,1,14,274000,0.12,0,0,135000,1,0.97,1
L1NSB00584,14,52,618000,1,0,460000,7300000,110,0,0.08,16,66.7,0,9,427000,0.09,0,0,143000,1,0.83,7
L1NSB00585,6,68,93000,1,0,467000,4483000,357,1,0.09,18,75.0,1,18,402000,0.11,0,0,47000,1,0.61,17
L1NSB00586,24,48,461000,1,0,88000,0,0,0,0.0,19,79.2,1,11,350000,0.03,0,0,135000,1,0.67,14
L1NSB00587,6,53,338000,0,0,407000,0,0,0,0.0,16,66.7,0,15,125000,0.1,0,0,36000,1,0.92,3
L1NSB00588,0,0,0,0,0,0,2427000,371,1,0.02,24,100.0,1,1,78000,0.05,0,0,81000,1,0.71,13
L1NSB00589,16,51,475000,1,0,227000,6073000,389,1,0.06,24,100.0,1,15,408000,0.15,0,0,33000,1,0.9,4
L1NSB00590,17,5,338000,1,0,56000,0,0,0,0.0,14,58.3,0,16,263000,0.11,0,0,141000,0,0.96,1
L1NSB00591,21,76,358000,1,1,377000,6243000,283,1,0.04,22,91.7,0,12,73000,0.12,0,0,82000,1,0.85,6
L1NSB00592,0,0,0,0,0,0,0,0,0,0.0,20,83.3,0,1,318000,0.09,0,0,149000,1,0.84,7
L1NSB00593,6,16,64000,1,0,292000,0,0,0,0.0,17,70.8,0,19,90000,0.01,0,0,31000,0,0.68,14
L1NSB00594,7,29,732000,1,0,121000,6174000,271,1,0.09,16,66.7,1,0,390000,0.1,0,0,134000,1,0.97,1
L1NSB00595,8,76,575000,1,0,155000,5184000,316,0,0.12,21,87.5,1,13,256000,0.04,0,0,54000,1,0.79,9
L1NSB00596,15,70,746000,0,0,390000,7774000,257,1,0.08,16,66.7,1,13,207000,0.04,0,0,69000,1,0.89,4
L1NSB00597,21,60,446000,0,0,343000,0,0,0,0.0,19,79.2,0,16,97000,0.1,0,0,133000,1,0.69,13
L1NSB00598,24,26,348000,1,0,55000,0,0,0,0.0,18,75.0,0,8,246000,0.12,0,0,105000,0,0.91,4
L1NSB00599,16,60,443000,1,0,324000,0,0,0,0.0,18,75.0,1,0,128000,0.09,0,0,22000,1,0.97,1
L1NSB00600,18,39,633000,1,0,423000,0,0,0,0.0,22,91.7,0,0,0,0.0,0,0,51000,1,0.79,9
L1NSB00601,10,78,179000,0,0,332000,0,0,0,0.0,24,100.0,0,4,186000,0.06,0,0,67000,1,0.65,15
L1NSB00602,0,0,0,0,0,0,3202000,167,1,0.09,18,75.0,0,1,248000,0.1,0,0,125000,1,0.69,13
L1NSB00603,0,0,0,0,0,0,0,0,0,0.0,22,91.7,0,10,303000,0.08,0,0,87000,1,0.7,13
L1NSB00604,18,46,721000,1,0,343000,0,0,0,0.0,24,100.0,0,11,472000,0.12,0,0,20000,0,0.71,13
L1NSB00605,8,21,435000,1,0,227000,0,0,0,0.0,18,75.0,1,20,180000,0.14,0,0,77000,0,0.57,19
L1NSB00606,19,18,291000,1,0,461000,0,0,0,0.0,18,75.0,0,8,140000,0.01,0,0,150000,1,0.66,15
L1NSB00607,9,52,170000,0,0,333000,6205000,97,1,0.08,24,100.0,0,0,461000,0.05,0,0,45000,0,0.69,13
L1NSB00608,23,45,80000,1,0,106000,0,0,0,0.0,16,66.7,1,5,413000,0.08,0,0,128000,1,1.0,0
L1NSB00609,11,67,717000,1,0,409000,0,0,0,0.0,18,75.0,1,4,156000,0.03,0,0,149000,1,0.58,18
L1NSB00610,21,10,69000,1,0,51000,5831000,186,1,0.14,24,100.0,0,9,347000,0.12,0,0,25000,1,0.61,17
L1NSB00611,6,28,389000,1,0,500000,0,0,0,0.0,15,62.5,1,9,160000,0.05,0,0,31000,1,0.94,2
L1NSB00612,21,66,779000,1,0,73000,0,0,0,0.0,17,70.8,0,1,269000,0.01,0,0,55000,0,0.8,8
L1NSB00613,20,41,377000,1,0,245000,0,0,0,0.0,15,62.5,0,9,278000,0.04,0,0,82000,0,0.61,17
L1NSB00614,0,0,0,0,0,0,0,0,0,0.0,18,75.0,1,7,459000,0.01,0,0,121000,1,0.63,16
L1NSB00615,12,56,118000,1,0,183000,0,0,0,0.0,22,91.7,1,0,264000,0.11,0,0,106000,0,0.76,10
L1NSB00616,0,0,0,0,0,0,0,0,0,0.0,16,66.7,0,1,395000,0.04,0,0,141000,1,0.61,17
L1NSB00617,16,19,37000,0,0,472000,7630000,400,1,0.09,14,58.3,0,13,346000,0.0,0,0,39000,1,0.99,0
L1NSB00618,8,71,123000,1,0,362000,0,0,0,0.0,23,95.8,1,6,464000,0.03,0,0,68000,1,0.65,15
L1NSB00619,13,7,674000,1,0,154000,0,0,0,0.0,23,95.8,1,0,0,0.0,0,0,40000,1,0.74,11
L1NSB00620,0,0,0,0,0,0,5375000,78,1,0.09,17,70.8,0,4,490000,0.02,0,0,89000,0,0.86,6
L1NSB00621,19,72,372000,1,0,388000,0,0,0,0.0,15,62.5,0,18,62000,0.02,0,0,37000,1,0.84,7
L1NSB00622,8,46,757000,1,0,408000,0,0,0,0.0,19,79.2,1,3,75000,0.09,0,0,113000,1,0.65,15
L1NSB00623,0,0,0,0,0,0,4913000,153,1,0.01,21,87.5,0,11,408000,0.05,0,0,33000,0,0.92,3
L1NSB00624,15,20,445000,1,0,240000,0,0,0,0.0,21,87.5,0,1,377000,0.1,0,0,138000,0,0.98,0
L1NSB00625,14,61,92000,0,0,370000,7234000,368,0,0.14,17,70.8,0,6,371000,0.12,0,0,43000,1,0.93,3
L1NSB00626,23,52,419000,1,0,319000,0,0,0,0.0,21,87.5,1,11,68000,0.05,0,0,80000,1,0.9,4
L1NSB00627,13,8,748000,0,1,187000,0,0,0,0.0,19,79.2,0,18,92000,0.12,1,18000000,38000,1,0.65,15
L1NSB00628,18,41,689000,1,0,375000,3611000,203,0,0.06,24,100.0,1,9,495000,0.05,0,0,71000,1,0.72,12
L1NSB00629,6,68,421000,1,1,143000,0,0,0,0.0,20,83.3,1,5,495000,0.0,0,0,128000,0,0.97,1
L1NSB00630,11,62,143000,1,0,220000,0,0,0,0.0,14,58.3,1,4,475000,0.09,0,0,36000,0,0.75,11
L1NSB00631,6,20,57000,1,0,413000,3304000,273,1,0.09,15,62.5,1,18,192000,0.13,0,0,139000,0,0.94,2
L1NSB00632,10,68,736000,1,0,22000,0,0,0,0.0,19,79.2,0,16,286000,0.07,0,0,146000,1,0.59,18
L1NSB00633,24,64,167000,1,0,461000,2323000,103,1,0.07,24,100.0,0,19,255000,0.05,0,0,145000,1,0.84,7
L1NSB00634,17,54,742000,1,0,313000,0,0,0,0.0,16,66.7,0,4,68000,0.05,0,0,50000,1,0.72,12
L1NSB00635,13,77,786000,1,0,384000,0,0,0,0.0,22,91.7,0,19,139000,0.05,0,0,111000,0,0.76,10
L1NSB00636,14,72,456000,1,0,287000,0,0,0,0.0,15,62.5,1,17,116000,0.11,0,0,150000,1,0.99,0
L1NSB00637,21,62,651000,0,0,324000,6603000,391,1,0.06,22,91.7,1,9,160000,0.08,0,0,140000,1,0.63,16
L1NSB00638,10,9,112000,1,1,204000,0,0,0,0.0,18,75.0,1,13,377000,0.09,0,0,48000,1,0.81,8
L1NSB00639,24,78,223000,0,0,29000,0,0,0,0.0,17,70.8,1,20,89000,0.04,0,0,30000,1,0.73,12
L1NSB00640,10,70,785000,1,0,128000,0,0,0,0.0,17,70.8,0,10,481000,0.05,0,0,54000,1,0.67,14
L1NSB00641,23,67,289000,1,0,105000,6075000,130,1,0.13,23,95.8,0,6,198000,0.11,0,0,79000,1,0.62,17
L1NSB00642,10,22,622000,0,0,245000,5683000,270,1,0.14,17,70.8,1,18,383000,0.04,0,0,115000,1,0.84,7
L1NSB00643,7,45,363000,1,0,263000,7437000,297,1,0.09,21,87.5,0,9,154000,0.01,0,0,97000,0,0.84,7
L1NSB00644,0,0,0,0,0,0,0,0,0,0.0,17,70.8,1,0,0,0.0,0,0,148000,1,0.58,18
L1NSB00645,16,68,390000,0,0,470000,0,0,0,0.0,21,87.5,1,5,75000,0.09,0,0,68000,1,0.87,5
L1NSB00646,17,62,689000,1,0,461000,0,0,0,0.0,23,95.8,1,8,150000,0.03,0,0,137000,1,0.91,4
L1NSB00647,23,45,362000,0,0,149000,0,0,0,0.0,17,70.8,0,18,379000,0.14,0,0,37000,0,0.62,17
L1NSB00648,0,0,0,0,0,0,0,0,0,0.0,21,87.5,0,18,292000,0.04,0,0,91000,1,0.62,17
L1NSB00649,0,0,0,0,0,0,0,0,0,0.0,14,58.3,0,3,485000,0.08,0,0,126000,1,0.97,1
L1NSB00650,9,32,189000,1,0,310000,0,0,0,0.0,17,70.8,0,11,279000,0.15,0,0,98000,1,0.95,2
L1NSB00651,8,17,121000,1,0,447000,3045000,203,1,0.07,24,100.0,1,2,495000,0.15,0,0,61000,1,0.69,13
L1NSB00652,16,46,320000,1,0,476000,0,0,0,0.0,16,66.7,1,3,475000,0.03,0,0,63000,0,0.66,15
L1NSB00653,0,0,0,0,0,0,3830000,52,1,0.13,21,87.5,1,7,391000,0.04,0,0,35000,1,0.91,4
L1NSB00654,16,38,513000,1,0,35000,0,0,0,0.0,20,83.3,0,1,457000,0.12,0,0,39000,0,0.81,8
L1NSB00655,0,0,0,0,0,0,0,0,0,0.0,19,79.2,1,3,250000,0.03,0,0,41000,1,0.55,20
L1NSB00656,11,26,328000,1,0,214000,2051000,246,1,0.14,19,79.2,0,13,179000,0.1,0,0,105000,0,0.64,16
L1NSB00657,0,0,0,0,0,0,0,0,0,0.0,24,100.0,0,6,272000,0.06,0,0,107000,1,0.82,8
L1NSB00658,8,47,471000,1,0,292000,0,0,0,0.0,15,62.5,1,14,381000,0.09,0,0,63000,1,0.87,5
L1NSB00659,11,43,636000,0,1,309000,0,0,0,0.0,15,62.5,1,20,401000,0.02,0,0,89000,1,0.68,14
L1NSB00660,15,5,799000,0,0,195000,0,0,0,0.0,20,83.3,0,18,347000,0.03,0,0,63000,1,0.62,17
L1NSB00661,9,25,757000,0,0,465000,0,0,0,0.0,14,58.3,0,4,76000,0.09,0,0,97000,1,0.75,11
L1NSB00662,22,70,563000,1,0,162000,0,0,0,0.0,22,91.7,0,2,403000,0.08,0,0,51000,0,0.72,12
L1NSB00663,16,18,456000,1,0,337000,0,0,0,0.0,23,95.8,0,3,210000,0.03,0,0,49000,1,0.56,19
L1NSB00664,9,17,225000,0,0,80000,0,0,0,0.0,17,70.8,1,3,233000,0.06,1,6000000,80000,0,0.79,9
L1NSB00665,6,21,181000,1,0,481000,0,0,0,0.0,18,75.0,0,12,139000,0.14,0,0,82000,1,0.62,17
L1NSB00666,0,0,0,0,0,0,0,0,0,0.0,16,66.7,0,10,176000,0.14,0,0,84000,0,0.79,9
L1NSB00667,20,10,488000,1,1,405000,2602000,366,1,0.04,24,100.0,1,18,434000,0.08,0,0,129000,1,0.96,1
L1NSB00668,15,11,582000,1,0,265000,0,0,0,0.0,21,87.5,0,4,88000,0.01,0,0,94000,1,0.57,19
L1NSB00669,13,32,745000,0,0,447000,0,0,0,0.0,15,62.5,1,0,402000,0.1,1,20000000,146000,1,0.62,17
L1NSB00670,20,22,382000,0,0,158000,2030000,273,1,0.1,22,91.7,0,18,393000,0.03,0,0,131000,1,0.98,0
L1NSB00671,13,79,594000,1,0,294000,6886000,102,1,0.03,22,91.7,0,18,147000,0.14,0,0,62000,1,0.76,10
L1NSB00672,0,0,0,0,0,0,0,0,0,0.0,24,100.0,1,0,0,0.0,0,0,25000,1,0.99,0
L1NSB00673,7,40,214000,1,0,472000,0,0,0,0.0,21,87.5,0,20,168000,0.01,0,0,114000,1,0.58,18
L1NSB00674,0,0,0,0,0,0,0,0,0,0.0,15,62.5,0,13,399000,0.09,0,0,40000,1,0.69,13
L1NSB00675,15,64,767000,0,1,250000,0,0,0,0.0,24,100.0,0,0,303000,0.07,0,0,96000,1,0.85,6
L1NSB00676,18,30,384000,1,0,370000,0,0,0,0.0,20,83.3,0,4,443000,0.01,0,0,103000,1,0.71,13
L1NSB00677,14,75,316000,1,0,97000,0,0,0,0.0,16,66.7,1,11,348000,0.05,0,0,68000,1,0.88,5
L1NSB00678,8,49,331000,0,0,347000,7142000,231,0,0.11,15,62.5,0,0,355000,0.06,0,0,78000,1,0.91,4
L1NSB00679,19,34,441000,1,0,15000,4245000,65,1,0.08,21,87.5,1,4,122000,0.04,0,0,144000,1,0.9,4
L1NSB00680,0,0,0,0,0,0,0,0,0,0.0,21,87.5,0,1,413000,0.03,1,6000000,48000,0,0.59,18
L1NSB00681,8,72,667000,1,0,127000,4394000,207,1,0.11,19,79.2,1,4,470000,0.02,0,0,101000,1,0.74,11
L1NSB00682,21,32,102000,0,0,498000,0,0,0,0.0,17,70.8,1,7,103000,0.13,0,0,61000,1,0.57,19
L1NSB00683,19,47,625000,1,0,23000,0,0,0,0.0,14,58.3,1,7,466000,0.14,0,0,82000,1,0.68,14
L1NSB00684,0,0,0,0,0,0,4549000,97,1,0.14,16,66.7,1,2,306000,0.02,0,0,42000,1,0.61,17
L1NSB00685,0,0,0,0,0,0,0,0,0,0.0,18,75.0,1,13,82000,0.06,0,0,69000,0,0.58,18
L1NSB00686,24,78,519000,1,0,117000,6945000,115,1,0.05,24,100.0,0,0,0,0.0,0,0,99000,1,0.67,14
L1NSB00687,12,44,342000,0,1,194000,2043000,73,1,0.05,20,83.3,0,0,83000,0.0,0,0,71000,0,0.7,13
L1NSB00688,0,0,0,0,0,0,0,0,0,0.0,19,79.2,1,14,342000,0.05,0,0,57000,1,0.61,17
L1NSB00689,13,50,463000,1,0,247000,2568000,386,0,0.06,15,62.5,0,16,459000,0.11,0,0,147000,1,0.96,1
L1NSB00690,0,0,0,0,0,0,0,0,0,0.0,21,87.5,0,15,266000,0.07,0,0,114000,1,0.65,15
L1NSB00691,21,64,702000,0,0,320000,0,0,0,0.0,22,91.7,1,2,322000,0.15,0,0,61000,0,0.78,9
L1NSB00692,13,9,311000,1,0,173000,0,0,0,0.0,19,79.2,0,16,259000,0.14,0,0,41000,1,0.91,4
L1NSB00693,13,40,146000,1,0,25000,5584000,346,1,0.12,24,100.0,1,1,176000,0.09,0,0,144000,1,0.78,9
L1NSB00694,0,0,0,0,0,0,0,0,0,0.0,23,95.8,1,6,341000,0.02,0,0,81000,1,0.87,5
L1NSB00695,7,51,315000,1,0,402000,0,0,0,0.0,17,70.8,0,18,143000,0.07,0,0,100000,0,0.97,1
L1NSB00696,13,71,351000,1,0,14000,0,0,0,0.0,16,66.7,1,1,428000,0.07,0,0,70000,1,0.85,6
L1NSB00697,11,12,733000,1,0,342000,0,0,0,0.0,19,79.2,1,0,0,0.0,0,0,76000,1,0.67,14
L1NSB00698,7,62,558000,1,0,243000,0,0,0,0.0,21,87.5,1,16,497000,0.08,0,0,62000,1,0.95,2
L1NSB00699,10,18,62000,1,0,81000,0,0,0,0.0,24,100.0,1,0,191000,0.0,1,10000000,37000,1,0.9,4
L1NSB00700,0,0,0,0,0,0,3917000,256,0,0.07,24,100.0,1,15,325000,0.1,0,0,25000,1,0.99,0
L1NSB00701,23,59,448000,1,0,141000,3739000,126,1,0.03,18,75.0,0,9,471000,0.14,0,0,86000,1,0.74,11
L1NSB00702,8,19,46000,1,0,248000,0,0,0,0.0,14,58.3,0,7,174000,0.02,0,0,93000,1,0.65,15
L1NSB00703,0,0,0,0,0,0,7682000,64,1,0.03,20,83.3,1,13,445000,0.08,0,0,85000,1,0.91,4
L1NSB00704,7,32,684000,1,0,126000,5705000,101,1,0.07,23,95.8,1,16,352000,0.09,0,0,61000,0,0.56,19
L1NSB00705,22,20,137000,1,0,40000,2263000,311,1,0.15,17,70.8,1,4,176000,0.01,0,0,117000,1,0.59,18
L1NSB00706,9,26,504000,1,1,428000,5388000,79,0,0.05,21,87.5,0,8,151000,0.11,0,0,117000,1,0.76,10
L1NSB00707,6,47,245000,1,0,458000,0,0,0,0.0,24,100.0,1,4,155000,0.02,0,0,37000,0,0.93,3
L1NSB00708,6,22,58000,1,0,136000,0,0,0,0.0,20,83.3,0,20,348000,0.03,0,0,112000,1,0.63,16
L1NSB00709,15,38,197000,1,0,484000,0,0,0,0.0,21,87.5,0,20,175000,0.11,0,0,87000,1,0.69,13
L1NSB00710,19,20,156000,1,0,360000,4061000,392,1,0.09,23,95.8,1,9,188000,0.11,0,0,90000,1,0.7,13
L1NSB00711,0,0,0,0,0,0,0,0,0,0.0,17,70.8,1,14,440000,0.12,0,0,59000,1,0.61,17
L1NSB00712,17,12,576000,0,0,307000,6881000,209,1,0.04,17,70.8,0,4,149000,0.05,0,0,109000,1,0.86,6
L1NSB00713,16,26,550000,1,0,484000,0,0,0,0.0,21,87.5,0,10,73000,0.13,1,17000000,42000,1,0.95,2
L1NSB00714,0,0,0,0,0,0,6664000,280,1,0.06,18,75.0,1,4,233000,0.03,0,0,145000,1,0.68,14
L1NSB00715,14,77,429000,0,0,27000,0,0,0,0.0,18,75.0,0,13,194000,0.12,0,0,150000,1,0.73,12
L1NSB00716,23,60,158000,1,0,196000,4490000,156,1,0.09,22,91.7,0,11,383000,0.13,0,0,117000,0,0.6,18
L1NSB00717,9,7,290000,0,0,194000,0,0,0,0.0,18,75.0,0,11,424000,0.03,0,0,131000,0,0.93,3
L1NSB00718,13,23,677000,1,0,235000,0,0,0,0.0,23,95.8,0,4,253000,0.14,0,0,46000,1,0.68,14
L1NSB00719,9,55,88000,0,0,342000,0,0,0,0.0,17,70.8,0,18,202000,0.04,0,0,150000,1,0.67,14
L1NSB00720,14,24,500000,1,0,361000,0,0,0,0.0,17,70.8,0,13,96000,0.12,0,0,87000,1,0.88,5
L1NSB00721,0,0,0,0,0,0,0,0,0,0.0,19,79.2,1,9,359000,0.1,1,20000000,136000,1,0.94,2
L1NSB00722,11,62,772000,0,0,373000,0,0,0,0.0,18,75.0,0,4,274000,0.11,0,0,53000,1,0.97,1
L1NSB00723,0,0,0,0,0,0,0,0,0,0.0,18,75.0,0,0,132000,0.03,1,13000000,53000,1,0.6,18
L1NSB00724,19,39,757000,0,0,30000,3778000,249,1,0.06,15,62.5,1,5,332000,0.06,0,0,24000,1,0.97,1
L1NSB00725,0,0,0,0,0,0,0,0,0,0.0,16,66.7,0,17,417000,0.09,0,0,94000,1,0.7,13
L1NSB00726,17,26,568000,1,0,236000,0,0,0,0.0,20,83.3,1,15,296000,0.12,0,0,101000,1,0.65,15
L1NSB00727,13,63,228000,1,0,235000,5760000,160,1,0.12,23,95.8,0,5,90000,0.12,0,0,55000,1,0.77,10
L1NSB00728,0,0,0,0,0,0,7697000,134,0,0.04,24,100.0,0,20,178000,0.14,0,0,118000,1,0.81,8
L1NSB00729,18,48,251000,1,1,472000,0,0,0,0.0,19,79.2,0,15,177000,0.02,0,0,69000,0,0.75,11
L1NSB00730,6,77,400000,0,0,440000,3408000,289,1,0.13,17,70.8,0,3,116000,0.09,0,0,90000,1,0.88,5
L1NSB00731,22,48,82000,1,0,360000,0,0,0,0.0,21,87.5,0,11,360000,0.1,0,0,26000,1,0.74,11
L1NSB00732,6,5,652000,0,0,24000,6093000,385,1,0.02,16,66.7,0,3,317000,0.09,0,0,91000,1,0.66,15
L1NSB00733,16,77,453000,1,0,117000,0,0,0,0.0,15,62.5,1,10,465000,0.09,0,0,138000,1,0.6,18
L1NSB00734,17,62,665000,0,0,17000,0,0,0,0.0,22,91.7,0,16,325000,0.01,0,0,92000,1,0.76,10
L1NSB00735,0,0,0,0,0,0,0,0,0,0.0,14,58.3,0,5,457000,0.11,0,0,26000,0,0.78,9
L1NSB00736,0,0,0,0,0,0,0,0,0,0.0,22,91.7,1,13,302000,0.1,0,0,103000,1,0.79,9
L1NSB00737,6,80,376000,1,1,181000,0,0,0,0.0,14,58.3,1,9,366000,0.12,0,0,120000,1,0.68,14
L1NSB00738,18,21,486000,0,0,183000,0,0,0,0.0,15,62.5,0,17,113000,0.04,0,0,77000,1,0.67,14
L1NSB00739,16,10,728000,1,0,215000,0,0,0,0.0,16,66.7,0,3,299000,0.13,0,0,95000,1,0.64,16
L1NSB00740,24,41,139000,1,0,495000,0,0,0,0.0,20,83.3,1,14,181000,0.15,0,0,127000,1,0.88,5
L1NSB00741,17,73,352000,1,0,500000,7655000,94,0,0.1,20,83.3,1,14,378000,0.02,0,0,149000,1,0.66,15
L1NSB00742,0,0,0,0,0,0,6243000,280,1,0.13,17,70.8,1,14,292000,0.01,0,0,74000,1,0.6,18
L1NSB00743,14,50,722000,1,0,85000,0,0,0,0.0,18,75.0,0,7,274000,0.08,0,0,20000,0,0.77,10
L1NSB00744,0,0,0,0,0,0,0,0,0,0.0,23,95.8,0,6,249000,0.05,0,0,134000,1,0.9,4
L1NSB00745,11,60,743000,1,0,35000,0,0,0,0.0,17,70.8,0,5,290000,0.14,0,0,147000,0,0.71,13
L1NSB00746,21,28,104000,0,0,23000,0,0,0,0.0,22,91.7,1,10,284000,0.1,0,0,49000,1,0.61,17
L1NSB00747,15,28,378000,1,0,13000,0,0,0,0.0,23,95.8,0,17,451000,0.11,0,0,105000,1,0.92,3
L1NSB00748,12,57,699000,1,0,115000,0,0,0,0.0,14,58.3,0,6,187000,0.01,0,0,82000,1,0.73,12
L1NSB00749,12,21,632000,1,0,489000,5891000,186,1,0.11,21,87.5,1,14,467000,0.14,0,0,129000,0,0.77,10
L1NSB00750,0,0,0,0,0,0,4591000,100,1,0.12,17,70.8,1,14,66000,0.15,0,0,40000,1,0.85,6
L1NSB00751,0,0,0,0,0,0,4030000,195,0,0.09,15,62.5,1,20,472000,0.13,0,0,137000,1,0.94,2
L1NSB00752,0,0,0,0,0,0,0,0,0,0.0,19,79.2,0,15,412000,0.07,0,0,103000,0,0.72,12
L1NSB00753,22,60,469000,0,0,399000,0,0,0,0.0,22,91.7,0,15,207000,0.01,0,0,149000,1,0.66,15
L1NSB00754,8,37,141000,1,0,266000,0,0,0,0.0,21,87.5,1,5,264000,0.03,0,0,41000,1,0.61,17
L1NSB00755,13,78,629000,1,0,440000,0,0,0,0.0,16,66.7,1,3,210000,0.08,0,0,51000,0,0.99,0
L1NSB00756,6,42,765000,0,0,482000,7894000,229,1,0.14,21,87.5,0,2,236000,0.12,0,0,48000,1,0.76,10
L1NSB00757,0,0,0,0,0,0,0,0,0,0.0,20,83.3,1,12,53000,0.04,0,0,79000,1,0.95,2
L1NSB00758,0,0,0,0,0,0,4792000,208,1,0.1,21,87.5,0,14,434000,0.12,0,0,141000,1,0.72,12
L1NSB00759,14,66,433000,0,0,14000,5597000,393,1,0.06,24,100.0,1,4,350000,0.07,0,0,67000,0,0.71,13
L1NSB00760,15,78,668000,1,0,78000,0,0,0,0.0,23,95.8,1,17,306000,0.07,0,0,90000,0,0.55,20
L1NSB00761,8,75,400000,1,0,320000,0,0,0,0.0,16,66.7,0,19,473000,0.08,0,0,130000,1,0.67,14
L1NSB00762,7,53,520000,0,0,231000,0,0,0,0.0,17,70.8,0,18,69000,0.04,0,0,42000,0,0.58,18
L1NSB00763,8,74,743000,0,0,469000,0,0,0,0.0,17,70.8,1,7,470000,0.0,0,0,150000,0,0.56,19
L1NSB00764,17,37,543000,1,0,265000,0,0,0,0.0,19,79.2,1,0,0,0.0,0,0,94000,1,0.81,8
L1NSB00765,9,48,106000,0,0,244000,3572000,227,1,0.14,17,70.8,1,10,87000,0.14,0,0,71000,1,0.76,10
L1NSB00766,8,35,366000,1,0,227000,0,0,0,0.0,23,95.8,0,13,498000,0.04,0,0,110000,1,0.89,4
L1NSB00767,19,37,99000,1,0,82000,0,0,0,0.0,19,79.2,0,12,73000,0.1,1,19000000,48000,1,0.96,1
L1NSB00768,19,21,300000,1,0,166000,0,0,0,0.0,24,100.0,0,15,265000,0.11,0,0,92000,0,0.79,9
L1NSB00769,17,19,526000,1,0,232000,0,0,0,0.0,21,87.5,0,18,422000,0.13,0,0,21000,0,0.99,0
L1NSB00770,21,14,651000,1,0,327000,0,0,0,0.0,19,79.2,1,4,478000,0.0,0,0,60000,0,0.61,17
L1NSB00771,17,14,615000,0,0,190000,7488000,245,0,0.05,18,75.0,0,13,402000,0.03,0,0,120000,1,0.73,12
L1NSB00772,13,32,724000,1,0,157000,3045000,117,1,0.06,24,100.0,0,17,96000,0.14,0,0,33000,1,0.69,13
L1NSB00773,22,41,97000,1,0,41000,2656000,194,1,0.04,19,79.2,1,1,299000,0.04,0,0,74000,1,0.66,15
L1NSB00774,11,70,85000,1,0,461000,0,0,0,0.0,23,95.8,1,19,455000,0.07,0,0,97000,1,0.64,16
L1NSB00775,6,6,509000,1,0,99000,0,0,0,0.0,17,70.8,1,10,409000,0.1,1,5000000,145000,1,0.84,7
L1NSB00776,0,0,0,0,0,0,5510000,273,1,0.05,20,83.3,0,2,274000,0.02,0,0,77000,1,0.69,13
L1NSB00777,9,41,509000,1,0,209000,0,0,0,0.0,20,83.3,0,13,104000,0.05,0,0,75000,1,0.81,8
L1NSB00778,10,39,213000,1,1,81000,2065000,227,0,0.1,17,70.8,1,0,0,0.0,0,0,76000,1,0.81,8
L1NSB00779,19,25,513000,1,0,323000,0,0,0,0.0,24,100.0,1,10,308000,0.03,0,0,68000,0,0.95,2
L1NSB00780,24,13,164000,1,0,32000,0,0,0,0.0,17,70.8,1,14,107000,0.1,0,0,108000,1,0.81,8
L1NSB00781,17,45,503000,1,1,157000,2980000,93,1,0.02,24,100.0,0,5,140000,0.01,0,0,120000,1,0.87,5
L1NSB00782,0,0,0,0,0,0,0,0,0,0.0,19,79.2,0,19,95000,0.01,1,9000000,84000,1,0.73,12
L1NSB00783,15,37,245000,1,0,298000,4927000,351,0,0.03,14,58.3,1,20,78000,0.07,0,0,133000,1,0.78,9
L1NSB00784,16,25,502000,1,0,269000,0,0,0,0.0,21,87.5,1,17,213000,0.1,0,0,75000,0,0.89,4
L1NSB00785,0,0,0,0,0,0,0,0,0,0.0,17,70.8,0,1,57000,0.01,0,0,128000,0,0.99,0
L1NSB00786,16,70,778000,1,0,253000,0,0,0,0.0,21,87.5,0,10,195000,0.06,0,0,50000,1,0.8,8
L1NSB00787,0,0,0,0,0,0,0,0,0,0.0,18,75.0,0,0,0,0.0,0,0,138000,1,0.66,15
L1NSB00788,14,58,683000,0,0,156000,0,0,0,0.0,20,83.3,0,11,382000,0.12,0,0,125000,1,0.79,9
L1NSB00789,8,47,333000,1,0,180000,2491000,288,1,0.04,15,62.5,1,16,237000,0.02,0,0,121000,1,0.72,12
L1NSB00790,24,51,623000,1,0,16000,0,0,0,0.0,14,58.3,0,20,443000,0.14,0,0,100000,0,0.81,8
L1NSB00791,0,0,0,0,0,0,0,0,0,0.0,20,83.3,0,8,314000,0.04,0,0,60000,0,0.95,2
L1NSB00792,16,16,779000,0,0,479000,6315000,374,1,0.11,21,87.5,0,20,116000,0.03,0,0,31000,0,0.68,14
L1NSB00793,19,44,249000,0,0,251000,0,0,0,0.0,14,58.3,0,17,89000,0.03,0,0,65000,1,0.61,17
L1NSB00794,6,30,400000,1,0,466000,0,0,0,0.0,24,100.0,0,6,360000,0.02,0,0,114000,0,0.87,5
L1NSB00795,15,77,433000,1,0,23000,0,0,0,0.0,21,87.5,0,0,0,0.0,0,0,130000,1,0.85,6
L1NSB00796,16,30,647000,0,0,285000,0,0,0,0.0,17,70.8,1,9,434000,0.07,0,0,32000,1,0.75,11
L1NSB00797,0,0,0,0,0,0,0,0,0,0.0,16,66.7,1,9,205000,0.06,0,0,99000,1,0.65,15
L1NSB00798,6,77,678000,1,0,268000,0,0,0,0.0,16,66.7,1,11,423000,0.0,0,0,105000,1,0.74,11
L1NSB00799,24,66,218000,1,0,445000,0,0,0,0.0,16,66.7,0,6,463000,0.14,0,0,134000,1,0.62,17
L1NSB00800,13,43,765000,1,0,286000,7378000,360,1,0.08,14,58.3,1,8,289000,0.03,0,0,84000,1,0.94,2
L1NSB00801,0,0,0,0,0,0,0,0,0,0.0,20,83.3,1,13,253000,0.02,0,0,96000,1,0.88,5
L1NSB00802,8,74,79000,1,0,212000,2882000,307,1,0.06,22,91.7,0,16,291000,0.14,0,0,84000,1,0.99,0
L1NSB00803,6,36,726000,1,0,356000,0,0,0,0.0,23,95.8,1,11,92000,0.08,0,0,126000,1,0.65,15
L1NSB00804,0,0,0,0,0,0,0,0,0,0.0,18,75.0,0,8,74000,0.13,0,0,80000,1,0.8,8
L1NSB00805,23,8,154000,1,0,147000,0,0,0,0.0,21,87.5,0,13,349000,0.01,0,0,72000,1,0.77,10
L1NSB00806,13,75,32000,0,0,90000,0,0,0,0.0,16,66.7,1,0,89000,0.06,0,0,66000,0,0.83,7
L1NSB00807,13,79,131000,1,0,485000,3096000,174,1,0.07,24,100.0,1,6,397000,0.01,0,0,65000,0,0.77,10
L1NSB00808,11,36,155000,1,0,257000,0,0,0,0.0,16,66.7,1,1,476000,0.02,0,0,82000,0,0.9,4
L1NSB00809,21,45,438000,1,0,17000,0,0,0,0.0,14,58.3,1,0,403000,0.02,0,0,40000,1,0.72,12
L1NSB00810,16,32,208000,1,0,281000,0,0,0,0.0,17,70.8,0,8,161000,0.12,0,0,143000,0,0.96,1
L1NSB00811,16,41,766000,1,0,69000,0,0,0,0.0,15,62.5,0,14,370000,0.01,0,0,135000,0,0.77,10
L1NSB00812,23,28,63000,1,1,329000,0,0,0,0.0,17,70.8,1,16,54000,0.13,0,0,92000,1,0.81,8
L1NSB00813,9,27,239000,0,0,358000,0,0,0,0.0,14,58.3,0,0,241000,0.13,0,0,87000,1,0.8,8
L1NSB00814,10,49,221000,1,0,194000,0,0,0,0.0,16,66.7,0,20,494000,0.01,0,0,45000,1,0.8,8
L1NSB00815,15,26,571000,1,0,95000,0,0,0,0.0,20,83.3,0,15,397000,0.0,0,0,41000,1,0.78,9
L1NSB00816,9,60,509000,1,0,220000,7536000,119,1,0.01,19,79.2,1,3,220000,0.03,0,0,63000,1,0.66,15
L1NSB00817,0,0,0,0,0,0,1628000,137,0,0.1,18,75.0,0,0,0,0.0,0,0,41000,1,0.91,4
L1NSB00818,16,31,686000,1,0,354000,1597000,234,1,0.02,22,91.7,0,8,449000,0.01,0,0,27000,1,0.91,4
L1NSB00819,6,72,295000,1,0,159000,4882000,300,1,0.04,21,87.5,0,16,178000,0.07,0,0,32000,1,0.8,8
L1NSB00820,0,0,0,0,0,0,0,0,0,0.0,17,70.8,1,0,383000,0.07,0,0,30000,1,0.78,9
L1NSB00821,16,46,765000,1,1,472000,0,0,0,0.0,16,66.7,1,14,135000,0.07,0,0,55000,1,0.8,8
L1NSB00822,9,75,271000,0,0,56000,0,0,0,0.0,16,66.7,0,0,0,0.0,0,0,69000,0,0.74,11
L1NSB00823,12,54,576000,0,0,315000,1823000,236,0,0.05,20,83.3,1,10,82000,0.01,0,0,89000,1,0.76,10
L1NSB00824,8,16,501000,0,0,286000,4380000,275,1,0.14,22,91.7,1,12,149000,0.09,0,0,85000,1,0.75,11
L1NSB00825,6,44,679000,0,0,491000,0,0,0,0.0,17,70.8,0,17,386000,0.08,0,0,51000,0,0.89,4
L1NSB00826,14,47,745000,1,0,215000,0,0,0,0.0,21,87.5,0,14,263000,0.14,0,0,106000,0,0.8,8
L1NSB00827,6,17,525000,0,0,58000,0,0,0,0.0,21,87.5,0,13,206000,0.05,1,16000000,139000,1,0.57,19
L1NSB00828,10,31,598000,0,0,189000,3384000,206,1,0.13,21,87.5,1,14,386000,0.02,0,0,35000,1,0.71,13
L1NSB00829,0,0,0,0,0,0,0,0,0,0.0,23,95.8,0,20,403000,0.03,0,0,141000,1,0.71,13
L1NSB00830,22,68,208000,1,0,327000,0,0,0,0.0,23,95.8,1,6,160000,0.09,0,0,24000,0,0.96,1
L1NSB00831,6,36,619000,1,0,110000,0,0,0,0.0,23,95.8,0,16,207000,0.11,0,0,93000,0,0.85,6
L1NSB00832,13,79,600000,0,0,211000,0,0,0,0.0,24,100.0,1,11,117000,0.11,0,0,126000,1,0.73,12
L1NSB00833,10,65,284000,1,0,125000,0,0,0,0.0,17,70.8,0,9,51000,0.14,0,0,46000,1,0.64,16
L1NSB00834,14,12,149000,0,0,57000,4567000,253,1,0.05,19,79.2,1,5,497000,0.06,0,0,127000,0,0.65,15
L1NSB00835,17,63,62000,0,0,195000,0,0,0,0.0,15,62.5,0,20,206000,0.03,0,0,57000,0,0.6,18
L1NSB00836,16,38,619000,0,0,180000,5416000,378,1,0.12,15,62.5,1,20,333000,0.08,0,0,96000,1,0.78,9
L1NSB00837,17,14,195000,1,0,475000,4841000,189,1,0.1,16,66.7,0,8,388000,0.06,0,0,148000,1,0.63,16
L1NSB00838,20,31,360000,0,0,326000,5827000,303,1,0.1,15,62.5,1,11,172000,0.13,0,0,50000,0,0.99,0
L1NSB00839,8,72,255000,1,0,301000,0,0,0,0.0,16,66.7,0,7,74000,0.05,0,0,63000,0,0.88,5
L1NSB00840,0,0,0,0,0,0,2124000,63,1,0.02,18,75.0,0,12,203000,0.14,0,0,142000,1,0.86,6
L1NSB00841,18,26,345000,0,1,428000,6707000,86,1,0.1,14,58.3,0,13,265000,0.11,0,0,26000,1,0.94,2
L1NSB00842,19,36,797000,1,0,62000,2704000,82,1,0.08,24,100.0,1,1,247000,0.05,0,0,88000,1,0.71,13
L1NSB00843,6,18,140000,1,0,81000,0,0,0,0.0,17,70.8,0,2,262000,0.01,0,0,33000,0,0.99,0
L1NSB00844,0,0,0,0,0,0,2852000,335,1,0.1,20,83.3,0,16,166000,0.1,0,0,120000,1,0.67,14
L1NSB00845,0,0,0,0,0,0,0,0,0,0.0,23,95.8,1,17,201000,0.02,0,0,121000,1,0.83,7
L1NSB00846,0,0,0,0,0,0,6715000,281,1,0.05,14,58.3,0,1,381000,0.01,0,0,89000,0,0.73,12
L1NSB00847,21,33,530000,0,0,283000,0,0,0,0.0,20,83.3,0,2,417000,0.15,0,0,102000,1,0.87,5
L1NSB00848,14,63,361000,1,0,119000,0,0,0,0.0,21,87.5,1,19,307000,0.03,0,0,147000,1,0.76,10
L1NSB00849,0,0,0,0,0,0,0,0,0,0.0,23,95.8,1,20,323000,0.13,0,0,24000,1,0.87,5
L1NSB00850,9,10,407000,1,0,383000,7010000,324,0,0.01,18,75.0,0,7,341000,0.01,0,0,131000,1,0.94,2
L1NSB00851,0,0,0,0,0,0,0,0,0,0.0,22,91.7,1,11,442000,0.08,0,0,118000,1,0.56,19
L1NSB00852,19,32,395000,1,0,479000,4717000,58,1,0.06,15,62.5,0,5,94000,0.01,0,0,53000,1,0.85,6
L1NSB00853,18,44,701000,0,0,21000,0,0,0,0.0,16,66.7,1,8,226000,0.09,0,0,79000,1,0.72,12
L1NSB00854,16,25,313000,1,0,242000,0,0,0,0.0,23,95.8,1,10,69000,0.12,0,0,112000,1,0.7,13
L1NSB00855,13,67,288000,1,0,382000,4388000,129,1,0.03,19,79.2,0,17,474000,0.04,0,0,33000,0,0.77,10
L1NSB00856,0,0,0,0,0,0,4159000,136,1,0.13,23,95.8,1,20,139000,0.09,0,0,129000,1,0.62,17
L1NSB00857,18,68,290000,1,0,489000,0,0,0,0.0,23,95.8,0,19,77000,0.02,0,0,106000,0,0.75,11
L1NSB00858,7,76,298000,1,0,375000,2172000,115,1,0.07,19,79.2,1,15,213000,0.03,0,0,71000,1,0.82,8
L1NSB00859,0,0,0,0,0,0,5449000,242,1,0.06,23,95.8,0,9,263000,0.01,0,0,131000,1,0.56,19
L1NSB00860,7,70,392000,0,0,135000,3175000,184,1,0.02,22,91.7,0,19,305000,0.08,0,0,65000,1,0.96,1
L1NSB00861,12,32,738000,1,0,374000,6521000,83,1,0.12,20,83.3,0,1,175000,0.03,0,0,79000,0,0.92,3
L1NSB00862,15,41,118000,1,0,224000,0,0,0,0.0,24,100.0,1,13,77000,0.1,0,0,70000,0,0.76,10
L1NSB00863,0,0,0,0,0,0,6032000,326,0,0.03,15,62.5,0,1,347000,0.04,0,0,125000,1,0.76,10
L1NSB00864,20,63,275000,1,0,498000,0,0,0,0.0,21,87.5,1,12,209000,0.05,0,0,34000,0,0.95,2
L1NSB00865,22,19,658000,1,0,138000,0,0,0,0.0,17,70.8,1,11,445000,0.11,0,0,55000,1,0.64,16
L1NSB00866,16,52,240000,0,1,326000,7493000,119,0,0.04,24,100.0,0,2,155000,0.05,0,0,100000,1,0.9,4
L1NSB00867,0,0,0,0,0,0,0,0,0,0.0,21,87.5,0,0,123000,0.06,0,0,128000,0,0.75,11
L1NSB00868,0,0,0,0,0,0,0,0,0,0.0,15,62.5,1,10,373000,0.15,0,0,149000,1,0.62,17
L1NSB00869,19,41,605000,1,0,140000,6914000,119,1,0.13,23,95.8,0,14,177000,0.01,0,0,103000,1,0.96,1
L1NSB00870,17,26,712000,0,0,418000,7848000,234,1,0.04,21,87.5,1,3,132000,0.06,0,0,41000,1,0.95,2
L1NSB00871,24,43,647000,1,1,357000,0,0,0,0.0,19,79.2,0,19,348000,0.01,0,0,90000,1,0.92,3
L1NSB00872,15,43,472000,0,0,131000,0,0,0,0.0,23,95.8,0,0,65000,0.04,0,0,59000,1,0.95,2
L1NSB00873,0,0,0,0,0,0,0,0,0,0.0,22,91.7,1,12,303000,0.08,0,0,22000,1,0.78,9
L1NSB00874,0,0,0,0,0,0,5349000,299,1,0.06,14,58.3,0,3,400000,0.05,0,0,78000,1,0.61,17
L1NSB00875,0,0,0,0,0,0,0,0,0,0.0,24,100.0,1,10,72000,0.11,0,0,34000,1,0.69,13
L1NSB00876,8,64,525000,1,1,335000,0,0,0,0.0,21,87.5,1,7,188000,0.11,0,0,47000,1,0.65,15
L1NSB00877,15,6,794000,1,0,420000,0,0,0,0.0,24,100.0,1,2,247000,0.13,0,0,65000,1,0.68,14
L1NSB00878,0,0,0,0,0,0,0,0,0,0.0,16,66.7,1,16,414000,0.14,0,0,122000,1,0.95,2
L1NSB00879,16,16,393000,1,0,462000,4705000,316,1,0.02,19,79.2,1,14,106000,0.1,0,0,126000,0,0.74,11
L1NSB00880,23,79,338000,1,0,225000,0,0,0,0.0,17,70.8,0,12,178000,0.06,0,0,114000,1,0.86,6
L1NSB00881,9,14,254000,0,0,106000,0,0,0,0.0,16,66.7,0,4,183000,0.14,1,17000000,121000,1,0.58,18
L1NSB00882,0,0,0,0,0,0,2553000,91,1,0.1,20,83.3,1,18,280000,0.13,0,0,119000,1,0.8,8
L1NSB00883,22,66,614000,1,0,320000,0,0,0,0.0,20,83.3,0,6,93000,0.09,0,0,61000,1,0.57,19
L1NSB00884,12,54,614000,1,0,102000,0,0,0,0.0,19,79.2,0,18,424000,0.01,0,0,50000,0,0.68,14
L1NSB00885,24,6,143000,1,0,65000,0,0,0,0.0,23,95.8,0,2,342000,0.12,0,0,24000,1,0.71,13
L1NSB00886,17,33,427000,0,0,98000,0,0,0,0.0,17,70.8,0,0,261000,0.03,0,0,72000,1,0.71,13
L1NSB00887,0,0,0,0,0,0,0,0,0,0.0,21,87.5,0,11,250000,0.09,0,0,99000,1,0.55,20
L1NSB00888,15,6,756000,0,0,91000,5340000,154,0,0.12,18,75.0,0,16,139000,0.11,0,0,117000,0,0.91,4
L1NSB00889,10,34,379000,1,1,295000,0,0,0,0.0,22,91.7,0,4,56000,0.14,0,0,20000,1,0.74,11
L1NSB00890,24,47,547000,1,0,81000,0,0,0,0.0,24,100.0,1,2,337000,0.05,0,0,36000,1,0.59,18
L1NSB00891,11,69,110000,1,0,25000,0,0,0,0.0,17,70.8,1,20,250000,0.06,0,0,97000,1,0.78,9
L1NSB00892,13,25,454000,1,0,273000,3792000,222,0,0.04,24,100.0,1,15,362000,0.01,0,0,91000,1,0.56,19
L1NSB00893,13,67,399000,0,0,111000,0,0,0,0.0,24,100.0,0,3,387000,0.03,0,0,107000,0,0.86,6
L1NSB00894,16,58,492000,1,0,185000,0,0,0,0.0,14,58.3,0,7,77000,0.06,0,0,35000,1,0.58,18
L1NSB00895,0,0,0,0,0,0,0,0,0,0.0,20,83.3,1,10,127000,0.04,0,0,38000,1,0.62,17
L1NSB00896,22,35,549000,1,0,12000,7341000,87,1,0.05,21,87.5,0,14,304000,0.06,0,0,41000,1,0.71,13
L1NSB00897,0,0,0,0,0,0,0,0,0,0.0,20,83.3,1,11,120000,0.08,0,0,119000,0,0.81,8
L1NSB00898,16,39,755000,1,0,22000,0,0,0,0.0,16,66.7,1,18,206000,0.08,0,0,68000,1,0.89,4
L1NSB00899,14,45,499000,1,0,219000,0,0,0,0.0,20,83.3,0,2,419000,0.13,0,0,131000,1,0.7,13
L1NSB00900,7,79,122000,1,0,378000,0,0,0,0.0,20,83.3,0,14,313000,0.03,0,0,113000,1,0.89,4
L1NSB00901,0,0,0,0,0,0,7698000,146,1,0.01,15,62.5,0,18,449000,0.04,0,0,137000,0,0.72,12
L1NSB00902,0,0,0,0,0,0,0,0,0,0.0,22,91.7,1,0,0,0.0,0,0,78000,1,0.87,5
L1NSB00903,21,73,72000,1,0,10000,6979000,121,0,0.13,17,70.8,0,20,414000,0.03,0,0,37000,0,0.89,4
L1NSB00904,24,59,435000,1,0,122000,0,0,0,0.0,21,87.5,1,5,58000,0.03,0,0,84000,1,0.99,0
L1NSB00905,18,51,460000,1,0,61000,6245000,372,1,0.06,24,100.0,0,10,301000,0.12,0,0,69000,1,0.77,10
L1NSB00906,7,45,296000,1,0,317000,0,0,0,0.0,17,70.8,1,2,250000,0.04,0,0,107000,0,0.74,11
L1NSB00907,0,0,0,0,0,0,0,0,0,0.0,22,91.7,0,20,322000,0.07,0,0,32000,1,0.78,9
L1NSB00908,22,59,576000,0,0,179000,3239000,98,0,0.09,16,66.7,1,13,479000,0.13,0,0,146000,1,0.95,2
L1NSB00909,7,77,365000,1,0,444000,0,0,0,0.0,15,62.5,1,9,247000,0.02,0,0,23000,0,0.58,18
L1NSB00910,24,12,65000,1,0,490000,0,0,0,0.0,19,79.2,0,8,250000,0.07,1,8000000,99000,1,0.68,14
L1NSB00911,18,78,267000,1,0,26000,6042000,359,1,0.04,23,95.8,0,16,212000,0.14,0,0,37000,1,0.61,17
L1NSB00912,0,0,0,0,0,0,3147000,56,1,0.03,24,100.0,0,17,376000,0.04,0,0,64000,1,0.58,18
L1NSB00913,0,0,0,0,0,0,0,0,0,0.0,15,62.5,1,18,385000,0.01,0,0,23000,1,0.62,17
L1NSB00914,24,41,94000,1,0,239000,0,0,0,0.0,23,95.8,1,19,428000,0.12,0,0,55000,0,0.79,9
L1NSB00915,20,58,509000,1,0,333000,4672000,134,1,0.08,19,79.2,0,2,153000,0.12,0,0,74000,1,0.92,3
L1NSB00916,21,75,253000,1,0,352000,0,0,0,0.0,24,100.0,1,6,60000,0.08,0,0,61000,1,0.81,8
L1NSB00917,0,0,0,0,0,0,0,0,0,0.0,17,70.8,0,20,369000,0.13,0,0,22000,0,0.89,4
L1NSB00918,13,70,200000,1,0,188000,0,0,0,0.0,18,75.0,0,17,90000,0.08,0,0,77000,1,0.6,18
L1NSB00919,21,70,454000,0,0,239000,0,0,0,0.0,20,83.3,1,14,302000,0.01,0,0,54000,1,0.94,2
L1NSB00920,7,24,573000,1,0,173000,0,0,0,0.0,21,87.5,1,8,67000,0.05,0,0,80000,1,0.56,19
L1NSB00921,0,0,0,0,0,0,0,0,0,0.0,20,83.3,0,0,243000,0.07,0,0,63000,0,0.82,8
L1NSB00922,0,0,0,0,0,0,0,0,0,0.0,24,100.0,0,5,243000,0.05,1,15000000,36000,0,0.73,12
L1NSB00923,0,0,0,0,0,0,0,0,0,0.0,23,95.8,0,13,294000,0.14,0,0,44000,1,0.69,13
L1NSB00924,0,0,0,0,0,0,0,0,0,0.0,17,70.8,0,14,232000,0.11,0,0,96000,1,0.68,14
L1NSB00925,22,73,179000,1,0,378000,0,0,0,0.0,20,83.3,0,20,481000,0.14,0,0,32000,1,0.92,3
L1NSB00926,17,18,135000,1,0,231000,0,0,0,0.0,21,87.5,0,7,453000,0.03,0,0,39000,1,0.74,11
L1NSB00927,19,68,67000,1,1,221000,7651000,322,0,0.1,17,70.8,0,16,426000,0.03,0,0,77000,0,0.7,13
L1NSB00928,7,27,526000,1,0,36000,0,0,0,0.0,17,70.8,1,20,203000,0.11,0,0,81000,1,0.9,4
L1NSB00929,0,0,0,0,0,0,0,0,0,0.0,23,95.8,1,4,175000,0.05,0,0,91000,1,0.75,11
L1NSB00930,16,14,354000,1,0,379000,0,0,0,0.0,21,87.5,1,16,376000,0.02,0,0,71000,1,0.98,0
L1NSB00931,10,64,120000,1,0,392000,0,0,0,0.0,24,100.0,0,12,445000,0.02,0,0,150000,1,0.72,12
L1NSB00932,20,37,522000,1,0,497000,0,0,0,0.0,17,70.8,1,20,290000,0.0,0,0,91000,1,0.89,4
L1NSB00933,0,0,0,0,0,0,0,0,0,0.0,16,66.7,0,13,319000,0.01,0,0,51000,1,0.62,17
L1NSB00934,24,40,122000,1,0,99000,0,0,0,0.0,17,70.8,0,4,311000,0.11,0,0,120000,0,0.66,15
L1NSB00935,24,37,779000,0,0,150000,0,0,0,0.0,19,79.2,0,11,192000,0.01,0,0,81000,0,0.89,4
L1NSB00936,0,0,0,0,0,0,0,0,0,0.0,14,58.3,1,7,227000,0.06,0,0,60000,1,0.74,11
L1NSB00937,12,46,713000,1,0,167000,0,0,0,0.0,21,87.5,1,18,466000,0.11,0,0,45000,1,0.91,4
L1NSB00938,24,60,699000,0,0,409000,7555000,237,0,0.07,22,91.7,0,13,324000,0.05,0,0,73000,0,0.72,12
L1NSB00939,22,73,209000,0,0,445000,4461000,328,1,0.08,24,100.0,0,20,198000,0.06,0,0,74000,1,0.59,18
L1NSB00940,12,36,46000,1,0,31000,0,0,0,0.0,15,62.5,0,15,130000,0.11,0,0,58000,1,0.56,19
L1NSB00941,12,56,349000,1,0,424000,0,0,0,0.0,18,75.0,1,15,194000,0.09,0,0,81000,0,0.84,7
L1NSB00942,13,9,264000,1,1,496000,7149000,100,1,0.04,20,83.3,1,13,141000,0.15,0,0,112000,1,0.69,13
L1NSB00943,15,5,576000,1,0,477000,0,0,0,0.0,20,83.3,0,4,133000,0.13,0,0,46000,1,0.78,9
L1NSB00944,0,0,0,0,0,0,0,0,0,0.0,22,91.7,1,13,90000,0.01,0,0,31000,1,0.91,4
L1NSB00945,11,54,36000,0,0,336000,0,0,0,0.0,15,62.5,1,14,184000,0.09,0,0,47000,1,0.87,5
L1NSB00946,10,44,314000,0,1,209000,0,0,0,0.0,24,100.0,1,15,329000,0.08,0,0,76000,1,0.62,17
L1NSB00947,8,60,387000,0,0,359000,3743000,128,1,0.12,23,95.8,0,6,227000,0.04,0,0,23000,1,0.91,4
L1NSB00948,6,64,205000,1,0,96000,0,0,0,0.0,17,70.8,1,0,227000,0.1,0,0,131000,1,0.66,15
L1NSB00949,0,0,0,0,0,0,0,0,0,0.0,19,79.2,0,7,163000,0.1,0,0,147000,1,0.66,15
L1NSB00950,24,45,395000,0,0,97000,0,0,0,0.0,23,95.8,1,17,405000,0.02,0,0,60000,0,0.9,4
L1NSB00951,22,75,103000,1,0,34000,0,0,0,0.0,22,91.7,0,18,490000,0.15,0,0,132000,1,0.8,8
L1NSB00952,9,25,457000,1,0,33000,0,0,0,0.0,19,79.2,0,1,294000,0.11,0,0,36000,0,0.82,8
L1NSB00953,0,0,0,0,0,0,0,0,0,0.0,17,70.8,0,1,176000,0.12,0,0,31000,1,0.63,16
L1NSB00954,0,0,0,0,0,0,0,0,0,0.0,18,75.0,0,19,253000,0.12,0,0,81000,1,0.78,9
L1NSB00955,15,42,78000,1,0,357000,0,0,0,0.0,17,70.8,0,15,378000,0.06,0,0,88000,0,0.88,5
L1NSB00956,17,72,49000,0,0,277000,4865000,377,1,0.02,22,91.7,0,13,385000,0.04,0,0,31000,1,0.92,3
L1NSB00957,0,0,0,0,0,0,0,0,0,0.0,19,79.2,0,1,436000,0.12,0,0,150000,1,0.85,6
L1NSB00958,16,79,58000,1,0,74000,0,0,0,0.0,17,70.8,0,14,299000,0.03,0,0,84000,0,0.76,10
L1NSB00959,13,77,139000,1,0,258000,3559000,55,0,0.11,19,79.2,1,12,320000,0.1,0,0,121000,1,0.97,1
L1NSB00960,12,66,330000,1,0,217000,0,0,0,0.0,20,83.3,1,0,276000,0.02,0,0,94000,1,0.91,4
L1NSB00961,14,18,181000,0,0,10000,0,0,0,0.0,17,70.8,0,13,314000,0.09,0,0,59000,1,0.94,2
L1NSB00962,23,79,670000,0,0,307000,0,0,0,0.0,17,70.8,1,11,109000,0.06,0,0,104000,1,0.75,11
L1NSB00963,10,60,458000,1,0,488000,0,0,0,0.0,14,58.3,1,6,391000,0.11,0,0,37000,1,0.62,17
L1NSB00964,23,13,284000,1,0,463000,0,0,0,0.0,18,75.0,0,5,362000,0.12,0,0,76000,0,0.98,0
L1NSB00965,17,35,643000,1,0,461000,0,0,0,0.0,20,83.3,0,1,317000,0.1,0,0,139000,1,0.68,14
L1NSB00966,6,16,116000,0,0,260000,0,0,0,0.0,18,75.0,1,14,218000,0.04,0,0,135000,1,0.57,19
L1NSB00967,0,0,0,0,0,0,7732000,351,1,0.02,20,83.3,1,14,323000,0.01,0,0,119000,1,0.7,13
L1NSB00968,21,62,268000,1,1,485000,0,0,0,0.0,14,58.3,1,6,445000,0.1,0,0,122000,1,0.93,3
L1NSB00969,24,17,82000,1,0,160000,0,0,0,0.0,15,62.5,1,15,210000,0.06,0,0,28000,1,0.87,5
L1NSB00970,11,18,731000,1,0,243000,0,0,0,0.0,24,100.0,0,14,460000,0.01,0,0,45000,1,0.78,9
L1NSB00971,11,34,450000,0,0,70000,0,0,0,0.0,14,58.3,1,0,0,0.0,0,0,104000,1,0.8,8
L1NSB00972,19,62,143000,1,0,424000,5408000,131,1,0.02,16,66.7,0,18,480000,0.02,0,0,150000,1,0.84,7
L1NSB00973,14,78,719000,1,0,217000,1711000,376,1,0.02,19,79.2,1,17,448000,0.05,0,0,78000,0,0.91,4
L1NSB00974,12,63,456000,0,0,198000,0,0,0,0.0,23,95.8,0,12,302000,0.0,0,0,131000,1,0.93,3
L1NSB00975,14,75,757000,1,1,393000,0,0,0,0.0,18,75.0,0,0,52000,0.01,0,0,133000,1,0.57,19
L1NSB00976,13,20,82000,1,0,407000,0,0,0,0.0,14,58.3,1,14,443000,0.15,0,0,61000,0,0.8,8
L1NSB00977,0,0,0,0,0,0,0,0,0,0.0,24,100.0,1,10,433000,0.12,0,0,88000,0,0.81,8
L1NSB00978,21,78,788000,1,0,201000,2441000,378,1,0.08,17,70.8,1,13,258000,0.09,0,0,134000,1,0.71,13
L1NSB00979,20,76,749000,1,0,382000,3493000,391,1,0.02,14,58.3,0,10,146000,0.15,0,0,34000,1,0.86,6
L1NSB00980,21,63,153000,1,0,215000,1516000,375,0,0.05,17,70.8,1,0,181000,0.01,0,0,35000,0,0.6,18
L1NSB00981,9,57,728000,1,0,190000,0,0,0,0.0,16,66.7,0,15,447000,0.15,0,0,59000,1,0.81,8
L1NSB00982,0,0,0,0,0,0,0,0,0,0.0,21,87.5,1,3,274000,0.06,0,0,125000,1,0.89,4
L1NSB00983,0,0,0,0,0,0,0,0,0,0.0,16,66.7,0,14,130000,0.09,0,0,95000,0,0.8,8
L1NSB00984,0,0,0,0,0,0,0,0,0,0.0,15,62.5,0,15,418000,0.06,0,0,62000,1,0.75,11
L1NSB00985,10,49,349000,0,1,337000,3401000,344,0,0.08,20,83.3,0,0,0,0.0,0,0,89000,1,0.61,17
L1NSB00986,19,11,319000,1,0,466000,0,0,0,0.0,22,91.7,1,5,384000,0.01,0,0,120000,1,0.6,18
L1NSB00987,17,9,709000,1,0,43000,0,0,0,0.0,17,70.8,0,8,65000,0.11,0,0,140000,0,0.94,2
L1NSB00988,10,12,759000,1,0,217000,0,0,0,0.0,19,79.2,0,9,385000,0.0,0,0,65000,0,0.83,7
L1NSB00989,9,57,608000,0,0,369000,0,0,0,0.0,16,66.7,1,16,431000,0.07,0,0,23000,1,0.95,2
L1NSB00990,13,71,62000,1,0,105000,2448000,164,1,0.12,22,91.7,1,20,336000,0.06,0,0,54000,1,0.69,13
L1NSB00991,6,61,41000,1,0,197000,5577000,54,1,0.14,23,95.8,1,11,68000,0.08,0,0,88000,0,0.61,17
L1NSB00992,0,0,0,0,0,0,0,0,0,0.0,17,70.8,1,10,394000,0.09,0,0,131000,1,0.97,1
L1NSB00993,16,76,436000,1,0,136000,0,0,0,0.0,19,79.2,1,13,62000,0.01,0,0,108000,0,0.59,18
L1NSB00994,24,62,741000,1,1,309000,3144000,293,1,0.05,19,79.2,1,6,84000,0.13,0,0,88000,1,0.66,15
L1NSB00995,16,72,691000,0,1,262000,0,0,0,0.0,20,83.3,1,5,107000,0.03,0,0,121000,0,0.72,12
L1NSB00996,16,24,746000,1,0,181000,3533000,127,1,0.03,24,100.0,1,8,499000,0.12,0,0,44000,1,0.55,20
L1NSB00997,0,0,0,0,0,0,3709000,320,1,0.03,21,87.5,0,2,365000,0.08,0,0,84000,0,0.9,4
L1NSB00998,0,0,0,0,0,0,0,0,0,0.0,18,75.0,0,17,391000,0.11,0,0,50000,1,0.95,2
L1NSB00999,22,19,529000,1,0,14000,0,0,0,0.0,14,58.3,0,16,486000,0.0,0,0,23000,1,0.84,7
L1NSB01000,22,10,589000,0,1,120000,3815000,62,1,0.01,15,62.5,0,1,223000,0.06,0,0,76000,1,0.84,7
L1NSB01001,19,80,634000,0,0,64000,7872000,170,1,0.02,20,83.3,1,18,205000,0.06,0,0,39000,0,0.98,0
L1NSB01002,15,60,488000,1,0,83000,5642000,108,0,0.11,19,79.2,0,18,318000,0.13,0,0,137000,1,0.67,14
L1NSB01003,22,76,299000,1,0,174000,6405000,88,1,0.06,23,95.8,1,4,50000,0.04,0,0,130000,1,0.99,0
L1NSB01004,17,68,762000,1,0,224000,0,0,0,0.0,20,83.3,0,11,301000,0.13,0,0,44000,0,0.68,14
L1NSB01005,0,0,0,0,0,0,0,0,0,0.0,23,95.8,0,19,226000,0.13,0,0,148000,1,0.89,4
L1NSB01006,15,17,437000,0,1,207000,2681000,338,1,0.04,16,66.7,0,4,483000,0.03,0,0,89000,1,0.99,0
L1NSB01007,23,67,424000,0,0,221000,0,0,0,0.0,15,62.5,0,6,392000,0.13,0,0,112000,1,0.69,13
L1NSB01008,18,20,546000,1,0,447000,0,0,0,0.0,22,91.7,0,6,345000,0.04,0,0,76000,1,0.84,7
L1NSB01009,0,0,0,0,0,0,3787000,122,1,0.08,22,91.7,0,11,339000,0.08,0,0,64000,0,0.83,7
L1NSB01010,17,53,657000,0,0,478000,6398000,262,1,0.14,20,83.3,0,5,121000,0.04,0,0,64000,1,0.65,15
L1NSB01011,0,0,0,0,0,0,3583000,112,1,0.1,23,95.8,1,11,223000,0.1,0,0,28000,0,0.98,0
L1NSB01012,10,70,48000,0,0,51000,0,0,0,0.0,24,100.0,1,0,265000,0.02,0,0,24000,0,0.72,12
L1NSB01013,24,41,303000,1,0,351000,0,0,0,0.0,17,70.8,1,8,98000,0.15,0,0,83000,1,0.56,19
L1NSB01014,0,0,0,0,0,0,3277000,145,1,0.11,15,62.5,1,16,270000,0.13,0,0,32000,1,0.74,11
L1NSB01015,21,37,511000,1,0,394000,0,0,0,0.0,14,58.3,0,3,90000,0.1,0,0,20000,1,0.78,9
L1NSB01016,13,64,601000,0,1,53000,0,0,0,0.0,24,100.0,1,17,278000,0.07,0,0,108000,1,0.63,16
L1NSB01017,0,0,0,0,0,0,0,0,0,0.0,18,75.0,1,4,118000,0.05,0,0,53000,0,0.61,17
L1NSB01018,21,66,491000,1,0,139000,4466000,278,1,0.02,15,62.5,0,16,319000,0.13,0,0,45000,1,0.68,14
L1NSB01019,15,60,65000,0,0,281000,3386000,348,1,0.11,22,91.7,0,15,327000,0.12,0,0,24000,1,0.91,4
L1NSB01020,15,64,369000,1,0,462000,6315000,336,1,0.1,23,95.8,1,9,278000,0.11,0,0,82000,1,0.63,16
L1NSB01021,16,35,163000,1,1,488000,0,0,0,0.0,19,79.2,1,9,258000,0.01,0,0,141000,1,0.68,14
L1NSB01022,20,62,567000,1,1,399000,6165000,314,1,0.04,20,83.3,0,2,497000,0.03,0,0,94000,1,0.7,13
L1NSB01023,24,22,751000,1,0,296000,0,0,0,0.0,19,79.2,1,14,138000,0.03,0,0,33000,0,0.68,14
L1NSB01024,12,68,529000,1,0,355000,0,0,0,0.0,17,70.8,1,16,450000,0.09,0,0,146000,1,0.81,8
L1NSB01025,21,75,672000,1,0,416000,0,0,0,0.0,16,66.7,0,0,72000,0.08,0,0,25000,1,0.59,18
L1NSB01026,0,0,0,0,0,0,0,0,0,0.0,18,75.0,1,5,308000,0.12,0,0,121000,0,0.59,18
L1NSB01027,0,0,0,0,0,0,0,0,0,0.0,21,87.5,0,10,350000,0.05,0,0,30000,1,0.73,12
L1NSB01028,9,6,709000,1,1,145000,0,0,0,0.0,24,100.0,0,11,313000,0.1,0,0,89000,0,0.63,16
L1NSB01029,15,80,433000,1,0,75000,0,0,0,0.0,23,95.8,1,9,467000,0.08,0,0,108000,0,0.61,17
L1NSB01030,0,0,0,0,0,0,0,0,0,0.0,21,87.5,0,4,430000,0.05,0,0,75000,1,0.67,14
L1NSB01031,13,46,267000,1,0,355000,0,0,0,0.0,21,87.5,0,15,304000,0.07,0,0,53000,1,0.92,3
L1NSB01032,16,73,523000,1,0,45000,0,0,0,0.0,14,58.3,0,9,412000,0.1,0,0,20000,1,0.76,10
L1NSB01033,0,0,0,0,0,0,0,0,0,0.0,24,100.0,0,20,143000,0.13,0,0,125000,0,0.85,6
L1NSB01034,24,9,522000,1,0,211000,7299000,261,1,0.08,24,100.0,0,8,292000,0.02,0,0,43000,1,0.89,4
L1NSB01035,0,0,0,0,0,0,0,0,0,0.0,16,66.7,1,9,443000,0.03,0,0,82000,1,0.88,5
L1NSB01036,12,24,386000,1,0,443000,0,0,0,0.0,23,95.8,1,11,416000,0.02,0,0,117000,1,0.69,13
L1NSB01037,6,65,603000,1,0,348000,5589000,140,1,0.04,23,95.8,1,9,465000,0.07,0,0,126000,1,0.98,0
L1NSB01038,8,28,726000,1,0,367000,0,0,0,0.0,24,100.0,0,19,154000,0.1,0,0,80000,0,0.81,8
L1NSB01039,11,61,371000,1,0,124000,0,0,0,0.0,23,95.8,1,1,348000,0.05,0,0,120000,1,0.73,12
L1NSB01040,6,12,697000,1,0,374000,0,0,0,0.0,15,62.5,0,1,233000,0.1,0,0,150000,1,0.88,5
L1NSB01041,7,43,543000,0,0,344000,0,0,0,0.0,19,79.2,0,6,497000,0.14,1,8000000,126000,1,0.62,17
L1NSB01042,0,0,0,0,0,0,0,0,0,0.0,24,100.0,1,5,441000,0.12,0,0,120000,1,0.76,10
L1NSB01043,7,47,399000,0,0,375000,7810000,68,1,0.15,23,95.8,0,19,246000,0.09,0,0,44000,1,0.87,5
L1NSB01044,11,66,39000,0,0,136000,0,0,0,0.0,17,70.8,1,3,158000,0.15,0,0,140000,1,0.74,11
L1NSB01045,0,0,0,0,0,0,2782000,82,1,0.12,22,91.7,0,9,88000,0.05,0,0,54000,1,1.0,0
L1NSB01046,22,39,206000,1,0,42000,0,0,0,0.0,23,95.8,1,11,457000,0.06,0,0,113000,1,0.82,8
L1NSB01047,0,0,0,0,0,0,0,0,0,0.0,16,66.7,0,7,404000,0.06,0,0,102000,1,0.85,6
L1NSB01048,19,29,35000,1,0,85000,0,0,0,0.0,22,91.7,0,0,0,0.0,0,0,65000,1,0.65,15
L1NSB01049,13,50,177000,1,0,323000,0,0,0,0.0,21,87.5,1,3,241000,0.11,0,0,124000,1,0.97,1
L1NSB01050,0,0,0,0,0,0,0,0,0,0.0,20,83.3,1,16,390000,0.05,0,0,90000,1,0.69,13
L1NSB01051,20,24,562000,0,0,482000,0,0,0,0.0,15,62.5,0,17,230000,0.11,0,0,32000,1,0.77,10
L1NSB01052,0,0,0,0,0,0,0,0,0,0.0,20,83.3,0,9,469000,0.14,0,0,106000,1,0.84,7
L1NSB01053,16,72,40000,0,0,338000,0,0,0,0.0,22,91.7,0,13,299000,0.09,0,0,86000,0,0.75,11
L1NSB01054,24,32,487000,1,0,290000,0,0,0,0.0,20,83.3,0,12,149000,0.12,0,0,95000,1,0.7,13
L1NSB01055,13,34,337000,1,0,390000,0,0,0,0.0,23,95.8,1,13,167000,0.03,0,0,57000,0,0.94,2
L1NSB01056,19,26,544000,0,0,186000,1504000,142,1,0.05,22,91.7,0,20,305000,0.04,0,0,62000,0,0.68,14
L1NSB01057,0,0,0,0,0,0,4117000,374,0,0.08,20,83.3,0,0,369000,0.07,0,0,129000,0,0.58,18
L1NSB01058,0,0,0,0,0,0,4411000,350,1,0.04,20,83.3,1,12,58000,0.09,0,0,49000,1,0.59,18
L1NSB01059,15,67,767000,0,0,114000,6529000,275,1,0.08,22,91.7,0,14,462000,0.04,0,0,108000,1,0.94,2
L1NSB01060,20,19,280000,0,0,284000,0,0,0,0.0,18,75.0,1,8,185000,0.14,0,0,36000,1,0.66,15
L1NSB01061,24,45,215000,1,0,254000,5459000,192,1,0.1,15,62.5,0,4,163000,0.08,0,0,133000,1,0.96,1
L1NSB01062,8,15,591000,1,0,250000,0,0,0,0.0,19,79.2,1,11,302000,0.09,0,0,76000,0,0.63,16
L1NSB01063,0,0,0,0,0,0,0,0,0,0.0,23,95.8,0,1,377000,0.12,0,0,102000,1,0.69,13
L1NSB01064,17,19,478000,0,0,196000,0,0,0,0.0,18,75.0,0,1,215000,0.11,0,0,97000,1,0.68,14
L1NSB01065,10,65,135000,1,0,129000,0,0,0,0.0,17,70.8,0,1,446000,0.15,0,0,80000,0,0.94,2
L1NSB01066,0,0,0,0,0,0,3095000,238,1,0.08,23,95.8,0,17,60000,0.09,0,0,60000,1,0.88,5
L1NSB01067,9,56,30000,1,0,401000,6654000,216,1,0.08,22,91.7,0,4,448000,0.11,0,0,128000,0,0.81,8
L1NSB01068,21,63,254000,1,0,381000,0,0,0,0.0,17,70.8,0,13,482000,0.06,0,0,147000,1,1.0,0
L1NSB01069,22,46,373000,1,0,396000,0,0,0,0.0,14,58.3,0,20,199000,0.04,0,0,31000,1,0.61,17
L1NSB01070,18,25,654000,1,0,405000,0,0,0,0.0,14,58.3,0,2,58000,0.14,0,0,66000,1,0.62,17
L1NSB01071,0,0,0,0,0,0,0,0,0,0.0,19,79.2,0,4,279000,0.08,0,0,118000,0,0.7,13
L1NSB01072,15,15,785000,1,0,44000,0,0,0,0.0,21,87.5,1,14,213000,0.03,0,0,133000,0,0.91,4
L1NSB01073,0,0,0,0,0,0,0,0,0,0.0,19,79.2,0,17,96000,0.11,0,0,137000,1,0.99,0
L1NSB01074,22,43,37000,1,0,401000,0,0,0,0.0,17,70.8,1,17,462000,0.0,0,0,142000,0,0.78,9
L1NSB01075,17,9,494000,1,0,188000,0,0,0,0.0,15,62.5,1,6,486000,0.01,0,0,36000,1,0.79,9
L1NSB01076,16,54,590000,0,0,24000,3000000,297,1,0.08,19,79.2,1,7,280000,0.09,0,0,48000,0,0.98,0
L1NSB01077,24,26,347000,0,0,255000,0,0,0,0.0,17,70.8,1,0,495000,0.13,0,0,115000,1,0.57,19
L1NSB01078,23,38,729000,1,0,450000,0,0,0,0.0,20,83.3,0,16,113000,0.06,0,0,121000,1,0.85,6
L1NSB01079,7,56,516000,1,0,189000,0,0,0,0.0,23,95.8,1,11,279000,0.12,0,0,103000,0,0.91,4
L1NSB01080,0,0,0,0,0,0,4108000,377,1,0.07,24,100.0,0,4,231000,0.15,0,0,148000,1,0.56,19
L1NSB01081,23,45,363000,1,0,185000,0,0,0,0.0,21,87.5,0,16,199000,0.11,1,5000000,25000,0,0.97,1
L1NSB01082,6,41,117000,1,0,386000,0,0,0,0.0,18,75.0,1,18,175000,0.02,0,0,50000,1,0.86,6
L1NSB01083,9,16,381000,1,0,233000,2231000,168,1,0.01,18,75.0,0,14,389000,0.1,0,0,30000,1,0.69,13
L1NSB01084,23,43,64000,1,0,80000,0,0,0,0.0,16,66.7,1,20,294000,0.0,0,0,29000,1,0.72,12
L1NSB01085,0,0,0,0,0,0,0,0,0,0.0,23,95.8,1,9,369000,0.04,0,0,149000,1,0.96,1
L1NSB01086,13,55,246000,1,0,259000,0,0,0,0.0,16,66.7,0,5,205000,0.05,0,0,44000,1,0.79,9
L1NSB01087,13,35,387000,0,0,161000,6766000,391,0,0.05,24,100.0,0,19,372000,0.12,0,0,83000,1,0.57,19
L1NSB01088,7,9,296000,1,0,495000,0,0,0,0.0,22,91.7,0,0,189000,0.11,0,0,126000,1,0.62,17
L1NSB01089,16,18,338000,0,0,66000,7551000,274,0,0.09,21,87.5,1,6,87000,0.07,0,0,49000,1,0.99,0
L1NSB01090,23,76,135000,0,1,449000,0,0,0,0.0,24,100.0,0,17,200000,0.06,0,0,66000,1,0.71,13
L1NSB01091,9,53,288000,1,0,207000,0,0,0,0.0,16,66.7,1,11,274000,0.03,0,0,127000,0,0.75,11
L1NSB01092,24,69,493000,1,0,92000,7944000,349,1,0.08,24,100.0,0,18,208000,0.07,0,0,35000,1,0.84,7
L1NSB01093,20,20,507000,1,0,55000,0,0,0,0.0,19,79.2,1,15,98000,0.14,0,0,117000,1,0.92,3
L1NSB01094,14,37,488000,0,0,28000,0,0,0,0.0,18,75.0,1,8,442000,0.02,0,0,108000,1,0.78,9
L1NSB01095,10,58,786000,1,0,198000,0,0,0,0.0,18,75.0,1,2,387000,0.1,0,0,76000,1,0.92,3
L1NSB01096,23,10,290000,1,0,229000,2606000,60,1,0.12,17,70.8,1,14,176000,0.09,0,0,99000,1,0.92,3
L1NSB01097,0,0,0,0,0,0,0,0,0,0.0,24,100.0,1,13,51000,0.11,0,0,50000,1,0.67,14
L1NSB01098,14,5,204000,1,0,190000,0,0,0,0.0,17,70.8,0,9,129000,0.05,0,0,42000,1,0.61,17
L1NSB01099,19,24,120000,0,0,72000,0,0,0,0.0,19,79.2,1,11,87000,0.13,0,0,53000,1,0.83,7
L1NSB01100,10,66,377000,0,0,287000,0,0,0,0.0,22,91.7,0,20,81000,0.08,0,0,64000,1,0.75,11
L1NSB01101,21,14,184000,1,0,26000,0,0,0,0.0,24,100.0,1,5,386000,0.09,0,0,83000,0,0.76,10
L1NSB01102,0,0,0,0,0,0,0,0,0,0.0,21,87.5,0,7,174000,0.02,0,0,134000,1,0.87,5
L1NSB01103,20,42,474000,1,0,269000,0,0,0,0.0,22,91.7,1,3,347000,0.1,0,0,134000,1,0.76,10
L1NSB01104,15,79,732000,0,0,147000,0,0,0,0.0,23,95.8,1,19,149000,0.12,0,0,146000,0,0.94,2
L1NSB01105,18,57,546000,0,0,458000,0,0,0,0.0,14,58.3,1,10,167000,0.06,0,0,148000,0,0.63,16
L1NSB01106,12,14,436000,0,0,407000,0,0,0,0.0,17,70.8,0,3,297000,0.07,0,0,30000,1,0.8,8
L1NSB01107,23,33,223000,0,0,417000,0,0,0,0.0,24,100.0,1,3,312000,0.0,0,0,22000,0,0.74,11
L1NSB01108,23,12,152000,1,0,280000,0,0,0,0.0,23,95.8,0,20,497000,0.05,0,0,90000,1,0.85,6
L1NSB01109,13,77,525000,1,1,258000,0,0,0,0.0,17,70.8,1,8,464000,0.01,0,0,25000,1,0.9,4
L1NSB01110,6,69,460000,1,0,204000,0,0,0,0.0,19,79.2,0,1,198000,0.06,0,0,125000,1,0.84,7
L1NSB01111,10,44,536000,1,0,84000,0,0,0,0.0,19,79.2,0,3,376000,0.12,0,0,129000,1,0.59,18
L1NSB01112,13,48,74000,1,0,40000,0,0,0,0.0,22,91.7,0,9,66000,0.01,0,0,147000,1,0.56,19
L1NSB01113,10,72,95000,0,0,254000,6763000,231,0,0.14,22,91.7,0,12,264000,0.14,0,0,74000,1,0.59,18
L1NSB01114,18,76,719000,1,0,31000,5125000,165,1,0.04,22,91.7,1,14,92000,0.14,0,0,69000,1,0.82,8
L1NSB01115,10,8,83000,1,0,350000,4704000,140,1,0.02,14,58.3,1,20,140000,0.15,0,0,103000,1,0.75,11
L1NSB01116,0,0,0,0,0,0,5787000,323,1,0.1,15,62.5,0,0,0,0.0,0,0,79000,0,0.65,15
L1NSB01117,9,47,208000,0,0,116000,0,0,0,0.0,16,66.7,1,4,344000,0.07,0,0,103000,0,0.6,18
L1NSB01118,24,36,593000,1,0,161000,5508000,238,1,0.1,22,91.7,0,17,255000,0.12,0,0,88000,1,0.57,19
L1NSB01119,21,78,207000,1,0,229000,0,0,0,0.0,17,70.8,0,12,260000,0.15,0,0,109000,1,0.84,7
L1NSB01120,17,7,316000,1,0,134000,0,0,0,0.0,22,91.7,0,0,0,0.0,0,0,146000,1,0.56,19
L1NSB01121,21,64,62000,1,1,106000,2446000,277,1,0.02,15,62.5,1,7,442000,0.05,0,0,92000,0,0.66,15
L1NSB01122,17,58,624000,1,1,34000,0,0,0,0.0,15,62.5,1,0,0,0.0,0,0,27000,0,0.83,7
L1NSB01123,0,0,0,0,0,0,0,0,0,0.0,17,70.8,1,6,217000,0.03,0,0,64000,1,0.72,12
L1NSB01124,24,31,109000,1,0,76000,7730000,247,1,0.14,17,70.8,1,3,244000,0.01,0,0,59000,0,0.55,20
L1NSB01125,21,15,737000,1,0,308000,0,0,0,0.0,18,75.0,1,10,288000,0.14,0,0,48000,1,0.84,7
L1NSB01126,17,8,597000,0,0,15000,0,0,0,0.0,14,58.3,0,10,261000,0.12,0,0,79000,1,0.62,17
L1NSB01127,0,0,0,0,0,0,0,0,0,0.0,20,83.3,0,7,236000,0.09,0,0,130000,0,0.63,16
L1NSB01128,0,0,0,0,0,0,2396000,172,1,0.01,16,66.7,0,16,451000,0.11,0,0,121000,1,0.88,5
L1NSB01129,0,0,0,0,0,0,0,0,0,0.0,14,58.3,1,5,200000,0.09,0,0,134000,1,0.68,14
L1NSB01130,15,79,74000,1,1,182000,0,0,0,0.0,17,70.8,1,4,115000,0.11,0,0,146000,1,0.85,6
L1NSB01131,17,25,433000,1,0,247000,0,0,0,0.0,22,91.7,1,19,410000,0.14,0,0,49000,1,0.88,5
L1NSB01132,0,0,0,0,0,0,0,0,0,0.0,17,70.8,1,3,294000,0.15,0,0,43000,0,0.62,17
L1NSB01133,14,19,190000,0,0,169000,0,0,0,0.0,19,79.2,1,9,263000,0.07,0,0,72000,1,0.97,1
L1NSB01134,21,38,124000,1,0,359000,0,0,0,0.0,20,83.3,1,12,355000,0.05,0,0,33000,1,0.76,10
L1NSB01135,6,29,290000,0,0,417000,0,0,0,0.0,15,62.5,0,15,256000,0.13,0,0,46000,0,0.94,2
L1NSB01136,0,0,0,0,0,0,0,0,0,0.0,15,62.5,0,3,394000,0.02,0,0,43000,1,0.79,9
L1NSB01137,0,0,0,0,0,0,0,0,0,0.0,24,100.0,1,2,282000,0.02,0,0,140000,1,0.71,13
L1NSB01138,19,38,42000,0,0,350000,0,0,0,0.0,24,100.0,0,10,198000,0.13,0,0,34000,1,0.94,2
L1NSB01139,0,0,0,0,0,0,6029000,126,1,0.02,20,83.3,1,8,155000,0.04,0,0,37000,1,0.66,15
L1NSB01140,21,45,328000,1,0,83000,0,0,0,0.0,18,75.0,0,16,124000,0.02,0,0,35000,1,0.95,2
L1NSB01141,0,0,0,0,0,0,0,0,0,0.0,18,75.0,1,4,430000,0.01,0,0,86000,1,0.65,15
L1NSB01142,0,0,0,0,0,0,6395000,228,0,0.11,23,95.8,1,4,171000,0.04,0,0,57000,0,0.89,4
L1NSB01143,15,59,293000,1,0,129000,2307000,271,1,0.05,19,79.2,1,0,270000,0.01,0,0,46000,0,0.95,2
L1NSB01144,21,18,259000,1,0,227000,0,0,0,0.0,17,70.8,1,20,103000,0.11,0,0,31000,1,0.79,9
L1NSB01145,24,46,493000,1,1,295000,0,0,0,0.0,22,91.7,1,7,57000,0.04,0,0,91000,1,0.77,10
L1NSB01146,21,35,273000,0,0,345000,0,0,0,0.0,24,100.0,1,19,290000,0.04,0,0,44000,1,0.78,9
L1NSB01147,17,24,401000,1,1,424000,0,0,0,0.0,21,87.5,0,10,74000,0.04,0,0,74000,1,0.59,18
L1NSB01148,9,71,365000,1,0,366000,0,0,0,0.0,21,87.5,0,8,379000,0.0,0,0,25000,1,0.9,4
L1NSB01149,0,0,0,0,0,0,0,0,0,0.0,19,79.2,0,1,356000,0.05,0,0,37000,1,0.75,11
L1NSB01150,10,54,437000,1,0,115000,0,0,0,0.0,23,95.8,1,19,375000,0.13,0,0,44000,0,0.71,13
L1NSB01151,14,9,736000,1,0,335000,7965000,245,0,0.08,24,100.0,1,19,63000,0.08,0,0,33000,1,0.91,4
L1NSB01152,0,0,0,0,0,0,0,0,0,0.0,15,62.5,1,3,126000,0.14,0,0,105000,1,0.95,2
L1NSB01153,10,25,244000,0,1,178000,0,0,0,0.0,20,83.3,0,15,305000,0.02,0,0,74000,1,0.7,13
L1NSB01154,0,0,0,0,0,0,7698000,269,0,0.03,21,87.5,0,3,183000,0.01,0,0,64000,1,0.87,5
L1NSB01155,0,0,0,0,0,0,0,0,0,0.0,17,70.8,1,4,153000,0.05,0,0,85000,0,0.9,4
L1NSB01156,0,0,0,0,0,0,0,0,0,0.0,24,100.0,0,9,419000,0.02,0,0,132000,1,0.95,2
L1NSB01157,14,19,408000,1,0,326000,7307000,365,1,0.06,24,100.0,1,10,340000,0.02,0,0,77000,1,0.96,1
L1NSB01158,0,0,0,0,0,0,1517000,344,1,0.11,24,100.0,1,17,301000,0.07,0,0,77000,1,0.85,6
L1NSB01159,11,67,245000,1,0,86000,3322000,316,1,0.02,24,100.0,1,2,115000,0.09,0,0,46000,1,0.84,7
L1NSB01160,13,31,81000,0,0,106000,0,0,0,0.0,19,79.2,0,1,141000,0.13,0,0,91000,1,0.92,3
L1NSB01161,15,18,204000,0,0,74000,0,0,0,0.0,16,66.7,1,7,488000,0.03,0,0,83000,1,0.69,13
L1NSB01162,21,12,766000,1,0,435000,0,0,0,0.0,15,62.5,0,7,295000,0.0,0,0,110000,1,0.75,11
L1NSB01163,22,31,521000,1,0,496000,2414000,267,1,0.11,16,66.7,0,4,242000,0.1,0,0,73000,1,0.72,12
L1NSB01164,13,14,489000,1,0,375000,0,0,0,0.0,23,95.8,1,17,336000,0.12,0,0,70000,1,0.68,14
L1NSB01165,0,0,0,0,0,0,6824000,274,1,0.12,22,91.7,0,3,99000,0.03,0,0,35000,1,0.81,8
L1NSB01166,0,0,0,0,0,0,0,0,0,0.0,20,83.3,0,5,206000,0.13,0,0,27000,1,0.77,10
L1NSB01167,6,6,358000,1,0,174000,6824000,309,1,0.13,18,75.0,0,17,420000,0.02,0,0,150000,0,0.8,8
L1NSB01168,11,77,697000,1,0,174000,1974000,119,1,0.08,21,87.5,1,15,352000,0.15,0,0,144000,1,0.65,15
L1NSB01169,0,0,0,0,0,0,0,0,0,0.0,15,62.5,1,11,268000,0.12,0,0,80000,0,0.56,19
L1NSB01170,6,53,450000,1,0,41000,0,0,0,0.0,24,100.0,0,12,159000,0.11,0,0,45000,1,0.99,0
L1NSB01171,0,0,0,0,0,0,0,0,0,0.0,20,83.3,1,2,103000,0.15,0,0,76000,0,0.66,15
L1NSB01172,12,19,224000,0,1,259000,0,0,0,0.0,21,87.5,1,19,89000,0.15,0,0,144000,1,0.84,7
L1NSB01173,0,0,0,0,0,0,0,0,0,0.0,14,58.3,1,13,99000,0.12,0,0,23000,0,0.96,1
L1NSB01174,22,21,76000,1,0,210000,0,0,0,0.0,16,66.7,1,0,0,0.0,0,0,134000,1,0.68,14
L1NSB01175,0,0,0,0,0,0,3945000,270,1,0.14,17,70.8,0,4,234000,0.13,0,0,128000,1,0.93,3
L1NSB01176,24,8,373000,1,0,423000,5113000,369,1,0.03,21,87.5,1,5,432000,0.11,0,0,25000,1,0.69,13
L1NSB01177,16,6,580000,0,0,420000,7968000,262,1,0.12,18,75.0,0,8,214000,0.07,0,0,134000,1,0.88,5
L1NSB01178,0,0,0,0,0,0,0,0,0,0.0,22,91.7,1,0,0,0.0,0,0,134000,0,1.0,0
L1NSB01179,7,45,296000,0,0,195000,0,0,0,0.0,15,62.5,1,11,403000,0.1,0,0,91000,0,0.9,4
L1NSB01180,7,19,776000,1,0,171000,0,0,0,0.0,23,95.8,0,19,397000,0.04,0,0,26000,0,0.95,2
L1NSB01181,8,43,64000,1,0,36000,0,0,0,0.0,20,83.3,1,20,295000,0.0,0,0,89000,1,0.71,13
L1NSB01182,22,37,35000,1,1,465000,0,0,0,0.0,18,75.0,0,1,61000,0.04,0,0,111000,0,0.76,10
L1NSB01183,22,32,332000,1,0,235000,4375000,137,1,0.01,22,91.7,1,18,359000,0.02,0,0,100000,1,0.58,18
L1NSB01184,12,72,70000,1,0,388000,0,0,0,0.0,15,62.5,0,2,309000,0.02,0,0,118000,1,0.86,6
L1NSB01185,17,12,600000,1,0,178000,0,0,0,0.0,23,95.8,0,0,207000,0.04,0,0,38000,1,0.67,14
L1NSB01186,0,0,0,0,0,0,0,0,0,0.0,24,100.0,1,13,400000,0.04,0,0,119000,1,0.92,3
L1NSB01187,0,0,0,0,0,0,0,0,0,0.0,15,62.5,0,20,70000,0.1,0,0,60000,1,0.6,18
L1NSB01188,20,56,513000,0,0,202000,2316000,261,1,0.14,18,75.0,1,12,353000,0.06,0,0,149000,1,0.89,4
L1NSB01189,14,44,116000,1,0,104000,0,0,0,0.0,22,91.7,0,2,493000,0.01,0,0,133000,1,0.67,14
L1NSB01190,14,68,759000,1,0,409000,0,0,0,0.0,23,95.8,0,14,433000,0.11,0,0,43000,1,0.67,14
L1NSB01191,15,72,619000,1,1,12000,0,0,0,0.0,23,95.8,1,9,246000,0.05,0,0,123000,0,0.99,0
L1NSB01192,24,24,689000,1,0,441000,0,0,0,0.0,22,91.7,0,15,336000,0.0,0,0,82000,1,0.85,6
L1NSB01193,21,58,290000,1,0,115000,0,0,0,0.0,21,87.5,0,16,73000,0.05,0,0,57000,1,0.8,8
L1NSB01194,23,63,155000,1,0,302000,5156000,206,1,0.12,20,83.3,1,13,405000,0.14,0,0,40000,1,0.82,8
L1NSB01195,17,25,419000,1,0,305000,0,0,0,0.0,24,100.0,1,20,362000,0.03,0,0,147000,1,0.93,3
L1NSB01196,22,50,460000,1,0,304000,2456000,63,1,0.13,20,83.3,1,6,457000,0.13,0,0,126000,1,0.85,6
L1NSB01197,14,62,518000,1,0,66000,0,0,0,0.0,18,75.0,0,0,0,0.0,0,0,135000,1,0.76,10
L1NSB01198,0,0,0,0,0,0,1953000,119,1,0.15,14,58.3,1,2,234000,0.06,0,0,29000,1,0.9,4
L1NSB01199,0,0,0,0,0,0,0,0,0,0.0,23,95.8,0,17,214000,0.07,0,0,114000,1,0.83,7
L1NSB01200,21,38,303000,1,0,192000,0,0,0,0.0,19,79.2,0,10,413000,0.1,0,0,124000,0,0.92,3
L1NSB01201,0,0,0,0,0,0,0,0,0,0.0,18,75.0,0,5,51000,0.11,0,0,107000,1,0.9,4
L1NSB01202,20,25,511000,1,0,280000,0,0,0,0.0,24,100.0,0,4,293000,0.06,0,0,149000,1,0.77,10
L1NSB01203,0,0,0,0,0,0,7376000,334,1,0.05,16,66.7,1,20,268000,0.12,0,0,128000,1,0.79,9
L1NSB01204,11,64,475000,1,0,286000,2912000,378,1,0.09,18,75.0,1,6,404000,0.05,0,0,121000,1,0.74,11
L1NSB01205,0,0,0,0,0,0,3334000,294,1,0.12,24,100.0,1,16,181000,0.02,0,0,93000,1,0.58,18
L1NSB01206,9,54,227000,1,0,180000,0,0,0,0.0,14,58.3,1,15,461000,0.03,0,0,45000,1,0.58,18
L1NSB01207,19,65,572000,0,0,82000,0,0,0,0.0,17,70.8,0,1,294000,0.1,0,0,36000,0,0.89,4
L1NSB01208,15,79,48000,0,0,255000,0,0,0,0.0,18,75.0,1,7,141000,0.12,0,0,64000,1,0.68,14
L1NSB01209,0,0,0,0,0,0,0,0,0,0.0,18,75.0,1,3,332000,0.0,1,19000000,50000,0,0.86,6
L1NSB01210,24,43,460000,1,1,44000,0,0,0,0.0,15,62.5,0,17,129000,0.08,0,0,44000,0,0.96,1
L1NSB01211,0,0,0,0,0,0,6334000,228,0,0.02,16,66.7,1,0,464000,0.03,0,0,35000,1,0.82,8
L1NSB01212,18,60,726000,1,0,88000,0,0,0,0.0,17,70.8,0,18,198000,0.12,0,0,73000,1,0.71,13
L1NSB01213,15,25,572000,1,0,252000,0,0,0,0.0,21,87.5,0,7,206000,0.09,0,0,103000,0,0.66,15
L1NSB01214,11,62,516000,1,0,50000,0,0,0,0.0,21,87.5,1,18,154000,0.12,0,0,104000,1,0.62,17
L1NSB01215,20,23,314000,1,0,166000,7034000,311,1,0.08,20,83.3,1,17,417000,0.07,0,0,81000,1,0.95,2
L1NSB01216,22,77,304000,1,1,97000,0,0,0,0.0,22,91.7,1,13,276000,0.02,0,0,118000,1,0.59,18
L1NSB01217,15,7,483000,1,0,411000,0,0,0,0.0,16,66.7,0,19,243000,0.13,1,13000000,100000,0,0.89,4
L1NSB01218,9,45,527000,0,0,35000,0,0,0,0.0,16,66.7,1,0,196000,0.0,0,0,137000,1,0.81,8
L1NSB01219,10,40,285000,1,0,38000,2974000,266,1,0.08,15,62.5,1,9,367000,0.06,0,0,40000,1,0.72,12
L1NSB01220,8,15,61000,1,0,271000,0,0,0,0.0,18,75.0,1,11,252000,0.07,0,0,76000,1,0.86,6
L1NSB01221,0,0,0,0,0,0,0,0,0,0.0,15,62.5,0,0,0,0.0,0,0,138000,0,0.64,16
L1NSB01222,20,51,454000,1,0,129000,1555000,144,1,0.11,21,87.5,1,6,282000,0.03,0,0,31000,0,0.95,2
L1NSB01223,6,17,706000,1,0,97000,0,0,0,0.0,20,83.3,0,5,89000,0.12,1,20000000,60000,1,0.62,17
L1NSB01224,0,0,0,0,0,0,0,0,0,0.0,24,100.0,0,8,57000,0.15,0,0,117000,1,0.93,3
L1NSB01225,0,0,0,0,0,0,0,0,0,0.0,23,95.8,1,13,256000,0.01,0,0,41000,1,0.67,14
L1NSB01226,16,74,769000,0,0,251000,2183000,82,1,0.11,14,58.3,1,1,205000,0.05,0,0,82000,1,0.87,5
L1NSB01227,24,46,655000,1,0,481000,0,0,0,0.0,24,100.0,0,13,79000,0.12,0,0,123000,1,0.64,16
L1NSB01228,0,0,0,0,0,0,0,0,0,0.0,18,75.0,1,15,298000,0.09,0,0,85000,1,0.93,3
L1NSB01229,0,0,0,0,0,0,4222000,242,0,0.08,14,58.3,0,8,136000,0.03,0,0,86000,1,0.72,12
L1NSB01230,14,69,454000,1,0,399000,5530000,222,1,0.13,22,91.7,0,5,305000,0.12,0,0,44000,1,0.72,12
L1NSB01231,23,7,107000,1,0,451000,0,0,0,0.0,19,79.2,1,11,300000,0.01,0,0,117000,1,0.7,13
L1NSB01232,0,0,0,0,0,0,0,0,0,0.0,14,58.3,0,8,188000,0.11,0,0,96000,1,0.68,14
L1NSB01233,10,38,178000,1,0,332000,1653000,321,1,0.11,14,58.3,0,2,218000,0.12,0,0,126000,1,0.95,2
L1NSB01234,0,0,0,0,0,0,0,0,0,0.0,20,83.3,0,16,179000,0.13,0,0,133000,0,0.61,17
L1NSB01235,8,57,773000,1,0,160000,0,0,0,0.0,16,66.7,0,0,277000,0.15,0,0,22000,0,0.79,9
L1NSB01236,14,33,466000,1,0,353000,0,0,0,0.0,17,70.8,1,19,433000,0.1,0,0,46000,1,0.69,13
L1NSB01237,9,63,115000,1,1,263000,5042000,57,0,0.13,21,87.5,0,11,437000,0.14,0,0,21000,0,0.75,11
L1NSB01238,21,75,286000,0,0,198000,0,0,0,0.0,19,79.2,1,14,273000,0.02,0,0,143000,1,0.75,11
L1NSB01239,21,21,734000,0,0,418000,0,0,0,0.0,16,66.7,0,17,438000,0.03,0,0,72000,0,0.84,7
L1NSB01240,0,0,0,0,0,0,0,0,0,0.0,16,66.7,1,3,235000,0.02,0,0,144000,1,0.64,16
L1NSB01241,20,40,734000,0,0,305000,2337000,137,1,0.02,23,95.8,1,18,463000,0.04,0,0,120000,1,0.93,3
L1NSB01242,23,8,122000,0,0,185000,7687000,257,1,0.02,17,70.8,0,13,99000,0.11,0,0,29000,0,0.77,10
L1NSB01243,0,0,0,0,0,0,0,0,0,0.0,24,100.0,1,1,455000,0.01,0,0,32000,1,0.73,12
L1NSB01244,13,63,93000,0,0,182000,0,0,0,0.0,23,95.8,1,11,368000,0.02,0,0,116000,1,0.75,11
L1NSB01245,19,24,616000,1,0,187000,0,0,0,0.0,22,91.7,0,12,497000,0.11,0,0,33000,0,0.71,13
L1NSB01246,18,70,529000,0,0,41000,0,0,0,0.0,23,95.8,0,4,141000,0.05,0,0,25000,1,0.67,14
L1NSB01247,20,76,504000,1,0,473000,0,0,0,0.0,24,100.0,1,17,304000,0.14,0,0,71000,1,0.68,14
L1NSB01248,9,12,82000,1,0,175000,5922000,199,1,0.15,17,70.8,1,18,168000,0.14,0,0,35000,0,0.92,3
L1NSB01249,19,5,755000,1,0,497000,0,0,0,0.0,24,100.0,1,15,69000,0.06,0,0,82000,1,0.83,7
L1NSB01250,0,0,0,0,0,0,0,0,0,0.0,14,58.3,0,9,194000,0.07,1,2000000,100000,1,0.92,3
L1NSB01251,7,38,511000,0,0,281000,0,0,0,0.0,23,95.8,1,0,131000,0.13,0,0,68000,0,0.97,1
L1NSB01252,0,0,0,0,0,0,0,0,0,0.0,14,58.3,0,0,0,0.0,0,0,102000,1,0.91,4
L1NSB01253,9,74,365000,1,0,256000,3218000,327,1,0.01,18,75.0,0,5,298000,0.05,0,0,150000,0,0.7,13
L1NSB01254,6,61,197000,1,0,16000,0,0,0,0.0,19,79.2,1,4,324000,0.05,0,0,34000,0,0.7,13
L1NSB01255,14,64,112000,0,0,271000,0,0,0,0.0,21,87.5,1,11,56000,0.11,0,0,50000,1,0.84,7
L1NSB01256,8,70,55000,1,1,158000,0,0,0,0.0,15,62.5,0,4,61000,0.15,1,1000000,146000,0,0.97,1
L1NSB01257,14,52,99000,1,0,478000,3243000,160,1,0.03,20,83.3,1,19,124000,0.12,0,0,87000,1,0.78,9
L1NSB01258,12,10,610000,1,0,101000,0,0,0,0.0,17,70.8,1,19,74000,0.06,0,0,125000,1,0.75,11
L1NSB01259,0,0,0,0,0,0,2718000,204,1,0.13,17,70.8,0,15,155000,0.09,0,0,100000,1,0.92,3
L1NSB01260,24,33,470000,1,0,107000,5028000,202,1,0.07,24,100.0,1,6,93000,0.1,0,0,91000,1,0.74,11
L1NSB01261,9,52,62000,1,0,65000,0,0,0,0.0,18,75.0,1,12,409000,0.03,0,0,134000,1,0.81,8
L1NSB01262,0,0,0,0,0,0,0,0,0,0.0,20,83.3,0,7,172000,0.15,0,0,22000,0,0.91,4
L1NSB01263,0,0,0,0,0,0,0,0,0,0.0,17,70.8,1,7,466000,0.03,0,0,81000,0,0.81,8
L1NSB01264,6,23,362000,0,0,347000,0,0,0,0.0,16,66.7,1,15,58000,0.04,0,0,131000,1,0.74,11
L1NSB01265,15,64,71000,1,0,209000,0,0,0,0.0,14,58.3,0,5,287000,0.05,0,0,127000,1,0.64,16
L1NSB01266,22,8,395000,0,0,109000,0,0,0,0.0,22,91.7,1,1,481000,0.08,0,0,71000,0,0.93,3
L1NSB01267,24,63,60000,0,0,307000,0,0,0,0.0,22,91.7,1,5,200000,0.07,0,0,112000,0,0.86,6
L1NSB01268,18,22,136000,0,0,330000,6875000,261,1,0.07,22,91.7,1,5,308000,0.1,0,0,119000,0,0.72,12
L1NSB01269,18,69,727000,1,1,474000,0,0,0,0.0,16,66.7,0,15,351000,0.01,0,0,61000,1,0.79,9
L1NSB01270,0,0,0,0,0,0,3681000,243,1,0.14,20,83.3,0,17,447000,0.01,0,0,93000,0,0.83,7
L1NSB01271,20,61,38000,0,1,41000,0,0,0,0.0,22,91.7,1,6,185000,0.08,0,0,108000,1,0.67,14
L1NSB01272,22,63,594000,1,0,418000,0,0,0,0.0,18,75.0,1,17,176000,0.03,0,0,116000,1,0.76,10
L1NSB01273,10,54,91000,0,0,353000,5631000,65,1,0.07,20,83.3,1,9,78000,0.05,0,0,141000,1,0.69,13
L1NSB01274,0,0,0,0,0,0,0,0,0,0.0,24,100.0,1,0,321000,0.07,0,0,74000,1,0.63,16
L1NSB01275,16,35,479000,0,0,458000,5808000,320,1,0.05,15,62.5,1,10,452000,0.14,0,0,45000,0,0.88,5
L1NSB01276,12,14,320000,1,0,71000,5415000,392,1,0.15,18,75.0,1,15,354000,0.09,0,0,70000,1,0.77,10
L1NSB01277,23,25,490000,0,0,190000,0,0,0,0.0,24,100.0,1,19,294000,0.06,0,0,23000,1,0.75,11
L1NSB01278,14,56,289000,1,0,180000,0,0,0,0.0,21,87.5,0,14,200000,0.06,0,0,49000,1,0.86,6
L1NSB01279,0,0,0,0,0,0,0,0,0,0.0,22,91.7,1,10,481000,0.06,0,0,107000,1,0.69,13
L1NSB01280,14,47,605000,1,0,99000,6498000,141,1,0.02,21,87.5,0,5,119000,0.15,0,0,89000,0,0.85,6
L1NSB01281,9,45,296000,0,0,234000,0,0,0,0.0,17,70.8,0,17,258000,0.1,0,0,80000,1,0.91,4
L1NSB01282,0,0,0,0,0,0,5894000,391,1,0.08,16,66.7,1,4,233000,0.1,0,0,127000,0,0.74,11
L1NSB01283,19,16,91000,0,0,264000,3701000,378,1,0.09,18,75.0,1,6,301000,0.1,0,0,61000,1,0.77,10
L1NSB01284,17,5,693000,1,1,49000,2717000,269,1,0.05,20,83.3,0,20,473000,0.01,0,0,29000,1,0.94,2
L1NSB01285,6,11,641000,0,0,437000,6955000,353,1,0.05,18,75.0,1,7,69000,0.01,0,0,88000,1,0.61,17
L1NSB01286,21,43,696000,1,0,12000,0,0,0,0.0,24,100.0,1,10,142000,0.12,0,0,149000,1,0.76,10
L1NSB01287,12,12,541000,1,0,65000,4872000,253,1,0.12,20,83.3,1,18,104000,0.01,0,0,123000,1,0.58,18
L1NSB01288,9,68,125000,0,0,10000,0,0,0,0.0,24,100.0,1,4,233000,0.01,0,0,57000,1,1.0,0
L1NSB01289,14,36,347000,1,0,400000,0,0,0,0.0,24,100.0,0,13,223000,0.02,0,0,111000,0,0.69,13
L1NSB01290,12,41,541000,1,0,144000,2151000,91,1,0.01,22,91.7,1,11,408000,0.09,0,0,147000,1,0.82,8
L1NSB01291,0,0,0,0,0,0,0,0,0,0.0,22,91.7,0,15,212000,0.08,0,0,37000,1,0.95,2
L1NSB01292,0,0,0,0,0,0,0,0,0,0.0,16,66.7,1,16,427000,0.12,0,0,32000,1,0.59,18
L1NSB01293,14,34,50000,1,0,78000,6440000,303,1,0.05,24,100.0,0,9,166000,0.03,0,0,99000,1,0.76,10
L1NSB01294,0,0,0,0,0,0,0,0,0,0.0,20,83.3,1,15,404000,0.1,0,0,95000,1,0.95,2
L1NSB01295,20,21,298000,1,0,378000,0,0,0,0.0,18,75.0,1,19,296000,0.02,0,0,150000,0,0.9,4
L1NSB01296,0,0,0,0,0,0,0,0,0,0.0,15,62.5,1,18,457000,0.0,0,0,39000,0,0.82,8
L1NSB01297,20,76,328000,0,0,270000,0,0,0,0.0,16,66.7,1,18,341000,0.04,0,0,51000,0,0.61,17
L1NSB01298,0,0,0,0,0,0,0,0,0,0.0,19,79.2,1,16,228000,0.14,0,0,66000,0,0.82,8
L1NSB01299,6,48,688000,1,0,300000,0,0,0,0.0,15,62.5,0,11,442000,0.13,0,0,86000,0,0.86,6
L1NSB01300,0,0,0,0,0,0,0,0,0,0.0,19,79.2,1,12,229000,0.14,1,8000000,87000,0,0.87,5
L1NSB01301,20,8,556000,1,0,343000,3273000,86,1,0.04,19,79.2,1,0,0,0.0,0,0,94000,0,0.97,1
L1NSB01302,23,39,363000,1,0,117000,0,0,0,0.0,15,62.5,1,4,317000,0.02,0,0,66000,1,0.84,7
L1NSB01303,9,70,110000,1,0,263000,6035000,308,1,0.12,24,100.0,0,14,76000,0.07,0,0,27000,1,0.83,7
L1NSB01304,0,0,0,0,0,0,6786000,60,1,0.14,20,83.3,1,6,144000,0.07,0,0,71000,0,0.7,13
L1NSB01305,0,0,0,0,0,0,0,0,0,0.0,16,66.7,0,0,443000,0.07,0,0,85000,1,0.57,19
L1NSB01306,22,35,481000,1,0,263000,0,0,0,0.0,24,100.0,1,10,133000,0.11,0,0,131000,1,0.64,16
L1NSB01307,24,18,561000,1,0,65000,0,0,0,0.0,24,100.0,0,18,329000,0.1,0,0,112000,1,0.87,5
L1NSB01308,24,24,569000,0,0,390000,0,0,0,0.0,23,95.8,0,0,101000,0.06,0,0,100000,0,0.97,1
L1NSB01309,20,74,788000,1,0,194000,0,0,0,0.0,24,100.0,1,10,426000,0.03,1,3000000,134000,1,0.9,4
L1NSB01310,8,32,686000,0,0,469000,4636000,82,1,0.07,15,62.5,0,14,244000,0.05,0,0,48000,1,0.91,4
L1NSB01311,7,26,540000,1,0,322000,7816000,338,1,0.12,22,91.7,1,14,78000,0.12,0,0,103000,0,0.95,2
L1NSB01312,7,58,227000,0,0,179000,3267000,303,1,0.06,23,95.8,1,6,137000,0.11,0,0,62000,1,0.97,1
L1NSB01313,0,0,0,0,0,0,0,0,0,0.0,21,87.5,0,9,395000,0.13,0,0,121000,1,0.85,6
L1NSB01314,0,0,0,0,0,0,0,0,0,0.0,21,87.5,1,10,149000,0.01,0,0,86000,1,0.64,16
L1NSB01315,21,22,702000,0,0,318000,0,0,0,0.0,17,70.8,1,3,208000,0.13,0,0,88000,1,0.91,4
L1NSB01316,0,0,0,0,0,0,0,0,0,0.0,23,95.8,1,18,242000,0.1,0,0,118000,0,0.67,14
L1NSB01317,12,75,314000,0,0,487000,0,0,0,0.0,16,66.7,1,15,278000,0.14,0,0,78000,1,0.74,11
L1NSB01318,0,0,0,0,0,0,0,0,0,0.0,19,79.2,0,0,381000,0.07,0,0,59000,1,0.84,7
L1NSB01319,9,8,226000,0,0,241000,2569000,59,1,0.09,18,75.0,1,8,474000,0.11,0,0,39000,1,0.91,4
L1NSB01320,20,53,39000,1,0,37000,0,0,0,0.0,18,75.0,1,7,189000,0.15,1,1000000,120000,1,0.7,13
L1NSB01321,18,43,502000,1,0,443000,7805000,252,1,0.07,17,70.8,1,4,351000,0.1,0,0,35000,1,0.74,11
L1NSB01322,16,7,800000,1,0,134000,0,0,0,0.0,14,58.3,1,19,451000,0.04,0,0,67000,0,0.87,5
L1NSB01323,6,58,130000,1,0,181000,0,0,0,0.0,17,70.8,1,14,162000,0.13,0,0,95000,0,0.82,8
L1NSB01324,21,72,101000,1,0,86000,6241000,153,0,0.09,24,100.0,0,12,107000,0.05,0,0,32000,1,0.6,18
L1NSB01325,7,33,473000,1,0,179000,0,0,0,0.0,23,95.8,0,1,187000,0.02,0,0,140000,1,0.74,11
L1NSB01326,12,18,638000,1,0,236000,0,0,0,0.0,14,58.3,0,18,368000,0.06,0,0,138000,0,0.74,11
L1NSB01327,8,24,183000,1,0,122000,1650000,312,1,0.08,22,91.7,1,9,414000,0.07,0,0,149000,0,0.9,4
L1NSB01328,0,0,0,0,0,0,0,0,0,0.0,21,87.5,0,11,368000,0.06,0,0,120000,1,0.74,11
L1NSB01329,11,62,289000,1,0,366000,3419000,56,1,0.14,23,95.8,0,14,83000,0.13,0,0,105000,1,0.71,13
L1NSB01330,9,29,251000,1,0,382000,6889000,94,0,0.06,21,87.5,1,16,83000,0.04,0,0,66000,1,0.89,4
L1NSB01331,18,44,653000,1,0,425000,2475000,378,1,0.02,19,79.2,1,1,340000,0.04,0,0,75000,1,0.72,12
L1NSB01332,24,57,684000,0,0,53000,3324000,110,1,0.13,15,62.5,0,11,104000,0.08,0,0,25000,0,0.96,1
L1NSB01333,0,0,0,0,0,0,0,0,0,0.0,23,95.8,0,0,0,0.0,0,0,32000,1,0.88,5
L1NSB01334,15,38,91000,1,0,289000,0,0,0,0.0,15,62.5,0,10,100000,0.09,0,0,85000,1,0.77,10
L1NSB01335,24,16,750000,1,1,361000,2815000,272,1,0.08,14,58.3,1,0,369000,0.08,0,0,32000,1,0.92,3
L1NSB01336,22,14,328000,1,1,468000,0,0,0,0.0,24,100.0,0,13,495000,0.11,0,0,142000,1,0.86,6
L1NSB01337,0,0,0,0,0,0,0,0,0,0.0,23,95.8,0,8,133000,0.15,0,0,140000,0,0.99,0
L1NSB01338,16,71,791000,1,0,153000,0,0,0,0.0,24,100.0,1,0,180000,0.09,0,0,102000,1,0.63,16
L1NSB01339,0,0,0,0,0,0,0,0,0,0.0,14,58.3,0,1,168000,0.01,0,0,36000,1,0.78,9
L1NSB01340,19,16,488000,1,0,232000,0,0,0,0.0,16,66.7,0,4,401000,0.05,0,0,139000,1,0.84,7
L1NSB01341,9,39,633000,1,0,269000,3235000,142,1,0.02,23,95.8,1,1,92000,0.0,0,0,79000,0,0.97,1
L1NSB01342,0,0,0,0,0,0,0,0,0,0.0,16,66.7,0,4,276000,0.14,0,0,141000,0,0.7,13
L1NSB01343,15,26,462000,1,0,347000,0,0,0,0.0,19,79.2,0,11,185000,0.03,0,0,66000,0,0.79,9
L1NSB01344,0,0,0,0,0,0,1534000,110,0,0.1,19,79.2,1,15,257000,0.09,0,0,114000,1,0.6,18
L1NSB01345,23,51,407000,1,0,473000,3177000,290,1,0.08,17,70.8,1,19,303000,0.04,0,0,101000,0,0.99,0
L1NSB01346,13,23,315000,0,0,59000,7551000,154,1,0.12,21,87.5,1,18,271000,0.05,0,0,145000,0,0.65,15
L1NSB01347,6,6,460000,1,0,176000,0,0,0,0.0,19,79.2,1,16,72000,0.15,0,0,94000,0,0.94,2
L1NSB01348,23,25,561000,1,0,187000,5772000,275,1,0.09,21,87.5,1,0,442000,0.06,0,0,112000,1,0.98,0
L1NSB01349,12,53,49000,1,0,285000,0,0,0,0.0,16,66.7,0,4,264000,0.02,0,0,41000,1,1.0,0
L1NSB01350,17,7,95000,0,0,79000,6709000,280,1,0.15,17,70.8,0,9,442000,0.01,0,0,93000,1,0.75,11
L1NSB01351,16,53,744000,1,0,225000,0,0,0,0.0,17,70.8,1,15,95000,0.04,0,0,140000,0,0.56,19
L1NSB01352,16,36,548000,0,0,291000,7550000,88,1,0.11,24,100.0,1,7,387000,0.13,0,0,135000,1,0.71,13
L1NSB01353,12,67,428000,0,0,68000,0,0,0,0.0,16,66.7,0,20,217000,0.14,0,0,23000,1,0.94,2
L1NSB01354,12,40,447000,1,0,419000,0,0,0,0.0,16,66.7,0,18,339000,0.1,0,0,73000,1,0.75,11
L1NSB01355,23,53,75000,1,0,313000,6842000,153,1,0.05,15,62.5,0,1,246000,0.1,0,0,58000,1,0.58,18
L1NSB01356,10,79,558000,1,0,166000,0,0,0,0.0,16,66.7,0,15,309000,0.06,0,0,47000,1,0.66,15
L1NSB01357,12,6,398000,1,0,498000,6828000,262,1,0.05,14,58.3,1,0,0,0.0,0,0,118000,1,0.58,18
L1NSB01358,12,45,202000,1,0,308000,0,0,0,0.0,24,100.0,0,0,396000,0.14,0,0,118000,1,0.79,9
L1NSB01359,8,5,501000,0,0,99000,0,0,0,0.0,17,70.8,0,12,63000,0.04,0,0,150000,0,0.84,7
L1NSB01360,23,69,323000,0,0,117000,5497000,118,1,0.13,16,66.7,0,13,489000,0.12,0,0,146000,1,0.65,15
L1NSB01361,23,33,104000,1,1,482000,0,0,0,0.0,22,91.7,1,1,460000,0.05,0,0,81000,0,0.82,8
L1NSB01362,21,77,529000,1,0,272000,7365000,183,0,0.09,22,91.7,1,1,83000,0.12,0,0,138000,0,0.59,18
L1NSB01363,13,18,155000,0,0,326000,0,0,0,0.0,21,87.5,0,9,248000,0.0,0,0,74000,0,0.58,18
L1NSB01364,0,0,0,0,0,0,0,0,0,0.0,22,91.7,0,3,279000,0.12,0,0,65000,1,0.94,2
L1NSB01365,0,0,0,0,0,0,0,0,0,0.0,21,87.5,0,10,319000,0.08,0,0,101000,1,0.63,16
L1NSB01366,0,0,0,0,0,0,0,0,0,0.0,20,83.3,1,6,62000,0.13,0,0,136000,0,0.73,12
L1NSB01367,0,0,0,0,0,0,6032000,340,0,0.09,17,70.8,0,3,71000,0.0,0,0,66000,1,0.58,18
L1NSB01368,0,0,0,0,0,0,0,0,0,0.0,20,83.3,0,20,136000,0.02,0,0,24000,0,0.85,6
L1NSB01369,7,27,60000,1,0,296000,0,0,0,0.0,15,62.5,1,19,209000,0.0,0,0,119000,1,0.59,18
L1NSB01370,13,56,66000,1,0,467000,5521000,130,0,0.11,19,79.2,0,1,406000,0.11,0,0,21000,1,0.93,3
L1NSB01371,12,49,264000,0,0,23000,0,0,0,0.0,15,62.5,1,12,413000,0.03,0,0,29000,1,0.93,3
L1NSB01372,14,53,152000,1,1,467000,0,0,0,0.0,19,79.2,0,2,464000,0.11,0,0,52000,0,0.73,12
L1NSB01373,12,12,630000,1,0,86000,3903000,50,1,0.02,17,70.8,1,10,340000,0.09,0,0,80000,1,0.65,15
L1NSB01374,18,33,706000,1,0,195000,0,0,0,0.0,21,87.5,0,8,152000,0.03,0,0,101000,1,0.56,19
L1NSB01375,6,8,595000,0,0,359000,0,0,0,0.0,20,83.3,0,15,234000,0.01,0,0,130000,1,0.84,7
L1NSB01376,14,55,401000,0,0,19000,0,0,0,0.0,17,70.8,1,18,180000,0.12,0,0,112000,1,0.85,6
L1NSB01377,15,54,790000,0,0,60000,5612000,104,1,0.14,14,58.3,0,0,0,0.0,0,0,55000,0,0.55,20
L1NSB01378,18,49,137000,1,0,319000,0,0,0,0.0,14,58.3,1,12,430000,0.0,0,0,109000,0,0.99,0
L1NSB01379,9,79,195000,1,0,252000,0,0,0,0.0,24,100.0,0,11,460000,0.0,0,0,120000,1,0.85,6
L1NSB01380,22,41,230000,1,0,187000,0,0,0,0.0,20,83.3,1,17,500000,0.11,0,0,147000,1,0.62,17
L1NSB01381,10,5,293000,1,0,258000,0,0,0,0.0,15,62.5,0,0,474000,0.03,0,0,106000,0,0.77,10
L1NSB01382,15,16,288000,0,0,373000,0,0,0,0.0,21,87.5,1,3,401000,0.14,0,0,106000,0,0.94,2
L1NSB01383,0,0,0,0,0,0,0,0,0,0.0,19,79.2,0,18,238000,0.05,0,0,33000,0,0.83,7
L1NSB01384,6,59,766000,1,0,110000,0,0,0,0.0,19,79.2,0,13,180000,0.02,0,0,85000,0,0.83,7
L1NSB01385,0,0,0,0,0,0,0,0,0,0.0,14,58.3,1,19,62000,0.08,1,9000000,49000,0,0.74,11
L1NSB01386,15,61,72000,0,0,13000,0,0,0,0.0,21,87.5,0,9,107000,0.07,1,1000000,112000,0,0.7,13
L1NSB01387,12,15,222000,0,1,225000,0,0,0,0.0,16,66.7,1,5,329000,0.0,0,0,37000,1,0.67,14
L1NSB01388,7,17,427000,0,0,324000,1796000,229,1,0.05,16,66.7,0,17,108000,0.07,0,0,74000,1,0.82,8
L1NSB01389,18,18,56000,1,0,465000,0,0,0,0.0,22,91.7,1,5,460000,0.09,0,0,131000,1,0.61,17
L1NSB01390,0,0,0,0,0,0,0,0,0,0.0,14,58.3,1,12,195000,0.06,0,0,142000,1,0.76,10
L1NSB01391,17,53,203000,1,1,143000,0,0,0,0.0,19,79.2,1,1,431000,0.1,0,0,98000,0,0.99,0
L1NSB01392,24,79,608000,0,0,17000,0,0,0,0.0,23,95.8,0,18,137000,0.08,0,0,108000,1,0.89,4
L1NSB01393,9,37,274000,1,0,175000,0,0,0,0.0,24,100.0,1,10,122000,0.0,0,0,124000,1,0.8,8
L1NSB01394,0,0,0,0,0,0,5896000,112,1,0.09,22,91.7,0,1,448000,0.05,0,0,30000,1,0.7,13
L1NSB01395,6,60,530000,0,1,353000,0,0,0,0.0,22,91.7,1,7,465000,0.01,0,0,24000,0,0.74,11
L1NSB01396,21,64,441000,1,0,455000,0,0,0,0.0,15,62.5,1,18,492000,0.1,0,0,145000,1,0.81,8
L1NSB01397,7,50,526000,0,0,166000,4353000,192,0,0.07,15,62.5,1,9,176000,0.08,0,0,98000,0,0.9,4
L1NSB01398,16,52,453000,1,0,316000,0,0,0,0.0,21,87.5,1,19,133000,0.08,0,0,62000,1,0.65,15
L1NSB01399,14,34,530000,1,0,451000,0,0,0,0.0,24,100.0,1,19,90000,0.09,0,0,123000,1,0.86,6
L1NSB01400,0,0,0,0,0,0,0,0,0,0.0,15,62.5,0,8,82000,0.1,0,0,134000,1,0.84,7
L1NSB01401,13,24,621000,1,0,425000,0,0,0,0.0,22,91.7,1,2,378000,0.09,0,0,42000,1,0.76,10
L1NSB01402,0,0,0,0,0,0,1560000,131,1,0.04,17,70.8,1,0,0,0.0,0,0,81000,1,0.88,5
L1NSB01403,12,64,285000,1,1,48000,0,0,0,0.0,22,91.7,1,8,148000,0.04,0,0,143000,1,0.91,4
L1NSB01404,23,23,453000,0,0,156000,0,0,0,0.0,21,87.5,0,12,137000,0.0,0,0,138000,1,0.95,2
L1NSB01405,13,49,349000,0,0,175000,0,0,0,0.0,19,79.2,0,13,495000,0.05,0,0,69000,0,0.59,18
L1NSB01406,18,70,576000,1,0,216000,0,0,0,0.0,17,70.8,1,0,0,0.0,0,0,24000,0,0.94,2
L1NSB01407,22,39,258000,1,1,162000,5981000,391,1,0.08,15,62.5,0,12,241000,0.14,0,0,32000,1,0.91,4
L1NSB01408,0,0,0,0,0,0,0,0,0,0.0,18,75.0,1,2,310000,0.1,0,0,53000,0,0.98,0
L1NSB01409,11,76,569000,1,0,249000,3181000,184,1,0.01,22,91.7,0,14,161000,0.11,0,0,71000,0,0.8,8
L1NSB01410,8,71,117000,0,0,400000,0,0,0,0.0,16,66.7,0,18,427000,0.03,0,0,21000,1,0.55,20
L1NSB01411,13,5,687000,1,0,151000,6150000,107,1,0.07,21,87.5,0,13,180000,0.09,0,0,124000,1,0.59,18
L1NSB01412,13,65,694000,0,0,335000,0,0,0,0.0,21,87.5,1,17,102000,0.08,0,0,67000,1,0.78,9
L1NSB01413,13,9,209000,0,0,42000,0,0,0,0.0,20,83.3,0,1,383000,0.04,0,0,141000,1,0.75,11
L1NSB01414,0,0,0,0,0,0,1609000,129,1,0.05,14,58.3,1,15,131000,0.06,0,0,150000,0,0.7,13
L1NSB01415,6,36,631000,0,0,48000,0,0,0,0.0,16,66.7,1,16,311000,0.1,0,0,104000,1,0.81,8
L1NSB01416,7,76,188000,1,0,413000,0,0,0,0.0,21,87.5,0,20,314000,0.01,0,0,109000,0,0.69,13
L1NSB01417,0,0,0,0,0,0,0,0,0,0.0,20,83.3,0,18,314000,0.11,0,0,64000,0,0.63,16
L1NSB01418,0,0,0,0,0,0,0,0,0,0.0,18,75.0,0,16,262000,0.01,0,0,107000,1,0.95,2
L1NSB01419,11,34,83000,1,0,292000,0,0,0,0.0,14,58.3,0,2,397000,0.09,0,0,29000,1,0.67,14
L1NSB01420,8,24,604000,1,1,160000,0,0,0,0.0,21,87.5,0,3,492000,0.02,0,0,127000,0,0.8,8
L1NSB01421,15,69,367000,1,0,239000,0,0,0,0.0,22,91.7,1,20,334000,0.06,0,0,53000,1,0.76,10
L1NSB01422,0,0,0,0,0,0,0,0,0,0.0,20,83.3,0,0,410000,0.06,0,0,104000,1,0.87,5
L1NSB01423,19,76,612000,1,1,194000,7829000,292,1,0.11,23,95.8,1,17,178000,0.1,0,0,82000,1,0.76,10
L1NSB01424,17,58,117000,1,0,191000,0,0,0,0.0,17,70.8,0,10,296000,0.07,0,0,112000,1,0.86,6
L1NSB01425,14,48,547000,0,1,358000,0,0,0,0.0,22,91.7,1,6,275000,0.04,0,0,62000,0,0.83,7
L1NSB01426,18,9,318000,0,0,12000,0,0,0,0.0,16,66.7,1,0,0,0.0,0,0,119000,1,0.58,18
L1NSB01427,9,66,559000,0,0,310000,6049000,329,1,0.14,15,62.5,1,0,169000,0.07,0,0,94000,0,0.93,3
L1NSB01428,0,0,0,0,0,0,5660000,65,1,0.08,15,62.5,0,20,130000,0.07,0,0,22000,1,0.72,12
L1NSB01429,16,20,45000,1,0,62000,0,0,0,0.0,23,95.8,1,18,286000,0.14,0,0,148000,0,0.91,4
L1NSB01430,8,35,160000,1,1,356000,0,0,0,0.0,21,87.5,0,11,351000,0.04,0,0,123000,1,0.71,13
L1NSB01431,16,65,338000,1,0,86000,0,0,0,0.0,22,91.7,1,2,55000,0.1,0,0,20000,1,0.73,12
L1NSB01432,0,0,0,0,0,0,0,0,0,0.0,19,79.2,0,10,295000,0.03,1,10000000,49000,0,0.73,12
L1NSB01433,6,60,418000,1,0,421000,7021000,84,1,0.04,15,62.5,0,14,243000,0.06,0,0,94000,1,0.72,12
L1NSB01434,20,80,123000,1,0,127000,7718000,248,1,0.15,19,79.2,0,14,220000,0.13,0,0,120000,1,0.72,12
L1NSB01435,12,39,214000,1,0,130000,0,0,0,0.0,22,91.7,1,17,130000,0.12,0,0,131000,1,0.72,12
L1NSB01436,7,74,751000,1,0,426000,0,0,0,0.0,24,100.0,1,3,313000,0.07,0,0,93000,0,0.84,7
L1NSB01437,12,58,258000,1,0,143000,4233000,103,0,0.11,15,62.5,0,18,500000,0.04,0,0,34000,1,0.62,17
L1NSB01438,12,7,645000,1,0,120000,0,0,0,0.0,15,62.5,1,5,93000,0.12,0,0,102000,1,0.75,11
L1NSB01439,6,10,516000,0,0,410000,0,0,0,0.0,22,91.7,0,15,117000,0.14,0,0,73000,1,0.71,13
L1NSB01440,0,0,0,0,0,0,0,0,0,0.0,22,91.7,1,6,276000,0.1,0,0,33000,0,0.66,15
L1NSB01441,21,63,524000,1,0,320000,0,0,0,0.0,19,79.2,0,18,386000,0.1,0,0,53000,0,0.82,8
L1NSB01442,21,32,509000,0,0,170000,0,0,0,0.0,19,79.2,0,14,348000,0.15,0,0,98000,1,0.85,6
L1NSB01443,11,73,751000,1,0,471000,3942000,154,1,0.11,16,66.7,0,12,480000,0.09,0,0,91000,1,0.66,15
L1NSB01444,18,54,528000,0,0,228000,0,0,0,0.0,22,91.7,0,19,348000,0.06,0,0,142000,1,0.65,15
L1NSB01445,8,43,155000,1,0,309000,0,0,0,0.0,14,58.3,1,19,196000,0.09,0,0,86000,1,0.63,16
L1NSB01446,7,62,171000,1,0,381000,0,0,0,0.0,16,66.7,1,15,337000,0.06,0,0,137000,1,0.62,17
L1NSB01447,21,40,86000,1,0,456000,0,0,0,0.0,23,95.8,1,7,362000,0.02,0,0,81000,1,0.63,16
L1NSB01448,23,8,263000,1,0,316000,0,0,0,0.0,23,95.8,0,3,396000,0.14,0,0,115000,1,0.77,10
L1NSB01449,0,0,0,0,0,0,0,0,0,0.0,14,58.3,0,15,233000,0.0,0,0,75000,1,0.82,8
L1NSB01450,11,46,433000,1,0,323000,0,0,0,0.0,21,87.5,0,9,445000,0.1,0,0,142000,1,0.58,18
L1NSB01451,18,28,446000,1,0,401000,0,0,0,0.0,22,91.7,0,13,85000,0.06,0,0,120000,0,0.79,9
L1NSB01452,0,0,0,0,0,0,3480000,55,1,0.03,20,83.3,0,4,205000,0.1,0,0,127000,1,0.82,8
L1NSB01453,18,55,405000,1,0,259000,0,0,0,0.0,21,87.5,1,0,448000,0.05,0,0,83000,1,0.98,0
L1NSB01454,16,41,135000,0,0,204000,2895000,74,1,0.1,15,62.5,0,5,492000,0.08,0,0,85000,1,0.62,17
L1NSB01455,6,8,720000,1,0,191000,3516000,247,1,0.05,19,79.2,0,12,318000,0.06,0,0,40000,1,0.94,2
L1NSB01456,12,16,353000,0,0,496000,0,0,0,0.0,18,75.0,1,3,210000,0.1,0,0,57000,1,0.78,9
L1NSB01457,8,27,521000,1,0,498000,6174000,151,1,0.04,19,79.2,0,13,480000,0.09,0,0,88000,0,0.69,13
L1NSB01458,0,0,0,0,0,0,0,0,0,0.0,20,83.3,1,12,92000,0.06,0,0,64000,1,0.93,3
L1NSB01459,0,0,0,0,0,0,0,0,0,0.0,19,79.2,0,1,424000,0.06,0,0,98000,0,0.84,7
L1NSB01460,0,0,0,0,0,0,0,0,0,0.0,21,87.5,1,7,392000,0.03,0,0,74000,0,1.0,0
L1NSB01461,17,51,318000,1,1,428000,0,0,0,0.0,24,100.0,1,1,162000,0.11,0,0,125000,1,0.63,16
L1NSB01462,0,0,0,0,0,0,0,0,0,0.0,18,75.0,1,9,395000,0.01,0,0,64000,1,0.78,9
L1NSB01463,9,43,725000,0,0,118000,4282000,377,1,0.04,24,100.0,1,13,114000,0.12,0,0,20000,1,1.0,0
L1NSB01464,8,36,548000,0,0,417000,0,0,0,0.0,19,79.2,0,2,175000,0.11,0,0,31000,1,0.67,14
L1NSB01465,8,69,782000,1,0,458000,0,0,0,0.0,22,91.7,0,4,392000,0.04,0,0,100000,1,0.74,11
L1NSB01466,17,14,164000,0,0,348000,6639000,380,1,0.02,19,79.2,1,18,282000,0.03,0,0,20000,0,0.69,13
L1NSB01467,14,53,346000,0,0,410000,3550000,188,1,0.12,22,91.7,0,0,402000,0.05,0,0,62000,1,0.88,5
L1NSB01468,0,0,0,0,0,0,0,0,0,0.0,17,70.8,0,3,344000,0.05,0,0,140000,1,0.66,15
L1NSB01469,16,29,625000,0,1,398000,0,0,0,0.0,18,75.0,0,20,424000,0.11,0,0,60000,1,0.61,17
L1NSB01470,0,0,0,0,0,0,4210000,398,1,0.11,19,79.2,1,12,469000,0.02,0,0,115000,1,0.71,13
L1NSB01471,20,74,738000,0,0,127000,0,0,0,0.0,23,95.8,0,7,358000,0.09,0,0,38000,0,0.86,6
L1NSB01472,8,74,546000,1,0,290000,5103000,321,1,0.12,22,91.7,0,0,397000,0.13,0,0,66000,1,0.92,3
L1NSB01473,13,62,560000,0,0,46000,6094000,358,1,0.12,24,100.0,0,20,351000,0.13,0,0,94000,1,0.91,4
L1NSB01474,6,62,329000,1,0,352000,0,0,0,0.0,19,79.2,1,12,377000,0.07,0,0,134000,0,0.79,9
L1NSB01475,22,62,395000,1,0,37000,0,0,0,0.0,23,95.8,0,17,495000,0.0,0,0,144000,1,0.99,0
L1NSB01476,10,10,288000,1,0,476000,0,0,0,0.0,14,58.3,0,14,197000,0.03,0,0,122000,1,0.96,1
L1NSB01477,14,66,536000,0,0,86000,0,0,0,0.0,18,75.0,1,20,456000,0.04,0,0,142000,0,0.6,18
L1NSB01478,0,0,0,0,0,0,0,0,0,0.0,21,87.5,0,2,327000,0.1,0,0,20000,0,0.63,16
L1NSB01479,12,55,530000,1,0,342000,0,0,0,0.0,15,62.5,0,12,366000,0.12,0,0,130000,0,0.84,7
L1NSB01480,18,58,708000,1,0,24000,0,0,0,0.0,21,87.5,1,18,162000,0.05,0,0,54000,1,0.87,5
L1NSB01481,0,0,0,0,0,0,0,0,0,0.0,22,91.7,1,7,104000,0.14,0,0,69000,0,0.55,20
L1NSB01482,0,0,0,0,0,0,7533000,247,0,0.13,17,70.8,1,5,96000,0.05,0,0,35000,1,0.77,10
L1NSB01483,8,54,416000,1,0,496000,1808000,331,1,0.12,16,66.7,0,17,488000,0.1,0,0,145000,0,0.61,17
L1NSB01484,0,0,0,0,0,0,0,0,0,0.0,18,75.0,1,12,478000,0.11,0,0,29000,1,0.91,4
L1NSB01485,7,60,495000,1,0,474000,0,0,0,0.0,21,87.5,1,16,322000,0.13,0,0,50000,0,0.76,10
L1NSB01486,6,69,706000,0,0,493000,5866000,73,1,0.1,21,87.5,0,1,426000,0.05,0,0,139000,1,0.86,6
L1NSB01487,0,0,0,0,0,0,0,0,0,0.0,19,79.2,1,17,372000,0.06,0,0,25000,1,0.91,4
L1NSB01488,13,56,673000,1,0,334000,0,0,0,0.0,23,95.8,0,8,443000,0.07,0,0,41000,1,0.56,19
L1NSB01489,24,79,670000,0,0,257000,0,0,0,0.0,22,91.7,0,9,326000,0.11,0,0,61000,0,0.57,19
L1NSB01490,6,41,353000,1,0,459000,0,0,0,0.0,17,70.8,0,0,185000,0.09,0,0,26000,1,0.93,3
L1NSB01491,0,0,0,0,0,0,1517000,62,0,0.14,21,87.5,0,0,0,0.0,0,0,109000,1,0.75,11
L1NSB01492,12,60,327000,1,1,227000,3227000,320,0,0.02,21,87.5,0,4,469000,0.15,0,0,69000,1,0.71,13
L1NSB01493,11,16,516000,1,0,208000,0,0,0,0.0,17,70.8,0,7,493000,0.0,0,0,33000,1,0.89,4
L1NSB01494,14,75,682000,1,1,465000,0,0,0,0.0,22,91.7,0,13,500000,0.1,0,0,114000,1,0.69,13
L1NSB01495,13,12,437000,1,0,408000,5304000,297,0,0.02,21,87.5,0,3,409000,0.06,0,0,44000,1,0.93,3
L1NSB01496,20,58,469000,1,0,75000,2198000,220,0,0.07,17,70.8,1,20,281000,0.02,0,0,121000,1,0.79,9
L1NSB01497,19,40,459000,1,0,61000,3882000,292,1,0.06,23,95.8,0,9,268000,0.08,0,0,139000,0,0.63,16
L1NSB01498,11,45,500000,1,0,308000,6166000,377,1,0.11,17,70.8,1,18,241000,0.01,0,0,77000,1,0.99,0
L1NSB01499,13,66,787000,1,1,356000,7435000,58,1,0.06,24,100.0,0,1,397000,0.07,0,0,44000,1,0.98,0
L1NSB01500,13,23,258000,0,0,476000,0,0,0,0.0,21,87.5,1,4,222000,0.11,0,0,112000,1,0.84,7
L1NSB01501,17,34,265000,1,0,159000,0,0,0,0.0,15,62.5,0,12,114000,0.14,0,0,24000,1,0.8,8
L1NSB01502,0,0,0,0,0,0,7758000,310,0,0.11,20,83.3,0,12,77000,0.1,0,0,69000,0,0.97,1
L1NSB01503,0,0,0,0,0,0,0,0,0,0.0,22,91.7,0,1,229000,0.14,0,0,71000,0,0.81,8
L1NSB01504,19,36,359000,1,1,487000,0,0,0,0.0,22,91.7,1,15,276000,0.09,0,0,83000,0,0.62,17
L1NSB01505,14,17,750000,1,0,58000,0,0,0,0.0,22,91.7,0,15,431000,0.04,0,0,124000,0,0.69,13
L1NSB01506,12,22,430000,1,0,277000,0,0,0,0.0,21,87.5,1,0,359000,0.11,0,0,105000,0,0.85,6
L1NSB01507,0,0,0,0,0,0,6088000,351,0,0.05,18,75.0,0,16,454000,0.02,0,0,142000,1,0.65,15
L1NSB01508,11,48,563000,0,0,496000,6090000,288,1,0.07,18,75.0,0,0,181000,0.12,0,0,84000,0,0.99,0
L1NSB01509,19,48,762000,0,0,165000,0,0,0,0.0,20,83.3,1,19,255000,0.08,0,0,125000,1,0.58,18
L1NSB01510,17,14,502000,0,0,346000,0,0,0,0.0,16,66.7,0,20,333000,0.04,0,0,136000,0,0.83,7
L1NSB01511,0,0,0,0,0,0,4179000,53,1,0.06,21,87.5,0,8,399000,0.05,0,0,31000,1,0.74,11
L1NSB01512,23,63,560000,0,0,351000,0,0,0,0.0,17,70.8,1,3,141000,0.07,0,0,80000,0,0.82,8
L1NSB01513,23,27,682000,1,0,481000,0,0,0,0.0,18,75.0,1,11,114000,0.04,0,0,50000,1,0.56,19
L1NSB01514,0,0,0,0,0,0,0,0,0,0.0,17,70.8,1,0,0,0.0,0,0,83000,1,0.77,10
L1NSB01515,0,0,0,0,0,0,0,0,0,0.0,19,79.2,0,9,258000,0.02,0,0,46000,1,0.81,8
L1NSB01516,9,9,699000,0,0,246000,0,0,0,0.0,17,70.8,1,18,378000,0.1,0,0,149000,1,0.66,15
L1NSB01517,16,71,286000,0,0,373000,0,0,0,0.0,14,58.3,0,3,118000,0.07,0,0,133000,1,0.86,6
L1NSB01518,0,0,0,0,0,0,4135000,247,1,0.15,17,70.8,0,19,52000,0.12,0,0,135000,0,0.77,10
L1NSB01519,14,6,568000,0,0,416000,0,0,0,0.0,22,91.7,0,19,425000,0.02,0,0,123000,0,0.59,18
L1NSB01520,18,46,599000,1,1,365000,0,0,0,0.0,23,95.8,1,7,287000,0.06,0,0,101000,1,0.98,0
L1NSB01521,22,6,202000,0,0,173000,0,0,0,0.0,20,83.3,0,5,261000,0.01,0,0,26000,1,0.6,18
L1NSB01522,22,75,553000,0,0,10000,0,0,0,0.0,14,58.3,0,10,149000,0.07,0,0,121000,1,0.88,5
L1NSB01523,11,24,82000,1,0,15000,0,0,0,0.0,21,87.5,0,2,81000,0.15,0,0,128000,1,0.63,16
L1NSB01524,11,31,754000,1,0,341000,0,0,0,0.0,20,83.3,1,5,107000,0.05,0,0,37000,1,1.0,0
L1NSB01525,0,0,0,0,0,0,0,0,0,0.0,14,58.3,0,14,51000,0.13,0,0,54000,1,0.62,17
L1NSB01526,15,24,708000,1,0,285000,7798000,171,1,0.03,20,83.3,0,6,336000,0.09,0,0,144000,1,0.67,14
L1NSB01527,0,0,0,0,0,0,0,0,0,0.0,19,79.2,1,11,361000,0.01,0,0,78000,1,0.71,13
L1NSB01528,22,69,386000,1,0,466000,0,0,0,0.0,22,91.7,0,20,163000,0.04,1,17000000,44000,1,0.59,18
L1NSB01529,6,49,358000,1,0,197000,0,0,0,0.0,17,70.8,0,0,407000,0.1,0,0,34000,1,0.94,2
L1NSB01530,15,13,468000,1,0,347000,0,0,0,0.0,16,66.7,1,20,71000,0.03,0,0,44000,0,0.93,3
L1NSB01531,0,0,0,0,0,0,0,0,0,0.0,22,91.7,0,2,464000,0.01,0,0,50000,1,0.62,17
L1NSB01532,14,48,558000,1,0,148000,0,0,0,0.0,23,95.8,0,8,71000,0.13,0,0,67000,1,0.9,4
L1NSB01533,18,49,782000,1,1,463000,5540000,386,0,0.01,14,58.3,1,17,376000,0.1,0,0,40000,1,0.77,10
L1NSB01534,12,46,487000,1,0,474000,0,0,0,0.0,23,95.8,1,4,219000,0.05,0,0,115000,1,0.74,11
L1NSB01535,0,0,0,0,0,0,1700000,330,1,0.12,14,58.3,0,0,103000,0.05,0,0,74000,1,0.62,17
L1NSB01536,11,42,665000,1,0,411000,0,0,0,0.0,21,87.5,0,1,52000,0.02,0,0,30000,1,0.84,7
L1NSB01537,0,0,0,0,0,0,0,0,0,0.0,16,66.7,1,9,405000,0.04,0,0,112000,1,0.76,10
L1NSB01538,21,25,324000,1,0,244000,0,0,0,0.0,20,83.3,0,0,0,0.0,0,0,33000,1,0.79,9
L1NSB01539,16,61,165000,1,0,493000,0,0,0,0.0,23,95.8,1,3,489000,0.12,0,0,126000,0,0.84,7
L1NSB01540,15,15,547000,0,0,406000,2602000,73,1,0.03,14,58.3,0,10,449000,0.13,0,0,108000,1,0.65,15
L1NSB01541,19,76,698000,1,0,444000,0,0,0,0.0,21,87.5,1,0,0,0.0,0,0,135000,1,0.71,13
L1NSB01542,10,47,551000,1,0,206000,0,0,0,0.0,22,91.7,0,11,62000,0.11,0,0,118000,0,0.99,0
L1NSB01543,21,72,201000,1,0,271000,5374000,107,1,0.02,16,66.7,0,10,230000,0.04,0,0,107000,1,0.66,15
L1NSB01544,0,0,0,0,0,0,0,0,0,0.0,21,87.5,1,19,310000,0.05,0,0,150000,0,0.75,11
L1NSB01545,15,20,735000,1,0,178000,0,0,0,0.0,24,100.0,0,12,158000,0.11,0,0,129000,1,0.7,13
L1NSB01546,9,13,565000,0,0,71000,0,0,0,0.0,17,70.8,1,17,380000,0.07,0,0,109000,1,0.68,14
L1NSB01547,11,78,567000,1,0,136000,6805000,127,1,0.1,23,95.8,0,14,483000,0.14,0,0,21000,1,0.87,5
L1NSB01548,18,61,743000,1,0,428000,0,0,0,0.0,17,70.8,1,12,76000,0.12,0,0,104000,1,0.75,11
L1NSB01549,14,33,730000,1,0,250000,0,0,0,0.0,18,75.0,0,19,155000,0.15,0,0,142000,1,0.98,0
L1NSB01550,0,0,0,0,0,0,0,0,0,0.0,22,91.7,1,18,158000,0.11,0,0,43000,1,0.79,9
L1NSB01551,21,63,422000,1,0,278000,0,0,0,0.0,24,100.0,1,1,326000,0.04,0,0,101000,0,0.58,18
L1NSB01552,20,77,783000,0,0,450000,0,0,0,0.0,19,79.2,0,6,389000,0.01,0,0,25000,1,0.86,6
L1NSB01553,0,0,0,0,0,0,5514000,203,0,0.14,22,91.7,1,9,222000,0.09,0,0,133000,1,0.69,13
L1NSB01554,24,17,685000,0,0,126000,0,0,0,0.0,14,58.3,0,15,315000,0.04,0,0,81000,1,0.96,1
L1NSB01555,0,0,0,0,0,0,0,0,0,0.0,15,62.5,1,5,427000,0.04,0,0,64000,0,0.91,4
L1NSB01556,22,12,797000,0,0,438000,0,0,0,0.0,21,87.5,1,2,102000,0.11,0,0,139000,0,0.64,16
L1NSB01557,9,41,641000,0,0,112000,2596000,303,1,0.03,15,62.5,0,14,181000,0.1,0,0,53000,1,0.58,18
L1NSB01558,0,0,0,0,0,0,4615000,51,1,0.13,20,83.3,0,7,475000,0.04,0,0,91000,1,0.55,20
L1NSB01559,0,0,0,0,0,0,0,0,0,0.0,24,100.0,1,12,156000,0.04,0,0,123000,1,0.82,8
L1NSB01560,0,0,0,0,0,0,0,0,0,0.0,22,91.7,0,15,69000,0.12,0,0,42000,0,0.84,7
L1NSB01561,13,49,127000,1,0,352000,4623000,309,1,0.05,24,100.0,0,9,324000,0.05,0,0,56000,1,1.0,0
L1NSB01562,16,41,700000,1,0,141000,0,0,0,0.0,14,58.3,1,10,420000,0.14,0,0,31000,1,0.95,2
L1NSB01563,9,33,657000,0,0,345000,0,0,0,0.0,22,91.7,0,19,119000,0.07,0,0,88000,0,0.77,10
L1NSB01564,17,58,605000,1,0,350000,0,0,0,0.0,17,70.8,0,7,221000,0.05,0,0,114000,1,0.58,18
L1NSB01565,10,76,296000,1,0,408000,0,0,0,0.0,21,87.5,0,9,321000,0.12,0,0,30000,0,0.71,13
L1NSB01566,17,67,758000,1,0,440000,0,0,0,0.0,17,70.8,1,16,51000,0.07,0,0,123000,1,0.55,20
L1NSB01567,15,6,341000,0,0,199000,0,0,0,0.0,14,58.3,1,3,282000,0.12,0,0,120000,1,0.7,13
L1NSB01568,7,55,360000,1,0,312000,0,0,0,0.0,21,87.5,0,4,133000,0.03,0,0,81000,0,0.73,12
L1NSB01569,0,0,0,0,0,0,7154000,82,1,0.13,20,83.3,1,18,290000,0.13,0,0,117000,1,0.7,13
L1NSB01570,8,16,338000,1,0,35000,0,0,0,0.0,16,66.7,0,17,253000,0.02,0,0,125000,1,0.96,1
L1NSB01571,9,39,32000,1,0,157000,4202000,202,0,0.05,23,95.8,0,4,137000,0.04,0,0,53000,1,0.58,18
L1NSB01572,6,17,225000,0,0,319000,0,0,0,0.0,16,66.7,0,17,387000,0.1,0,0,80000,1,0.84,7
L1NSB01573,0,0,0,0,0,0,0,0,0,0.0,21,87.5,0,18,99000,0.11,0,0,78000,1,0.82,8
L1NSB01574,18,19,681000,1,0,104000,0,0,0,0.0,23,95.8,1,8,427000,0.1,0,0,116000,0,0.95,2
L1NSB01575,23,63,499000,1,0,202000,0,0,0,0.0,15,62.5,1,8,51000,0.08,0,0,33000,1,0.95,2
L1NSB01576,0,0,0,0,0,0,0,0,0,0.0,17,70.8,0,12,78000,0.02,0,0,51000,1,0.7,13
L1NSB01577,0,0,0,0,0,0,5349000,133,1,0.08,17,70.8,1,13,145000,0.09,0,0,140000,1,0.94,2
L1NSB01578,12,74,773000,1,0,109000,0,0,0,0.0,22,91.7,0,4,82000,0.04,0,0,60000,0,1.0,0
L1NSB01579,22,33,231000,1,0,110000,5596000,216,0,0.03,19,79.2,0,19,64000,0.06,0,0,27000,1,0.94,2
L1NSB01580,15,10,766000,1,0,163000,2109000,137,1,0.14,16,66.7,0,18,129000,0.04,0,0,133000,1,0.79,9
L1NSB01581,24,33,619000,1,0,367000,0,0,0,0.0,24,100.0,1,11,67000,0.04,0,0,68000,0,0.98,0
L1NSB01582,14,19,390000,1,0,293000,0,0,0,0.0,17,70.8,0,6,416000,0.08,0,0,113000,1,0.59,18
L1NSB01583,6,48,278000,1,0,391000,0,0,0,0.0,18,75.0,0,10,337000,0.07,0,0,67000,1,0.96,1
L1NSB01584,0,0,0,0,0,0,2557000,165,0,0.11,17,70.8,0,0,52000,0.07,0,0,37000,1,0.82,8
L1NSB01585,15,69,335000,1,0,248000,0,0,0,0.0,24,100.0,1,11,136000,0.11,0,0,113000,1,0.72,12
L1NSB01586,17,10,599000,1,0,79000,6944000,121,1,0.14,24,100.0,0,0,432000,0.03,0,0,114000,1,0.84,7
L1NSB01587,14,18,143000,1,1,394000,0,0,0,0.0,19,79.2,1,11,428000,0.06,0,0,56000,1,0.73,12
L1NSB01588,19,69,56000,1,0,433000,3673000,75,1,0.09,18,75.0,1,15,68000,0.04,0,0,93000,1,0.7,13
L1NSB01589,12,24,54000,1,0,381000,0,0,0,0.0,17,70.8,0,4,258000,0.1,0,0,76000,0,0.58,18
L1NSB01590,0,0,0,0,0,0,0,0,0,0.0,24,100.0,0,6,294000,0.01,0,0,88000,0,0.6,18
L1NSB01591,8,47,722000,1,0,136000,0,0,0,0.0,24,100.0,0,0,366000,0.14,0,0,39000,1,0.63,16
L1NSB01592,17,25,785000,1,0,310000,0,0,0,0.0,21,87.5,0,9,274000,0.08,0,0,132000,1,0.85,6
L1NSB01593,15,41,197000,1,0,454000,0,0,0,0.0,17,70.8,1,1,288000,0.15,0,0,40000,1,0.88,5
L1NSB01594,7,18,168000,0,0,158000,0,0,0,0.0,22,91.7,1,0,240000,0.06,0,0,46000,0,0.78,9
L1NSB01595,15,80,698000,0,0,309000,0,0,0,0.0,15,62.5,1,1,386000,0.15,0,0,69000,1,0.88,5
L1NSB01596,15,77,207000,1,0,317000,0,0,0,0.0,17,70.8,1,0,415000,0.14,0,0,41000,0,0.58,18
L1NSB01597,7,40,731000,1,1,419000,4350000,239,1,0.04,19,79.2,1,16,312000,0.07,0,0,23000,1,0.75,11
L1NSB01598,17,19,303000,0,0,186000,0,0,0,0.0,15,62.5,0,10,256000,0.0,0,0,88000,1,0.97,1
L1NSB01599,0,0,0,0,0,0,0,0,0,0.0,21,87.5,0,1,400000,0.02,0,0,78000,1,0.6,18
L1NSB01600,16,20,150000,0,0,99000,7438000,291,1,0.05,19,79.2,1,0,0,0.0,0,0,87000,0,0.73,12
L1NSB01601,19,46,40000,1,0,457000,5587000,145,1,0.06,15,62.5,0,1,304000,0.03,0,0,67000,0,0.75,11
L1NSB01602,16,9,588000,1,0,426000,0,0,0,0.0,16,66.7,0,9,60000,0.08,0,0,28000,1,0.74,11
L1NSB01603,24,21,355000,1,0,130000,0,0,0,0.0,20,83.3,1,1,100000,0.1,0,0,80000,1,0.92,3
L1NSB01604,24,17,752000,1,0,23000,6374000,362,1,0.03,23,95.8,0,14,412000,0.02,0,0,67000,1,0.75,11
L1NSB01605,15,14,373000,1,0,141000,0,0,0,0.0,23,95.8,0,4,459000,0.05,0,0,96000,1,0.92,3
L1NSB01606,0,0,0,0,0,0,0,0,0,0.0,16,66.7,0,12,268000,0.04,0,0,130000,1,0.93,3
L1NSB01607,19,40,591000,0,1,181000,2074000,137,1,0.11,21,87.5,1,4,469000,0.04,0,0,140000,1,0.78,9
L1NSB01608,0,0,0,0,0,0,6933000,247,1,0.08,14,58.3,1,15,51000,0.08,0,0,33000,1,0.91,4
L1NSB01609,17,15,763000,1,0,107000,0,0,0,0.0,15,62.5,0,11,282000,0.09,0,0,83000,1,0.72,12
L1NSB01610,18,25,46000,0,0,479000,0,0,0,0.0,16,66.7,1,18,465000,0.15,0,0,117000,1,0.94,2
L1NSB01611,7,76,458000,1,0,66000,2216000,60,1,0.01,17,70.8,1,19,63000,0.11,0,0,142000,1,0.77,10
L1NSB01612,19,7,571000,1,0,115000,0,0,0,0.0,17,70.8,0,18,354000,0.1,0,0,120000,1,0.73,12
L1NSB01613,21,59,38000,1,0,20000,5810000,380,0,0.02,14,58.3,0,19,77000,0.08,0,0,67000,1,0.86,6
L1NSB01614,0,0,0,0,0,0,0,0,0,0.0,23,95.8,1,16,474000,0.01,0,0,130000,1,0.69,13
L1NSB01615,0,0,0,0,0,0,2137000,349,1,0.05,15,62.5,0,4,183000,0.03,0,0,23000,1,0.82,8
L1NSB01616,0,0,0,0,0,0,0,0,0,0.0,23,95.8,0,19,71000,0.07,0,0,149000,0,0.95,2
L1NSB01617,0,0,0,0,0,0,4043000,362,1,0.04,21,87.5,1,16,184000,0.09,0,0,43000,1,0.68,14
L1NSB01618,8,20,519000,1,0,21000,7177000,391,1,0.05,21,87.5,0,10,378000,0.13,0,0,134000,1,0.97,1
L1NSB01619,0,0,0,0,0,0,0,0,0,0.0,16,66.7,0,5,367000,0.05,0,0,83000,1,0.73,12
L1NSB01620,0,0,0,0,0,0,3120000,348,0,0.07,18,75.0,0,17,269000,0.07,0,0,121000,1,0.72,12
L1NSB01621,12,46,106000,1,0,348000,0,0,0,0.0,21,87.5,0,9,153000,0.09,0,0,20000,1,0.63,16
L1NSB01622,20,74,75000,1,0,116000,0,0,0,0.0,21,87.5,0,17,95000,0.13,0,0,83000,1,0.91,4
L1NSB01623,0,0,0,0,0,0,0,0,0,0.0,14,58.3,0,16,127000,0.13,0,0,123000,0,0.86,6
L1NSB01624,6,78,505000,1,0,283000,4396000,108,1,0.07,23,95.8,1,0,305000,0.13,0,0,32000,0,0.9,4
L1NSB01625,15,56,764000,0,0,82000,2525000,136,1,0.11,21,87.5,0,4,270000,0.02,0,0,29000,0,0.72,12
L1NSB01626,11,71,695000,1,0,192000,7406000,219,1,0.14,22,91.7,1,18,212000,0.06,0,0,84000,1,0.83,7
L1NSB01627,0,0,0,0,0,0,0,0,0,0.0,17,70.8,1,6,392000,0.09,0,0,36000,1,0.63,16
L1NSB01628,23,42,599000,1,1,337000,0,0,0,0.0,18,75.0,0,9,180000,0.03,0,0,132000,1,0.72,12
L1NSB01629,0,0,0,0,0,0,6776000,380,0,0.15,14,58.3,1,0,0,0.0,0,0,132000,1,0.9,4
L1NSB01630,20,44,483000,1,0,280000,0,0,0,0.0,17,70.8,0,20,180000,0.03,0,0,93000,1,0.62,17
L1NSB01631,21,73,380000,0,0,214000,0,0,0,0.0,24,100.0,1,2,212000,0.01,0,0,48000,1,0.74,11
L1NSB01632,18,5,565000,1,0,55000,1661000,243,1,0.07,19,79.2,0,16,368000,0.07,0,0,99000,0,0.72,12
L1NSB01633,19,51,595000,0,0,295000,4200000,178,1,0.14,24,100.0,1,9,419000,0.04,0,0,122000,0,0.95,2
L1NSB01634,0,0,0,0,0,0,0,0,0,0.0,17,70.8,1,8,243000,0.15,1,20000000,50000,1,0.68,14
L1NSB01635,0,0,0,0,0,0,0,0,0,0.0,22,91.7,0,0,0,0.0,0,0,120000,1,0.61,17
L1NSB01636,18,47,260000,0,0,466000,0,0,0,0.0,17,70.8,1,2,226000,0.1,0,0,139000,1,0.91,4
L1NSB01637,9,10,328000,1,0,274000,0,0,0,0.0,20,83.3,1,0,0,0.0,0,0,39000,1,0.78,9
L1NSB01638,13,35,313000,1,1,320000,0,0,0,0.0,22,91.7,1,4,358000,0.15,0,0,42000,1,0.64,16
L1NSB01639,21,76,563000,0,0,395000,0,0,0,0.0,18,75.0,1,4,229000,0.0,0,0,54000,0,0.64,16
L1NSB01640,0,0,0,0,0,0,0,0,0,0.0,19,79.2,1,1,382000,0.11,0,0,134000,1,0.7,13
L1NSB01641,6,9,358000,0,0,257000,0,0,0,0.0,24,100.0,0,20,469000,0.06,0,0,76000,1,0.75,11
L1NSB01642,12,54,99000,0,0,251000,0,0,0,0.0,18,75.0,1,2,232000,0.11,0,0,77000,0,0.69,13
L1NSB01643,19,13,686000,0,0,416000,0,0,0,0.0,16,66.7,1,8,384000,0.04,0,0,133000,1,0.86,6
L1NSB01644,17,68,515000,0,0,44000,0,0,0,0.0,18,75.0,0,12,65000,0.01,0,0,42000,1,0.69,13
L1NSB01645,7,12,775000,1,0,356000,0,0,0,0.0,22,91.7,1,6,484000,0.1,0,0,129000,1,0.75,11
L1NSB01646,13,76,515000,1,0,143000,1501000,118,1,0.14,21,87.5,1,3,194000,0.05,0,0,21000,1,0.79,9
L1NSB01647,11,58,394000,1,0,230000,0,0,0,0.0,19,79.2,0,5,341000,0.03,1,16000000,112000,1,0.75,11
L1NSB01648,14,48,720000,1,1,408000,3998000,349,1,0.08,23,95.8,1,7,359000,0.07,0,0,122000,1,0.83,7
L1NSB01649,0,0,0,0,0,0,0,0,0,0.0,16,66.7,0,0,0,0.0,0,0,32000,1,0.67,14
L1NSB01650,0,0,0,0,0,0,0,0,0,0.0,14,58.3,1,10,181000,0.13,0,0,149000,1,0.86,6
L1NSB01651,6,13,605000,1,0,405000,0,0,0,0.0,23,95.8,0,5,477000,0.07,0,0,104000,1,0.62,17
L1NSB01652,22,62,94000,1,0,363000,0,0,0,0.0,22,91.7,0,7,188000,0.1,1,9000000,53000,1,0.83,7
L1NSB01653,20,35,592000,1,0,443000,2947000,193,0,0.1,18,75.0,1,17,441000,0.0,0,0,118000,1,0.95,2
L1NSB01654,23,10,582000,1,0,464000,3588000,386,0,0.03,21,87.5,1,14,103000,0.02,0,0,142000,1,0.79,9
L1NSB01655,16,57,155000,1,0,43000,0,0,0,0.0,21,87.5,0,6,243000,0.14,0,0,80000,1,0.88,5
L1NSB01656,12,13,328000,0,0,120000,0,0,0,0.0,15,62.5,1,18,403000,0.13,0,0,50000,1,0.69,13
L1NSB01657,18,74,565000,1,0,230000,5428000,251,0,0.11,22,91.7,0,0,0,0.0,0,0,99000,1,0.99,0
L1NSB01658,11,21,293000,1,0,465000,0,0,0,0.0,22,91.7,0,13,275000,0.01,0,0,133000,0,0.67,14
L1NSB01659,24,50,501000,1,0,284000,0,0,0,0.0,19,79.2,1,5,148000,0.14,0,0,34000,1,0.56,19
L1NSB01660,12,42,101000,0,0,138000,0,0,0,0.0,19,79.2,0,8,115000,0.15,0,0,44000,1,0.71,13
L1NSB01661,16,71,220000,1,0,295000,0,0,0,0.0,15,62.5,1,18,220000,0.01,0,0,20000,1,0.56,19
L1NSB01662,0,0,0,0,0,0,5237000,291,1,0.15,23,95.8,1,6,473000,0.13,0,0,120000,1,0.68,14
L1NSB01663,13,75,231000,0,0,92000,0,0,0,0.0,19,79.2,0,10,54000,0.13,0,0,64000,1,0.59,18
L1NSB01664,0,0,0,0,0,0,2321000,132,1,0.05,20,83.3,0,14,217000,0.12,0,0,94000,1,0.85,6
L1NSB01665,17,78,489000,1,0,369000,5432000,50,1,0.08,16,66.7,0,11,332000,0.03,0,0,88000,1,0.65,15
L1NSB01666,0,0,0,0,0,0,0,0,0,0.0,18,75.0,1,11,248000,0.12,0,0,140000,1,0.78,9
L1NSB01667,13,60,542000,1,0,446000,0,0,0,0.0,18,75.0,0,9,418000,0.05,0,0,49000,0,0.73,12
L1NSB01668,12,21,452000,1,0,299000,0,0,0,0.0,16,66.7,1,0,0,0.0,0,0,116000,1,0.9,4
L1NSB01669,14,22,624000,0,0,452000,2648000,89,0,0.13,18,75.0,0,14,184000,0.14,0,0,107000,0,0.82,8
L1NSB01670,21,74,203000,0,0,116000,5617000,295,0,0.03,16,66.7,0,0,160000,0.08,0,0,149000,0,0.89,4
L1NSB01671,7,18,407000,1,0,496000,0,0,0,0.0,24,100.0,1,11,368000,0.05,0,0,40000,1,0.99,0
L1NSB01672,7,54,555000,0,0,168000,7458000,65,0,0.15,24,100.0,0,8,495000,0.06,0,0,71000,0,0.94,2
L1NSB01673,0,0,0,0,0,0,3746000,158,1,0.07,19,79.2,1,15,184000,0.03,0,0,50000,1,0.7,13
L1NSB01674,24,47,664000,1,0,329000,2565000,345,0,0.11,23,95.8,0,3,355000,0.06,0,0,32000,1,0.58,18
L1NSB01675,18,42,97000,1,0,498000,0,0,0,0.0,23,95.8,1,4,59000,0.14,0,0,97000,1,0.64,16
L1NSB01676,18,8,613000,1,0,48000,4945000,316,0,0.12,19,79.2,1,6,429000,0.06,0,0,96000,1,0.93,3
L1NSB01677,12,39,652000,1,0,11000,0,0,0,0.0,23,95.8,0,13,67000,0.14,0,0,105000,0,0.83,7
L1NSB01678,6,50,255000,0,0,231000,0,0,0,0.0,16,66.7,1,9,396000,0.15,0,0,24000,1,0.69,13
L1NSB01679,0,0,0,0,0,0,0,0,0,0.0,23,95.8,1,15,72000,0.04,0,0,104000,1,0.99,0
L1NSB01680,9,56,613000,1,0,154000,0,0,0,0.0,14,58.3,0,10,441000,0.1,0,0,94000,0,0.96,1
L1NSB01681,24,31,408000,0,1,10000,0,0,0,0.0,17,70.8,0,16,379000,0.12,0,0,121000,1,0.73,12
L1NSB01682,0,0,0,0,0,0,0,0,0,0.0,21,87.5,0,0,0,0.0,0,0,26000,1,0.86,6
L1NSB01683,17,24,104000,1,0,180000,0,0,0,0.0,24,100.0,0,16,485000,0.15,0,0,30000,0,1.0,0
L1NSB01684,14,23,634000,0,0,273000,0,0,0,0.0,24,100.0,1,16,350000,0.15,0,0,103000,1,0.91,4
L1NSB01685,23,10,226000,1,0,251000,0,0,0,0.0,17,70.8,1,2,128000,0.01,0,0,124000,1,0.86,6
L1NSB01686,22,50,240000,1,0,276000,5258000,332,0,0.04,14,58.3,1,18,228000,0.1,0,0,101000,0,0.58,18
L1NSB01687,9,36,757000,1,0,263000,0,0,0,0.0,14,58.3,1,0,69000,0.15,0,0,47000,1,0.9,4
L1NSB01688,10,29,711000,0,0,14000,0,0,0,0.0,23,95.8,1,9,397000,0.05,0,0,118000,0,0.93,3
L1NSB01689,0,0,0,0,0,0,0,0,0,0.0,20,83.3,1,2,189000,0.04,0,0,134000,0,0.96,1
L1NSB01690,7,29,707000,0,0,311000,0,0,0,0.0,18,75.0,0,3,304000,0.12,0,0,98000,1,0.66,15
L1NSB01691,14,9,643000,1,0,397000,0,0,0,0.0,16,66.7,0,13,466000,0.01,0,0,125000,1,0.8,8
L1NSB01692,22,16,749000,1,1,49000,0,0,0,0.0,15,62.5,0,5,413000,0.03,0,0,25000,0,0.75,11
L1NSB01693,0,0,0,0,0,0,0,0,0,0.0,20,83.3,1,10,238000,0.09,0,0,82000,0,0.8,8
L1NSB01694,12,54,547000,1,0,167000,3806000,251,1,0.03,22,91.7,1,0,433000,0.07,0,0,100000,1,0.78,9
L1NSB01695,0,0,0,0,0,0,0,0,0,0.0,23,95.8,0,20,56000,0.05,0,0,21000,1,0.96,1
L1NSB01696,14,25,567000,1,0,128000,0,0,0,0.0,20,83.3,0,4,219000,0.14,0,0,148000,1,0.76,10
L1NSB01697,0,0,0,0,0,0,0,0,0,0.0,15,62.5,1,1,476000,0.14,0,0,109000,1,0.96,1
L1NSB01698,24,70,795000,1,0,201000,0,0,0,0.0,19,79.2,1,10,96000,0.08,0,0,114000,0,0.74,11
L1NSB01699,0,0,0,0,0,0,3521000,370,1,0.03,21,87.5,1,6,115000,0.08,0,0,142000,1,0.85,6
L1NSB01700,0,0,0,0,0,0,0,0,0,0.0,23,95.8,0,17,80000,0.1,0,0,39000,1,0.76,10
L1NSB01701,11,54,351000,1,0,134000,0,0,0,0.0,18,75.0,1,4,66000,0.05,0,0,48000,1,0.66,15
L1NSB01702,0,0,0,0,0,0,0,0,0,0.0,18,75.0,0,11,440000,0.13,0,0,115000,0,0.65,15
L1NSB01703,10,40,96000,0,1,67000,0,0,0,0.0,17,70.8,0,2,194000,0.06,0,0,92000,0,0.84,7
L1NSB01704,22,8,410000,1,0,80000,0,0,0,0.0,16,66.7,0,15,292000,0.0,0,0,129000,0,0.69,13
L1NSB01705,20,56,667000,1,0,308000,0,0,0,0.0,22,91.7,0,14,406000,0.03,0,0,131000,1,0.69,13
L1NSB01706,0,0,0,0,0,0,0,0,0,0.0,15,62.5,1,6,228000,0.0,0,0,94000,1,0.72,12
L1NSB01707,11,62,753000,1,0,220000,5645000,63,1,0.07,15,62.5,1,19,492000,0.04,0,0,111000,1,0.61,17
L1NSB01708,0,0,0,0,0,0,0,0,0,0.0,15,62.5,0,2,123000,0.13,0,0,143000,1,0.99,0
L1NSB01709,15,23,161000,1,0,301000,0,0,0,0.0,17,70.8,1,7,382000,0.11,0,0,41000,1,0.65,15
L1NSB01710,9,57,106000,1,0,451000,0,0,0,0.0,23,95.8,1,15,207000,0.1,0,0,144000,0,0.6,18
L1NSB01711,22,79,368000,1,0,70000,4531000,302,1,0.07,17,70.8,1,18,80000,0.14,0,0,114000,1,0.78,9
L1NSB01712,6,28,441000,1,0,455000,0,0,0,0.0,16,66.7,1,9,223000,0.12,0,0,116000,1,0.93,3
L1NSB01713,20,13,317000,1,0,187000,1711000,315,1,0.06,21,87.5,1,20,83000,0.01,0,0,86000,1,0.68,14
L1NSB01714,0,0,0,0,0,0,1995000,129,1,0.13,22,91.7,0,19,180000,0.03,0,0,72000,1,0.74,11
L1NSB01715,0,0,0,0,0,0,1927000,196,1,0.12,21,87.5,0,3,111000,0.08,0,0,63000,1,0.87,5
L1NSB01716,13,42,486000,1,0,234000,0,0,0,0.0,22,91.7,0,9,241000,0.11,0,0,80000,1,0.66,15
L1NSB01717,0,0,0,0,0,0,6693000,377,0,0.08,22,91.7,1,3,212000,0.06,0,0,74000,1,0.67,14
L1NSB01718,17,48,707000,1,0,423000,0,0,0,0.0,14,58.3,1,14,357000,0.12,0,0,34000,1,0.83,7
L1NSB01719,17,48,245000,0,1,258000,3104000,103,1,0.05,16,66.7,0,15,138000,0.14,0,0,47000,1,0.81,8
L1NSB01720,23,50,421000,1,0,36000,0,0,0,0.0,19,79.2,0,11,225000,0.12,0,0,61000,1,0.93,3
L1NSB01721,0,0,0,0,0,0,5580000,290,1,0.08,20,83.3,1,10,129000,0.14,0,0,89000,0,0.69,13
L1NSB01722,22,22,187000,0,0,150000,2096000,51,1,0.14,20,83.3,1,1,284000,0.02,0,0,47000,1,0.78,9
L1NSB01723,19,11,667000,1,0,234000,2894000,241,0,0.09,16,66.7,1,3,426000,0.09,0,0,69000,1,0.58,18
L1NSB01724,6,59,775000,1,0,300000,0,0,0,0.0,20,83.3,1,20,108000,0.1,0,0,84000,0,0.71,13
L1NSB01725,0,0,0,0,0,0,3281000,253,1,0.14,15,62.5,0,3,430000,0.0,0,0,63000,0,0.81,8
L1NSB01726,21,56,794000,0,1,414000,0,0,0,0.0,20,83.3,1,4,175000,0.14,0,0,139000,1,0.82,8
L1NSB01727,21,80,213000,1,0,182000,0,0,0,0.0,22,91.7,1,13,231000,0.04,1,7000000,65000,0,0.77,10
L1NSB01728,7,41,252000,0,0,487000,0,0,0,0.0,21,87.5,1,14,136000,0.02,0,0,105000,1,0.8,8
L1NSB01729,18,67,330000,0,0,26000,2172000,298,1,0.15,24,100.0,0,15,391000,0.13,0,0,148000,1,0.78,9
L1NSB01730,9,18,95000,1,1,189000,2910000,347,0,0.04,17,70.8,0,11,134000,0.02,0,0,105000,0,0.68,14
L1NSB01731,22,8,437000,1,0,145000,0,0,0,0.0,18,75.0,1,17,398000,0.09,0,0,91000,1,0.97,1
L1NSB01732,0,0,0,0,0,0,7340000,136,1,0.07,19,79.2,0,10,373000,0.05,0,0,140000,0,0.6,18
L1NSB01733,15,53,109000,1,0,391000,0,0,0,0.0,14,58.3,0,9,292000,0.1,0,0,129000,1,0.84,7
L1NSB01734,17,38,330000,0,0,397000,0,0,0,0.0,18,75.0,0,6,300000,0.07,0,0,126000,1,0.95,2
L1NSB01735,16,6,240000,1,0,435000,2879000,171,1,0.12,18,75.0,1,12,391000,0.04,0,0,121000,0,0.79,9
L1NSB01736,0,0,0,0,0,0,4426000,94,0,0.09,20,83.3,1,10,435000,0.06,0,0,123000,1,0.58,18
L1NSB01737,0,0,0,0,0,0,0,0,0,0.0,15,62.5,0,2,466000,0.07,0,0,63000,1,0.63,16
L1NSB01738,24,14,445000,1,0,400000,0,0,0,0.0,16,66.7,1,4,500000,0.13,0,0,85000,0,0.75,11
L1NSB01739,21,54,118000,1,0,258000,2825000,131,1,0.13,19,79.2,0,16,468000,0.08,0,0,80000,1,0.56,19
L1NSB01740,24,76,251000,0,0,34000,0,0,0,0.0,22,91.7,0,6,425000,0.12,0,0,150000,0,0.93,3
L1NSB01741,9,50,679000,1,0,222000,0,0,0,0.0,22,91.7,0,12,245000,0.1,0,0,25000,1,0.72,12
L1NSB01742,0,0,0,0,0,0,4251000,172,0,0.02,16,66.7,1,15,236000,0.0,0,0,24000,0,0.94,2
L1NSB01743,0,0,0,0,0,0,0,0,0,0.0,23,95.8,1,4,336000,0.01,0,0,42000,0,0.86,6
L1NSB01744,12,65,325000,1,0,433000,6159000,166,1,0.1,24,100.0,1,13,420000,0.11,0,0,103000,0,0.77,10
L1NSB01745,0,0,0,0,0,0,0,0,0,0.0,20,83.3,0,4,362000,0.04,0,0,121000,1,0.94,2
L1NSB01746,22,32,174000,1,1,251000,2924000,313,0,0.15,19,79.2,0,0,0,0.0,0,0,148000,0,0.96,1
L1NSB01747,0,0,0,0,0,0,0,0,0,0.0,20,83.3,1,2,390000,0.08,0,0,27000,1,0.8,8
L1NSB01748,0,0,0,0,0,0,0,0,0,0.0,14,58.3,1,8,59000,0.09,0,0,132000,0,0.67,14
L1NSB01749,0,0,0,0,0,0,0,0,0,0.0,18,75.0,1,10,474000,0.02,0,0,54000,1,0.65,15
L1NSB01750,10,66,213000,0,0,419000,0,0,0,0.0,19,79.2,0,11,171000,0.02,0,0,68000,1,0.63,16
L1NSB01751,20,37,400000,0,0,212000,4270000,85,1,0.09,16,66.7,0,9,476000,0.09,0,0,47000,0,0.81,8
L1NSB01752,19,5,783000,1,0,175000,0,0,0,0.0,16,66.7,1,20,344000,0.06,0,0,142000,0,0.86,6
L1NSB01753,22,15,247000,1,0,11000,0,0,0,0.0,21,87.5,1,4,148000,0.11,0,0,87000,1,0.7,13
L1NSB01754,17,11,450000,1,0,365000,0,0,0,0.0,24,100.0,0,0,0,0.0,0,0,150000,1,0.96,1
L1NSB01755,8,53,499000,1,0,342000,4454000,231,1,0.14,23,95.8,1,2,355000,0.06,0,0,123000,0,0.63,16
L1NSB01756,12,53,311000,1,0,303000,7996000,227,1,0.13,17,70.8,0,14,391000,0.0,0,0,84000,1,0.68,14
L1NSB01757,9,58,189000,1,0,249000,5345000,189,1,0.05,16,66.7,0,4,100000,0.13,0,0,47000,1,0.91,4
L1NSB01758,21,29,555000,0,0,420000,0,0,0,0.0,24,100.0,0,18,64000,0.14,0,0,72000,0,0.7,13
L1NSB01759,7,27,635000,1,0,383000,0,0,0,0.0,22,91.7,0,10,57000,0.08,0,0,45000,0,0.69,13
L1NSB01760,16,16,252000,1,0,113000,0,0,0,0.0,24,100.0,0,9,165000,0.01,0,0,39000,1,0.98,0
L1NSB01761,0,0,0,0,0,0,0,0,0,0.0,15,62.5,0,12,167000,0.14,0,0,109000,0,0.83,7
L1NSB01762,17,38,246000,0,0,269000,0,0,0,0.0,16,66.7,0,10,204000,0.02,0,0,56000,1,0.62,17
L1NSB01763,18,74,166000,1,0,471000,0,0,0,0.0,18,75.0,1,10,445000,0.08,0,0,97000,1,0.6,18
L1NSB01764,23,58,616000,1,0,397000,0,0,0,0.0,23,95.8,0,20,313000,0.15,0,0,95000,1,0.64,16
L1NSB01765,15,46,284000,1,0,112000,3277000,314,1,0.03,17,70.8,0,13,288000,0.1,0,0,40000,1,0.74,11
L1NSB01766,6,45,309000,0,0,20000,0,0,0,0.0,21,87.5,1,7,245000,0.07,0,0,143000,0,0.82,8
L1NSB01767,17,35,109000,0,0,280000,7774000,354,1,0.01,24,100.0,1,12,368000,0.12,0,0,134000,1,0.93,3
L1NSB01768,14,16,597000,1,0,43000,0,0,0,0.0,23,95.8,0,3,380000,0.06,0,0,135000,1,0.86,6
L1NSB01769,23,54,736000,0,0,17000,0,0,0,0.0,15,62.5,0,19,470000,0.02,0,0,50000,1,0.7,13
L1NSB01770,6,38,430000,1,0,161000,0,0,0,0.0,17,70.8,0,17,482000,0.11,0,0,32000,0,0.94,2
L1NSB01771,0,0,0,0,0,0,0,0,0,0.0,16,66.7,0,12,294000,0.05,0,0,127000,1,0.83,7
L1NSB01772,24,42,121000,0,0,347000,0,0,0,0.0,14,58.3,0,19,230000,0.06,0,0,34000,0,0.7,13
L1NSB01773,16,25,549000,1,0,69000,0,0,0,0.0,17,70.8,1,4,366000,0.09,0,0,99000,0,0.71,13
L1NSB01774,17,79,140000,1,0,406000,0,0,0,0.0,21,87.5,1,13,176000,0.08,0,0,57000,0,0.87,5
L1NSB01775,14,34,529000,1,0,217000,0,0,0,0.0,16,66.7,0,16,304000,0.01,0,0,131000,1,0.65,15
L1NSB01776,16,47,385000,1,0,483000,0,0,0,0.0,19,79.2,1,1,267000,0.1,0,0,52000,1,0.79,9
L1NSB01777,13,12,651000,1,0,87000,0,0,0,0.0,22,91.7,1,10,216000,0.1,0,0,72000,1,0.9,4
L1NSB01778,15,33,117000,1,0,70000,0,0,0,0.0,18,75.0,0,5,86000,0.05,0,0,28000,1,0.76,10
L1NSB01779,0,0,0,0,0,0,4689000,125,1,0.03,19,79.2,0,15,183000,0.0,0,0,114000,0,0.85,6
L1NSB01780,21,64,50000,0,0,246000,0,0,0,0.0,20,83.3,1,12,466000,0.12,0,0,133000,1,0.82,8
L1NSB01781,0,0,0,0,0,0,0,0,0,0.0,19,79.2,0,2,391000,0.1,0,0,121000,1,0.71,13
L1NSB01782,9,41,53000,1,0,126000,3797000,258,0,0.11,18,75.0,0,0,0,0.0,0,0,36000,1,0.78,9
L1NSB01783,24,24,172000,0,0,172000,0,0,0,0.0,15,62.5,1,6,366000,0.0,0,0,31000,0,0.88,5
L1NSB01784,0,0,0,0,0,0,0,0,0,0.0,18,75.0,0,14,181000,0.14,0,0,134000,0,0.81,8
L1NSB01785,17,52,359000,0,0,106000,0,0,0,0.0,23,95.8,1,0,179000,0.09,0,0,94000,1,0.97,1
L1NSB01786,0,0,0,0,0,0,3819000,195,0,0.06,17,70.8,1,6,471000,0.14,0,0,98000,1,0.94,2
L1NSB01787,16,13,614000,1,0,158000,0,0,0,0.0,22,91.7,0,6,455000,0.01,0,0,30000,0,0.91,4
L1NSB01788,18,37,707000,1,0,307000,0,0,0,0.0,14,58.3,1,6,237000,0.1,0,0,94000,1,0.6,18
L1NSB01789,21,66,787000,1,0,114000,3832000,383,1,0.12,24,100.0,1,1,438000,0.11,0,0,58000,1,0.59,18
L1NSB01790,23,25,124000,1,0,462000,0,0,0,0.0,20,83.3,0,6,341000,0.02,0,0,116000,1,0.84,7
L1NSB01791,22,19,721000,0,0,23000,0,0,0,0.0,22,91.7,0,1,128000,0.14,0,0,81000,1,1.0,0
L1NSB01792,0,0,0,0,0,0,7069000,295,1,0.12,16,66.7,0,11,280000,0.09,0,0,111000,1,0.67,14
L1NSB01793,8,13,650000,1,0,159000,7892000,281,1,0.08,17,70.8,0,18,339000,0.11,0,0,24000,1,0.65,15
L1NSB01794,14,23,88000,0,0,186000,0,0,0,0.0,23,95.8,1,2,183000,0.05,0,0,26000,1,0.83,7
L1NSB01795,17,66,171000,1,0,133000,0,0,0,0.0,23,95.8,1,10,170000,0.09,0,0,42000,0,0.93,3
L1NSB01796,0,0,0,0,0,0,0,0,0,0.0,21,87.5,1,7,162000,0.03,0,0,101000,1,0.98,0
L1NSB01797,15,74,715000,0,0,163000,0,0,0,0.0,23,95.8,0,12,250000,0.08,0,0,112000,1,0.88,5
L1NSB01798,11,8,105000,0,0,334000,0,0,0,0.0,24,100.0,1,11,397000,0.05,0,0,99000,1,0.61,17
L1NSB01799,20,39,88000,1,0,431000,0,0,0,0.0,22,91.7,0,14,57000,0.15,0,0,135000,1,0.83,7
L1NSB01800,0,0,0,0,0,0,1947000,118,1,0.05,24,100.0,0,19,321000,0.04,0,0,73000,0,0.86,6
L1NSB01801,9,11,265000,1,0,400000,0,0,0,0.0,15,62.5,1,1,126000,0.14,0,0,107000,1,0.75,11
L1NSB01802,17,19,189000,1,0,339000,0,0,0,0.0,14,58.3,1,15,440000,0.09,0,0,74000,0,0.56,19
L1NSB01803,0,0,0,0,0,0,0,0,0,0.0,16,66.7,1,5,228000,0.02,0,0,64000,0,0.62,17
L1NSB01804,15,58,194000,0,0,165000,4485000,345,1,0.06,16,66.7,1,20,368000,0.14,0,0,121000,0,0.81,8
L1NSB01805,0,0,0,0,0,0,0,0,0,0.0,16,66.7,1,19,421000,0.05,0,0,97000,1,0.58,18
L1NSB01806,15,68,403000,1,0,228000,3105000,281,1,0.14,16,66.7,1,11,263000,0.14,0,0,129000,1,1.0,0
L1NSB01807,19,58,627000,1,0,356000,0,0,0,0.0,21,87.5,0,15,420000,0.0,0,0,124000,1,0.97,1
L1NSB01808,7,55,505000,1,0,221000,0,0,0,0.0,18,75.0,0,10,84000,0.01,0,0,21000,1,0.61,17
L1NSB01809,16,57,545000,1,0,94000,0,0,0,0.0,20,83.3,1,8,243000,0.14,0,0,32000,1,0.68,14
L1NSB01810,18,57,36000,1,0,122000,5655000,143,1,0.01,18,75.0,0,3,263000,0.02,0,0,20000,1,0.83,7
L1NSB01811,11,8,684000,1,0,99000,0,0,0,0.0,15,62.5,0,5,442000,0.12,0,0,23000,0,0.92,3
L1NSB01812,0,0,0,0,0,0,0,0,0,0.0,18,75.0,1,8,408000,0.12,1,5000000,116000,0,0.98,0
L1NSB01813,0,0,0,0,0,0,2285000,200,1,0.05,21,87.5,1,20,96000,0.05,0,0,104000,0,0.89,4
L1NSB01814,23,35,777000,1,0,469000,0,0,0,0.0,24,100.0,1,7,219000,0.08,0,0,37000,1,0.71,13
L1NSB01815,17,48,176000,0,0,343000,7066000,214,0,0.15,23,95.8,0,1,83000,0.08,0,0,97000,1,0.76,10
L1NSB01816,8,20,111000,0,0,132000,3219000,266,1,0.09,23,95.8,1,3,495000,0.01,0,0,102000,1,0.73,12
L1NSB01817,9,62,694000,1,1,443000,7274000,235,1,0.06,22,91.7,0,6,184000,0.14,0,0,111000,1,0.67,14
L1NSB01818,0,0,0,0,0,0,0,0,0,0.0,15,62.5,1,0,416000,0.04,0,0,95000,1,0.94,2
L1NSB01819,11,74,672000,1,0,148000,0,0,0,0.0,23,95.8,1,1,476000,0.07,0,0,28000,1,0.69,13
L1NSB01820,16,20,650000,0,0,199000,0,0,0,0.0,21,87.5,0,14,51000,0.15,0,0,117000,1,0.56,19
L1NSB01821,18,16,716000,1,0,118000,0,0,0,0.0,19,79.2,0,3,137000,0.12,0,0,72000,1,0.82,8
L1NSB01822,17,80,403000,1,0,247000,0,0,0,0.0,14,58.3,0,13,348000,0.09,0,0,48000,1,0.72,12
L1NSB01823,14,8,475000,1,0,340000,2958000,304,1,0.01,16,66.7,0,7,231000,0.12,0,0,26000,1,0.89,4
L1NSB01824,14,51,630000,1,0,66000,4238000,290,1,0.05,18,75.0,0,6,337000,0.05,0,0,128000,0,0.76,10
L1NSB01825,24,70,741000,1,0,53000,0,0,0,0.0,17,70.8,1,17,426000,0.07,0,0,20000,0,0.78,9
L1NSB01826,8,20,768000,0,0,322000,4168000,392,1,0.04,15,62.5,0,0,0,0.0,0,0,88000,0,0.67,14
L1NSB01827,0,0,0,0,0,0,0,0,0,0.0,24,100.0,0,14,56000,0.1,1,4000000,148000,1,0.82,8
L1NSB01828,13,36,793000,1,0,325000,6791000,70,1,0.11,17,70.8,0,5,138000,0.11,0,0,56000,0,0.57,19
L1NSB01829,15,71,330000,1,0,451000,0,0,0,0.0,19,79.2,0,3,359000,0.07,1,18000000,85000,1,0.76,10
L1NSB01830,7,42,174000,1,0,328000,6343000,58,0,0.12,24,100.0,1,5,311000,0.04,0,0,147000,0,0.61,17
L1NSB01831,0,0,0,0,0,0,0,0,0,0.0,24,100.0,1,7,486000,0.09,0,0,90000,0,0.57,19
L1NSB01832,7,48,786000,1,0,180000,7293000,377,0,0.04,17,70.8,0,11,316000,0.02,0,0,61000,1,0.57,19
L1NSB01833,0,0,0,0,0,0,0,0,0,0.0,24,100.0,1,10,488000,0.02,0,0,127000,1,1.0,0
L1NSB01834,18,27,113000,0,0,14000,6692000,77,1,0.02,16,66.7,1,3,471000,0.02,0,0,116000,1,0.87,5
L1NSB01835,16,32,428000,0,0,69000,0,0,0,0.0,17,70.8,0,10,72000,0.09,0,0,81000,0,0.97,1
L1NSB01836,18,74,735000,1,0,306000,0,0,0,0.0,19,79.2,0,0,352000,0.02,0,0,93000,1,0.81,8
L1NSB01837,24,37,394000,0,0,308000,3777000,354,1,0.06,21,87.5,1,4,387000,0.13,0,0,98000,1,0.86,6
L1NSB01838,20,51,451000,0,0,10000,0,0,0,0.0,18,75.0,1,12,216000,0.02,0,0,127000,1,0.71,13
L1NSB01839,0,0,0,0,0,0,4035000,314,0,0.05,19,79.2,0,5,212000,0.02,0,0,150000,1,0.91,4
L1NSB01840,15,53,355000,1,0,322000,3378000,62,1,0.15,21,87.5,1,17,200000,0.02,0,0,77000,1,0.87,5
L1NSB01841,0,0,0,0,0,0,0,0,0,0.0,23,95.8,0,15,224000,0.04,0,0,144000,1,1.0,0
L1NSB01842,20,20,400000,0,0,141000,0,0,0,0.0,15,62.5,0,5,212000,0.15,0,0,72000,1,0.85,6
L1NSB01843,14,17,220000,0,0,127000,0,0,0,0.0,21,87.5,1,4,72000,0.07,0,0,108000,0,0.76,10
L1NSB01844,7,59,271000,0,0,483000,6449000,335,1,0.09,21,87.5,0,14,157000,0.03,0,0,44000,1,0.79,9
L1NSB01845,0,0,0,0,0,0,0,0,0,0.0,22,91.7,1,6,377000,0.07,0,0,65000,1,0.97,1
L1NSB01846,0,0,0,0,0,0,0,0,0,0.0,16,66.7,1,2,320000,0.09,0,0,114000,1,0.88,5
L1NSB01847,23,71,384000,1,0,362000,0,0,0,0.0,23,95.8,1,16,413000,0.1,0,0,89000,0,0.6,18
L1NSB01848,23,35,322000,0,0,220000,0,0,0,0.0,18,75.0,1,6,152000,0.1,0,0,101000,1,0.91,4
L1NSB01849,12,29,320000,1,0,60000,0,0,0,0.0,23,95.8,1,14,115000,0.09,0,0,75000,0,0.62,17
L1NSB01850,12,9,55000,1,1,389000,0,0,0,0.0,21,87.5,1,7,107000,0.06,0,0,78000,0,0.78,9
L1NSB01851,21,26,343000,0,0,439000,6192000,64,1,0.03,16,66.7,1,2,135000,0.05,0,0,130000,1,0.99,0
L1NSB01852,7,23,340000,1,0,267000,0,0,0,0.0,24,100.0,0,5,291000,0.11,0,0,94000,1,0.71,13
L1NSB01853,7,61,423000,1,0,49000,4413000,123,1,0.09,15,62.5,1,2,446000,0.08,0,0,47000,1,0.71,13
L1NSB01854,0,0,0,0,0,0,1961000,104,1,0.02,19,79.2,1,8,201000,0.15,0,0,119000,0,0.85,6
L1NSB01855,10,33,129000,1,0,251000,4513000,97,0,0.01,17,70.8,1,12,490000,0.06,0,0,99000,0,0.9,4
L1NSB01856,0,0,0,0,0,0,0,0,0,0.0,21,87.5,0,20,171000,0.08,0,0,135000,1,0.92,3
L1NSB01857,8,74,305000,1,0,48000,0,0,0,0.0,20,83.3,0,7,490000,0.01,0,0,39000,1,0.64,16
L1NSB01858,12,65,167000,1,0,81000,0,0,0,0.0,23,95.8,1,16,66000,0.11,0,0,42000,0,0.72,12
L1NSB01859,0,0,0,0,0,0,3404000,275,0,0.02,21,87.5,1,9,335000,0.11,0,0,59000,1,0.7,13
L1NSB01860,18,48,750000,1,0,123000,0,0,0,0.0,15,62.5,1,13,358000,0.01,0,0,33000,0,0.7,13
L1NSB01861,17,41,192000,1,0,91000,0,0,0,0.0,18,75.0,1,13,267000,0.07,0,0,62000,1,0.86,6
L1NSB01862,18,14,534000,1,0,16000,0,0,0,0.0,18,75.0,0,11,434000,0.05,0,0,56000,0,0.89,4
L1NSB01863,7,51,641000,1,0,85000,0,0,0,0.0,19,79.2,1,9,359000,0.07,0,0,143000,0,0.93,3
L1NSB01864,0,0,0,0,0,0,0,0,0,0.0,24,100.0,1,12,70000,0.1,0,0,150000,1,0.96,1
L1NSB01865,0,0,0,0,0,0,0,0,0,0.0,17,70.8,0,2,105000,0.06,0,0,117000,1,0.66,15
L1NSB01866,24,52,219000,1,1,389000,6736000,399,1,0.12,18,75.0,1,0,97000,0.05,0,0,139000,1,0.91,4
L1NSB01867,22,58,591000,0,0,133000,0,0,0,0.0,19,79.2,1,0,0,0.0,0,0,114000,1,0.99,0
L1NSB01868,13,59,297000,1,0,239000,4556000,363,1,0.09,21,87.5,0,8,118000,0.05,0,0,61000,1,0.84,7
L1NSB01869,7,43,248000,1,0,254000,0,0,0,0.0,19,79.2,0,12,313000,0.04,0,0,103000,0,0.86,6
L1NSB01870,20,71,686000,1,0,256000,0,0,0,0.0,16,66.7,0,10,169000,0.01,0,0,105000,1,0.79,9
L1NSB01871,18,61,564000,1,0,314000,3642000,241,0,0.13,23,95.8,1,7,397000,0.14,0,0,143000,0,0.87,5
L1NSB01872,24,80,188000,1,0,234000,2364000,60,1,0.11,23,95.8,1,11,494000,0.09,0,0,144000,1,0.58,18
L1NSB01873,12,28,72000,1,0,49000,3312000,400,1,0.02,18,75.0,1,13,190000,0.12,0,0,60000,1,0.92,3
L1NSB01874,15,14,703000,0,0,177000,5846000,57,1,0.12,17,70.8,1,4,413000,0.11,0,0,88000,0,0.98,0
L1NSB01875,20,14,224000,1,0,496000,7290000,298,0,0.07,22,91.7,1,8,260000,0.13,0,0,141000,1,0.66,15
L1NSB01876,12,18,456000,1,0,239000,0,0,0,0.0,19,79.2,0,19,136000,0.07,0,0,31000,0,0.73,12
L1NSB01877,20,65,329000,0,0,246000,0,0,0,0.0,14,58.3,1,2,312000,0.03,0,0,121000,1,0.94,2
L1NSB01878,23,6,416000,0,0,183000,7942000,174,1,0.02,21,87.5,0,0,0,0.0,0,0,25000,0,0.96,1
L1NSB01879,10,21,772000,0,0,296000,0,0,0,0.0,17,70.8,0,19,71000,0.05,0,0,29000,0,0.98,0
L1NSB01880,8,74,99000,1,0,414000,0,0,0,0.0,18,75.0,0,18,107000,0.0,0,0,138000,1,0.78,9
L1NSB01881,0,0,0,0,0,0,5406000,83,0,0.15,18,75.0,1,19,206000,0.01,0,0,128000,0,0.63,16
L1NSB01882,10,24,401000,0,0,405000,2606000,352,1,0.08,20,83.3,0,3,271000,0.07,0,0,144000,0,0.9,4
L1NSB01883,16,37,338000,1,0,171000,0,0,0,0.0,19,79.2,0,1,130000,0.11,0,0,41000,1,0.85,6
L1NSB01884,0,0,0,0,0,0,7994000,122,1,0.13,18,75.0,1,20,318000,0.01,0,0,104000,0,0.95,2
L1NSB01885,15,23,287000,1,0,120000,0,0,0,0.0,17,70.8,0,11,141000,0.03,0,0,102000,0,0.75,11
L1NSB01886,9,29,187000,0,1,56000,7154000,155,1,0.1,14,58.3,1,7,104000,0.12,0,0,138000,0,0.78,9
L1NSB01887,0,0,0,0,0,0,2869000,141,1,0.08,14,58.3,0,15,149000,0.09,0,0,96000,1,0.65,15
L1NSB01888,24,54,457000,1,0,438000,0,0,0,0.0,20,83.3,1,5,340000,0.06,0,0,131000,1,0.69,13
L1NSB01889,8,10,293000,1,0,222000,3939000,354,1,0.05,19,79.2,0,20,307000,0.13,0,0,124000,1,0.76,10
L1NSB01890,9,36,734000,1,0,66000,0,0,0,0.0,19,79.2,1,6,180000,0.03,0,0,64000,1,0.93,3
L1NSB01891,0,0,0,0,0,0,7805000,160,0,0.12,16,66.7,0,14,442000,0.06,0,0,85000,1,0.79,9
L1NSB01892,0,0,0,0,0,0,0,0,0,0.0,18,75.0,1,4,305000,0.13,0,0,94000,1,0.86,6
L1NSB01893,16,40,693000,0,0,25000,0,0,0,0.0,14,58.3,1,4,379000,0.02,0,0,103000,1,0.95,2
L1NSB01894,24,42,397000,1,0,293000,0,0,0,0.0,16,66.7,1,6,119000,0.15,0,0,82000,0,0.72,12
L1NSB01895,22,25,165000,1,0,385000,0,0,0,0.0,20,83.3,0,11,444000,0.07,0,0,58000,1,0.99,0
L1NSB01896,0,0,0,0,0,0,0,0,0,0.0,17,70.8,1,19,330000,0.0,0,0,139000,1,0.58,18
L1NSB01897,8,51,718000,1,0,60000,0,0,0,0.0,18,75.0,1,2,108000,0.14,0,0,47000,1,0.93,3
L1NSB01898,0,0,0,0,0,0,3235000,85,1,0.1,16,66.7,1,17,87000,0.02,0,0,123000,1,0.81,8
L1NSB01899,8,53,236000,1,0,336000,0,0,0,0.0,19,79.2,1,0,238000,0.13,0,0,55000,0,0.91,4
L1NSB01900,8,9,701000,1,0,57000,0,0,0,0.0,14,58.3,0,0,379000,0.09,0,0,29000,0,0.77,10
L1NSB01901,10,6,723000,1,0,158000,0,0,0,0.0,16,66.7,0,14,379000,0.06,0,0,64000,1,0.64,16
L1NSB01902,11,55,485000,1,0,338000,0,0,0,0.0,15,62.5,1,2,208000,0.04,0,0,78000,1,0.78,9
L1NSB01903,21,15,312000,0,0,105000,0,0,0,0.0,20,83.3,1,9,118000,0.09,0,0,85000,1,0.95,2
L1NSB01904,15,30,548000,1,0,382000,0,0,0,0.0,22,91.7,0,2,261000,0.07,0,0,100000,1,0.94,2
L1NSB01905,0,0,0,0,0,0,4414000,322,1,0.08,17,70.8,1,17,454000,0.09,0,0,150000,1,0.77,10
L1NSB01906,11,44,371000,1,0,298000,6053000,351,1,0.04,18,75.0,0,10,226000,0.1,0,0,91000,0,0.56,19
L1NSB01907,9,43,681000,1,0,66000,0,0,0,0.0,21,87.5,0,14,319000,0.05,0,0,73000,1,0.93,3
L1NSB01908,7,49,480000,1,0,206000,2549000,270,1,0.13,17,70.8,1,7,340000,0.05,0,0,22000,0,0.85,6
L1NSB01909,10,49,785000,1,0,181000,0,0,0,0.0,24,100.0,0,5,493000,0.1,0,0,144000,1,0.65,15
L1NSB01910,0,0,0,0,0,0,0,0,0,0.0,16,66.7,1,11,130000,0.05,0,0,28000,0,1.0,0
L1NSB01911,9,13,485000,1,0,351000,0,0,0,0.0,17,70.8,1,11,335000,0.03,0,0,65000,0,0.59,18
L1NSB01912,0,0,0,0,0,0,0,0,0,0.0,20,83.3,0,18,208000,0.05,0,0,141000,0,0.97,1
L1NSB01913,13,46,730000,1,0,468000,0,0,0,0.0,24,100.0,1,16,398000,0.09,0,0,91000,1,0.9,4
L1NSB01914,11,47,473000,0,0,119000,6504000,267,1,0.04,17,70.8,0,3,270000,0.01,0,0,56000,1,0.74,11
L1NSB01915,23,65,601000,0,0,251000,5443000,219,0,0.04,24,100.0,1,14,454000,0.02,0,0,110000,0,0.72,12
L1NSB01916,24,18,730000,1,0,385000,0,0,0,0.0,22,91.7,1,10,487000,0.11,0,0,90000,0,0.74,11
L1NSB01917,0,0,0,0,0,0,0,0,0,0.0,23,95.8,0,7,155000,0.01,0,0,42000,1,0.89,4
L1NSB01918,23,45,349000,1,0,393000,0,0,0,0.0,16,66.7,1,3,315000,0.01,1,1000000,124000,0,0.65,15
L1NSB01919,17,20,593000,1,0,314000,6899000,95,1,0.06,15,62.5,0,6,405000,0.13,0,0,81000,1,0.78,9
L1NSB01920,20,15,693000,1,0,358000,0,0,0,0.0,19,79.2,0,8,207000,0.14,0,0,21000,1,0.68,14
L1NSB01921,16,62,785000,1,0,72000,0,0,0,0.0,24,100.0,0,9,265000,0.12,0,0,108000,1,0.78,9
L1NSB01922,9,56,280000,0,0,197000,3316000,174,1,0.04,19,79.2,0,14,426000,0.05,0,0,117000,1,0.58,18
L1NSB01923,7,28,374000,0,0,205000,5003000,268,0,0.06,24,100.0,0,11,59000,0.08,0,0,40000,1,0.74,11
L1NSB01924,0,0,0,0,0,0,0,0,0,0.0,23,95.8,0,13,240000,0.05,0,0,118000,1,0.66,15
L1NSB01925,14,18,694000,1,1,354000,3728000,57,1,0.13,17,70.8,0,18,273000,0.08,0,0,119000,0,0.55,20
L1NSB01926,8,75,705000,1,1,272000,0,0,0,0.0,21,87.5,1,3,248000,0.09,0,0,75000,1,0.81,8
L1NSB01927,0,0,0,0,0,0,0,0,0,0.0,24,100.0,0,4,294000,0.01,0,0,76000,1,0.94,2
L1NSB01928,23,66,648000,0,0,11000,2297000,318,1,0.08,19,79.2,0,14,265000,0.11,0,0,28000,1,0.74,11
L1NSB01929,0,0,0,0,0,0,0,0,0,0.0,21,87.5,1,10,433000,0.02,0,0,42000,1,0.86,6
L1NSB01930,0,0,0,0,0,0,0,0,0,0.0,23,95.8,1,7,136000,0.08,1,13000000,106000,1,0.59,18
L1NSB01931,21,30,109000,0,0,403000,5275000,198,1,0.03,19,79.2,1,4,415000,0.15,0,0,129000,1,0.9,4
L1NSB01932,17,48,661000,0,0,347000,0,0,0,0.0,19,79.2,0,0,0,0.0,0,0,36000,0,0.78,9
L1NSB01933,10,46,477000,1,0,406000,0,0,0,0.0,19,79.2,0,3,246000,0.03,0,0,44000,1,0.66,15
L1NSB01934,0,0,0,0,0,0,0,0,0,0.0,17,70.8,1,13,138000,0.08,0,0,69000,0,0.66,15
L1NSB01935,0,0,0,0,0,0,4234000,62,0,0.05,14,58.3,0,15,209000,0.15,0,0,149000,1,0.75,11
L1NSB01936,0,0,0,0,0,0,0,0,0,0.0,24,100.0,0,9,269000,0.1,0,0,84000,1,0.6,18
L1NSB01937,0,0,0,0,0,0,5501000,161,1,0.09,16,66.7,1,3,438000,0.02,0,0,145000,1,0.68,14
L1NSB01938,0,0,0,0,0,0,0,0,0,0.0,14,58.3,0,11,79000,0.03,0,0,99000,1,0.72,12
L1NSB01939,0,0,0,0,0,0,0,0,0,0.0,14,58.3,1,17,410000,0.1,0,0,129000,1,0.65,15
L1NSB01940,21,39,330000,1,0,126000,4022000,94,0,0.11,24,100.0,1,16,477000,0.1,0,0,87000,1,0.59,18
L1NSB01941,0,0,0,0,0,0,4972000,238,1,0.13,16,66.7,0,19,423000,0.11,0,0,134000,1,0.72,12
L1NSB01942,19,25,760000,1,0,428000,0,0,0,0.0,21,87.5,0,20,75000,0.13,0,0,79000,0,0.72,12
L1NSB01943,0,0,0,0,0,0,0,0,0,0.0,24,100.0,0,15,282000,0.04,0,0,28000,1,0.95,2
L1NSB01944,0,0,0,0,0,0,0,0,0,0.0,24,100.0,0,17,178000,0.03,0,0,51000,1,0.89,4
L1NSB01945,22,28,751000,0,1,353000,3755000,68,1,0.04,22,91.7,0,5,294000,0.11,0,0,144000,0,0.88,5
L1NSB01946,10,11,246000,0,1,213000,0,0,0,0.0,20,83.3,1,0,0,0.0,0,0,131000,1,0.59,18
L1NSB01947,22,39,516000,1,0,376000,6763000,368,1,0.09,18,75.0,1,11,487000,0.08,0,0,111000,1,0.81,8
L1NSB01948,0,0,0,0,0,0,0,0,0,0.0,15,62.5,0,3,199000,0.13,0,0,95000,1,0.84,7
L1NSB01949,0,0,0,0,0,0,6514000,77,1,0.09,16,66.7,0,7,376000,0.11,0,0,72000,1,0.89,4
L1NSB01950,22,55,431000,1,0,348000,0,0,0,0.0,23,95.8,0,18,318000,0.05,0,0,118000,1,0.7,13
L1NSB01951,0,0,0,0,0,0,0,0,0,0.0,24,100.0,1,7,75000,0.13,0,0,44000,0,0.63,16
L1NSB01952,20,57,412000,1,0,124000,3269000,222,0,0.09,23,95.8,1,11,293000,0.07,0,0,126000,1,0.58,18
L1NSB01953,6,74,306000,1,0,358000,0,0,0,0.0,23,95.8,0,5,436000,0.11,0,0,97000,1,0.64,16
L1NSB01954,19,74,484000,1,0,394000,6151000,279,1,0.06,15,62.5,0,20,488000,0.03,0,0,102000,1,0.58,18
L1NSB01955,14,34,153000,1,0,350000,0,0,0,0.0,22,91.7,0,20,147000,0.1,0,0,112000,0,0.97,1
L1NSB01956,11,11,62000,1,0,482000,0,0,0,0.0,14,58.3,0,9,74000,0.15,0,0,46000,1,0.75,11
L1NSB01957,0,0,0,0,0,0,3260000,257,1,0.04,17,70.8,1,15,420000,0.04,0,0,58000,1,0.68,14
L1NSB01958,20,20,554000,1,0,433000,0,0,0,0.0,20,83.3,0,5,482000,0.01,0,0,140000,1,0.97,1
L1NSB01959,15,23,687000,1,1,427000,2348000,303,0,0.13,22,91.7,1,4,91000,0.11,0,0,106000,1,0.88,5
L1NSB01960,0,0,0,0,0,0,0,0,0,0.0,21,87.5,0,18,265000,0.04,0,0,90000,1,0.85,6
L1NSB01961,14,80,428000,1,0,224000,0,0,0,0.0,24,100.0,0,20,213000,0.01,0,0,43000,0,0.77,10
L1NSB01962,0,0,0,0,0,0,0,0,0,0.0,20,83.3,1,10,403000,0.08,0,0,131000,0,0.9,4
L1NSB01963,12,61,553000,1,0,246000,0,0,0,0.0,15,62.5,1,14,112000,0.03,0,0,69000,1,0.85,6
L1NSB01964,8,68,418000,1,0,350000,0,0,0,0.0,21,87.5,1,20,55000,0.0,0,0,128000,1,0.88,5
L1NSB01965,15,48,217000,1,0,158000,0,0,0,0.0,17,70.8,1,0,408000,0.15,0,0,148000,1,0.57,19
L1NSB01966,15,59,378000,1,0,315000,0,0,0,0.0,15,62.5,0,17,262000,0.08,0,0,97000,1,0.78,9
L1NSB01967,14,29,745000,0,0,307000,0,0,0,0.0,16,66.7,1,5,243000,0.08,0,0,26000,1,0.64,16
L1NSB01968,17,52,785000,1,0,412000,0,0,0,0.0,18,75.0,1,10,297000,0.11,0,0,74000,0,0.61,17
L1NSB01969,0,0,0,0,0,0,7621000,264,1,0.01,22,91.7,1,3,163000,0.02,0,0,114000,0,0.58,18
L1NSB01970,11,58,432000,1,0,418000,0,0,0,0.0,19,79.2,1,0,342000,0.04,0,0,133000,0,0.68,14
L1NSB01971,24,24,705000,1,0,84000,0,0,0,0.0,24,100.0,1,8,301000,0.07,0,0,58000,1,0.99,0
L1NSB01972,7,66,101000,0,0,171000,0,0,0,0.0,22,91.7,1,16,396000,0.11,0,0,81000,1,0.93,3
L1NSB01973,21,36,703000,1,0,337000,0,0,0,0.0,17,70.8,1,19,442000,0.03,0,0,134000,1,0.8,8
L1NSB01974,12,75,766000,1,0,414000,5836000,126,1,0.03,21,87.5,1,6,335000,0.13,0,0,116000,1,0.88,5
L1NSB01975,13,47,68000,1,0,318000,0,0,0,0.0,24,100.0,0,19,170000,0.07,0,0,79000,1,0.71,13
L1NSB01976,9,79,648000,1,0,274000,3594000,355,1,0.1,17,70.8,1,9,140000,0.09,0,0,109000,0,0.73,12
L1NSB01977,10,24,448000,1,0,283000,0,0,0,0.0,15,62.5,1,1,280000,0.06,0,0,125000,1,0.85,6
L1NSB01978,13,66,107000,1,1,321000,0,0,0,0.0,14,58.3,1,11,383000,0.09,0,0,78000,0,0.71,13
L1NSB01979,21,40,73000,1,0,141000,0,0,0,0.0,16,66.7,0,12,110000,0.01,0,0,58000,0,0.8,8
L1NSB01980,21,68,222000,1,0,284000,0,0,0,0.0,18,75.0,0,19,106000,0.09,0,0,120000,0,0.61,17
L1NSB01981,15,7,439000,0,0,251000,2994000,185,1,0.13,23,95.8,1,17,228000,0.07,0,0,102000,0,0.76,10
L1NSB01982,23,43,262000,1,0,191000,5798000,54,0,0.1,23,95.8,0,16,269000,0.07,0,0,61000,1,0.99,0
L1NSB01983,16,7,364000,0,0,24000,0,0,0,0.0,18,75.0,1,16,436000,0.07,0,0,144000,1,0.65,15
L1NSB01984,0,0,0,0,0,0,3851000,214,1,0.06,18,75.0,1,19,339000,0.06,0,0,133000,1,0.62,17
L1NSB01985,10,59,344000,1,0,355000,2192000,215,1,0.04,14,58.3,1,0,125000,0.07,0,0,35000,1,0.76,10
L1NSB01986,19,65,739000,1,0,448000,0,0,0,0.0,22,91.7,1,1,213000,0.02,0,0,116000,1,0.85,6
L1NSB01987,9,60,558000,1,1,399000,0,0,0,0.0,14,58.3,1,0,0,0.0,0,0,21000,0,0.73,12
L1NSB01988,0,0,0,0,0,0,0,0,0,0.0,23,95.8,1,2,228000,0.05,0,0,76000,1,0.95,2
L1NSB01989,11,23,294000,0,0,233000,4274000,143,1,0.03,18,75.0,0,17,364000,0.05,0,0,115000,1,0.96,1
L1NSB01990,18,77,644000,0,0,132000,0,0,0,0.0,22,91.7,1,2,212000,0.07,0,0,143000,0,0.88,5
L1NSB01991,19,52,755000,0,0,430000,3209000,260,1,0.1,15,62.5,0,4,315000,0.13,0,0,148000,1,0.58,18
L1NSB01992,12,8,733000,1,0,127000,5844000,124,0,0.05,22,91.7,1,14,462000,0.08,0,0,121000,0,0.81,8
L1NSB01993,13,5,687000,0,0,194000,0,0,0,0.0,16,66.7,1,2,307000,0.05,0,0,68000,1,0.81,8
L1NSB01994,10,57,84000,0,0,191000,0,0,0,0.0,22,91.7,0,18,265000,0.05,0,0,37000,1,0.67,14
L1NSB01995,6,35,586000,1,0,190000,4021000,285,0,0.12,21,87.5,1,20,482000,0.14,0,0,150000,1,0.79,9
L1NSB01996,0,0,0,0,0,0,1802000,222,1,0.03,14,58.3,0,1,476000,0.06,0,0,99000,0,0.73,12
L1NSB01997,9,51,40000,1,0,465000,0,0,0,0.0,24,100.0,1,0,0,0.0,0,0,76000,1,0.57,19
L1NSB01998,18,52,415000,1,1,434000,4449000,64,1,0.1,22,91.7,1,11,379000,0.06,0,0,74000,1,0.76,10
L1NSB01999,13,79,128000,1,0,146000,0,0,0,0.0,17,70.8,0,14,127000,0.13,0,0,68000,1,0.62,17
L1NSB02000,0,0,0,0,0,0,0,0,0,0.0,23,95.8,0,12,463000,0.13,0,0,26000,0,0.74,11
