pinjaman_id,nasabah_id,platform_id,tgl_cair,tipe_produk,nama_produk,pokok,tenor_bulan,bunga_per_bulan,total_kewajiban,status_kolektibilitas,hari_keterlambatan,sudah_lunas
L1KRD000001,L1NSB00001,PLT001,2023-05-25,P2P Lending,Renovasi,500000,6,1.87,556100,Lancar,0,1
L1KRD000002,L1NSB00001,PLT001,2022-05-14,P2P Lending,Renovasi,3000000,9,3.02,3815400,Lancar,3,1
L1KRD000003,L1NSB00001,PLT001,2024-03-12,P2P Lending,Kesehatan,1000000,3,1.51,1045300,Lancar,2,1
L1KRD000004,L1NSB00002,PLT005,2024-02-26,P2P Lending,Pendidikan,10000000,1,1.91,10191000,Lancar,1,1
L1KRD000005,L1NSB00003,PLT001,2022-09-28,P2P Lending,Pendidikan,7000000,3,3.11,7653100,Lancar,3,1
L1KRD000006,L1NSB00003,PLT001,2022-02-04,P2P Lending,Modal usaha,7000000,6,3.34,8402800,Lancar,2,1
L1KRD000007,L1NSB00004,PLT005,2023-12-18,P2P Lending,Konsumsi,10000000,3,2.59,10777000,Lancar,2,1
L1KRD000008,L1NSB00004,PLT005,2024-05-23,P2P Lending,Kesehatan,2000000,6,1.94,2232800,Macet,145,0
L1KRD000009,L1NSB00004,PLT005,2023-07-28,P2P Lending,Pendidikan,7000000,1,3.42,7239400,Lancar,2,1
L1KRD000010,L1NSB00004,PLT005,2024-03-29,P2P Lending,Modal usaha,2000000,12,3.46,2830400,Lancar,0,0
L1KRD000011,L1NSB00005,PLT002,2023-09-03,P2P Lending,Modal usaha,7000000,12,2.18,8831200,Lancar,0,1
L1KRD000012,L1NSB00006,PLT004,2023-03-01,Multifinance,Mesin usaha,25000000,18,1.91,33595000,Lancar,2,1
L1KRD000013,L1NSB00006,PLT004,2023-11-15,Multifinance,Mesin usaha,7000000,18,1.78,9242800,Lancar,3,0
L1KRD000014,L1NSB00006,PLT004,2023-09-11,Multifinance,Motor baru,15000000,24,1.62,20832000,Lancar,1,0
L1KRD000015,L1NSB00007,PLT005,2024-04-01,P2P Lending,Renovasi,5000000,1,3.17,5158500,Lancar,3,1
L1KRD000016,L1NSB00008,PLT005,2022-04-21,P2P Lending,Pendidikan,5000000,9,1.69,5760500,Kurang Lancar,44,0
L1KRD000017,L1NSB00008,PLT005,2023-07-05,P2P Lending,Renovasi,500000,6,3.0,590000,Lancar,2,1
L1KRD000018,L1NSB00010,PLT001,2022-12-20,P2P Lending,Pendidikan,3000000,1,3.13,3093900,Kurang Lancar,63,0
L1KRD000019,L1NSB00010,PLT001,2023-05-02,P2P Lending,Kesehatan,1000000,6,2.11,1126600,DPK,9,1
L1KRD000020,L1NSB00010,PLT001,2022-08-21,P2P Lending,Modal usaha,10000000,12,3.28,13936000,Lancar,3,1
L1KRD000021,L1NSB00010,PLT001,2023-07-25,P2P Lending,Kesehatan,1000000,3,2.19,1065700,Lancar,2,1
L1KRD000022,L1NSB00011,PLT005,2023-12-24,P2P Lending,Pendidikan,10000000,6,2.89,11734000,Lancar,3,1
L1KRD000023,L1NSB00013,PLT002,2023-09-17,P2P Lending,Pendidikan,3000000,3,2.65,3238500,Lancar,3,1
L1KRD000024,L1NSB00014,PLT003,2023-08-27,Multifinance,Refinancing,15000000,12,1.38,17484000,Kurang Lancar,40,0
L1KRD000025,L1NSB00016,PLT001,2023-09-04,P2P Lending,Modal usaha,2000000,6,2.17,2260400,Lancar,1,1
L1KRD000026,L1NSB00016,PLT001,2022-05-13,P2P Lending,Kesehatan,5000000,9,1.97,5886500,Lancar,0,1
L1KRD000027,L1NSB00017,PLT005,2022-02-19,P2P Lending,Modal usaha,10000000,9,2.0,11800000,Lancar,2,1
L1KRD000028,L1NSB00017,PLT005,2023-12-07,P2P Lending,Konsumsi,2000000,3,1.54,2092400,Lancar,0,1
L1KRD000029,L1NSB00018,PLT003,2022-11-02,Multifinance,Motor bekas,3000000,24,1.88,4353600,Lancar,3,1
L1KRD000030,L1NSB00019,PLT004,2022-04-01,Multifinance,Mesin usaha,5000000,24,1.07,6284000,Lancar,0,1
L1KRD000031,L1NSB00019,PLT004,2022-04-24,Multifinance,Motor baru,15000000,24,1.48,20328000,Lancar,2,1
L1KRD000032,L1NSB00020,PLT001,2022-04-12,P2P Lending,Konsumsi,2000000,12,3.21,2770400,Lancar,1,1
L1KRD000033,L1NSB00020,PLT001,2023-01-28,P2P Lending,Pendidikan,5000000,1,3.41,5170500,Lancar,3,1
L1KRD000034,L1NSB00021,PLT003,2023-06-14,Multifinance,Refinancing,3000000,48,1.26,4814400,Lancar,0,0
L1KRD000035,L1NSB00021,PLT003,2023-06-27,Multifinance,Motor bekas,5000000,36,1.71,8078000,Lancar,0,0
L1KRD000036,L1NSB00021,PLT003,2023-04-12,Multifinance,Mesin usaha,3000000,24,1.72,4238400,Lancar,2,0
L1KRD000037,L1NSB00022,PLT001,2023-01-22,P2P Lending,Modal usaha,7000000,1,2.02,7141400,Lancar,0,1
L1KRD000038,L1NSB00022,PLT001,2023-05-06,P2P Lending,Renovasi,1000000,3,1.61,1048300,Lancar,3,1
L1KRD000039,L1NSB00023,PLT005,2023-04-13,P2P Lending,Pendidikan,1000000,3,1.91,1057300,Lancar,3,1
L1KRD000040,L1NSB00023,PLT005,2022-03-02,P2P Lending,Pendidikan,2000000,3,1.79,2107400,Kurang Lancar,34,0
L1KRD000041,L1NSB00023,PLT005,2023-04-21,P2P Lending,Renovasi,1000000,6,1.92,1115200,Lancar,2,1
L1KRD000042,L1NSB00025,PLT002,2024-02-19,P2P Lending,Kesehatan,2000000,3,3.42,2205200,Lancar,1,1
L1KRD000043,L1NSB00025,PLT002,2022-04-09,P2P Lending,Kesehatan,1000000,6,3.12,1187200,Lancar,1,1
L1KRD000044,L1NSB00025,PLT002,2024-04-23,P2P Lending,Kesehatan,500000,1,2.72,513600,Lancar,1,1
L1KRD000045,L1NSB00026,PLT004,2022-04-02,Multifinance,Mesin usaha,7000000,18,1.11,8398600,Lancar,0,1
L1KRD000046,L1NSB00026,PLT004,2023-12-20,Multifinance,Elektronik,5000000,36,1.37,7466000,Lancar,1,0
L1KRD000047,L1NSB00027,PLT002,2022-06-27,P2P Lending,Renovasi,3000000,1,1.58,3047400,Lancar,1,1
L1KRD000048,L1NSB00027,PLT002,2022-09-23,P2P Lending,Kesehatan,1000000,6,3.2,1192000,Kurang Lancar,72,0
L1KRD000049,L1NSB00027,PLT002,2023-08-10,P2P Lending,Kesehatan,2000000,6,3.25,2390000,Lancar,1,1
L1KRD000050,L1NSB00028,PLT003,2023-05-13,Multifinance,Refinancing,7000000,18,1.6,9016000,Lancar,2,1
L1KRD000051,L1NSB00030,PLT002,2024-03-06,P2P Lending,Kesehatan,10000000,12,2.85,13420000,DPK,10,0
L1KRD000052,L1NSB00030,PLT002,2023-03-15,P2P Lending,Pendidikan,3000000,9,2.35,3634500,Lancar,0,1
L1KRD000053,L1NSB00032,PLT001,2022-09-09,P2P Lending,Renovasi,1000000,12,2.49,1298800,Lancar,2,1
L1KRD000054,L1NSB00032,PLT001,2022-10-22,P2P Lending,Konsumsi,7000000,12,1.93,8621200,Lancar,2,1
L1KRD000055,L1NSB00033,PLT002,2023-06-03,P2P Lending,Kesehatan,5000000,3,2.74,5411000,Macet,281,0
L1KRD000056,L1NSB00034,PLT002,2022-08-09,P2P Lending,Konsumsi,500000,12,3.21,692600,Lancar,2,1
L1KRD000057,L1NSB00034,PLT002,2022-03-06,P2P Lending,Konsumsi,3000000,3,2.86,3257400,DPK,4,1
L1KRD000058,L1NSB00034,PLT002,2023-06-30,P2P Lending,Renovasi,7000000,12,2.78,9335200,Macet,274,0
L1KRD000059,L1NSB00035,PLT005,2022-11-25,P2P Lending,Modal usaha,3000000,1,1.53,3045900,Lancar,0,1
L1KRD000060,L1NSB00036,PLT001,2022-06-16,P2P Lending,Renovasi,1000000,1,2.93,1029300,Lancar,2,1
L1KRD000061,L1NSB00036,PLT001,2024-05-30,P2P Lending,Renovasi,10000000,9,2.69,12421000,Lancar,1,0
L1KRD000062,L1NSB00036,PLT001,2022-04-12,P2P Lending,Pendidikan,2000000,3,3.37,2202200,DPK,17,1
L1KRD000063,L1NSB00038,PLT005,2022-07-27,P2P Lending,Modal usaha,3000000,1,2.17,3065100,Lancar,0,1
L1KRD000064,L1NSB00039,PLT002,2024-06-01,P2P Lending,Modal usaha,3000000,9,2.6,3702000,DPK,25,0
L1KRD000065,L1NSB00040,PLT005,2022-04-13,P2P Lending,Konsumsi,1000000,3,2.35,1070500,Lancar,1,1
L1KRD000066,L1NSB00040,PLT005,2022-07-14,P2P Lending,Pendidikan,2000000,6,3.09,2370800,Lancar,0,1
L1KRD000067,L1NSB00041,PLT002,2023-07-31,P2P Lending,Konsumsi,7000000,3,1.67,7350700,Lancar,3,1
L1KRD000068,L1NSB00041,PLT002,2023-12-22,P2P Lending,Konsumsi,5000000,1,2.21,5110500,Lancar,3,1
L1KRD000069,L1NSB00041,PLT002,2023-03-24,P2P Lending,Modal usaha,7000000,3,2.76,7579600,DPK,14,1
L1KRD000070,L1NSB00043,PLT003,2022-08-27,Multifinance,Refinancing,3000000,48,1.61,5318400,Lancar,0,0
L1KRD000071,L1NSB00043,PLT003,2022-01-13,Multifinance,Refinancing,10000000,48,1.44,16912000,Macet,146,0
L1KRD000072,L1NSB00044,PLT002,2023-10-24,P2P Lending,Pendidikan,500000,12,2.08,624800,Lancar,0,1
L1KRD000073,L1NSB00044,PLT002,2023-09-05,P2P Lending,Konsumsi,7000000,1,1.57,7109900,Lancar,2,1
L1KRD000074,L1NSB00044,PLT002,2023-06-17,P2P Lending,Pendidikan,10000000,9,3.31,12979000,Lancar,1,1
L1KRD000075,L1NSB00044,PLT002,2022-02-05,P2P Lending,Kesehatan,1000000,12,3.05,1366000,Lancar,3,1
L1KRD000076,L1NSB00045,PLT002,2023-06-30,P2P Lending,Konsumsi,2000000,12,3.17,2760800,Lancar,0,1
L1KRD000077,L1NSB00045,PLT002,2022-03-02,P2P Lending,Modal usaha,7000000,9,2.21,8392300,Lancar,2,1
L1KRD000078,L1NSB00045,PLT002,2024-03-16,P2P Lending,Konsumsi,5000000,9,2.97,6336500,DPK,4,0
L1KRD000079,L1NSB00046,PLT002,2022-03-09,P2P Lending,Modal usaha,7000000,1,3.36,7235200,Macet,303,0
L1KRD000080,L1NSB00048,PLT005,2023-07-13,P2P Lending,Kesehatan,5000000,6,2.6,5780000,Lancar,1,1
L1KRD000081,L1NSB00048,PLT005,2022-11-03,P2P Lending,Renovasi,1000000,6,3.3,1198000,Lancar,2,1
L1KRD000082,L1NSB00048,PLT005,2024-01-30,P2P Lending,Kesehatan,500000,3,2.19,532850,Lancar,3,1
L1KRD000083,L1NSB00048,PLT005,2024-02-14,P2P Lending,Modal usaha,5000000,12,1.71,6026000,Lancar,0,0
L1KRD000084,L1NSB00049,PLT002,2024-03-28,P2P Lending,Konsumsi,2000000,1,2.08,2041600,DPK,4,1
L1KRD000085,L1NSB00050,PLT005,2023-11-22,P2P Lending,Renovasi,2000000,9,2.76,2496800,Macet,303,0
L1KRD000086,L1NSB00050,PLT005,2022-09-18,P2P Lending,Pendidikan,500000,3,1.84,527600,Lancar,1,1
L1KRD000087,L1NSB00051,PLT002,2023-12-18,P2P Lending,Renovasi,5000000,3,2.07,5310500,Lancar,3,1
L1KRD000088,L1NSB00051,PLT002,2022-05-10,P2P Lending,Modal usaha,2000000,1,2.57,2051400,Lancar,2,1
L1KRD000089,L1NSB00052,PLT002,2023-12-18,P2P Lending,Konsumsi,7000000,9,2.56,8612800,DPK,18,1
L1KRD000090,L1NSB00052,PLT002,2023-05-31,P2P Lending,Modal usaha,10000000,3,1.54,10462000,Lancar,0,1
L1KRD000091,L1NSB00052,PLT002,2024-03-13,P2P Lending,Konsumsi,10000000,9,2.28,12052000,Kurang Lancar,82,0
L1KRD000092,L1NSB00052,PLT002,2022-01-02,P2P Lending,Pendidikan,1000000,1,2.72,1027200,Lancar,0,1
L1KRD000093,L1NSB00053,PLT002,2022-04-14,P2P Lending,Modal usaha,10000000,6,2.75,11650000,Lancar,1,1
L1KRD000094,L1NSB00055,PLT002,2022-12-25,P2P Lending,Pendidikan,1000000,3,2.5,1075000,Lancar,3,1
L1KRD000095,L1NSB00055,PLT002,2023-04-24,P2P Lending,Kesehatan,10000000,9,3.34,13006000,Lancar,2,1
L1KRD000096,L1NSB00056,PLT004,2022-02-06,Multifinance,Motor bekas,20000000,12,1.32,23168000,Lancar,0,1
L1KRD000097,L1NSB00057,PLT002,2023-01-27,P2P Lending,Konsumsi,5000000,9,2.04,5918000,Kurang Lancar,90,0
L1KRD000098,L1NSB00061,PLT004,2022-08-21,Multifinance,Elektronik,15000000,24,1.99,22164000,Lancar,3,1
L1KRD000099,L1NSB00063,PLT003,2022-08-06,Multifinance,Refinancing,3000000,48,1.88,5707200,Lancar,1,0
L1KRD000100,L1NSB00064,PLT002,2022-05-01,P2P Lending,Pendidikan,1000000,1,2.21,1022100,Lancar,1,1
L1KRD000101,L1NSB00064,PLT002,2023-03-19,P2P Lending,Konsumsi,3000000,1,1.91,3057300,Lancar,1,1
L1KRD000102,L1NSB00065,PLT003,2022-07-08,Multifinance,Elektronik,15000000,18,1.21,18267000,Lancar,2,1
L1KRD000103,L1NSB00066,PLT003,2024-04-23,Multifinance,Refinancing,20000000,48,1.45,33920000,Lancar,2,0
L1KRD000104,L1NSB00066,PLT003,2022-12-30,Multifinance,Motor bekas,10000000,36,1.32,14752000,Macet,152,0
L1KRD000105,L1NSB00067,PLT003,2023-05-24,Multifinance,Mesin usaha,3000000,36,1.29,4393200,Lancar,1,0
L1KRD000106,L1NSB00067,PLT003,2022-11-28,Multifinance,Elektronik,7000000,12,1.16,7974400,Macet,322,0
L1KRD000107,L1NSB00068,PLT004,2022-01-15,Multifinance,Mesin usaha,3000000,36,1.2,4296000,Lancar,1,0
L1KRD000108,L1NSB00068,PLT004,2022-09-16,Multifinance,Motor bekas,3000000,12,1.68,3604800,Lancar,3,1
L1KRD000109,L1NSB00068,PLT004,2022-11-01,Multifinance,Motor baru,5000000,36,1.93,8474000,Lancar,3,0
L1KRD000110,L1NSB00069,PLT001,2022-07-27,P2P Lending,Pendidikan,3000000,9,2.34,3631800,Lancar,3,1
L1KRD000111,L1NSB00069,PLT001,2023-02-04,P2P Lending,Kesehatan,3000000,3,2.27,3204300,Lancar,1,1
L1KRD000112,L1NSB00069,PLT001,2023-12-09,P2P Lending,Pendidikan,1000000,3,1.94,1058200,Lancar,1,1
L1KRD000113,L1NSB00069,PLT001,2022-01-02,P2P Lending,Pendidikan,1000000,9,2.83,1254700,Lancar,3,1
L1KRD000114,L1NSB00070,PLT005,2024-05-27,P2P Lending,Pendidikan,5000000,6,1.74,5522000,Lancar,0,1
L1KRD000115,L1NSB00070,PLT005,2024-03-26,P2P Lending,Konsumsi,1000000,12,2.07,1248400,Macet,305,0
L1KRD000116,L1NSB00071,PLT004,2022-07-08,Multifinance,Mesin usaha,25000000,18,1.97,33865000,Lancar,3,1
L1KRD000117,L1NSB00071,PLT004,2024-02-11,Multifinance,Mesin usaha,3000000,48,1.91,5750400,Lancar,2,0
L1KRD000118,L1NSB00073,PLT004,2023-04-08,Multifinance,Refinancing,15000000,48,1.05,22560000,Lancar,0,0
L1KRD000119,L1NSB00075,PLT003,2024-02-28,Multifinance,Mesin usaha,5000000,24,1.74,7088000,DPK,6,0
L1KRD000120,L1NSB00075,PLT003,2022-05-21,Multifinance,Motor bekas,10000000,18,1.02,11836000,Kurang Lancar,67,0
L1KRD000121,L1NSB00075,PLT003,2023-12-21,Multifinance,Motor bekas,25000000,12,1.69,30070000,Lancar,1,0
L1KRD000122,L1NSB00078,PLT003,2023-01-16,Multifinance,Motor bekas,20000000,48,1.15,31040000,Lancar,2,0
L1KRD000123,L1NSB00079,PLT004,2023-10-04,Multifinance,Mesin usaha,25000000,48,1.58,43960000,Kurang Lancar,83,0
L1KRD000124,L1NSB00079,PLT004,2023-09-09,Multifinance,Mesin usaha,5000000,36,1.55,7790000,Lancar,3,0
L1KRD000125,L1NSB00079,PLT004,2022-09-09,Multifinance,Elektronik,10000000,12,1.63,11956000,Lancar,3,1
L1KRD000126,L1NSB00079,PLT004,2022-12-03,Multifinance,Elektronik,3000000,24,1.26,3907200,DPK,14,1
L1KRD000127,L1NSB00081,PLT001,2022-06-08,P2P Lending,Modal usaha,10000000,1,2.26,10226000,Lancar,2,1
L1KRD000128,L1NSB00081,PLT001,2023-08-25,P2P Lending,Renovasi,5000000,9,1.78,5801000,DPK,6,1
L1KRD000129,L1NSB00081,PLT001,2024-02-17,P2P Lending,Renovasi,500000,12,2.04,622400,Lancar,2,0
L1KRD000130,L1NSB00082,PLT004,2022-03-19,Multifinance,Motor bekas,20000000,36,1.59,31448000,Kurang Lancar,52,0
L1KRD000131,L1NSB00082,PLT004,2023-04-11,Multifinance,Elektronik,25000000,24,1.57,34420000,Lancar,2,0
L1KRD000132,L1NSB00083,PLT001,2024-04-25,P2P Lending,Kesehatan,10000000,12,1.83,12196000,Kurang Lancar,76,0
L1KRD000133,L1NSB00084,PLT005,2023-10-28,P2P Lending,Pendidikan,2000000,1,3.09,2061800,Lancar,3,1
L1KRD000134,L1NSB00085,PLT002,2022-10-07,P2P Lending,Kesehatan,10000000,1,2.54,10254000,DPK,24,1
L1KRD000135,L1NSB00085,PLT002,2022-08-27,P2P Lending,Renovasi,1000000,3,2.51,1075300,Lancar,2,1
L1KRD000136,L1NSB00085,PLT002,2022-03-20,P2P Lending,Renovasi,500000,3,2.45,536750,Lancar,2,1
L1KRD000137,L1NSB00086,PLT004,2022-05-12,Multifinance,Elektronik,7000000,48,1.21,11065600,Lancar,3,0
L1KRD000138,L1NSB00086,PLT004,2023-06-14,Multifinance,Elektronik,3000000,12,1.41,3507600,Lancar,3,1
L1KRD000139,L1NSB00087,PLT004,2022-04-19,Multifinance,Refinancing,25000000,18,1.17,30265000,Lancar,0,1
L1KRD000140,L1NSB00087,PLT004,2024-05-02,Multifinance,Refinancing,15000000,12,1.94,18492000,DPK,25,0
L1KRD000141,L1NSB00087,PLT004,2023-07-19,Multifinance,Motor baru,7000000,48,1.08,10628800,DPK,7,0
L1KRD000142,L1NSB00090,PLT004,2022-09-13,Multifinance,Refinancing,7000000,48,1.97,13619200,Lancar,0,0
L1KRD000143,L1NSB00090,PLT004,2022-02-19,Multifinance,Motor bekas,15000000,12,1.85,18330000,Lancar,1,1
L1KRD000144,L1NSB00091,PLT001,2023-01-27,P2P Lending,Modal usaha,3000000,1,1.79,3053700,Lancar,1,1
L1KRD000145,L1NSB00092,PLT001,2023-06-09,P2P Lending,Kesehatan,10000000,9,3.42,13078000,Lancar,1,1
L1KRD000146,L1NSB00092,PLT001,2023-05-26,P2P Lending,Konsumsi,7000000,9,2.99,8883700,Macet,221,0
L1KRD000147,L1NSB00092,PLT001,2023-05-01,P2P Lending,Kesehatan,1000000,1,3.48,1034800,Lancar,1,1
L1KRD000148,L1NSB00093,PLT001,2023-12-15,P2P Lending,Modal usaha,2000000,12,1.85,2444000,DPK,27,0
L1KRD000149,L1NSB00093,PLT001,2022-10-08,P2P Lending,Kesehatan,10000000,6,2.12,11272000,Lancar,2,1
L1KRD000150,L1NSB00094,PLT001,2022-08-15,P2P Lending,Modal usaha,2000000,12,3.36,2806400,DPK,22,1
L1KRD000151,L1NSB00094,PLT001,2023-06-23,P2P Lending,Konsumsi,7000000,12,1.95,8638000,Lancar,0,1
L1KRD000152,L1NSB00097,PLT001,2022-08-08,P2P Lending,Pendidikan,500000,9,3.05,637250,Lancar,0,1
L1KRD000153,L1NSB00097,PLT001,2023-02-02,P2P Lending,Konsumsi,7000000,9,2.61,8644300,DPK,29,1
L1KRD000154,L1NSB00098,PLT004,2022-02-01,Multifinance,Refinancing,15000000,48,1.49,25728000,Lancar,0,0
L1KRD000155,L1NSB00098,PLT004,2023-02-03,Multifinance,Motor bekas,15000000,36,1.6,23640000,Lancar,2,0
L1KRD000156,L1NSB00098,PLT004,2023-01-14,Multifinance,Elektronik,10000000,18,1.85,13330000,Lancar,3,1
L1KRD000157,L1NSB00099,PLT005,2023-02-24,P2P Lending,Pendidikan,10000000,3,2.8,10840000,Lancar,0,1
L1KRD000158,L1NSB00099,PLT005,2023-08-22,P2P Lending,Pendidikan,7000000,6,3.4,8428000,Lancar,1,1
L1KRD000159,L1NSB00099,PLT005,2022-03-06,P2P Lending,Pendidikan,3000000,1,2.9,3087000,Lancar,3,1
L1KRD000160,L1NSB00101,PLT002,2024-03-23,P2P Lending,Konsumsi,2000000,12,2.65,2636000,Lancar,2,0
L1KRD000161,L1NSB00101,PLT002,2024-04-06,P2P Lending,Konsumsi,10000000,6,2.46,11476000,Lancar,0,1
L1KRD000162,L1NSB00102,PLT005,2022-11-22,P2P Lending,Konsumsi,3000000,6,2.27,3408600,Lancar,3,1
L1KRD000163,L1NSB00102,PLT005,2023-03-06,P2P Lending,Modal usaha,3000000,1,2.17,3065100,Macet,344,0
L1KRD000164,L1NSB00102,PLT005,2022-01-19,P2P Lending,Modal usaha,500000,12,2.88,672800,Lancar,1,1
L1KRD000165,L1NSB00103,PLT005,2023-08-27,P2P Lending,Pendidikan,10000000,3,3.11,10933000,Lancar,2,1
L1KRD000166,L1NSB00104,PLT005,2022-12-24,P2P Lending,Kesehatan,500000,3,1.88,528200,DPK,21,1
L1KRD000167,L1NSB00105,PLT001,2023-06-01,P2P Lending,Renovasi,3000000,12,2.98,4072800,DPK,10,1
L1KRD000168,L1NSB00107,PLT004,2023-11-13,Multifinance,Motor bekas,25000000,36,1.54,38860000,Lancar,0,0
L1KRD000169,L1NSB00107,PLT004,2022-03-08,Multifinance,Refinancing,20000000,18,1.22,24392000,Lancar,1,1
L1KRD000170,L1NSB00108,PLT005,2022-02-18,P2P Lending,Pendidikan,1000000,9,3.36,1302400,Lancar,2,1
L1KRD000171,L1NSB00110,PLT004,2022-12-14,Multifinance,Motor bekas,10000000,24,1.74,14176000,DPK,21,0
L1KRD000172,L1NSB00111,PLT003,2024-04-16,Multifinance,Elektronik,25000000,48,1.05,37600000,Lancar,1,0
L1KRD000173,L1NSB00111,PLT003,2024-01-24,Multifinance,Mesin usaha,15000000,48,1.01,22272000,Lancar,0,0
L1KRD000174,L1NSB00112,PLT001,2022-07-17,P2P Lending,Konsumsi,10000000,12,2.34,12808000,Lancar,1,1
L1KRD000175,L1NSB00112,PLT001,2023-08-24,P2P Lending,Renovasi,3000000,1,2.33,3069900,Lancar,3,1
L1KRD000176,L1NSB00113,PLT004,2023-12-28,Multifinance,Mesin usaha,10000000,24,1.19,12856000,Lancar,2,0
L1KRD000177,L1NSB00114,PLT003,2023-09-30,Multifinance,Refinancing,3000000,24,1.85,4332000,Lancar,3,0
L1KRD000178,L1NSB00114,PLT003,2023-11-19,Multifinance,Motor bekas,20000000,24,1.1,25280000,Lancar,1,0
L1KRD000179,L1NSB00117,PLT001,2023-04-29,P2P Lending,Pendidikan,2000000,6,1.58,2189600,Lancar,2,1
L1KRD000180,L1NSB00117,PLT001,2022-03-24,P2P Lending,Pendidikan,5000000,12,2.57,6542000,Lancar,2,1
L1KRD000181,L1NSB00118,PLT003,2022-04-26,Multifinance,Motor baru,15000000,18,1.53,19131000,Lancar,2,1
L1KRD000182,L1NSB00118,PLT003,2022-11-02,Multifinance,Elektronik,5000000,12,1.1,5660000,DPK,10,1
L1KRD000183,L1NSB00118,PLT003,2023-07-13,Multifinance,Elektronik,20000000,12,1.94,24656000,Lancar,3,1
L1KRD000184,L1NSB00119,PLT003,2023-12-05,Multifinance,Mesin usaha,20000000,18,1.8,26480000,Kurang Lancar,57,0
L1KRD000185,L1NSB00119,PLT003,2023-05-09,Multifinance,Refinancing,5000000,18,1.05,5945000,Lancar,2,1
L1KRD000186,L1NSB00120,PLT001,2023-11-03,P2P Lending,Renovasi,5000000,6,3.11,5933000,Macet,112,0
L1KRD000187,L1NSB00121,PLT003,2023-09-01,Multifinance,Mesin usaha,7000000,24,1.96,10292800,Lancar,0,0
L1KRD000188,L1NSB00121,PLT003,2022-02-28,Multifinance,Motor baru,25000000,36,1.57,39130000,Lancar,0,0
L1KRD000189,L1NSB00121,PLT003,2024-05-15,Multifinance,Mesin usaha,25000000,24,1.4,33400000,Lancar,0,0
L1KRD000190,L1NSB00123,PLT004,2022-08-09,Multifinance,Motor bekas,20000000,24,1.4,26720000,Lancar,3,1
L1KRD000191,L1NSB00123,PLT004,2024-01-14,Multifinance,Refinancing,20000000,48,1.03,29888000,Lancar,3,0
L1KRD000192,L1NSB00124,PLT004,2022-01-25,Multifinance,Elektronik,25000000,12,1.77,30310000,Lancar,2,1
L1KRD000193,L1NSB00125,PLT004,2022-02-12,Multifinance,Mesin usaha,7000000,36,1.9,11788000,Lancar,1,0
L1KRD000194,L1NSB00125,PLT004,2022-01-23,Multifinance,Refinancing,5000000,12,1.45,5870000,Lancar,1,1
L1KRD000195,L1NSB00126,PLT003,2023-04-16,Multifinance,Mesin usaha,3000000,12,1.74,3626400,Lancar,0,1
L1KRD000196,L1NSB00128,PLT003,2022-06-06,Multifinance,Refinancing,20000000,24,1.52,27296000,Lancar,1,1
L1KRD000197,L1NSB00128,PLT003,2023-05-09,Multifinance,Refinancing,7000000,36,1.49,10754800,Kurang Lancar,86,0
L1KRD000198,L1NSB00128,PLT003,2022-07-29,Multifinance,Elektronik,25000000,18,1.28,30760000,Lancar,1,1
L1KRD000199,L1NSB00129,PLT005,2024-01-16,P2P Lending,Pendidikan,500000,9,2.38,607100,DPK,17,1
L1KRD000200,L1NSB00129,PLT005,2023-06-27,P2P Lending,Pendidikan,2000000,9,2.6,2468000,DPK,6,1
L1KRD000201,L1NSB00129,PLT005,2022-10-11,P2P Lending,Konsumsi,1000000,9,2.64,1237600,Lancar,1,1
L1KRD000202,L1NSB00129,PLT005,2022-04-04,P2P Lending,Kesehatan,3000000,6,1.79,3322200,Lancar,1,1
L1KRD000203,L1NSB00130,PLT001,2023-05-08,P2P Lending,Modal usaha,5000000,9,1.98,5891000,Lancar,3,1
L1KRD000204,L1NSB00130,PLT001,2022-11-04,P2P Lending,Kesehatan,3000000,9,3.06,3826200,Lancar,0,1
L1KRD000205,L1NSB00131,PLT001,2023-03-26,P2P Lending,Kesehatan,10000000,3,2.49,10747000,Macet,349,0
L1KRD000206,L1NSB00131,PLT001,2024-03-24,P2P Lending,Konsumsi,5000000,9,2.38,6071000,DPK,4,0
L1KRD000207,L1NSB00132,PLT001,2024-05-11,P2P Lending,Konsumsi,2000000,9,2.57,2462600,Lancar,1,0
L1KRD000208,L1NSB00132,PLT001,2022-08-03,P2P Lending,Kesehatan,2000000,9,2.16,2388800,Lancar,2,1
L1KRD000209,L1NSB00133,PLT005,2022-05-16,P2P Lending,Renovasi,500000,6,3.28,598400,Lancar,1,1
L1KRD000210,L1NSB00134,PLT004,2023-05-11,Multifinance,Mesin usaha,15000000,12,1.53,17754000,Lancar,3,1
L1KRD000211,L1NSB00134,PLT004,2023-10-17,Multifinance,Motor baru,7000000,36,1.84,11636800,DPK,19,0
L1KRD000212,L1NSB00135,PLT004,2023-09-21,Multifinance,Elektronik,10000000,36,1.04,13744000,Lancar,1,0
L1KRD000213,L1NSB00135,PLT004,2022-03-21,Multifinance,Mesin usaha,20000000,18,1.26,24536000,Kurang Lancar,40,0
L1KRD000214,L1NSB00136,PLT001,2023-07-29,P2P Lending,Modal usaha,3000000,3,3.34,3300600,Lancar,1,1
L1KRD000215,L1NSB00136,PLT001,2022-06-12,P2P Lending,Modal usaha,10000000,9,2.93,12637000,Lancar,0,1
L1KRD000216,L1NSB00138,PLT004,2023-09-08,Multifinance,Refinancing,15000000,12,1.03,16854000,Lancar,2,1
L1KRD000217,L1NSB00138,PLT004,2023-01-04,Multifinance,Motor bekas,10000000,36,1.25,14500000,Lancar,1,0
L1KRD000218,L1NSB00140,PLT004,2023-12-25,Multifinance,Motor bekas,3000000,48,1.79,5577600,Lancar,2,0
L1KRD000219,L1NSB00140,PLT004,2023-01-02,Multifinance,Refinancing,15000000,48,1.64,26808000,Lancar,3,0
L1KRD000220,L1NSB00140,PLT004,2022-11-20,Multifinance,Mesin usaha,15000000,24,1.76,21336000,Lancar,0,1
L1KRD000221,L1NSB00140,PLT004,2022-02-24,Multifinance,Elektronik,20000000,18,1.26,24536000,Lancar,2,1
L1KRD000222,L1NSB00141,PLT001,2023-01-24,P2P Lending,Pendidikan,3000000,1,2.65,3079500,Lancar,0,1
L1KRD000223,L1NSB00141,PLT001,2024-05-14,P2P Lending,Konsumsi,3000000,6,2.31,3415800,Lancar,3,1
L1KRD000224,L1NSB00142,PLT003,2023-02-03,Multifinance,Refinancing,5000000,12,1.14,5684000,Lancar,1,1
L1KRD000225,L1NSB00142,PLT003,2023-08-17,Multifinance,Motor bekas,5000000,36,1.31,7358000,Lancar,0,0
L1KRD000226,L1NSB00143,PLT001,2022-05-27,P2P Lending,Modal usaha,1000000,1,1.86,1018600,Lancar,0,1
L1KRD000227,L1NSB00143,PLT001,2022-12-29,P2P Lending,Konsumsi,500000,3,2.27,534050,Lancar,2,1
L1KRD000228,L1NSB00144,PLT001,2022-06-19,P2P Lending,Kesehatan,1000000,9,1.52,1136800,DPK,19,1
L1KRD000229,L1NSB00144,PLT001,2022-03-21,P2P Lending,Renovasi,5000000,1,3.0,5150000,Lancar,3,1
L1KRD000230,L1NSB00145,PLT002,2023-04-21,P2P Lending,Pendidikan,5000000,6,1.98,5594000,Lancar,2,1
L1KRD000231,L1NSB00146,PLT005,2023-10-14,P2P Lending,Renovasi,1000000,1,3.05,1030500,Lancar,1,1
L1KRD000232,L1NSB00147,PLT003,2022-09-06,Multifinance,Mesin usaha,10000000,36,1.96,17056000,Lancar,2,0
L1KRD000233,L1NSB00147,PLT003,2022-03-21,Multifinance,Elektronik,15000000,36,1.89,25206000,Lancar,3,0
L1KRD000234,L1NSB00147,PLT003,2022-10-05,Multifinance,Motor baru,5000000,12,1.91,6146000,Lancar,2,1
L1KRD000235,L1NSB00149,PLT002,2023-12-07,P2P Lending,Modal usaha,1000000,1,2.45,1024500,Lancar,1,1
L1KRD000236,L1NSB00149,PLT002,2023-04-24,P2P Lending,Modal usaha,500000,9,2.4,608000,Lancar,1,1
L1KRD000237,L1NSB00150,PLT003,2023-12-31,Multifinance,Mesin usaha,25000000,24,1.3,32800000,Lancar,3,0
L1KRD000238,L1NSB00151,PLT002,2023-01-18,P2P Lending,Pendidikan,10000000,9,3.1,12790000,Lancar,0,1
L1KRD000239,L1NSB00151,PLT002,2023-02-01,P2P Lending,Pendidikan,10000000,6,2.13,11278000,Kurang Lancar,64,0
L1KRD000240,L1NSB00151,PLT002,2023-01-16,P2P Lending,Modal usaha,5000000,3,2.92,5438000,DPK,10,1
L1KRD000241,L1NSB00152,PLT005,2022-12-20,P2P Lending,Renovasi,5000000,9,1.77,5796500,Lancar,3,1
L1KRD000242,L1NSB00152,PLT005,2023-05-18,P2P Lending,Pendidikan,7000000,1,2.71,7189700,Lancar,0,1
L1KRD000243,L1NSB00153,PLT004,2024-03-10,Multifinance,Refinancing,10000000,18,1.93,13474000,Kurang Lancar,46,0
L1KRD000244,L1NSB00154,PLT001,2024-01-26,P2P Lending,Pendidikan,10000000,6,2.64,11584000,Lancar,2,1
L1KRD000245,L1NSB00154,PLT001,2024-01-16,P2P Lending,Pendidikan,7000000,1,2.63,7184100,Lancar,2,1
L1KRD000246,L1NSB00154,PLT001,2022-12-20,P2P Lending,Konsumsi,3000000,3,1.88,3169200,DPK,6,1
L1KRD000247,L1NSB00154,PLT001,2024-06-01,P2P Lending,Modal usaha,500000,12,2.44,646400,Macet,162,0
L1KRD000248,L1NSB00156,PLT003,2023-01-03,Multifinance,Motor baru,5000000,18,1.75,6575000,Lancar,1,1
L1KRD000249,L1NSB00156,PLT003,2023-01-28,Multifinance,Refinancing,25000000,12,1.53,29590000,Lancar,3,1
L1KRD000250,L1NSB00156,PLT003,2022-04-30,Multifinance,Elektronik,25000000,12,1.86,30580000,Lancar,1,1
L1KRD000251,L1NSB00156,PLT003,2024-04-24,Multifinance,Motor baru,7000000,48,1.61,12409600,DPK,10,0
L1KRD000252,L1NSB00157,PLT005,2023-03-05,P2P Lending,Kesehatan,2000000,1,2.97,2059400,Lancar,2,1
L1KRD000253,L1NSB00157,PLT005,2024-03-08,P2P Lending,Renovasi,500000,3,2.43,536450,Lancar,0,1
L1KRD000254,L1NSB00157,PLT005,2022-02-24,P2P Lending,Konsumsi,1000000,6,3.3,1198000,Lancar,1,1
L1KRD000255,L1NSB00158,PLT005,2022-03-04,P2P Lending,Konsumsi,7000000,6,1.81,7760200,Kurang Lancar,83,0
L1KRD000256,L1NSB00158,PLT005,2024-03-07,P2P Lending,Konsumsi,10000000,6,2.36,11416000,Lancar,3,1
L1KRD000257,L1NSB00158,PLT005,2024-03-02,P2P Lending,Modal usaha,7000000,6,2.32,7974400,Lancar,2,1
L1KRD000258,L1NSB00159,PLT005,2024-05-05,P2P Lending,Pendidikan,500000,1,1.92,509600,Lancar,3,1
L1KRD000259,L1NSB00159,PLT005,2024-01-20,P2P Lending,Renovasi,500000,1,3.02,515100,Lancar,1,1
L1KRD000260,L1NSB00159,PLT005,2022-11-29,P2P Lending,Renovasi,10000000,12,2.88,13456000,Lancar,1,1
L1KRD000261,L1NSB00159,PLT005,2022-08-03,P2P Lending,Modal usaha,7000000,3,2.04,7428400,Lancar,2,1
L1KRD000262,L1NSB00160,PLT005,2023-04-18,P2P Lending,Pendidikan,5000000,9,3.5,6575000,Lancar,0,1
L1KRD000263,L1NSB00161,PLT003,2024-05-22,Multifinance,Motor bekas,3000000,48,1.9,5736000,Lancar,2,0
L1KRD000264,L1NSB00161,PLT003,2023-10-01,Multifinance,Refinancing,5000000,18,1.96,6764000,Lancar,0,0
L1KRD000265,L1NSB00162,PLT005,2023-08-26,P2P Lending,Renovasi,7000000,9,3.43,9160900,Lancar,2,1
L1KRD000266,L1NSB00163,PLT002,2022-02-18,P2P Lending,Konsumsi,7000000,1,2.51,7175700,Lancar,2,1
L1KRD000267,L1NSB00163,PLT002,2023-12-08,P2P Lending,Renovasi,1000000,1,2.52,1025200,Lancar,1,1
L1KRD000268,L1NSB00164,PLT002,2023-07-05,P2P Lending,Kesehatan,2000000,6,2.01,2241200,Kurang Lancar,37,0
L1KRD000269,L1NSB00164,PLT002,2023-10-09,P2P Lending,Konsumsi,5000000,1,1.99,5099500,DPK,7,1
L1KRD000270,L1NSB00166,PLT003,2023-02-17,Multifinance,Mesin usaha,20000000,24,1.99,29552000,Lancar,3,0
L1KRD000271,L1NSB00167,PLT005,2023-05-14,P2P Lending,Pendidikan,7000000,1,1.63,7114100,Lancar,3,1
L1KRD000272,L1NSB00168,PLT004,2024-04-26,Multifinance,Mesin usaha,15000000,36,1.08,20832000,Lancar,0,0
L1KRD000273,L1NSB00168,PLT004,2022-06-09,Multifinance,Mesin usaha,10000000,18,1.65,12970000,Lancar,3,1
L1KRD000274,L1NSB00168,PLT004,2023-03-21,Multifinance,Refinancing,20000000,12,1.3,23120000,Lancar,3,1
L1KRD000275,L1NSB00169,PLT001,2024-05-10,P2P Lending,Kesehatan,500000,1,3.14,515700,Lancar,1,1
L1KRD000276,L1NSB00170,PLT003,2022-11-17,Multifinance,Elektronik,15000000,36,1.3,22020000,Lancar,1,0
L1KRD000277,L1NSB00170,PLT003,2022-11-26,Multifinance,Motor bekas,5000000,18,1.69,6521000,Lancar,2,1
L1KRD000278,L1NSB00170,PLT003,2023-05-29,Multifinance,Refinancing,20000000,48,1.41,33536000,Lancar,3,0
L1KRD000279,L1NSB00170,PLT003,2022-11-24,Multifinance,Motor bekas,20000000,36,1.55,31160000,Lancar,2,0
L1KRD000280,L1NSB00171,PLT004,2023-11-15,Multifinance,Mesin usaha,20000000,18,1.17,24212000,DPK,14,0
L1KRD000281,L1NSB00171,PLT004,2023-06-26,Multifinance,Motor bekas,25000000,18,1.05,29725000,DPK,21,0
L1KRD000282,L1NSB00171,PLT004,2023-01-13,Multifinance,Elektronik,10000000,18,1.25,12250000,Lancar,0,1
L1KRD000283,L1NSB00171,PLT004,2024-05-13,Multifinance,Refinancing,5000000,24,1.98,7376000,Lancar,0,0
L1KRD000284,L1NSB00172,PLT004,2022-06-17,Multifinance,Motor bekas,10000000,36,1.51,15436000,Lancar,3,0
L1KRD000285,L1NSB00174,PLT004,2022-03-22,Multifinance,Mesin usaha,15000000,12,1.39,17502000,Lancar,3,1
L1KRD000286,L1NSB00174,PLT004,2022-05-03,Multifinance,Motor bekas,3000000,18,1.28,3691200,Lancar,3,1
L1KRD000287,L1NSB00174,PLT004,2023-05-26,Multifinance,Elektronik,7000000,24,1.46,9452800,Lancar,0,0
L1KRD000288,L1NSB00174,PLT004,2022-01-06,Multifinance,Motor baru,3000000,12,1.03,3370800,Kurang Lancar,46,0
L1KRD000289,L1NSB00175,PLT001,2023-12-05,P2P Lending,Konsumsi,7000000,3,2.94,7617400,DPK,12,1
L1KRD000290,L1NSB00175,PLT001,2022-03-23,P2P Lending,Kesehatan,500000,3,3.17,547550,Lancar,2,1
L1KRD000291,L1NSB00175,PLT001,2023-08-18,P2P Lending,Renovasi,1000000,9,3.04,1273600,Lancar,1,1
L1KRD000292,L1NSB00176,PLT001,2022-11-27,P2P Lending,Konsumsi,3000000,1,2.54,3076200,Lancar,0,1
L1KRD000293,L1NSB00176,PLT001,2022-07-31,P2P Lending,Pendidikan,3000000,6,2.74,3493200,Lancar,0,1
L1KRD000294,L1NSB00176,PLT001,2022-10-26,P2P Lending,Modal usaha,5000000,9,2.98,6341000,Lancar,0,1
L1KRD000295,L1NSB00176,PLT001,2022-08-17,P2P Lending,Pendidikan,5000000,3,3.19,5478500,Lancar,0,1
L1KRD000296,L1NSB00177,PLT002,2024-03-08,P2P Lending,Modal usaha,5000000,9,2.59,6165500,Lancar,3,0
L1KRD000297,L1NSB00177,PLT002,2023-01-30,P2P Lending,Renovasi,7000000,12,3.19,9679600,DPK,18,1
L1KRD000298,L1NSB00178,PLT005,2023-05-30,P2P Lending,Pendidikan,10000000,9,2.89,12601000,Lancar,2,1
L1KRD000299,L1NSB00178,PLT005,2023-01-16,P2P Lending,Konsumsi,10000000,12,2.4,12880000,Lancar,3,1
L1KRD000300,L1NSB00179,PLT001,2023-11-13,P2P Lending,Pendidikan,10000000,12,1.53,11836000,Lancar,3,1
L1KRD000301,L1NSB00180,PLT002,2022-09-12,P2P Lending,Renovasi,10000000,9,1.97,11773000,Lancar,2,1
L1KRD000302,L1NSB00180,PLT002,2023-12-09,P2P Lending,Kesehatan,500000,3,2.37,535550,Lancar,2,1
L1KRD000303,L1NSB00181,PLT003,2024-04-18,Multifinance,Mesin usaha,15000000,24,1.26,19536000,Lancar,2,0
L1KRD000304,L1NSB00182,PLT003,2022-08-04,Multifinance,Motor baru,5000000,12,1.25,5750000,Lancar,3,1
L1KRD000305,L1NSB00182,PLT003,2024-03-29,Multifinance,Motor baru,20000000,48,1.53,34688000,Macet,268,0
L1KRD000306,L1NSB00182,PLT003,2022-12-08,Multifinance,Motor bekas,25000000,36,1.4,37600000,Lancar,1,0
L1KRD000307,L1NSB00182,PLT003,2023-03-26,Multifinance,Refinancing,15000000,48,1.73,27456000,DPK,17,0
L1KRD000308,L1NSB00183,PLT005,2023-10-27,P2P Lending,Renovasi,500000,6,2.98,589400,DPK,23,1
L1KRD000309,L1NSB00183,PLT005,2022-11-14,P2P Lending,Kesehatan,10000000,9,1.51,11359000,Macet,294,0
L1KRD000310,L1NSB00184,PLT002,2022-04-25,P2P Lending,Renovasi,7000000,9,3.01,8896300,Lancar,2,1
L1KRD000311,L1NSB00185,PLT003,2022-07-26,Multifinance,Motor baru,10000000,24,1.83,14392000,Macet,163,0
L1KRD000312,L1NSB00186,PLT004,2024-03-09,Multifinance,Motor bekas,20000000,36,1.96,34112000,Lancar,3,0
L1KRD000313,L1NSB00186,PLT004,2022-02-28,Multifinance,Motor baru,3000000,18,1.14,3615600,Lancar,3,1
L1KRD000314,L1NSB00188,PLT004,2022-03-20,Multifinance,Motor baru,15000000,36,1.12,21048000,Lancar,2,0
L1KRD000315,L1NSB00188,PLT004,2024-01-04,Multifinance,Refinancing,3000000,36,1.81,4954800,DPK,8,0
L1KRD000316,L1NSB00188,PLT004,2022-09-06,Multifinance,Mesin usaha,3000000,48,1.58,5275200,Lancar,0,0
L1KRD000317,L1NSB00189,PLT005,2023-10-12,P2P Lending,Modal usaha,500000,9,1.98,589100,Kurang Lancar,47,0
L1KRD000318,L1NSB00190,PLT004,2024-05-05,Multifinance,Motor baru,7000000,24,1.3,9184000,DPK,11,0
L1KRD000319,L1NSB00191,PLT001,2022-12-15,P2P Lending,Konsumsi,2000000,12,1.65,2396000,DPK,15,1
L1KRD000320,L1NSB00191,PLT001,2023-02-20,P2P Lending,Pendidikan,1000000,1,2.88,1028800,Lancar,3,1
L1KRD000321,L1NSB00191,PLT001,2023-02-14,P2P Lending,Konsumsi,2000000,1,1.61,2032200,Lancar,2,1
L1KRD000322,L1NSB00191,PLT001,2024-05-17,P2P Lending,Kesehatan,7000000,1,1.63,7114100,Lancar,2,1
L1KRD000323,L1NSB00192,PLT005,2024-04-06,P2P Lending,Pendidikan,3000000,9,2.73,3737100,Lancar,0,0
L1KRD000324,L1NSB00193,PLT005,2022-11-13,P2P Lending,Konsumsi,10000000,6,1.8,11080000,Lancar,3,1
L1KRD000325,L1NSB00194,PLT001,2022-11-20,P2P Lending,Kesehatan,1000000,6,3.33,1199800,Lancar,2,1
L1KRD000326,L1NSB00194,PLT001,2024-05-03,P2P Lending,Pendidikan,5000000,6,1.58,5474000,Kurang Lancar,76,0
L1KRD000327,L1NSB00195,PLT004,2023-02-18,Multifinance,Motor bekas,7000000,12,1.78,8495200,Lancar,3,1
L1KRD000328,L1NSB00195,PLT004,2022-11-03,Multifinance,Motor bekas,15000000,48,1.1,22920000,Lancar,2,0
L1KRD000329,L1NSB00196,PLT004,2023-04-29,Multifinance,Refinancing,20000000,12,1.73,24152000,Lancar,1,1
L1KRD000330,L1NSB00198,PLT005,2023-01-28,P2P Lending,Renovasi,10000000,3,1.98,10594000,Lancar,3,1
L1KRD000331,L1NSB00198,PLT005,2022-05-18,P2P Lending,Pendidikan,10000000,12,2.36,12832000,DPK,7,1
L1KRD000332,L1NSB00199,PLT003,2023-08-11,Multifinance,Motor bekas,20000000,12,1.14,22736000,Lancar,0,1
L1KRD000333,L1NSB00199,PLT003,2024-02-16,Multifinance,Refinancing,15000000,12,1.51,17718000,Lancar,2,0
L1KRD000334,L1NSB00200,PLT003,2023-05-21,Multifinance,Refinancing,10000000,36,1.12,14032000,Lancar,3,0
L1KRD000335,L1NSB00200,PLT003,2022-04-08,Multifinance,Motor bekas,10000000,18,1.61,12898000,Lancar,2,1
L1KRD000336,L1NSB00201,PLT002,2023-01-06,P2P Lending,Renovasi,1000000,1,3.31,1033100,Lancar,1,1
L1KRD000337,L1NSB00201,PLT002,2024-01-07,P2P Lending,Modal usaha,1000000,6,3.46,1207600,DPK,22,1
L1KRD000338,L1NSB00202,PLT002,2023-04-03,P2P Lending,Pendidikan,7000000,9,1.68,8058400,Lancar,1,1
L1KRD000339,L1NSB00203,PLT004,2023-01-31,Multifinance,Motor baru,15000000,18,1.81,19887000,Lancar,3,1
L1KRD000340,L1NSB00205,PLT005,2024-05-23,P2P Lending,Pendidikan,7000000,6,2.79,8171800,DPK,26,1
L1KRD000341,L1NSB00205,PLT005,2022-05-23,P2P Lending,Pendidikan,1000000,6,1.82,1109200,Lancar,1,1
L1KRD000342,L1NSB00207,PLT005,2022-10-28,P2P Lending,Pendidikan,2000000,3,3.37,2202200,Kurang Lancar,53,0
L1KRD000343,L1NSB00208,PLT001,2023-04-22,P2P Lending,Konsumsi,2000000,1,2.39,2047800,Lancar,2,1
L1KRD000344,L1NSB00209,PLT003,2022-11-03,Multifinance,Elektronik,20000000,12,1.39,23336000,Lancar,2,1
L1KRD000345,L1NSB00210,PLT001,2022-10-02,P2P Lending,Renovasi,2000000,6,2.83,2339600,Lancar,2,1
L1KRD000346,L1NSB00210,PLT001,2022-11-23,P2P Lending,Kesehatan,500000,12,2.8,668000,Lancar,2,1
L1KRD000347,L1NSB00212,PLT001,2022-05-04,P2P Lending,Modal usaha,7000000,6,2.84,8192800,Kurang Lancar,53,0
L1KRD000348,L1NSB00212,PLT001,2022-04-17,P2P Lending,Renovasi,7000000,9,3.38,9129400,Lancar,1,1
L1KRD000349,L1NSB00213,PLT003,2022-05-08,Multifinance,Refinancing,7000000,48,1.87,13283200,Kurang Lancar,64,0
L1KRD000350,L1NSB00214,PLT001,2022-05-13,P2P Lending,Kesehatan,3000000,1,2.2,3066000,Kurang Lancar,51,0
L1KRD000351,L1NSB00214,PLT001,2023-07-17,P2P Lending,Kesehatan,1000000,1,3.22,1032200,Kurang Lancar,77,0
L1KRD000352,L1NSB00215,PLT004,2024-05-24,Multifinance,Motor bekas,3000000,48,1.5,5160000,Lancar,0,0
L1KRD000353,L1NSB00215,PLT004,2022-12-31,Multifinance,Refinancing,5000000,12,1.0,5600000,Lancar,1,1
L1KRD000354,L1NSB00216,PLT005,2023-05-18,P2P Lending,Renovasi,5000000,1,1.92,5096000,Lancar,1,1
L1KRD000355,L1NSB00216,PLT005,2022-06-21,P2P Lending,Renovasi,2000000,1,1.55,2031000,Lancar,1,1
L1KRD000356,L1NSB00217,PLT005,2024-03-19,P2P Lending,Renovasi,5000000,12,3.3,6980000,Lancar,2,0
L1KRD000357,L1NSB00217,PLT005,2024-03-19,P2P Lending,Renovasi,500000,3,1.86,527900,Lancar,0,1
L1KRD000358,L1NSB00218,PLT001,2022-01-13,P2P Lending,Modal usaha,1000000,9,3.04,1273600,Lancar,2,1
L1KRD000359,L1NSB00218,PLT001,2023-07-10,P2P Lending,Modal usaha,2000000,3,2.09,2125400,Lancar,2,1
L1KRD000360,L1NSB00219,PLT004,2022-02-21,Multifinance,Elektronik,15000000,24,1.12,19032000,Lancar,1,1
L1KRD000361,L1NSB00219,PLT004,2023-03-03,Multifinance,Refinancing,10000000,12,1.02,11224000,Lancar,3,1
L1KRD000362,L1NSB00219,PLT004,2022-04-23,Multifinance,Refinancing,3000000,36,1.11,4198800,Kurang Lancar,49,0
L1KRD000363,L1NSB00219,PLT004,2024-01-08,Multifinance,Elektronik,10000000,18,1.47,12646000,Lancar,0,0
L1KRD000364,L1NSB00220,PLT004,2023-08-13,Multifinance,Motor bekas,10000000,48,1.28,16144000,Lancar,1,0
L1KRD000365,L1NSB00221,PLT004,2023-11-08,Multifinance,Elektronik,10000000,36,1.07,13852000,Macet,264,0
L1KRD000366,L1NSB00221,PLT004,2023-11-21,Multifinance,Elektronik,15000000,48,1.76,27672000,DPK,29,0
L1KRD000367,L1NSB00222,PLT002,2023-11-02,P2P Lending,Modal usaha,3000000,1,1.59,3047700,Lancar,0,1
L1KRD000368,L1NSB00223,PLT002,2022-07-13,P2P Lending,Konsumsi,1000000,9,3.13,1281700,Lancar,0,1
L1KRD000369,L1NSB00225,PLT005,2022-12-13,P2P Lending,Kesehatan,10000000,1,2.25,10225000,Macet,147,0
L1KRD000370,L1NSB00226,PLT002,2023-10-27,P2P Lending,Modal usaha,2000000,3,2.58,2154800,Lancar,0,1
L1KRD000371,L1NSB00226,PLT002,2024-05-28,P2P Lending,Kesehatan,500000,1,3.19,515950,DPK,23,1
L1KRD000372,L1NSB00226,PLT002,2023-10-01,P2P Lending,Kesehatan,1000000,9,2.15,1193500,Lancar,3,1
L1KRD000373,L1NSB00226,PLT002,2023-11-01,P2P Lending,Modal usaha,3000000,9,2.11,3569700,Lancar,0,1
L1KRD000374,L1NSB00227,PLT002,2022-01-24,P2P Lending,Kesehatan,10000000,1,2.9,10290000,Lancar,0,1
L1KRD000375,L1NSB00227,PLT002,2023-02-24,P2P Lending,Konsumsi,1000000,12,1.83,1219600,DPK,9,1
L1KRD000376,L1NSB00227,PLT002,2024-03-02,P2P Lending,Konsumsi,2000000,12,3.15,2756000,Lancar,0,0
L1KRD000377,L1NSB00228,PLT002,2023-11-11,P2P Lending,Pendidikan,2000000,6,1.63,2195600,Lancar,2,1
L1KRD000378,L1NSB00228,PLT002,2023-02-15,P2P Lending,Modal usaha,5000000,12,3.31,6986000,Kurang Lancar,54,0
L1KRD000379,L1NSB00229,PLT002,2023-09-01,P2P Lending,Konsumsi,1000000,1,3.45,1034500,Lancar,0,1
L1KRD000380,L1NSB00229,PLT002,2022-02-04,P2P Lending,Pendidikan,500000,9,2.67,620150,Lancar,0,1
L1KRD000381,L1NSB00231,PLT005,2022-07-15,P2P Lending,Renovasi,500000,9,2.44,609800,Lancar,3,1
L1KRD000382,L1NSB00231,PLT005,2023-12-26,P2P Lending,Konsumsi,500000,9,2.19,598550,Lancar,0,1
L1KRD000383,L1NSB00231,PLT005,2022-01-22,P2P Lending,Pendidikan,5000000,1,1.62,5081000,Lancar,0,1
L1KRD000384,L1NSB00231,PLT005,2023-01-14,P2P Lending,Konsumsi,500000,1,3.11,515550,Lancar,0,1
L1KRD000385,L1NSB00232,PLT003,2023-05-26,Multifinance,Elektronik,7000000,48,1.27,11267200,Lancar,1,0
L1KRD000386,L1NSB00233,PLT005,2024-05-12,P2P Lending,Konsumsi,7000000,9,2.27,8430100,Lancar,1,0
L1KRD000387,L1NSB00233,PLT005,2023-06-07,P2P Lending,Pendidikan,500000,3,3.04,545600,Lancar,0,1
L1KRD000388,L1NSB00234,PLT001,2023-12-23,P2P Lending,Modal usaha,7000000,3,1.85,7388500,Lancar,0,1
L1KRD000389,L1NSB00234,PLT001,2022-01-24,P2P Lending,Pendidikan,3000000,12,1.74,3626400,Lancar,1,1
L1KRD000390,L1NSB00234,PLT001,2023-07-12,P2P Lending,Kesehatan,500000,1,2.79,513950,Lancar,1,1
L1KRD000391,L1NSB00234,PLT001,2023-03-05,P2P Lending,Kesehatan,500000,6,3.2,596000,Lancar,2,1
L1KRD000392,L1NSB00235,PLT001,2023-03-22,P2P Lending,Renovasi,10000000,1,1.62,10162000,DPK,23,1
L1KRD000393,L1NSB00236,PLT002,2022-04-05,P2P Lending,Konsumsi,1000000,6,2.01,1120600,Lancar,3,1
L1KRD000394,L1NSB00238,PLT002,2022-09-18,P2P Lending,Modal usaha,5000000,12,1.54,5924000,Macet,101,0
L1KRD000395,L1NSB00239,PLT001,2023-10-23,P2P Lending,Pendidikan,2000000,6,3.21,2385200,Lancar,2,1
L1KRD000396,L1NSB00240,PLT003,2022-09-10,Multifinance,Motor bekas,15000000,48,1.46,25512000,DPK,18,0
L1KRD000397,L1NSB00241,PLT001,2023-02-16,P2P Lending,Konsumsi,3000000,6,2.9,3522000,Lancar,1,1
L1KRD000398,L1NSB00243,PLT005,2022-11-25,P2P Lending,Modal usaha,3000000,12,2.69,3968400,Lancar,2,1
L1KRD000399,L1NSB00243,PLT005,2022-04-15,P2P Lending,Modal usaha,1000000,6,2.24,1134400,DPK,21,1
L1KRD000400,L1NSB00243,PLT005,2022-08-18,P2P Lending,Kesehatan,2000000,1,2.85,2057000,Lancar,0,1
L1KRD000401,L1NSB00243,PLT005,2022-05-30,P2P Lending,Pendidikan,3000000,1,3.03,3090900,Lancar,1,1
L1KRD000402,L1NSB00244,PLT002,2023-03-06,P2P Lending,Pendidikan,500000,1,2.42,512100,Lancar,3,1
L1KRD000403,L1NSB00246,PLT002,2022-05-11,P2P Lending,Konsumsi,10000000,9,1.7,11530000,Lancar,2,1
L1KRD000404,L1NSB00246,PLT002,2024-05-15,P2P Lending,Kesehatan,500000,1,2.84,514200,Lancar,1,1
L1KRD000405,L1NSB00246,PLT002,2023-10-22,P2P Lending,Konsumsi,7000000,1,1.6,7112000,DPK,5,1
L1KRD000406,L1NSB00247,PLT005,2022-11-13,P2P Lending,Konsumsi,500000,9,1.69,576050,Lancar,0,1
L1KRD000407,L1NSB00248,PLT002,2023-12-15,P2P Lending,Pendidikan,5000000,3,2.15,5322500,Lancar,3,1
L1KRD000408,L1NSB00249,PLT003,2022-09-22,Multifinance,Elektronik,15000000,18,1.24,18348000,Lancar,0,1
L1KRD000409,L1NSB00249,PLT003,2022-09-17,Multifinance,Motor baru,7000000,48,1.47,11939200,Lancar,1,0
L1KRD000410,L1NSB00250,PLT002,2022-08-01,P2P Lending,Kesehatan,1000000,3,1.69,1050700,DPK,18,1
L1KRD000411,L1NSB00250,PLT002,2023-06-09,P2P Lending,Konsumsi,1000000,1,3.16,1031600,Lancar,2,1
L1KRD000412,L1NSB00251,PLT002,2024-04-04,P2P Lending,Modal usaha,10000000,6,1.7,11020000,Lancar,1,1
L1KRD000413,L1NSB00251,PLT002,2022-01-16,P2P Lending,Modal usaha,10000000,1,2.44,10244000,Lancar,2,1
L1KRD000414,L1NSB00251,PLT002,2023-10-07,P2P Lending,Pendidikan,2000000,9,3.29,2592200,Kurang Lancar,53,0
L1KRD000415,L1NSB00252,PLT003,2024-05-03,Multifinance,Motor bekas,3000000,12,1.49,3536400,Lancar,2,0
L1KRD000416,L1NSB00253,PLT003,2022-05-06,Multifinance,Elektronik,20000000,36,1.34,29648000,Macet,115,0
L1KRD000417,L1NSB00253,PLT003,2022-05-14,Multifinance,Motor bekas,5000000,24,1.98,7376000,Lancar,3,1
L1KRD000418,L1NSB00254,PLT004,2022-08-11,Multifinance,Elektronik,20000000,18,1.74,26264000,Kurang Lancar,78,0
L1KRD000419,L1NSB00255,PLT003,2022-03-09,Multifinance,Refinancing,3000000,24,1.13,3813600,Lancar,0,1
L1KRD000420,L1NSB00255,PLT003,2024-01-13,Multifinance,Mesin usaha,3000000,36,1.81,4954800,Lancar,1,0
L1KRD000421,L1NSB00255,PLT003,2024-01-16,Multifinance,Motor bekas,25000000,12,1.5,29500000,Lancar,0,0
L1KRD000422,L1NSB00257,PLT005,2022-09-26,P2P Lending,Konsumsi,3000000,1,1.6,3048000,Lancar,0,1
L1KRD000423,L1NSB00257,PLT005,2024-04-27,P2P Lending,Pendidikan,3000000,9,2.57,3693900,Lancar,0,0
L1KRD000424,L1NSB00258,PLT002,2023-12-04,P2P Lending,Kesehatan,7000000,3,1.77,7371700,Lancar,1,1
L1KRD000425,L1NSB00260,PLT005,2022-07-05,P2P Lending,Kesehatan,2000000,6,2.56,2307200,Kurang Lancar,80,0
L1KRD000426,L1NSB00260,PLT005,2023-09-05,P2P Lending,Pendidikan,10000000,9,2.21,11989000,DPK,13,1
L1KRD000427,L1NSB00260,PLT005,2023-09-03,P2P Lending,Konsumsi,1000000,12,2.63,1315600,Lancar,0,1
L1KRD000428,L1NSB00261,PLT005,2022-08-31,P2P Lending,Modal usaha,2000000,9,2.02,2363600,Kurang Lancar,77,0
L1KRD000429,L1NSB00262,PLT001,2024-04-05,P2P Lending,Modal usaha,3000000,12,2.86,4029600,Lancar,1,0
L1KRD000430,L1NSB00263,PLT003,2023-10-12,Multifinance,Elektronik,15000000,24,1.28,19608000,Lancar,2,0
L1KRD000431,L1NSB00263,PLT003,2024-03-07,Multifinance,Elektronik,15000000,24,1.3,19680000,Lancar,2,0
L1KRD000432,L1NSB00264,PLT002,2023-09-28,P2P Lending,Renovasi,7000000,12,1.69,8419600,Lancar,0,1
L1KRD000433,L1NSB00265,PLT004,2023-08-17,Multifinance,Refinancing,3000000,24,1.23,3885600,Lancar,3,0
L1KRD000434,L1NSB00267,PLT005,2022-08-05,P2P Lending,Konsumsi,7000000,12,2.2,8848000,Lancar,1,1
L1KRD000435,L1NSB00267,PLT005,2024-05-06,P2P Lending,Modal usaha,1000000,9,1.85,1166500,DPK,18,0
L1KRD000436,L1NSB00269,PLT003,2023-11-24,Multifinance,Refinancing,10000000,48,1.03,14944000,Lancar,1,0
L1KRD000437,L1NSB00269,PLT003,2022-06-14,Multifinance,Motor bekas,3000000,36,1.34,4447200,Lancar,0,0
L1KRD000438,L1NSB00270,PLT003,2022-06-11,Multifinance,Refinancing,15000000,48,1.82,28104000,DPK,27,0
L1KRD000439,L1NSB00270,PLT003,2023-03-30,Multifinance,Refinancing,5000000,48,1.5,8600000,Lancar,2,0
L1KRD000440,L1NSB00272,PLT004,2022-12-21,Multifinance,Motor bekas,3000000,12,1.27,3457200,Lancar,2,1
L1KRD000441,L1NSB00272,PLT004,2022-06-14,Multifinance,Mesin usaha,3000000,36,1.93,5084400,Kurang Lancar,42,0
L1KRD000442,L1NSB00273,PLT005,2023-06-02,P2P Lending,Konsumsi,10000000,1,3.42,10342000,Lancar,2,1
L1KRD000443,L1NSB00275,PLT005,2022-10-02,P2P Lending,Renovasi,5000000,12,2.4,6440000,Lancar,0,1
L1KRD000444,L1NSB00275,PLT005,2024-02-07,P2P Lending,Konsumsi,1000000,3,2.59,1077700,Lancar,2,1
L1KRD000445,L1NSB00275,PLT005,2022-05-09,P2P Lending,Kesehatan,7000000,3,1.78,7373800,Macet,195,0
L1KRD000446,L1NSB00277,PLT001,2023-01-02,P2P Lending,Kesehatan,5000000,3,1.61,5241500,Lancar,1,1
L1KRD000447,L1NSB00277,PLT001,2023-11-01,P2P Lending,Renovasi,1000000,3,2.92,1087600,Lancar,2,1
L1KRD000448,L1NSB00277,PLT001,2023-03-13,P2P Lending,Pendidikan,3000000,12,2.38,3856800,DPK,26,1
L1KRD000449,L1NSB00277,PLT001,2023-07-20,P2P Lending,Pendidikan,1000000,9,2.91,1261900,Lancar,0,1
L1KRD000450,L1NSB00278,PLT004,2022-12-02,Multifinance,Mesin usaha,20000000,24,1.58,27584000,Lancar,2,1
L1KRD000451,L1NSB00280,PLT004,2022-12-07,Multifinance,Elektronik,5000000,12,1.12,5672000,Lancar,1,1
L1KRD000452,L1NSB00281,PLT001,2023-08-19,P2P Lending,Pendidikan,1000000,9,1.62,1145800,Lancar,3,1
L1KRD000453,L1NSB00282,PLT005,2022-03-30,P2P Lending,Modal usaha,2000000,12,1.85,2444000,Lancar,2,1
L1KRD000454,L1NSB00284,PLT003,2022-12-22,Multifinance,Motor bekas,7000000,24,1.98,10326400,Lancar,2,0
L1KRD000455,L1NSB00284,PLT003,2022-01-01,Multifinance,Refinancing,5000000,36,1.82,8276000,Lancar,2,0
L1KRD000456,L1NSB00284,PLT003,2024-04-15,Multifinance,Motor bekas,5000000,36,1.05,6890000,Lancar,2,0
L1KRD000457,L1NSB00285,PLT004,2023-08-17,Multifinance,Refinancing,5000000,48,1.63,8912000,DPK,16,0
L1KRD000458,L1NSB00285,PLT004,2022-01-15,Multifinance,Elektronik,3000000,12,1.4,3504000,Kurang Lancar,53,0
L1KRD000459,L1NSB00285,PLT004,2022-11-16,Multifinance,Motor bekas,20000000,18,1.03,23708000,Lancar,3,1
L1KRD000460,L1NSB00285,PLT004,2023-03-19,Multifinance,Motor baru,25000000,18,1.65,32425000,Lancar,1,1
L1KRD000461,L1NSB00286,PLT001,2022-01-30,P2P Lending,Kesehatan,500000,6,1.61,548300,Lancar,0,1
L1KRD000462,L1NSB00286,PLT001,2023-09-09,P2P Lending,Kesehatan,3000000,9,2.97,3801900,DPK,12,1
L1KRD000463,L1NSB00287,PLT004,2022-12-23,Multifinance,Elektronik,25000000,48,1.02,37240000,Kurang Lancar,49,0
L1KRD000464,L1NSB00287,PLT004,2023-06-20,Multifinance,Elektronik,7000000,12,1.31,8100400,Lancar,0,1
L1KRD000465,L1NSB00288,PLT001,2024-03-13,P2P Lending,Kesehatan,5000000,9,2.48,6116000,DPK,14,0
L1KRD000466,L1NSB00288,PLT001,2023-09-17,P2P Lending,Modal usaha,5000000,3,1.77,5265500,Kurang Lancar,71,0
L1KRD000467,L1NSB00288,PLT001,2023-10-06,P2P Lending,Konsumsi,500000,9,2.61,617450,Lancar,2,1
L1KRD000468,L1NSB00289,PLT002,2022-08-24,P2P Lending,Kesehatan,500000,12,2.88,672800,Lancar,0,1
L1KRD000469,L1NSB00289,PLT002,2023-11-02,P2P Lending,Kesehatan,10000000,12,1.87,12244000,Lancar,3,1
L1KRD000470,L1NSB00290,PLT002,2023-03-20,P2P Lending,Konsumsi,2000000,3,3.06,2183600,Kurang Lancar,59,0
L1KRD000471,L1NSB00291,PLT005,2022-07-30,P2P Lending,Konsumsi,7000000,9,1.7,8071000,Lancar,0,1
L1KRD000472,L1NSB00291,PLT005,2022-04-07,P2P Lending,Konsumsi,3000000,12,2.24,3806400,Macet,344,0
L1KRD000473,L1NSB00291,PLT005,2022-05-01,P2P Lending,Pendidikan,3000000,12,2.49,3896400,Lancar,2,1
L1KRD000474,L1NSB00292,PLT005,2024-01-28,P2P Lending,Modal usaha,1000000,3,2.15,1064500,Lancar,0,1
L1KRD000475,L1NSB00293,PLT004,2022-05-01,Multifinance,Motor baru,25000000,24,1.57,34420000,Lancar,0,1
L1KRD000476,L1NSB00296,PLT002,2022-11-09,P2P Lending,Modal usaha,3000000,6,2.9,3522000,Macet,140,0
L1KRD000477,L1NSB00297,PLT002,2024-04-10,P2P Lending,Kesehatan,2000000,3,1.88,2112800,Lancar,0,1
L1KRD000478,L1NSB00297,PLT002,2024-04-02,P2P Lending,Pendidikan,7000000,12,1.81,8520400,DPK,27,0
L1KRD000479,L1NSB00297,PLT002,2023-08-22,P2P Lending,Konsumsi,1000000,9,2.53,1227700,Lancar,1,1
L1KRD000480,L1NSB00297,PLT002,2022-06-17,P2P Lending,Konsumsi,2000000,6,1.86,2223200,Lancar,0,1
L1KRD000481,L1NSB00298,PLT004,2024-04-23,Multifinance,Mesin usaha,25000000,24,1.4,33400000,Lancar,1,0
L1KRD000482,L1NSB00298,PLT004,2023-08-09,Multifinance,Motor bekas,10000000,18,1.13,12034000,Lancar,3,0
L1KRD000483,L1NSB00299,PLT002,2022-09-04,P2P Lending,Konsumsi,1000000,6,3.01,1180600,Lancar,3,1
L1KRD000484,L1NSB00299,PLT002,2023-07-17,P2P Lending,Modal usaha,1000000,12,3.29,1394800,Lancar,2,1
L1KRD000485,L1NSB00299,PLT002,2022-02-17,P2P Lending,Modal usaha,1000000,12,2.11,1253200,Kurang Lancar,64,0
L1KRD000486,L1NSB00299,PLT002,2023-03-06,P2P Lending,Kesehatan,7000000,3,2.82,7592200,Macet,242,0
L1KRD000487,L1NSB00301,PLT005,2022-10-28,P2P Lending,Konsumsi,10000000,9,2.7,12430000,Lancar,2,1
L1KRD000488,L1NSB00301,PLT005,2023-05-18,P2P Lending,Modal usaha,7000000,12,1.83,8537200,DPK,4,1
L1KRD000489,L1NSB00301,PLT005,2022-09-13,P2P Lending,Modal usaha,7000000,12,1.79,8503600,Lancar,1,1
L1KRD000490,L1NSB00303,PLT002,2024-01-19,P2P Lending,Konsumsi,10000000,12,1.78,12136000,Lancar,2,0
L1KRD000491,L1NSB00303,PLT002,2022-06-02,P2P Lending,Kesehatan,1000000,3,1.74,1052200,Lancar,3,1
L1KRD000492,L1NSB00304,PLT005,2022-11-24,P2P Lending,Renovasi,10000000,12,3.14,13768000,Lancar,1,1
L1KRD000493,L1NSB00304,PLT005,2022-05-28,P2P Lending,Konsumsi,1000000,6,2.02,1121200,Lancar,3,1
L1KRD000494,L1NSB00304,PLT005,2023-07-24,P2P Lending,Kesehatan,5000000,1,2.01,5100500,Lancar,2,1
L1KRD000495,L1NSB00305,PLT003,2022-06-18,Multifinance,Refinancing,5000000,18,1.13,6017000,Kurang Lancar,79,0
L1KRD000496,L1NSB00305,PLT003,2022-05-03,Multifinance,Motor baru,15000000,48,1.57,26304000,Lancar,0,0
L1KRD000497,L1NSB00305,PLT003,2022-07-21,Multifinance,Motor bekas,5000000,12,1.24,5744000,Lancar,2,1
L1KRD000498,L1NSB00305,PLT003,2022-03-24,Multifinance,Elektronik,25000000,24,1.34,33040000,DPK,18,1
L1KRD000499,L1NSB00306,PLT003,2024-01-02,Multifinance,Refinancing,3000000,24,1.99,4432800,Kurang Lancar,47,0
L1KRD000500,L1NSB00309,PLT002,2023-12-01,P2P Lending,Renovasi,10000000,9,1.9,11710000,Lancar,2,1
L1KRD000501,L1NSB00310,PLT001,2023-03-25,P2P Lending,Renovasi,10000000,6,3.19,11914000,Lancar,0,1
L1KRD000502,L1NSB00311,PLT003,2024-03-11,Multifinance,Mesin usaha,15000000,18,1.0,17700000,Lancar,3,0
L1KRD000503,L1NSB00311,PLT003,2023-05-10,Multifinance,Elektronik,25000000,24,1.95,36700000,Lancar,3,0
L1KRD000504,L1NSB00311,PLT003,2023-04-25,Multifinance,Elektronik,25000000,18,1.23,30535000,Macet,110,0
L1KRD000505,L1NSB00313,PLT002,2024-02-06,P2P Lending,Modal usaha,5000000,6,3.06,5918000,Lancar,2,1
L1KRD000506,L1NSB00313,PLT002,2023-01-24,P2P Lending,Renovasi,10000000,1,3.4,10340000,Lancar,0,1
L1KRD000507,L1NSB00314,PLT003,2023-10-10,Multifinance,Motor baru,10000000,18,1.28,12304000,Kurang Lancar,41,0
L1KRD000508,L1NSB00315,PLT003,2024-02-12,Multifinance,Mesin usaha,10000000,24,1.43,13432000,Lancar,3,0
L1KRD000509,L1NSB00315,PLT003,2023-05-03,Multifinance,Mesin usaha,25000000,12,1.06,28180000,Lancar,2,1
L1KRD000510,L1NSB00316,PLT002,2022-10-29,P2P Lending,Modal usaha,3000000,3,2.24,3201600,Kurang Lancar,50,0
L1KRD000511,L1NSB00317,PLT005,2023-09-12,P2P Lending,Kesehatan,10000000,12,3.08,13696000,Macet,295,0
L1KRD000512,L1NSB00318,PLT003,2023-05-19,Multifinance,Motor baru,15000000,48,1.05,22560000,DPK,28,0
L1KRD000513,L1NSB00319,PLT005,2023-11-24,P2P Lending,Modal usaha,7000000,1,3.46,7242200,Lancar,1,1
L1KRD000514,L1NSB00320,PLT001,2022-05-04,P2P Lending,Modal usaha,10000000,6,2.91,11746000,Macet,190,0
L1KRD000515,L1NSB00322,PLT003,2023-06-06,Multifinance,Elektronik,25000000,12,1.19,28570000,Lancar,0,1
L1KRD000516,L1NSB00322,PLT003,2023-03-28,Multifinance,Refinancing,20000000,18,1.11,23996000,Lancar,0,1
L1KRD000517,L1NSB00322,PLT003,2023-07-19,Multifinance,Refinancing,15000000,48,1.11,22992000,Lancar,2,0
L1KRD000518,L1NSB00323,PLT005,2023-12-12,P2P Lending,Pendidikan,1000000,12,1.77,1212400,Lancar,1,0
L1KRD000519,L1NSB00324,PLT001,2023-08-15,P2P Lending,Modal usaha,500000,1,2.34,511700,Lancar,3,1
L1KRD000520,L1NSB00325,PLT002,2022-02-11,P2P Lending,Pendidikan,10000000,3,2.59,10777000,Lancar,2,1
L1KRD000521,L1NSB00325,PLT002,2022-02-10,P2P Lending,Kesehatan,3000000,9,2.9,3783000,DPK,12,1
L1KRD000522,L1NSB00325,PLT002,2023-08-24,P2P Lending,Modal usaha,500000,1,2.59,512950,Lancar,2,1
L1KRD000523,L1NSB00326,PLT004,2022-06-29,Multifinance,Motor bekas,7000000,24,1.89,10175200,Lancar,0,1
L1KRD000524,L1NSB00327,PLT004,2022-05-19,Multifinance,Motor bekas,7000000,48,1.3,11368000,Lancar,1,0
L1KRD000525,L1NSB00327,PLT004,2024-04-01,Multifinance,Elektronik,5000000,36,1.69,8042000,Lancar,2,0
L1KRD000526,L1NSB00328,PLT002,2024-01-18,P2P Lending,Modal usaha,7000000,3,1.98,7415800,Lancar,1,1
L1KRD000527,L1NSB00328,PLT002,2023-01-28,P2P Lending,Pendidikan,10000000,3,2.58,10774000,Lancar,2,1
L1KRD000528,L1NSB00330,PLT001,2022-04-23,P2P Lending,Konsumsi,7000000,12,2.52,9116800,Lancar,2,1
L1KRD000529,L1NSB00331,PLT002,2024-01-19,P2P Lending,Modal usaha,2000000,9,2.07,2372600,Lancar,1,1
L1KRD000530,L1NSB00331,PLT002,2023-03-24,P2P Lending,Modal usaha,10000000,12,2.51,13012000,Lancar,2,1
L1KRD000531,L1NSB00331,PLT002,2023-09-21,P2P Lending,Pendidikan,1000000,12,1.69,1202800,Lancar,1,1
L1KRD000532,L1NSB00331,PLT002,2022-11-30,P2P Lending,Kesehatan,1000000,12,1.5,1180000,Kurang Lancar,31,0
L1KRD000533,L1NSB00333,PLT003,2023-04-28,Multifinance,Motor baru,15000000,18,1.97,20319000,Macet,195,0
L1KRD000534,L1NSB00333,PLT003,2023-05-04,Multifinance,Refinancing,20000000,24,1.07,25136000,Lancar,0,0
L1KRD000535,L1NSB00333,PLT003,2022-07-10,Multifinance,Motor baru,7000000,12,1.73,8453200,Lancar,1,1
L1KRD000536,L1NSB00335,PLT004,2022-09-22,Multifinance,Elektronik,20000000,24,1.87,28976000,Lancar,2,1
L1KRD000537,L1NSB00335,PLT004,2023-05-09,Multifinance,Mesin usaha,5000000,36,1.52,7736000,Lancar,1,0
L1KRD000538,L1NSB00335,PLT004,2024-04-16,Multifinance,Motor baru,20000000,36,1.92,33824000,Lancar,0,0
L1KRD000539,L1NSB00335,PLT004,2023-07-26,Multifinance,Refinancing,10000000,36,1.57,15652000,Lancar,1,0
L1KRD000540,L1NSB00337,PLT005,2023-09-16,P2P Lending,Pendidikan,5000000,3,1.88,5282000,Lancar,1,1
L1KRD000541,L1NSB00338,PLT003,2023-07-12,Multifinance,Mesin usaha,10000000,48,1.86,18928000,Lancar,0,0
L1KRD000542,L1NSB00338,PLT003,2022-06-30,Multifinance,Motor bekas,3000000,18,1.9,4026000,Lancar,0,1
L1KRD000543,L1NSB00338,PLT003,2022-03-18,Multifinance,Mesin usaha,3000000,18,1.96,4058400,Lancar,2,1
L1KRD000544,L1NSB00339,PLT005,2022-07-16,P2P Lending,Kesehatan,2000000,9,1.76,2316800,DPK,11,1
L1KRD000545,L1NSB00339,PLT005,2024-03-27,P2P Lending,Kesehatan,5000000,3,3.27,5490500,Lancar,0,1
L1KRD000546,L1NSB00341,PLT004,2022-07-10,Multifinance,Refinancing,3000000,48,1.98,5851200,Lancar,0,0
L1KRD000547,L1NSB00342,PLT005,2023-02-11,P2P Lending,Pendidikan,7000000,9,2.36,8486800,Lancar,0,1
L1KRD000548,L1NSB00342,PLT005,2022-06-23,P2P Lending,Kesehatan,5000000,6,1.6,5480000,Lancar,3,1
L1KRD000549,L1NSB00342,PLT005,2023-05-14,P2P Lending,Konsumsi,3000000,12,3.39,4220400,Lancar,2,1
L1KRD000550,L1NSB00343,PLT005,2024-01-24,P2P Lending,Modal usaha,3000000,9,2.63,3710100,Lancar,2,1
L1KRD000551,L1NSB00343,PLT005,2022-01-03,P2P Lending,Pendidikan,5000000,6,3.48,6044000,Lancar,2,1
L1KRD000552,L1NSB00345,PLT005,2023-07-07,P2P Lending,Kesehatan,2000000,6,2.77,2332400,DPK,5,1
L1KRD000553,L1NSB00345,PLT005,2022-02-18,P2P Lending,Renovasi,10000000,9,2.23,12007000,Lancar,3,1
L1KRD000554,L1NSB00345,PLT005,2023-04-29,P2P Lending,Renovasi,10000000,6,1.59,10954000,Lancar,1,1
L1KRD000555,L1NSB00345,PLT005,2023-11-09,P2P Lending,Renovasi,1000000,3,3.42,1102600,Lancar,2,1
L1KRD000556,L1NSB00346,PLT004,2023-10-03,Multifinance,Mesin usaha,3000000,18,1.68,3907200,Lancar,1,0
L1KRD000557,L1NSB00346,PLT004,2023-04-26,Multifinance,Mesin usaha,10000000,18,1.24,12232000,Lancar,3,1
L1KRD000558,L1NSB00346,PLT004,2023-03-31,Multifinance,Refinancing,7000000,12,1.41,8184400,Lancar,3,1
L1KRD000559,L1NSB00346,PLT004,2023-09-29,Multifinance,Refinancing,7000000,12,1.61,8352400,DPK,18,1
L1KRD000560,L1NSB00347,PLT002,2022-06-23,P2P Lending,Konsumsi,5000000,1,2.5,5125000,Lancar,1,1
L1KRD000561,L1NSB00347,PLT002,2023-10-12,P2P Lending,Modal usaha,7000000,6,2.11,7886200,Lancar,1,1
L1KRD000562,L1NSB00348,PLT003,2022-01-20,Multifinance,Elektronik,20000000,24,1.75,28400000,Lancar,0,1
L1KRD000563,L1NSB00349,PLT003,2023-07-05,Multifinance,Motor baru,5000000,24,1.71,7052000,DPK,30,0
L1KRD000564,L1NSB00349,PLT003,2023-01-01,Multifinance,Elektronik,3000000,12,1.66,3597600,Kurang Lancar,57,0
L1KRD000565,L1NSB00349,PLT003,2023-07-08,Multifinance,Elektronik,20000000,12,1.35,23240000,Lancar,0,1
L1KRD000566,L1NSB00350,PLT005,2023-11-18,P2P Lending,Kesehatan,7000000,1,2.47,7172900,Lancar,3,1
L1KRD000567,L1NSB00351,PLT005,2022-02-04,P2P Lending,Renovasi,5000000,6,2.15,5645000,Kurang Lancar,87,0
L1KRD000568,L1NSB00351,PLT005,2023-04-03,P2P Lending,Modal usaha,7000000,12,3.45,9898000,DPK,14,1
L1KRD000569,L1NSB00351,PLT005,2023-07-03,P2P Lending,Konsumsi,7000000,12,2.71,9276400,Macet,333,0
L1KRD000570,L1NSB00352,PLT001,2023-11-14,P2P Lending,Modal usaha,3000000,12,3.37,4213200,Lancar,3,1
L1KRD000571,L1NSB00352,PLT001,2023-10-01,P2P Lending,Kesehatan,3000000,6,1.66,3298800,Lancar,3,1
L1KRD000572,L1NSB00353,PLT003,2022-07-18,Multifinance,Mesin usaha,25000000,18,1.08,29860000,Macet,327,0
L1KRD000573,L1NSB00353,PLT003,2022-10-20,Multifinance,Motor baru,10000000,36,1.02,13672000,Lancar,2,0
L1KRD000574,L1NSB00354,PLT002,2022-11-16,P2P Lending,Konsumsi,5000000,6,3.22,5966000,DPK,9,1
L1KRD000575,L1NSB00354,PLT002,2023-12-24,P2P Lending,Modal usaha,2000000,6,1.66,2199200,Lancar,2,1
L1KRD000576,L1NSB00355,PLT002,2022-02-22,P2P Lending,Pendidikan,500000,6,3.13,593900,Lancar,3,1
L1KRD000577,L1NSB00356,PLT002,2024-04-21,P2P Lending,Kesehatan,2000000,3,2.4,2144000,Lancar,0,1
L1KRD000578,L1NSB00356,PLT002,2023-02-12,P2P Lending,Konsumsi,1000000,1,2.34,1023400,Kurang Lancar,56,0
L1KRD000579,L1NSB00357,PLT005,2023-08-01,P2P Lending,Renovasi,10000000,3,3.22,10966000,Lancar,2,1
L1KRD000580,L1NSB00357,PLT005,2023-06-12,P2P Lending,Renovasi,5000000,3,2.95,5442500,Lancar,0,1
L1KRD000581,L1NSB00358,PLT004,2023-01-02,Multifinance,Refinancing,25000000,24,1.51,34060000,Lancar,1,0
L1KRD000582,L1NSB00358,PLT004,2023-03-16,Multifinance,Mesin usaha,10000000,24,1.21,12904000,Lancar,0,0
L1KRD000583,L1NSB00360,PLT001,2022-03-26,P2P Lending,Renovasi,500000,1,1.54,507700,DPK,17,1
L1KRD000584,L1NSB00360,PLT001,2023-04-23,P2P Lending,Kesehatan,5000000,1,2.52,5126000,DPK,13,1
L1KRD000585,L1NSB00360,PLT001,2023-02-05,P2P Lending,Pendidikan,1000000,9,2.89,1260100,Lancar,1,1
L1KRD000586,L1NSB00361,PLT001,2022-06-15,P2P Lending,Renovasi,2000000,1,3.02,2060400,Lancar,0,1
L1KRD000587,L1NSB00361,PLT001,2022-07-27,P2P Lending,Renovasi,3000000,6,3.47,3624600,Macet,293,0
L1KRD000588,L1NSB00361,PLT001,2024-02-03,P2P Lending,Konsumsi,3000000,1,2.25,3067500,Lancar,1,1
L1KRD000589,L1NSB00361,PLT001,2022-04-23,P2P Lending,Pendidikan,10000000,1,3.03,10303000,Kurang Lancar,59,0
L1KRD000590,L1NSB00362,PLT005,2022-10-28,P2P Lending,Renovasi,2000000,9,1.54,2277200,Lancar,3,1
L1KRD000591,L1NSB00362,PLT005,2023-05-15,P2P Lending,Kesehatan,7000000,6,1.52,7638400,Lancar,1,1
L1KRD000592,L1NSB00363,PLT002,2022-08-16,P2P Lending,Renovasi,500000,6,3.21,596300,Lancar,3,1
L1KRD000593,L1NSB00363,PLT002,2024-05-07,P2P Lending,Modal usaha,3000000,6,1.64,3295200,DPK,18,1
L1KRD000594,L1NSB00363,PLT002,2022-11-02,P2P Lending,Pendidikan,500000,9,2.06,592700,Lancar,1,1
L1KRD000595,L1NSB00363,PLT002,2023-11-22,P2P Lending,Renovasi,10000000,3,3.41,11023000,Lancar,3,1
L1KRD000596,L1NSB00364,PLT004,2023-10-02,Multifinance,Elektronik,25000000,36,1.22,35980000,Lancar,2,0
L1KRD000597,L1NSB00367,PLT003,2024-04-01,Multifinance,Refinancing,15000000,12,1.26,17268000,Lancar,2,0
L1KRD000598,L1NSB00367,PLT003,2022-12-11,Multifinance,Motor baru,15000000,24,1.24,19464000,Lancar,3,1
L1KRD000599,L1NSB00369,PLT003,2023-10-01,Multifinance,Elektronik,25000000,24,1.97,36820000,Lancar,0,0
L1KRD000600,L1NSB00369,PLT003,2024-02-29,Multifinance,Motor bekas,3000000,12,1.14,3410400,Lancar,3,0
L1KRD000601,L1NSB00369,PLT003,2022-03-16,Multifinance,Elektronik,5000000,36,1.02,6836000,Kurang Lancar,89,0
L1KRD000602,L1NSB00370,PLT001,2022-01-07,P2P Lending,Pendidikan,500000,6,2.31,569300,Lancar,2,1
L1KRD000603,L1NSB00370,PLT001,2022-03-03,P2P Lending,Konsumsi,5000000,6,2.6,5780000,Lancar,2,1
L1KRD000604,L1NSB00370,PLT001,2023-12-23,P2P Lending,Renovasi,5000000,9,3.13,6408500,Lancar,0,1
L1KRD000605,L1NSB00371,PLT005,2022-10-18,P2P Lending,Modal usaha,10000000,1,2.42,10242000,Lancar,3,1
L1KRD000606,L1NSB00371,PLT005,2023-09-27,P2P Lending,Modal usaha,1000000,9,3.01,1270900,Lancar,0,1
L1KRD000607,L1NSB00371,PLT005,2023-11-27,P2P Lending,Renovasi,5000000,9,1.78,5801000,Lancar,1,1
L1KRD000608,L1NSB00373,PLT002,2023-10-13,P2P Lending,Pendidikan,1000000,1,2.11,1021100,Lancar,2,1
L1KRD000609,L1NSB00373,PLT002,2023-12-05,P2P Lending,Renovasi,3000000,9,1.76,3475200,Kurang Lancar,44,0
L1KRD000610,L1NSB00373,PLT002,2023-04-17,P2P Lending,Renovasi,10000000,6,1.93,11158000,Lancar,3,1
L1KRD000611,L1NSB00374,PLT002,2022-12-12,P2P Lending,Renovasi,500000,9,3.24,645800,Lancar,1,1
L1KRD000612,L1NSB00374,PLT002,2022-08-26,P2P Lending,Pendidikan,10000000,1,1.64,10164000,Lancar,3,1
L1KRD000613,L1NSB00374,PLT002,2022-09-12,P2P Lending,Konsumsi,5000000,1,3.09,5154500,DPK,21,1
L1KRD000614,L1NSB00376,PLT002,2022-04-18,P2P Lending,Modal usaha,10000000,1,3.13,10313000,Lancar,0,1
L1KRD000615,L1NSB00376,PLT002,2022-08-10,P2P Lending,Modal usaha,1000000,1,2.23,1022300,Lancar,0,1
L1KRD000616,L1NSB00377,PLT001,2022-02-12,P2P Lending,Modal usaha,7000000,12,3.18,9671200,Lancar,3,1
L1KRD000617,L1NSB00377,PLT001,2023-11-14,P2P Lending,Kesehatan,5000000,9,2.25,6012500,Lancar,1,1
L1KRD000618,L1NSB00377,PLT001,2024-05-19,P2P Lending,Konsumsi,3000000,9,2.28,3615600,Lancar,2,0
L1KRD000619,L1NSB00378,PLT004,2022-05-25,Multifinance,Elektronik,15000000,18,1.49,19023000,Lancar,1,1
L1KRD000620,L1NSB00380,PLT005,2023-03-28,P2P Lending,Renovasi,2000000,12,2.06,2494400,DPK,6,1
L1KRD000621,L1NSB00382,PLT002,2022-12-30,P2P Lending,Modal usaha,1000000,3,2.52,1075600,Macet,238,0
L1KRD000622,L1NSB00382,PLT002,2022-07-05,P2P Lending,Renovasi,7000000,1,2.96,7207200,Lancar,3,1
L1KRD000623,L1NSB00382,PLT002,2022-05-04,P2P Lending,Kesehatan,1000000,6,1.6,1096000,Lancar,3,1
L1KRD000624,L1NSB00382,PLT002,2022-05-31,P2P Lending,Pendidikan,10000000,3,3.49,11047000,Lancar,2,1
L1KRD000625,L1NSB00383,PLT004,2022-11-01,Multifinance,Motor bekas,10000000,36,1.65,15940000,Lancar,3,0
L1KRD000626,L1NSB00384,PLT005,2023-04-10,P2P Lending,Konsumsi,10000000,9,3.48,13132000,Kurang Lancar,68,0
L1KRD000627,L1NSB00384,PLT005,2022-12-20,P2P Lending,Renovasi,7000000,12,2.64,9217600,Lancar,1,1
L1KRD000628,L1NSB00385,PLT005,2023-06-25,P2P Lending,Konsumsi,500000,6,2.84,585200,Lancar,1,1
L1KRD000629,L1NSB00385,PLT005,2023-02-23,P2P Lending,Kesehatan,5000000,9,2.32,6044000,Lancar,2,1
L1KRD000630,L1NSB00385,PLT005,2022-03-22,P2P Lending,Konsumsi,500000,6,3.4,602000,Lancar,0,1
L1KRD000631,L1NSB00385,PLT005,2024-04-05,P2P Lending,Kesehatan,5000000,12,1.75,6050000,Lancar,3,0
L1KRD000632,L1NSB00386,PLT001,2023-09-15,P2P Lending,Kesehatan,500000,1,2.48,512400,Lancar,1,1
L1KRD000633,L1NSB00386,PLT001,2024-04-23,P2P Lending,Kesehatan,500000,3,3.26,548900,Lancar,0,1
L1KRD000634,L1NSB00388,PLT001,2022-07-10,P2P Lending,Modal usaha,500000,9,1.6,572000,DPK,23,1
L1KRD000635,L1NSB00388,PLT001,2023-03-04,P2P Lending,Renovasi,5000000,1,2.19,5109500,Lancar,1,1
L1KRD000636,L1NSB00388,PLT001,2024-01-23,P2P Lending,Konsumsi,10000000,1,2.71,10271000,Lancar,0,1
L1KRD000637,L1NSB00389,PLT001,2023-11-14,P2P Lending,Modal usaha,1000000,3,2.49,1074700,Lancar,3,1
L1KRD000638,L1NSB00389,PLT001,2022-12-15,P2P Lending,Renovasi,3000000,6,2.75,3495000,Lancar,1,1
L1KRD000639,L1NSB00390,PLT004,2022-07-27,Multifinance,Refinancing,25000000,24,1.51,34060000,DPK,14,1
L1KRD000640,L1NSB00390,PLT004,2024-03-29,Multifinance,Motor baru,5000000,12,1.44,5864000,Lancar,2,0
L1KRD000641,L1NSB00390,PLT004,2024-02-29,Multifinance,Refinancing,25000000,12,1.79,30370000,Lancar,3,0
L1KRD000642,L1NSB00391,PLT005,2023-05-22,P2P Lending,Konsumsi,5000000,3,2.2,5330000,Lancar,2,1
L1KRD000643,L1NSB00391,PLT005,2022-04-22,P2P Lending,Modal usaha,5000000,1,1.94,5097000,Lancar,2,1
L1KRD000644,L1NSB00393,PLT005,2022-08-30,P2P Lending,Konsumsi,2000000,1,3.36,2067200,Lancar,3,1
L1KRD000645,L1NSB00393,PLT005,2022-04-23,P2P Lending,Pendidikan,7000000,12,3.17,9662800,Lancar,2,1
L1KRD000646,L1NSB00393,PLT005,2022-07-14,P2P Lending,Renovasi,500000,6,3.26,597800,DPK,21,1
L1KRD000647,L1NSB00394,PLT001,2024-04-30,P2P Lending,Pendidikan,1000000,1,3.14,1031400,DPK,27,1
L1KRD000648,L1NSB00394,PLT001,2023-11-14,P2P Lending,Konsumsi,5000000,6,2.16,5648000,Lancar,1,1
L1KRD000649,L1NSB00395,PLT003,2023-12-04,Multifinance,Motor baru,3000000,18,1.1,3594000,Lancar,3,0
L1KRD000650,L1NSB00395,PLT003,2022-07-01,Multifinance,Elektronik,10000000,48,1.19,15712000,Lancar,2,0
L1KRD000651,L1NSB00395,PLT003,2023-12-31,Multifinance,Mesin usaha,25000000,48,1.04,37480000,Lancar,1,0
L1KRD000652,L1NSB00395,PLT003,2024-05-21,Multifinance,Mesin usaha,25000000,48,1.19,39280000,Lancar,2,0
L1KRD000653,L1NSB00397,PLT001,2023-06-16,P2P Lending,Konsumsi,2000000,3,2.16,2129600,Macet,326,0
L1KRD000654,L1NSB00397,PLT001,2022-09-02,P2P Lending,Kesehatan,2000000,3,2.88,2172800,DPK,13,1
L1KRD000655,L1NSB00398,PLT001,2023-06-06,P2P Lending,Konsumsi,10000000,3,1.83,10549000,DPK,14,1
L1KRD000656,L1NSB00398,PLT001,2022-07-06,P2P Lending,Pendidikan,3000000,9,2.02,3545400,Lancar,0,1
L1KRD000657,L1NSB00399,PLT003,2022-04-24,Multifinance,Elektronik,5000000,36,1.89,8402000,Lancar,3,0
L1KRD000658,L1NSB00400,PLT001,2022-05-24,P2P Lending,Renovasi,1000000,3,3.08,1092400,Macet,247,0
L1KRD000659,L1NSB00400,PLT001,2022-01-13,P2P Lending,Konsumsi,7000000,3,1.93,7405300,Lancar,0,1
L1KRD000660,L1NSB00401,PLT004,2023-07-21,Multifinance,Motor bekas,7000000,24,1.92,10225600,Lancar,0,0
L1KRD000661,L1NSB00401,PLT004,2022-04-10,Multifinance,Motor bekas,7000000,36,1.24,10124800,Lancar,3,0
L1KRD000662,L1NSB00402,PLT002,2022-12-13,P2P Lending,Konsumsi,5000000,9,2.96,6332000,Lancar,3,1
L1KRD000663,L1NSB00403,PLT003,2022-04-27,Multifinance,Elektronik,25000000,18,1.71,32695000,Lancar,2,1
L1KRD000664,L1NSB00403,PLT003,2023-12-14,Multifinance,Mesin usaha,5000000,48,1.39,8336000,Lancar,2,0
L1KRD000665,L1NSB00403,PLT003,2023-07-09,Multifinance,Refinancing,5000000,12,1.5,5900000,Lancar,3,1
L1KRD000666,L1NSB00404,PLT002,2022-09-07,P2P Lending,Kesehatan,10000000,6,1.87,11122000,DPK,7,1
L1KRD000667,L1NSB00405,PLT001,2023-01-24,P2P Lending,Pendidikan,5000000,3,2.09,5313500,Lancar,2,1
L1KRD000668,L1NSB00405,PLT001,2022-03-14,P2P Lending,Pendidikan,7000000,6,3.27,8373400,Lancar,2,1
L1KRD000669,L1NSB00408,PLT003,2023-05-10,Multifinance,Motor baru,20000000,24,1.98,29504000,Lancar,1,0
L1KRD000670,L1NSB00408,PLT003,2023-06-10,Multifinance,Mesin usaha,5000000,24,1.94,7328000,Lancar,1,0
L1KRD000671,L1NSB00408,PLT003,2023-03-09,Multifinance,Refinancing,25000000,24,1.11,31660000,Lancar,1,0
L1KRD000672,L1NSB00408,PLT003,2023-05-14,Multifinance,Mesin usaha,10000000,12,1.34,11608000,Lancar,2,1
L1KRD000673,L1NSB00410,PLT002,2023-07-16,P2P Lending,Konsumsi,7000000,3,1.96,7411600,Lancar,2,1
L1KRD000674,L1NSB00411,PLT001,2024-01-27,P2P Lending,Renovasi,10000000,3,2.52,10756000,Lancar,1,1
L1KRD000675,L1NSB00411,PLT001,2023-10-21,P2P Lending,Renovasi,5000000,3,3.35,5502500,Lancar,1,1
L1KRD000676,L1NSB00412,PLT005,2022-03-28,P2P Lending,Kesehatan,10000000,1,2.9,10290000,Lancar,2,1
L1KRD000677,L1NSB00412,PLT005,2023-06-21,P2P Lending,Renovasi,3000000,12,3.33,4198800,Lancar,3,1
L1KRD000678,L1NSB00412,PLT005,2022-04-10,P2P Lending,Modal usaha,3000000,12,2.01,3723600,Lancar,1,1
L1KRD000679,L1NSB00412,PLT005,2023-11-17,P2P Lending,Pendidikan,500000,12,2.93,675800,Lancar,0,1
L1KRD000680,L1NSB00413,PLT002,2024-04-18,P2P Lending,Modal usaha,500000,6,3.0,590000,Lancar,2,1
L1KRD000681,L1NSB00414,PLT002,2023-11-04,P2P Lending,Pendidikan,10000000,1,3.19,10319000,Lancar,3,1
L1KRD000682,L1NSB00414,PLT002,2022-05-26,P2P Lending,Konsumsi,3000000,6,1.56,3280800,Lancar,1,1
L1KRD000683,L1NSB00415,PLT005,2024-05-22,P2P Lending,Renovasi,10000000,12,2.63,13156000,Lancar,0,0
L1KRD000684,L1NSB00415,PLT005,2024-02-01,P2P Lending,Konsumsi,1000000,6,2.41,1144600,Lancar,0,1
L1KRD000685,L1NSB00417,PLT005,2023-08-20,P2P Lending,Modal usaha,1000000,6,2.3,1138000,Kurang Lancar,71,0
L1KRD000686,L1NSB00418,PLT002,2023-11-02,P2P Lending,Pendidikan,5000000,12,2.95,6770000,Kurang Lancar,86,0
L1KRD000687,L1NSB00420,PLT003,2023-06-09,Multifinance,Mesin usaha,3000000,12,1.55,3558000,Lancar,0,1
L1KRD000688,L1NSB00421,PLT003,2023-01-03,Multifinance,Motor bekas,25000000,36,1.6,39400000,Lancar,0,0
L1KRD000689,L1NSB00421,PLT003,2022-10-05,Multifinance,Elektronik,5000000,48,1.16,7784000,Lancar,2,0
L1KRD000690,L1NSB00422,PLT003,2023-02-12,Multifinance,Mesin usaha,15000000,12,1.54,17772000,Lancar,2,1
L1KRD000691,L1NSB00422,PLT003,2022-06-02,Multifinance,Motor baru,5000000,24,1.57,6884000,Lancar,1,1
L1KRD000692,L1NSB00422,PLT003,2023-12-24,Multifinance,Motor bekas,10000000,18,1.46,12628000,Lancar,3,0
L1KRD000693,L1NSB00423,PLT004,2022-04-24,Multifinance,Refinancing,5000000,48,1.8,9320000,Lancar,2,0
L1KRD000694,L1NSB00425,PLT005,2022-10-14,P2P Lending,Kesehatan,3000000,6,3.33,3599400,Lancar,0,1
L1KRD000695,L1NSB00425,PLT005,2023-08-06,P2P Lending,Konsumsi,3000000,6,2.32,3417600,Lancar,2,1
L1KRD000696,L1NSB00426,PLT003,2023-10-08,Multifinance,Motor baru,7000000,36,1.72,11334400,Lancar,3,0
L1KRD000697,L1NSB00426,PLT003,2023-04-11,Multifinance,Elektronik,25000000,36,1.53,38770000,Lancar,1,0
L1KRD000698,L1NSB00426,PLT003,2024-02-24,Multifinance,Motor baru,7000000,18,1.61,9028600,Lancar,3,0
L1KRD000699,L1NSB00428,PLT002,2022-09-11,P2P Lending,Pendidikan,10000000,12,3.35,14020000,Macet,237,0
L1KRD000700,L1NSB00428,PLT002,2022-05-16,P2P Lending,Kesehatan,10000000,3,3.23,10969000,Lancar,0,1
L1KRD000701,L1NSB00431,PLT005,2023-07-06,P2P Lending,Pendidikan,5000000,1,2.41,5120500,DPK,5,1
L1KRD000702,L1NSB00432,PLT004,2022-12-01,Multifinance,Motor bekas,10000000,24,1.43,13432000,Lancar,1,1
L1KRD000703,L1NSB00433,PLT004,2023-09-26,Multifinance,Motor bekas,5000000,18,1.88,6692000,Kurang Lancar,42,0
L1KRD000704,L1NSB00435,PLT001,2024-02-07,P2P Lending,Modal usaha,5000000,12,3.13,6878000,Lancar,3,0
L1KRD000705,L1NSB00436,PLT004,2022-02-17,Multifinance,Motor bekas,25000000,12,1.17,28510000,Lancar,3,1
L1KRD000706,L1NSB00437,PLT005,2023-10-07,P2P Lending,Modal usaha,3000000,6,2.69,3484200,Lancar,1,1
L1KRD000707,L1NSB00437,PLT005,2023-09-26,P2P Lending,Renovasi,1000000,1,1.64,1016400,Lancar,2,1
L1KRD000708,L1NSB00438,PLT002,2024-01-01,P2P Lending,Modal usaha,500000,12,3.28,696800,Kurang Lancar,49,0
L1KRD000709,L1NSB00438,PLT002,2022-03-24,P2P Lending,Renovasi,1000000,12,1.81,1217200,Lancar,3,1
L1KRD000710,L1NSB00438,PLT002,2023-10-01,P2P Lending,Pendidikan,1000000,12,3.18,1381600,Lancar,0,1
L1KRD000711,L1NSB00439,PLT003,2024-01-02,Multifinance,Refinancing,20000000,18,1.94,26984000,Lancar,1,0
L1KRD000712,L1NSB00439,PLT003,2024-02-05,Multifinance,Mesin usaha,25000000,18,1.94,33730000,Lancar,0,0
L1KRD000713,L1NSB00441,PLT004,2023-01-09,Multifinance,Elektronik,10000000,12,1.91,12292000,Lancar,0,1
L1KRD000714,L1NSB00442,PLT001,2023-09-17,P2P Lending,Renovasi,5000000,6,2.82,5846000,DPK,9,1
L1KRD000715,L1NSB00444,PLT004,2024-02-01,Multifinance,Elektronik,15000000,48,1.71,27312000,Lancar,1,0
L1KRD000716,L1NSB00444,PLT004,2022-02-12,Multifinance,Refinancing,3000000,12,2.0,3720000,Lancar,0,1
L1KRD000717,L1NSB00445,PLT005,2024-01-15,P2P Lending,Pendidikan,10000000,3,2.81,10843000,Lancar,3,1
L1KRD000718,L1NSB00447,PLT004,2022-11-13,Multifinance,Refinancing,7000000,12,1.01,7848400,Lancar,2,1
L1KRD000719,L1NSB00447,PLT004,2022-09-12,Multifinance,Refinancing,10000000,24,1.14,12736000,DPK,29,1
L1KRD000720,L1NSB00447,PLT004,2022-12-06,Multifinance,Mesin usaha,15000000,24,1.48,20328000,Lancar,1,1
L1KRD000721,L1NSB00448,PLT005,2022-07-14,P2P Lending,Konsumsi,500000,1,2.71,513550,Lancar,0,1
L1KRD000722,L1NSB00448,PLT005,2022-01-11,P2P Lending,Pendidikan,2000000,3,2.98,2178800,DPK,11,1
L1KRD000723,L1NSB00450,PLT003,2022-06-06,Multifinance,Motor baru,25000000,24,1.14,31840000,Lancar,3,1
L1KRD000724,L1NSB00450,PLT003,2023-01-21,Multifinance,Refinancing,25000000,18,1.42,31390000,Lancar,0,1
L1KRD000725,L1NSB00451,PLT002,2024-05-03,P2P Lending,Modal usaha,7000000,12,2.72,9284800,Lancar,3,0
L1KRD000726,L1NSB00451,PLT002,2023-12-20,P2P Lending,Renovasi,1000000,12,3.41,1409200,Lancar,0,0
L1KRD000727,L1NSB00451,PLT002,2023-01-11,P2P Lending,Modal usaha,10000000,12,2.76,13312000,Kurang Lancar,34,0
L1KRD000728,L1NSB00452,PLT004,2022-06-03,Multifinance,Motor bekas,7000000,48,1.64,12510400,Lancar,2,0
L1KRD000729,L1NSB00452,PLT004,2023-02-28,Multifinance,Elektronik,15000000,18,1.84,19968000,Kurang Lancar,88,0
L1KRD000730,L1NSB00453,PLT001,2022-02-13,P2P Lending,Modal usaha,2000000,12,3.32,2796800,DPK,17,1
L1KRD000731,L1NSB00453,PLT001,2023-01-18,P2P Lending,Kesehatan,10000000,1,2.51,10251000,DPK,19,1
L1KRD000732,L1NSB00454,PLT004,2022-05-09,Multifinance,Mesin usaha,25000000,12,1.76,30280000,Lancar,0,1
L1KRD000733,L1NSB00454,PLT004,2023-07-27,Multifinance,Motor bekas,15000000,36,1.33,22182000,Lancar,1,0
L1KRD000734,L1NSB00454,PLT004,2022-09-18,Multifinance,Motor bekas,7000000,12,1.23,8033200,Lancar,0,1
L1KRD000735,L1NSB00456,PLT002,2023-05-04,P2P Lending,Renovasi,500000,1,1.78,508900,Lancar,1,1
L1KRD000736,L1NSB00457,PLT001,2023-04-25,P2P Lending,Konsumsi,2000000,1,2.98,2059600,Lancar,0,1
L1KRD000737,L1NSB00458,PLT003,2023-06-04,Multifinance,Mesin usaha,10000000,12,1.26,11512000,Lancar,1,1
L1KRD000738,L1NSB00459,PLT002,2024-01-01,P2P Lending,Kesehatan,2000000,12,3.32,2796800,Lancar,2,0
L1KRD000739,L1NSB00460,PLT004,2022-10-21,Multifinance,Motor bekas,20000000,36,1.63,31736000,Lancar,1,0
L1KRD000740,L1NSB00461,PLT001,2022-02-15,P2P Lending,Modal usaha,7000000,6,2.6,8092000,Lancar,2,1
L1KRD000741,L1NSB00462,PLT001,2022-01-04,P2P Lending,Renovasi,10000000,9,1.75,11575000,Lancar,0,1
L1KRD000742,L1NSB00463,PLT004,2023-08-07,Multifinance,Mesin usaha,20000000,24,1.77,28496000,Kurang Lancar,35,0
L1KRD000743,L1NSB00463,PLT004,2024-04-13,Multifinance,Refinancing,25000000,48,1.87,47440000,Lancar,2,0
L1KRD000744,L1NSB00464,PLT004,2022-03-02,Multifinance,Motor baru,25000000,18,1.89,33505000,Lancar,0,1
L1KRD000745,L1NSB00464,PLT004,2024-02-13,Multifinance,Motor bekas,10000000,48,1.88,19024000,Lancar,2,0
L1KRD000746,L1NSB00464,PLT004,2024-03-07,Multifinance,Motor baru,20000000,24,1.4,26720000,Lancar,2,0
L1KRD000747,L1NSB00465,PLT004,2023-10-07,Multifinance,Elektronik,5000000,12,1.11,5666000,Lancar,3,1
L1KRD000748,L1NSB00466,PLT002,2022-10-09,P2P Lending,Pendidikan,500000,1,2.4,512000,DPK,24,1
L1KRD000749,L1NSB00466,PLT002,2024-01-24,P2P Lending,Renovasi,500000,12,2.95,677000,DPK,29,0
L1KRD000750,L1NSB00466,PLT002,2024-05-02,P2P Lending,Renovasi,5000000,12,2.36,6416000,Lancar,2,0
L1KRD000751,L1NSB00466,PLT002,2024-05-20,P2P Lending,Konsumsi,5000000,9,3.23,6453500,Lancar,3,0
L1KRD000752,L1NSB00469,PLT002,2022-09-19,P2P Lending,Konsumsi,500000,1,1.57,507850,Lancar,3,1
L1KRD000753,L1NSB00469,PLT002,2024-05-27,P2P Lending,Konsumsi,5000000,1,2.57,5128500,Lancar,0,1
L1KRD000754,L1NSB00470,PLT002,2022-10-01,P2P Lending,Konsumsi,500000,12,2.68,660800,Macet,224,0
L1KRD000755,L1NSB00470,PLT002,2022-05-20,P2P Lending,Kesehatan,1000000,6,1.66,1099600,Kurang Lancar,84,0
L1KRD000756,L1NSB00470,PLT002,2024-04-03,P2P Lending,Konsumsi,3000000,6,1.86,3334800,Lancar,2,1
L1KRD000757,L1NSB00470,PLT002,2023-12-28,P2P Lending,Kesehatan,2000000,6,2.48,2297600,Kurang Lancar,70,0
L1KRD000758,L1NSB00471,PLT005,2024-05-09,P2P Lending,Renovasi,10000000,3,2.74,10822000,Lancar,2,1
L1KRD000759,L1NSB00471,PLT005,2024-01-29,P2P Lending,Konsumsi,7000000,9,1.51,7951300,DPK,27,1
L1KRD000760,L1NSB00473,PLT002,2023-10-01,P2P Lending,Kesehatan,2000000,12,1.72,2412800,Lancar,1,1
L1KRD000761,L1NSB00474,PLT001,2022-10-26,P2P Lending,Renovasi,1000000,3,2.85,1085500,Lancar,2,1
L1KRD000762,L1NSB00477,PLT001,2022-02-21,P2P Lending,Modal usaha,5000000,1,3.08,5154000,Lancar,0,1
L1KRD000763,L1NSB00477,PLT001,2022-01-13,P2P Lending,Kesehatan,3000000,6,2.25,3405000,Lancar,3,1
L1KRD000764,L1NSB00477,PLT001,2022-08-09,P2P Lending,Konsumsi,2000000,12,2.11,2506400,Lancar,0,1
L1KRD000765,L1NSB00477,PLT001,2022-09-25,P2P Lending,Konsumsi,10000000,9,3.44,13096000,Lancar,1,1
L1KRD000766,L1NSB00478,PLT005,2023-07-01,P2P Lending,Modal usaha,5000000,1,3.35,5167500,Lancar,3,1
L1KRD000767,L1NSB00478,PLT005,2023-12-02,P2P Lending,Modal usaha,5000000,12,3.21,6926000,Lancar,1,1
L1KRD000768,L1NSB00479,PLT002,2022-12-24,P2P Lending,Konsumsi,2000000,6,1.78,2213600,Lancar,3,1
L1KRD000769,L1NSB00481,PLT004,2022-06-20,Multifinance,Motor bekas,5000000,48,1.22,7928000,DPK,5,0
L1KRD000770,L1NSB00482,PLT004,2022-05-24,Multifinance,Mesin usaha,10000000,24,1.03,12472000,Lancar,2,1
L1KRD000771,L1NSB00483,PLT003,2022-02-21,Multifinance,Motor bekas,5000000,18,1.72,6548000,Lancar,0,1
L1KRD000772,L1NSB00484,PLT001,2024-01-18,P2P Lending,Modal usaha,500000,6,2.99,589700,Lancar,1,1
L1KRD000773,L1NSB00484,PLT001,2023-10-14,P2P Lending,Modal usaha,10000000,6,3.31,11986000,Lancar,2,1
L1KRD000774,L1NSB00485,PLT004,2023-07-01,Multifinance,Motor bekas,25000000,12,1.72,30160000,Lancar,0,1
L1KRD000775,L1NSB00485,PLT004,2024-01-10,Multifinance,Motor bekas,7000000,36,1.09,9746800,Lancar,3,0
L1KRD000776,L1NSB00485,PLT004,2023-04-29,Multifinance,Elektronik,3000000,18,1.86,4004400,Lancar,3,1
L1KRD000777,L1NSB00485,PLT004,2022-09-29,Multifinance,Mesin usaha,3000000,24,1.46,4051200,Lancar,0,1
L1KRD000778,L1NSB00486,PLT004,2022-05-28,Multifinance,Mesin usaha,25000000,18,1.62,32290000,Lancar,1,1
L1KRD000779,L1NSB00486,PLT004,2023-12-21,Multifinance,Motor baru,3000000,24,1.11,3799200,Lancar,1,0
L1KRD000780,L1NSB00487,PLT001,2023-04-09,P2P Lending,Kesehatan,2000000,6,2.32,2278400,Lancar,1,1
L1KRD000781,L1NSB00488,PLT005,2022-07-14,P2P Lending,Renovasi,1000000,9,3.16,1284400,Lancar,1,1
L1KRD000782,L1NSB00489,PLT003,2022-07-05,Multifinance,Motor baru,3000000,24,1.39,4000800,Lancar,0,1
L1KRD000783,L1NSB00490,PLT003,2022-01-22,Multifinance,Refinancing,7000000,18,1.77,9230200,Kurang Lancar,40,0
L1KRD000784,L1NSB00493,PLT004,2022-11-24,Multifinance,Elektronik,10000000,24,1.48,13552000,Lancar,3,1
L1KRD000785,L1NSB00494,PLT002,2022-05-28,P2P Lending,Renovasi,500000,9,1.53,568850,Lancar,1,1
L1KRD000786,L1NSB00495,PLT004,2024-03-10,Multifinance,Refinancing,3000000,48,1.21,4742400,Lancar,3,0
L1KRD000787,L1NSB00495,PLT004,2023-01-08,Multifinance,Elektronik,5000000,48,1.71,9104000,DPK,29,0
L1KRD000788,L1NSB00495,PLT004,2022-10-26,Multifinance,Mesin usaha,5000000,36,1.13,7034000,Lancar,0,0
L1KRD000789,L1NSB00496,PLT001,2024-01-23,P2P Lending,Pendidikan,3000000,1,1.68,3050400,Lancar,0,1
L1KRD000790,L1NSB00496,PLT001,2022-08-13,P2P Lending,Pendidikan,1000000,3,1.74,1052200,Lancar,3,1
L1KRD000791,L1NSB00496,PLT001,2024-04-10,P2P Lending,Pendidikan,500000,6,2.03,560900,Lancar,0,1
L1KRD000792,L1NSB00496,PLT001,2022-08-19,P2P Lending,Pendidikan,1000000,9,2.96,1266400,Lancar,3,1
L1KRD000793,L1NSB00498,PLT004,2024-03-22,Multifinance,Mesin usaha,25000000,24,1.24,32440000,Lancar,0,0
L1KRD000794,L1NSB00500,PLT002,2023-08-27,P2P Lending,Renovasi,5000000,3,1.92,5288000,Lancar,0,1
L1KRD000795,L1NSB00500,PLT002,2024-02-12,P2P Lending,Renovasi,1000000,6,3.23,1193800,Lancar,0,1
L1KRD000796,L1NSB00500,PLT002,2023-07-22,P2P Lending,Renovasi,10000000,1,2.98,10298000,Lancar,3,1
L1KRD000797,L1NSB00500,PLT002,2024-01-28,P2P Lending,Konsumsi,7000000,1,3.36,7235200,DPK,10,1
L1KRD000798,L1NSB00501,PLT001,2023-02-26,P2P Lending,Modal usaha,5000000,6,3.11,5933000,Lancar,2,1
L1KRD000799,L1NSB00501,PLT001,2023-04-13,P2P Lending,Renovasi,10000000,12,1.83,12196000,DPK,28,1
L1KRD000800,L1NSB00501,PLT001,2023-02-02,P2P Lending,Kesehatan,10000000,9,3.23,12907000,Kurang Lancar,87,0
L1KRD000801,L1NSB00502,PLT002,2023-07-07,P2P Lending,Pendidikan,3000000,3,2.79,3251100,Lancar,3,1
L1KRD000802,L1NSB00502,PLT002,2022-08-25,P2P Lending,Konsumsi,5000000,9,2.27,6021500,Lancar,1,1
L1KRD000803,L1NSB00503,PLT005,2023-04-09,P2P Lending,Modal usaha,2000000,6,1.52,2182400,Lancar,2,1
L1KRD000804,L1NSB00503,PLT005,2023-06-07,P2P Lending,Modal usaha,1000000,12,2.65,1318000,Lancar,2,1
L1KRD000805,L1NSB00503,PLT005,2022-01-05,P2P Lending,Pendidikan,10000000,9,2.69,12421000,Lancar,3,1
L1KRD000806,L1NSB00505,PLT003,2022-03-12,Multifinance,Motor bekas,10000000,36,1.26,14536000,Lancar,0,0
L1KRD000807,L1NSB00507,PLT004,2022-07-03,Multifinance,Mesin usaha,20000000,24,1.29,26192000,Lancar,3,1
L1KRD000808,L1NSB00507,PLT004,2023-12-17,Multifinance,Mesin usaha,25000000,24,1.56,34360000,Lancar,1,0
L1KRD000809,L1NSB00507,PLT004,2024-04-13,Multifinance,Refinancing,3000000,24,1.91,4375200,DPK,10,0
L1KRD000810,L1NSB00509,PLT004,2024-01-18,Multifinance,Refinancing,15000000,24,1.03,18708000,Lancar,1,0
L1KRD000811,L1NSB00509,PLT004,2023-04-12,Multifinance,Elektronik,10000000,24,1.58,13792000,Lancar,2,0
L1KRD000812,L1NSB00509,PLT004,2024-05-08,Multifinance,Elektronik,7000000,48,1.55,12208000,Kurang Lancar,77,0
L1KRD000813,L1NSB00509,PLT004,2022-11-04,Multifinance,Refinancing,10000000,18,1.05,11890000,Lancar,2,1
L1KRD000814,L1NSB00510,PLT001,2023-08-25,P2P Lending,Konsumsi,3000000,9,2.93,3791100,Kurang Lancar,69,0
L1KRD000815,L1NSB00510,PLT001,2023-12-20,P2P Lending,Pendidikan,3000000,9,2.58,3696600,Lancar,0,1
L1KRD000816,L1NSB00510,PLT001,2022-03-23,P2P Lending,Pendidikan,3000000,12,2.44,3878400,Lancar,0,1
L1KRD000817,L1NSB00512,PLT002,2022-09-13,P2P Lending,Renovasi,7000000,9,2.12,8335600,Lancar,1,1
L1KRD000818,L1NSB00512,PLT002,2022-11-24,P2P Lending,Konsumsi,1000000,3,1.56,1046800,Lancar,2,1
L1KRD000819,L1NSB00514,PLT001,2022-06-01,P2P Lending,Konsumsi,7000000,1,1.84,7128800,Macet,145,0
L1KRD000820,L1NSB00514,PLT001,2022-03-23,P2P Lending,Konsumsi,1000000,12,3.07,1368400,Lancar,1,1
L1KRD000821,L1NSB00516,PLT004,2022-11-24,Multifinance,Mesin usaha,10000000,48,1.56,17488000,Lancar,2,0
L1KRD000822,L1NSB00516,PLT004,2023-02-22,Multifinance,Mesin usaha,5000000,48,1.93,9632000,Lancar,3,0
L1KRD000823,L1NSB00517,PLT004,2022-04-12,Multifinance,Mesin usaha,7000000,18,1.86,9343600,Lancar,1,1
L1KRD000824,L1NSB00517,PLT004,2023-05-28,Multifinance,Elektronik,7000000,48,1.58,12308800,Lancar,0,0
L1KRD000825,L1NSB00518,PLT004,2022-05-12,Multifinance,Elektronik,5000000,36,1.07,6926000,Lancar,0,0
L1KRD000826,L1NSB00518,PLT004,2022-08-17,Multifinance,Refinancing,20000000,36,1.25,29000000,Kurang Lancar,76,0
L1KRD000827,L1NSB00519,PLT004,2023-04-24,Multifinance,Motor baru,15000000,24,1.54,20544000,Lancar,0,0
L1KRD000828,L1NSB00519,PLT004,2024-03-26,Multifinance,Motor baru,25000000,36,1.62,39580000,Lancar,3,0
L1KRD000829,L1NSB00519,PLT004,2023-12-13,Multifinance,Elektronik,25000000,48,1.34,41080000,Macet,208,0
L1KRD000830,L1NSB00520,PLT004,2023-04-19,Multifinance,Refinancing,20000000,36,1.2,28640000,Lancar,0,0
L1KRD000831,L1NSB00520,PLT004,2022-09-20,Multifinance,Mesin usaha,20000000,18,1.16,24176000,Lancar,2,1
L1KRD000832,L1NSB00521,PLT001,2024-04-22,P2P Lending,Renovasi,2000000,3,3.39,2203400,Kurang Lancar,86,0
L1KRD000833,L1NSB00521,PLT001,2023-01-09,P2P Lending,Renovasi,5000000,9,1.85,5832500,Kurang Lancar,62,0
L1KRD000834,L1NSB00521,PLT001,2022-03-10,P2P Lending,Renovasi,5000000,3,2.1,5315000,Kurang Lancar,59,0
L1KRD000835,L1NSB00522,PLT004,2022-11-19,Multifinance,Elektronik,25000000,36,1.22,35980000,Lancar,2,0
L1KRD000836,L1NSB00524,PLT001,2022-03-30,P2P Lending,Modal usaha,1000000,6,1.95,1117000,Lancar,3,1
L1KRD000837,L1NSB00524,PLT001,2023-05-01,P2P Lending,Pendidikan,10000000,9,3.48,13132000,Lancar,1,1
L1KRD000838,L1NSB00524,PLT001,2023-12-26,P2P Lending,Pendidikan,500000,1,3.04,515200,Lancar,2,1
L1KRD000839,L1NSB00524,PLT001,2022-06-09,P2P Lending,Pendidikan,3000000,3,2.04,3183600,Lancar,3,1
L1KRD000840,L1NSB00526,PLT005,2022-07-06,P2P Lending,Modal usaha,3000000,3,2.94,3264600,Kurang Lancar,81,0
L1KRD000841,L1NSB00526,PLT005,2022-02-26,P2P Lending,Kesehatan,5000000,12,1.76,6056000,Lancar,0,1
L1KRD000842,L1NSB00526,PLT005,2022-03-19,P2P Lending,Pendidikan,10000000,3,1.91,10573000,Lancar,2,1
L1KRD000843,L1NSB00526,PLT005,2022-08-10,P2P Lending,Modal usaha,7000000,12,2.32,8948800,Lancar,2,1
L1KRD000844,L1NSB00528,PLT003,2024-03-01,Multifinance,Refinancing,7000000,24,1.12,8881600,Lancar,0,0
L1KRD000845,L1NSB00529,PLT005,2022-12-10,P2P Lending,Kesehatan,2000000,12,2.27,2544800,DPK,16,1
L1KRD000846,L1NSB00529,PLT005,2023-10-23,P2P Lending,Renovasi,1000000,9,2.53,1227700,Macet,316,0
L1KRD000847,L1NSB00530,PLT003,2024-03-07,Multifinance,Motor baru,7000000,36,1.98,11989600,Lancar,0,0
L1KRD000848,L1NSB00530,PLT003,2022-11-22,Multifinance,Motor baru,25000000,18,1.88,33460000,Lancar,2,1
L1KRD000849,L1NSB00530,PLT003,2024-05-27,Multifinance,Mesin usaha,3000000,24,1.38,3993600,Lancar,2,0
L1KRD000850,L1NSB00531,PLT005,2022-03-16,P2P Lending,Kesehatan,500000,3,2.72,540800,Lancar,0,1
L1KRD000851,L1NSB00532,PLT002,2023-07-19,P2P Lending,Konsumsi,7000000,6,2.75,8155000,Lancar,3,1
L1KRD000852,L1NSB00532,PLT002,2022-10-24,P2P Lending,Konsumsi,2000000,1,3.11,2062200,Lancar,2,1
L1KRD000853,L1NSB00532,PLT002,2023-02-01,P2P Lending,Kesehatan,5000000,1,2.11,5105500,DPK,20,1
L1KRD000854,L1NSB00533,PLT002,2024-05-02,P2P Lending,Modal usaha,5000000,6,3.03,5909000,Lancar,1,1
L1KRD000855,L1NSB00533,PLT002,2023-08-08,P2P Lending,Modal usaha,7000000,6,2.69,8129800,Lancar,1,1
L1KRD000856,L1NSB00534,PLT004,2022-01-19,Multifinance,Mesin usaha,5000000,12,1.8,6080000,Lancar,1,1
L1KRD000857,L1NSB00534,PLT004,2022-04-03,Multifinance,Refinancing,7000000,18,1.02,8285200,Lancar,1,1
L1KRD000858,L1NSB00535,PLT001,2022-12-20,P2P Lending,Renovasi,1000000,12,2.49,1298800,Lancar,2,1
L1KRD000859,L1NSB00536,PLT002,2023-12-14,P2P Lending,Renovasi,3000000,12,2.76,3993600,Lancar,1,0
L1KRD000860,L1NSB00536,PLT002,2023-06-17,P2P Lending,Konsumsi,10000000,12,2.52,13024000,DPK,13,1
L1KRD000861,L1NSB00536,PLT002,2023-03-09,P2P Lending,Renovasi,1000000,9,2.05,1184500,Lancar,0,1
L1KRD000862,L1NSB00536,PLT002,2022-11-05,P2P Lending,Kesehatan,7000000,6,2.12,7890400,DPK,8,1
L1KRD000863,L1NSB00537,PLT005,2023-12-16,P2P Lending,Modal usaha,500000,1,2.86,514300,Lancar,0,1
L1KRD000864,L1NSB00537,PLT005,2022-09-10,P2P Lending,Pendidikan,3000000,9,2.86,3772200,Lancar,2,1
L1KRD000865,L1NSB00538,PLT001,2024-03-18,P2P Lending,Pendidikan,3000000,1,2.39,3071700,Lancar,2,1
L1KRD000866,L1NSB00538,PLT001,2023-11-23,P2P Lending,Konsumsi,10000000,6,1.52,10912000,Kurang Lancar,35,0
L1KRD000867,L1NSB00539,PLT005,2023-03-11,P2P Lending,Konsumsi,7000000,3,3.3,7693000,Lancar,0,1
L1KRD000868,L1NSB00539,PLT005,2024-04-23,P2P Lending,Modal usaha,500000,1,1.81,509050,Lancar,0,1
L1KRD000869,L1NSB00540,PLT001,2023-03-12,P2P Lending,Pendidikan,3000000,9,2.38,3642600,Lancar,1,1
L1KRD000870,L1NSB00540,PLT001,2024-02-21,P2P Lending,Kesehatan,1000000,1,2.64,1026400,DPK,20,1
L1KRD000871,L1NSB00542,PLT004,2023-08-16,Multifinance,Refinancing,20000000,48,1.0,29600000,Lancar,0,0
L1KRD000872,L1NSB00542,PLT004,2023-01-25,Multifinance,Motor baru,3000000,48,1.47,5116800,DPK,19,0
L1KRD000873,L1NSB00542,PLT004,2023-09-29,Multifinance,Mesin usaha,5000000,24,1.8,7160000,Lancar,1,0
L1KRD000874,L1NSB00543,PLT001,2022-12-08,P2P Lending,Kesehatan,10000000,1,2.52,10252000,Lancar,1,1
L1KRD000875,L1NSB00544,PLT002,2023-10-02,P2P Lending,Konsumsi,3000000,12,2.36,3849600,Macet,342,0
L1KRD000876,L1NSB00544,PLT002,2022-08-07,P2P Lending,Konsumsi,1000000,3,2.48,1074400,DPK,23,1
L1KRD000877,L1NSB00545,PLT003,2022-05-22,Multifinance,Motor baru,7000000,12,1.93,8621200,Lancar,2,1
L1KRD000878,L1NSB00546,PLT002,2024-04-12,P2P Lending,Konsumsi,1000000,9,2.0,1180000,Lancar,2,0
L1KRD000879,L1NSB00547,PLT005,2023-11-14,P2P Lending,Pendidikan,5000000,3,2.26,5339000,DPK,10,1
L1KRD000880,L1NSB00547,PLT005,2023-10-06,P2P Lending,Modal usaha,10000000,12,2.85,13420000,Lancar,2,1
L1KRD000881,L1NSB00549,PLT002,2022-06-23,P2P Lending,Pendidikan,500000,12,2.38,642800,Lancar,2,1
L1KRD000882,L1NSB00549,PLT002,2022-11-01,P2P Lending,Renovasi,1000000,6,1.72,1103200,Lancar,3,1
L1KRD000883,L1NSB00549,PLT002,2023-03-09,P2P Lending,Pendidikan,500000,9,1.61,572450,Lancar,0,1
L1KRD000884,L1NSB00551,PLT005,2023-02-07,P2P Lending,Konsumsi,3000000,1,3.42,3102600,DPK,6,1
L1KRD000885,L1NSB00552,PLT004,2023-05-08,Multifinance,Elektronik,25000000,48,1.21,39520000,Lancar,3,0
L1KRD000886,L1NSB00552,PLT004,2023-05-20,Multifinance,Motor bekas,10000000,36,1.91,16876000,Lancar,1,0
L1KRD000887,L1NSB00553,PLT003,2024-03-12,Multifinance,Refinancing,20000000,12,1.18,22832000,Lancar,3,0
L1KRD000888,L1NSB00553,PLT003,2022-05-17,Multifinance,Motor baru,25000000,48,1.14,38680000,Lancar,3,0
L1KRD000889,L1NSB00554,PLT002,2024-05-01,P2P Lending,Konsumsi,10000000,12,1.65,11980000,Lancar,0,0
L1KRD000890,L1NSB00554,PLT002,2022-07-01,P2P Lending,Modal usaha,10000000,9,2.19,11971000,Lancar,2,1
L1KRD000891,L1NSB00555,PLT001,2022-07-12,P2P Lending,Pendidikan,1000000,6,3.08,1184800,Lancar,2,1
L1KRD000892,L1NSB00556,PLT005,2022-06-13,P2P Lending,Pendidikan,2000000,9,1.65,2297000,Lancar,3,1
L1KRD000893,L1NSB00557,PLT001,2022-11-21,P2P Lending,Konsumsi,500000,3,1.55,523250,Lancar,1,1
L1KRD000894,L1NSB00557,PLT001,2023-05-29,P2P Lending,Pendidikan,3000000,6,2.43,3437400,Lancar,3,1
L1KRD000895,L1NSB00558,PLT001,2024-02-02,P2P Lending,Renovasi,1000000,3,1.89,1056700,Lancar,0,1
L1KRD000896,L1NSB00558,PLT001,2023-11-21,P2P Lending,Pendidikan,5000000,1,1.92,5096000,Lancar,2,1
L1KRD000897,L1NSB00558,PLT001,2022-07-26,P2P Lending,Konsumsi,2000000,6,3.23,2387600,Lancar,0,1
L1KRD000898,L1NSB00559,PLT003,2023-07-13,Multifinance,Motor bekas,25000000,48,1.81,46720000,DPK,30,0
L1KRD000899,L1NSB00561,PLT002,2022-02-19,P2P Lending,Konsumsi,2000000,1,1.61,2032200,DPK,27,1
L1KRD000900,L1NSB00561,PLT002,2024-02-22,P2P Lending,Kesehatan,3000000,1,2.25,3067500,Lancar,2,1
L1KRD000901,L1NSB00561,PLT002,2022-08-05,P2P Lending,Kesehatan,5000000,12,1.67,6002000,Lancar,1,1
L1KRD000902,L1NSB00562,PLT003,2022-02-27,Multifinance,Refinancing,5000000,12,1.11,5666000,DPK,25,1
L1KRD000903,L1NSB00562,PLT003,2022-06-14,Multifinance,Motor bekas,25000000,48,1.61,44320000,Lancar,0,0
L1KRD000904,L1NSB00562,PLT003,2023-09-13,Multifinance,Refinancing,10000000,24,1.89,14536000,Lancar,0,0
L1KRD000905,L1NSB00563,PLT003,2024-02-23,Multifinance,Refinancing,7000000,24,1.68,9822400,Lancar,3,0
L1KRD000906,L1NSB00563,PLT003,2022-11-20,Multifinance,Mesin usaha,5000000,48,1.22,7928000,Lancar,2,0
L1KRD000907,L1NSB00564,PLT001,2023-12-19,P2P Lending,Konsumsi,2000000,3,1.6,2096000,Lancar,3,1
L1KRD000908,L1NSB00565,PLT004,2024-03-31,Multifinance,Motor baru,10000000,36,1.73,16228000,Lancar,2,0
L1KRD000909,L1NSB00565,PLT004,2023-02-23,Multifinance,Elektronik,3000000,48,1.98,5851200,Lancar,2,0
L1KRD000910,L1NSB00565,PLT004,2024-05-19,Multifinance,Motor baru,10000000,36,1.03,13708000,Lancar,1,0
L1KRD000911,L1NSB00566,PLT002,2024-05-27,P2P Lending,Pendidikan,2000000,9,1.96,2352800,Lancar,0,0
L1KRD000912,L1NSB00566,PLT002,2024-01-19,P2P Lending,Pendidikan,7000000,3,3.39,7711900,Lancar,0,1
L1KRD000913,L1NSB00566,PLT002,2023-10-02,P2P Lending,Konsumsi,10000000,12,2.11,12532000,DPK,7,1
L1KRD000914,L1NSB00567,PLT005,2023-10-31,P2P Lending,Kesehatan,3000000,6,2.61,3469800,Lancar,1,1
L1KRD000915,L1NSB00567,PLT005,2023-07-30,P2P Lending,Kesehatan,2000000,6,3.19,2382800,Lancar,3,1
L1KRD000916,L1NSB00567,PLT005,2024-04-25,P2P Lending,Kesehatan,2000000,6,2.43,2291600,Lancar,2,1
L1KRD000917,L1NSB00569,PLT001,2022-12-17,P2P Lending,Kesehatan,7000000,9,2.93,8845900,Kurang Lancar,39,0
L1KRD000918,L1NSB00569,PLT001,2022-03-24,P2P Lending,Modal usaha,2000000,9,1.67,2300600,Lancar,1,1
L1KRD000919,L1NSB00569,PLT001,2023-02-17,P2P Lending,Pendidikan,1000000,12,3.29,1394800,Lancar,2,1
L1KRD000920,L1NSB00570,PLT004,2024-02-29,Multifinance,Refinancing,25000000,48,1.45,42400000,Lancar,3,0
L1KRD000921,L1NSB00571,PLT001,2024-05-29,P2P Lending,Modal usaha,3000000,1,2.57,3077100,Lancar,3,1
L1KRD000922,L1NSB00573,PLT002,2023-10-11,P2P Lending,Konsumsi,5000000,12,2.38,6428000,Lancar,3,1
L1KRD000923,L1NSB00574,PLT004,2022-10-17,Multifinance,Motor baru,25000000,24,1.06,31360000,Lancar,0,1
L1KRD000924,L1NSB00574,PLT004,2024-04-12,Multifinance,Mesin usaha,25000000,18,1.43,31435000,Lancar,3,0
L1KRD000925,L1NSB00574,PLT004,2024-03-18,Multifinance,Motor bekas,15000000,18,1.21,18267000,Lancar,1,0
L1KRD000926,L1NSB00575,PLT003,2024-03-26,Multifinance,Mesin usaha,15000000,18,1.3,18510000,Lancar,0,0
L1KRD000927,L1NSB00575,PLT003,2022-02-15,Multifinance,Refinancing,10000000,36,1.56,15616000,Lancar,3,0
L1KRD000928,L1NSB00576,PLT003,2023-08-22,Multifinance,Mesin usaha,3000000,24,1.72,4238400,DPK,6,0
L1KRD000929,L1NSB00576,PLT003,2023-11-23,Multifinance,Elektronik,25000000,48,1.75,46000000,Lancar,2,0
L1KRD000930,L1NSB00576,PLT003,2022-10-10,Multifinance,Motor baru,10000000,12,1.49,11788000,Lancar,0,1
L1KRD000931,L1NSB00576,PLT003,2022-12-22,Multifinance,Motor bekas,5000000,48,1.33,8192000,Lancar,2,0
L1KRD000932,L1NSB00577,PLT004,2023-06-06,Multifinance,Elektronik,10000000,48,1.86,18928000,Lancar,1,0
L1KRD000933,L1NSB00577,PLT004,2024-01-27,Multifinance,Elektronik,3000000,12,1.77,3637200,Lancar,3,0
L1KRD000934,L1NSB00578,PLT003,2022-11-01,Multifinance,Motor baru,7000000,18,1.64,9066400,Lancar,0,1
L1KRD000935,L1NSB00578,PLT003,2022-05-28,Multifinance,Refinancing,3000000,36,2.0,5160000,Lancar,1,0
L1KRD000936,L1NSB00580,PLT005,2023-03-16,P2P Lending,Modal usaha,3000000,12,3.49,4256400,Macet,289,0
L1KRD000937,L1NSB00580,PLT005,2022-05-26,P2P Lending,Pendidikan,500000,1,3.41,517050,Lancar,1,1
L1KRD000938,L1NSB00580,PLT005,2023-12-15,P2P Lending,Pendidikan,2000000,12,1.95,2468000,DPK,27,0
L1KRD000939,L1NSB00581,PLT004,2023-03-02,Multifinance,Motor baru,7000000,48,1.82,13115200,DPK,29,0
L1KRD000940,L1NSB00583,PLT004,2024-05-30,Multifinance,Motor baru,25000000,12,1.54,29620000,Lancar,1,0
L1KRD000941,L1NSB00583,PLT004,2023-12-28,Multifinance,Refinancing,20000000,24,1.02,24896000,Kurang Lancar,67,0
L1KRD000942,L1NSB00583,PLT004,2023-05-12,Multifinance,Refinancing,15000000,18,1.89,20103000,Lancar,2,1
L1KRD000943,L1NSB00583,PLT004,2022-09-24,Multifinance,Mesin usaha,20000000,36,1.3,29360000,Lancar,2,0
L1KRD000944,L1NSB00584,PLT003,2022-04-26,Multifinance,Mesin usaha,20000000,36,1.82,33104000,Lancar,3,0
L1KRD000945,L1NSB00586,PLT001,2022-08-30,P2P Lending,Modal usaha,5000000,3,2.74,5411000,Lancar,3,1
L1KRD000946,L1NSB00589,PLT003,2023-02-06,Multifinance,Refinancing,7000000,48,1.71,12745600,Lancar,3,0
L1KRD000947,L1NSB00589,PLT003,2023-12-13,Multifinance,Refinancing,7000000,12,1.73,8453200,Lancar,1,0
L1KRD000948,L1NSB00589,PLT003,2022-10-05,Multifinance,Mesin usaha,7000000,48,1.09,10662400,DPK,23,0
L1KRD000949,L1NSB00590,PLT002,2024-03-09,P2P Lending,Konsumsi,500000,1,3.42,517100,Lancar,2,1
L1KRD000950,L1NSB00592,PLT002,2023-03-26,P2P Lending,Pendidikan,3000000,6,3.24,3583200,Kurang Lancar,37,0
L1KRD000951,L1NSB00592,PLT002,2023-06-07,P2P Lending,Renovasi,3000000,6,2.96,3532800,Macet,140,0
L1KRD000952,L1NSB00593,PLT004,2023-08-04,Multifinance,Motor bekas,7000000,48,1.99,13686400,Lancar,2,0
L1KRD000953,L1NSB00593,PLT004,2022-09-18,Multifinance,Mesin usaha,25000000,24,1.03,31180000,Lancar,0,1
L1KRD000954,L1NSB00593,PLT004,2023-12-12,Multifinance,Refinancing,5000000,18,1.05,5945000,Lancar,3,0
L1KRD000955,L1NSB00593,PLT004,2024-04-18,Multifinance,Motor bekas,15000000,36,1.07,20778000,DPK,15,0
L1KRD000956,L1NSB00594,PLT005,2022-05-02,P2P Lending,Modal usaha,2000000,3,1.85,2111000,DPK,9,1
L1KRD000957,L1NSB00594,PLT005,2023-01-22,P2P Lending,Modal usaha,7000000,1,3.06,7214200,Lancar,0,1
L1KRD000958,L1NSB00595,PLT003,2022-04-27,Multifinance,Motor baru,25000000,36,1.94,42460000,Lancar,0,0
L1KRD000959,L1NSB00595,PLT003,2023-06-15,Multifinance,Motor bekas,20000000,24,1.44,26912000,Lancar,2,0
L1KRD000960,L1NSB00596,PLT005,2023-12-09,P2P Lending,Renovasi,2000000,9,1.62,2291600,Lancar,2,1
L1KRD000961,L1NSB00596,PLT005,2023-05-05,P2P Lending,Pendidikan,500000,9,2.96,633200,DPK,23,1
L1KRD000962,L1NSB00596,PLT005,2023-12-27,P2P Lending,Kesehatan,3000000,12,3.41,4227600,Lancar,0,0
L1KRD000963,L1NSB00599,PLT003,2023-05-07,Multifinance,Motor baru,3000000,18,1.7,3918000,Lancar,0,1
L1KRD000964,L1NSB00599,PLT003,2022-07-05,Multifinance,Motor bekas,25000000,36,1.05,34450000,Lancar,0,0
L1KRD000965,L1NSB00599,PLT003,2023-03-04,Multifinance,Motor bekas,5000000,12,1.02,5612000,Lancar,1,1
L1KRD000966,L1NSB00599,PLT003,2024-02-22,Multifinance,Motor bekas,25000000,48,1.09,38080000,Lancar,1,0
L1KRD000967,L1NSB00600,PLT001,2024-03-11,P2P Lending,Modal usaha,2000000,3,3.48,2208800,Lancar,1,1
L1KRD000968,L1NSB00600,PLT001,2024-04-21,P2P Lending,Pendidikan,1000000,1,1.96,1019600,Lancar,3,1
L1KRD000969,L1NSB00600,PLT001,2023-04-07,P2P Lending,Modal usaha,3000000,1,1.92,3057600,Lancar,1,1
L1KRD000970,L1NSB00601,PLT002,2022-01-24,P2P Lending,Pendidikan,7000000,12,1.51,8268400,DPK,23,1
L1KRD000971,L1NSB00601,PLT002,2022-06-11,P2P Lending,Modal usaha,7000000,9,3.25,9047500,Lancar,3,1
L1KRD000972,L1NSB00603,PLT004,2024-02-26,Multifinance,Motor bekas,15000000,48,1.99,29328000,Kurang Lancar,35,0
L1KRD000973,L1NSB00605,PLT003,2023-10-05,Multifinance,Elektronik,20000000,24,1.25,26000000,DPK,29,0
L1KRD000974,L1NSB00605,PLT003,2022-09-16,Multifinance,Motor bekas,7000000,18,1.67,9104200,Lancar,0,1
L1KRD000975,L1NSB00606,PLT001,2024-03-22,P2P Lending,Kesehatan,2000000,1,1.52,2030400,Lancar,0,1
L1KRD000976,L1NSB00606,PLT001,2023-06-20,P2P Lending,Konsumsi,7000000,9,2.05,8291500,Lancar,2,1
L1KRD000977,L1NSB00606,PLT001,2022-10-22,P2P Lending,Kesehatan,7000000,9,2.9,8827000,DPK,30,1
L1KRD000978,L1NSB00606,PLT001,2022-09-14,P2P Lending,Konsumsi,3000000,9,3.45,3931500,Lancar,0,1
L1KRD000979,L1NSB00607,PLT005,2023-01-13,P2P Lending,Kesehatan,1000000,3,2.05,1061500,Lancar,0,1
L1KRD000980,L1NSB00607,PLT005,2024-03-23,P2P Lending,Kesehatan,3000000,3,1.73,3155700,Lancar,3,1
L1KRD000981,L1NSB00608,PLT002,2024-02-26,P2P Lending,Modal usaha,1000000,1,2.34,1023400,DPK,25,1
L1KRD000982,L1NSB00609,PLT002,2023-09-23,P2P Lending,Modal usaha,500000,12,1.54,592400,Lancar,2,1
L1KRD000983,L1NSB00610,PLT003,2023-08-13,Multifinance,Motor baru,25000000,18,1.24,30580000,Lancar,3,0
L1KRD000984,L1NSB00612,PLT001,2024-03-11,P2P Lending,Konsumsi,5000000,6,1.83,5549000,Lancar,3,1
L1KRD000985,L1NSB00612,PLT001,2022-05-03,P2P Lending,Konsumsi,5000000,3,1.62,5243000,DPK,10,1
L1KRD000986,L1NSB00613,PLT001,2023-05-06,P2P Lending,Kesehatan,2000000,3,2.18,2130800,Lancar,1,1
L1KRD000987,L1NSB00613,PLT001,2022-12-04,P2P Lending,Konsumsi,7000000,12,3.36,9822400,Kurang Lancar,43,0
L1KRD000988,L1NSB00615,PLT003,2023-02-23,Multifinance,Elektronik,20000000,48,1.37,33152000,Lancar,1,0
L1KRD000989,L1NSB00615,PLT003,2023-08-04,Multifinance,Mesin usaha,5000000,24,1.36,6632000,Lancar,1,0
L1KRD000990,L1NSB00616,PLT005,2023-04-30,P2P Lending,Konsumsi,3000000,3,3.02,3271800,Lancar,3,1
L1KRD000991,L1NSB00616,PLT005,2023-07-16,P2P Lending,Modal usaha,7000000,6,1.78,7747600,DPK,14,1
L1KRD000992,L1NSB00616,PLT005,2022-12-30,P2P Lending,Renovasi,2000000,3,3.08,2184800,Lancar,0,1
L1KRD000993,L1NSB00617,PLT002,2023-09-05,P2P Lending,Konsumsi,3000000,6,2.98,3536400,Kurang Lancar,57,0
L1KRD000994,L1NSB00618,PLT005,2023-09-01,P2P Lending,Renovasi,5000000,6,1.8,5540000,Lancar,1,1
L1KRD000995,L1NSB00618,PLT005,2022-01-06,P2P Lending,Modal usaha,10000000,12,1.56,11872000,Lancar,3,1
L1KRD000996,L1NSB00619,PLT004,2024-01-15,Multifinance,Motor baru,5000000,12,1.92,6152000,Lancar,2,0
L1KRD000997,L1NSB00619,PLT004,2023-04-04,Multifinance,Refinancing,25000000,18,1.67,32515000,Lancar,0,1
L1KRD000998,L1NSB00621,PLT002,2022-03-13,P2P Lending,Renovasi,5000000,1,3.27,5163500,Kurang Lancar,48,0
L1KRD000999,L1NSB00621,PLT002,2023-12-08,P2P Lending,Kesehatan,3000000,12,2.17,3781200,Lancar,2,0
L1KRD001000,L1NSB00621,PLT002,2023-06-09,P2P Lending,Pendidikan,10000000,6,1.59,10954000,Kurang Lancar,33,0
L1KRD001001,L1NSB00622,PLT001,2023-06-09,P2P Lending,Pendidikan,10000000,12,2.1,12520000,DPK,16,1
L1KRD001002,L1NSB00622,PLT001,2022-06-18,P2P Lending,Renovasi,5000000,6,2.21,5663000,DPK,17,1
L1KRD001003,L1NSB00622,PLT001,2024-04-12,P2P Lending,Modal usaha,1000000,3,2.17,1065100,Lancar,1,1
L1KRD001004,L1NSB00623,PLT005,2023-08-11,P2P Lending,Konsumsi,500000,3,1.55,523250,Lancar,1,1
L1KRD001005,L1NSB00623,PLT005,2022-12-27,P2P Lending,Pendidikan,7000000,12,1.68,8411200,Macet,261,0
L1KRD001006,L1NSB00623,PLT005,2023-01-22,P2P Lending,Renovasi,1000000,3,3.45,1103500,Lancar,2,1
L1KRD001007,L1NSB00623,PLT005,2023-02-18,P2P Lending,Konsumsi,5000000,12,2.17,6302000,Lancar,3,1
L1KRD001008,L1NSB00624,PLT005,2022-06-09,P2P Lending,Renovasi,5000000,6,2.02,5606000,Macet,203,0
L1KRD001009,L1NSB00625,PLT001,2022-02-12,P2P Lending,Modal usaha,1000000,1,2.04,1020400,Lancar,3,1
L1KRD001010,L1NSB00625,PLT001,2022-08-30,P2P Lending,Modal usaha,2000000,3,2.23,2133800,Macet,136,0
L1KRD001011,L1NSB00625,PLT001,2023-08-31,P2P Lending,Modal usaha,2000000,1,3.0,2060000,Lancar,2,1
L1KRD001012,L1NSB00625,PLT001,2023-11-11,P2P Lending,Pendidikan,7000000,12,1.7,8428000,Lancar,2,1
L1KRD001013,L1NSB00626,PLT005,2024-04-26,P2P Lending,Pendidikan,3000000,3,2.4,3216000,Lancar,2,1
L1KRD001014,L1NSB00627,PLT003,2023-05-02,Multifinance,Motor baru,5000000,36,1.7,8060000,Lancar,2,0
L1KRD001015,L1NSB00627,PLT003,2022-12-26,Multifinance,Motor bekas,20000000,24,1.43,26864000,Lancar,2,0
L1KRD001016,L1NSB00628,PLT001,2022-02-27,P2P Lending,Kesehatan,5000000,9,2.11,5949500,Lancar,0,1
L1KRD001017,L1NSB00630,PLT001,2023-07-23,P2P Lending,Modal usaha,500000,6,1.7,551000,Lancar,2,1
L1KRD001018,L1NSB00632,PLT002,2023-06-06,P2P Lending,Modal usaha,5000000,9,2.17,5976500,Lancar,3,1
L1KRD001019,L1NSB00633,PLT002,2023-09-04,P2P Lending,Kesehatan,10000000,6,3.31,11986000,DPK,15,1
L1KRD001020,L1NSB00633,PLT002,2024-02-21,P2P Lending,Modal usaha,500000,3,1.99,529850,Lancar,0,1
L1KRD001021,L1NSB00635,PLT005,2022-10-28,P2P Lending,Pendidikan,500000,1,2.21,511050,Lancar,2,1
L1KRD001022,L1NSB00635,PLT005,2022-06-01,P2P Lending,Renovasi,7000000,1,2.42,7169400,Lancar,2,1
L1KRD001023,L1NSB00637,PLT004,2022-05-21,Multifinance,Refinancing,7000000,12,1.67,8402800,Lancar,3,1
L1KRD001024,L1NSB00637,PLT004,2023-05-02,Multifinance,Motor bekas,5000000,24,1.11,6332000,Macet,324,0
L1KRD001025,L1NSB00638,PLT003,2023-05-20,Multifinance,Motor baru,3000000,18,1.39,3750600,Lancar,3,1
L1KRD001026,L1NSB00639,PLT004,2024-05-16,Multifinance,Elektronik,15000000,24,1.21,19356000,Kurang Lancar,65,0
L1KRD001027,L1NSB00639,PLT004,2022-09-10,Multifinance,Refinancing,25000000,24,1.32,32920000,Lancar,0,1
L1KRD001028,L1NSB00640,PLT005,2022-09-12,P2P Lending,Kesehatan,3000000,1,2.08,3062400,Lancar,2,1
L1KRD001029,L1NSB00640,PLT005,2022-10-29,P2P Lending,Pendidikan,5000000,9,2.96,6332000,DPK,13,1
L1KRD001030,L1NSB00640,PLT005,2023-01-07,P2P Lending,Pendidikan,7000000,1,2.64,7184800,Lancar,1,1
L1KRD001031,L1NSB00640,PLT005,2023-12-18,P2P Lending,Modal usaha,3000000,12,2.87,4033200,Lancar,2,0
L1KRD001032,L1NSB00641,PLT001,2022-07-26,P2P Lending,Konsumsi,5000000,6,2.54,5762000,Lancar,0,1
L1KRD001033,L1NSB00641,PLT001,2023-09-10,P2P Lending,Modal usaha,3000000,6,1.98,3356400,DPK,19,1
L1KRD001034,L1NSB00641,PLT001,2022-03-05,P2P Lending,Pendidikan,5000000,12,2.21,6326000,Lancar,2,1
L1KRD001035,L1NSB00642,PLT002,2022-08-31,P2P Lending,Renovasi,2000000,6,3.5,2420000,Lancar,2,1
L1KRD001036,L1NSB00642,PLT002,2023-11-24,P2P Lending,Renovasi,500000,1,3.32,516600,Kurang Lancar,46,0
L1KRD001037,L1NSB00642,PLT002,2023-03-15,P2P Lending,Renovasi,5000000,3,2.26,5339000,Lancar,1,1
L1KRD001038,L1NSB00643,PLT002,2022-11-02,P2P Lending,Konsumsi,10000000,12,2.54,13048000,Lancar,3,1
L1KRD001039,L1NSB00644,PLT005,2022-08-07,P2P Lending,Pendidikan,500000,12,2.35,641000,Kurang Lancar,69,0
L1KRD001040,L1NSB00644,PLT005,2023-03-02,P2P Lending,Konsumsi,3000000,1,2.25,3067500,Lancar,1,1
L1KRD001041,L1NSB00645,PLT004,2022-12-11,Multifinance,Motor bekas,20000000,24,1.19,25712000,DPK,6,1
L1KRD001042,L1NSB00651,PLT004,2022-02-11,Multifinance,Motor bekas,5000000,48,1.49,8576000,Kurang Lancar,59,0
L1KRD001043,L1NSB00651,PLT004,2024-03-12,Multifinance,Refinancing,15000000,48,1.78,27816000,Lancar,3,0
L1KRD001044,L1NSB00652,PLT004,2023-12-12,Multifinance,Refinancing,10000000,36,1.94,16984000,Lancar,2,0
L1KRD001045,L1NSB00652,PLT004,2022-04-01,Multifinance,Refinancing,10000000,24,1.03,12472000,Lancar,0,1
L1KRD001046,L1NSB00652,PLT004,2022-05-24,Multifinance,Motor baru,25000000,24,1.61,34660000,Lancar,2,1
L1KRD001047,L1NSB00654,PLT003,2022-10-14,Multifinance,Refinancing,10000000,48,1.52,17296000,Lancar,1,0
L1KRD001048,L1NSB00654,PLT003,2022-09-12,Multifinance,Mesin usaha,15000000,24,1.82,21552000,Lancar,2,1
L1KRD001049,L1NSB00656,PLT005,2024-02-29,P2P Lending,Kesehatan,1000000,6,2.54,1152400,Lancar,0,1
L1KRD001050,L1NSB00656,PLT005,2024-05-10,P2P Lending,Modal usaha,1000000,1,1.82,1018200,Kurang Lancar,73,0
L1KRD001051,L1NSB00656,PLT005,2024-06-01,P2P Lending,Pendidikan,3000000,1,3.19,3095700,Lancar,2,1
L1KRD001052,L1NSB00657,PLT002,2022-02-20,P2P Lending,Modal usaha,2000000,1,2.75,2055000,DPK,25,1
L1KRD001053,L1NSB00658,PLT005,2022-04-04,P2P Lending,Pendidikan,2000000,3,2.27,2136200,Lancar,2,1
L1KRD001054,L1NSB00658,PLT005,2023-05-04,P2P Lending,Modal usaha,10000000,1,3.15,10315000,Lancar,0,1
L1KRD001055,L1NSB00658,PLT005,2023-10-22,P2P Lending,Kesehatan,10000000,9,3.29,12961000,Lancar,2,1
L1KRD001056,L1NSB00658,PLT005,2022-09-22,P2P Lending,Pendidikan,10000000,12,2.69,13228000,Lancar,2,1
L1KRD001057,L1NSB00659,PLT002,2022-04-03,P2P Lending,Modal usaha,3000000,9,3.01,3812700,Lancar,1,1
L1KRD001058,L1NSB00659,PLT002,2023-02-24,P2P Lending,Renovasi,2000000,9,1.95,2351000,Lancar,2,1
L1KRD001059,L1NSB00660,PLT002,2023-09-15,P2P Lending,Modal usaha,500000,12,1.62,597200,Kurang Lancar,42,0
L1KRD001060,L1NSB00660,PLT002,2024-03-20,P2P Lending,Pendidikan,500000,3,2.4,536000,DPK,16,1
L1KRD001061,L1NSB00661,PLT001,2023-08-20,P2P Lending,Konsumsi,2000000,9,2.59,2466200,Lancar,0,1
L1KRD001062,L1NSB00662,PLT002,2022-10-21,P2P Lending,Renovasi,1000000,1,2.47,1024700,Macet,167,0
L1KRD001063,L1NSB00664,PLT001,2022-09-20,P2P Lending,Pendidikan,500000,6,3.47,604100,Lancar,0,1
L1KRD001064,L1NSB00664,PLT001,2022-04-24,P2P Lending,Kesehatan,3000000,1,2.76,3082800,Macet,287,0
L1KRD001065,L1NSB00665,PLT001,2023-12-08,P2P Lending,Kesehatan,5000000,3,2.4,5360000,Lancar,2,1
L1KRD001066,L1NSB00665,PLT001,2022-01-04,P2P Lending,Renovasi,5000000,9,1.98,5891000,Lancar,0,1
L1KRD001067,L1NSB00665,PLT001,2023-05-04,P2P Lending,Kesehatan,500000,3,3.21,548150,Lancar,2,1
L1KRD001068,L1NSB00666,PLT003,2023-05-24,Multifinance,Motor bekas,3000000,24,1.62,4166400,Lancar,2,0
L1KRD001069,L1NSB00666,PLT003,2024-04-05,Multifinance,Mesin usaha,20000000,24,1.38,26624000,Lancar,3,0
L1KRD001070,L1NSB00667,PLT003,2022-03-27,Multifinance,Elektronik,3000000,12,1.95,3702000,Lancar,1,1
L1KRD001071,L1NSB00669,PLT001,2023-08-22,P2P Lending,Renovasi,2000000,12,2.57,2616800,Lancar,3,1
L1KRD001072,L1NSB00669,PLT001,2023-11-04,P2P Lending,Renovasi,5000000,3,1.96,5294000,Kurang Lancar,46,0
L1KRD001073,L1NSB00669,PLT001,2023-12-29,P2P Lending,Konsumsi,1000000,3,2.15,1064500,Lancar,2,1
L1KRD001074,L1NSB00670,PLT001,2023-04-26,P2P Lending,Modal usaha,3000000,12,2.82,4015200,DPK,28,1
L1KRD001075,L1NSB00671,PLT005,2022-10-12,P2P Lending,Renovasi,3000000,1,3.2,3096000,Lancar,0,1
L1KRD001076,L1NSB00671,PLT005,2022-07-04,P2P Lending,Konsumsi,1000000,9,2.22,1199800,Lancar,2,1
L1KRD001077,L1NSB00671,PLT005,2023-10-28,P2P Lending,Renovasi,500000,9,3.02,635900,Lancar,1,1
L1KRD001078,L1NSB00672,PLT004,2022-09-26,Multifinance,Elektronik,25000000,48,1.46,42520000,Lancar,0,0
L1KRD001079,L1NSB00673,PLT002,2024-03-11,P2P Lending,Modal usaha,2000000,6,2.77,2332400,DPK,29,1
L1KRD001080,L1NSB00674,PLT002,2022-03-20,P2P Lending,Modal usaha,10000000,3,2.37,10711000,Lancar,0,1
L1KRD001081,L1NSB00675,PLT002,2022-06-27,P2P Lending,Konsumsi,10000000,3,2.71,10813000,Lancar,0,1
L1KRD001082,L1NSB00675,PLT002,2022-03-25,P2P Lending,Modal usaha,3000000,6,3.09,3556200,Lancar,0,1
L1KRD001083,L1NSB00675,PLT002,2024-05-26,P2P Lending,Renovasi,500000,1,2.54,512700,Lancar,0,1
L1KRD001084,L1NSB00676,PLT001,2022-01-20,P2P Lending,Pendidikan,10000000,9,3.02,12718000,Lancar,0,1
L1KRD001085,L1NSB00676,PLT001,2023-08-29,P2P Lending,Kesehatan,5000000,12,2.35,6410000,Lancar,1,1
L1KRD001086,L1NSB00678,PLT002,2023-06-20,P2P Lending,Konsumsi,3000000,12,2.98,4072800,Lancar,2,1
L1KRD001087,L1NSB00678,PLT002,2023-03-09,P2P Lending,Konsumsi,10000000,9,1.63,11467000,Lancar,0,1
L1KRD001088,L1NSB00678,PLT002,2023-03-17,P2P Lending,Kesehatan,3000000,9,3.12,3842400,Lancar,0,1
L1KRD001089,L1NSB00680,PLT004,2024-04-29,Multifinance,Elektronik,7000000,18,1.65,9079000,Lancar,2,0
L1KRD001090,L1NSB00680,PLT004,2024-05-31,Multifinance,Motor baru,7000000,24,1.93,10242400,Lancar,0,0
L1KRD001091,L1NSB00680,PLT004,2022-04-02,Multifinance,Motor baru,3000000,48,1.55,5232000,Lancar,3,0
L1KRD001092,L1NSB00680,PLT004,2022-10-06,Multifinance,Elektronik,15000000,12,1.56,17808000,Lancar,2,1
L1KRD001093,L1NSB00681,PLT001,2023-04-09,P2P Lending,Pendidikan,2000000,9,2.82,2507600,Lancar,2,1
L1KRD001094,L1NSB00681,PLT001,2022-04-07,P2P Lending,Konsumsi,10000000,3,3.02,10906000,Macet,286,0
L1KRD001095,L1NSB00681,PLT001,2023-08-25,P2P Lending,Renovasi,5000000,6,2.42,5726000,DPK,18,1
L1KRD001096,L1NSB00683,PLT002,2022-10-27,P2P Lending,Renovasi,2000000,1,2.75,2055000,DPK,9,1
L1KRD001097,L1NSB00683,PLT002,2024-02-18,P2P Lending,Renovasi,3000000,12,2.73,3982800,Lancar,0,0
L1KRD001098,L1NSB00684,PLT004,2024-04-24,Multifinance,Mesin usaha,3000000,24,1.0,3720000,Kurang Lancar,89,0
L1KRD001099,L1NSB00686,PLT002,2022-06-14,P2P Lending,Kesehatan,1000000,6,3.06,1183600,DPK,10,1
L1KRD001100,L1NSB00686,PLT002,2022-06-22,P2P Lending,Kesehatan,500000,1,2.95,514750,DPK,9,1
L1KRD001101,L1NSB00688,PLT002,2024-03-27,P2P Lending,Konsumsi,500000,9,2.29,603050,Macet,345,0
L1KRD001102,L1NSB00688,PLT002,2022-08-08,P2P Lending,Renovasi,500000,3,2.41,536150,Lancar,2,1
L1KRD001103,L1NSB00688,PLT002,2023-06-03,P2P Lending,Pendidikan,10000000,12,1.91,12292000,Lancar,1,1
L1KRD001104,L1NSB00690,PLT003,2022-02-22,Multifinance,Mesin usaha,7000000,48,1.69,12678400,Lancar,2,0
L1KRD001105,L1NSB00691,PLT002,2022-03-13,P2P Lending,Kesehatan,3000000,3,2.4,3216000,Lancar,0,1
L1KRD001106,L1NSB00691,PLT002,2022-05-30,P2P Lending,Kesehatan,500000,3,2.89,543350,Kurang Lancar,68,0
L1KRD001107,L1NSB00691,PLT002,2023-07-31,P2P Lending,Kesehatan,10000000,9,1.51,11359000,Kurang Lancar,33,0
L1KRD001108,L1NSB00692,PLT001,2022-06-22,P2P Lending,Konsumsi,7000000,6,2.87,8205400,Lancar,0,1
L1KRD001109,L1NSB00693,PLT001,2022-08-11,P2P Lending,Renovasi,10000000,3,1.69,10507000,Macet,226,0
L1KRD001110,L1NSB00693,PLT001,2024-04-16,P2P Lending,Konsumsi,500000,1,2.68,513400,DPK,8,1
L1KRD001111,L1NSB00694,PLT004,2023-06-12,Multifinance,Refinancing,5000000,12,1.69,6014000,DPK,11,1
L1KRD001112,L1NSB00694,PLT004,2022-07-12,Multifinance,Refinancing,3000000,36,1.1,4188000,DPK,5,0
L1KRD001113,L1NSB00694,PLT004,2024-02-04,Multifinance,Refinancing,7000000,24,1.02,8713600,Lancar,3,0
L1KRD001114,L1NSB00695,PLT003,2023-07-22,Multifinance,Elektronik,3000000,48,1.96,5822400,Lancar,2,0
L1KRD001115,L1NSB00695,PLT003,2022-09-22,Multifinance,Motor bekas,15000000,18,1.17,18159000,DPK,12,1
L1KRD001116,L1NSB00697,PLT002,2023-04-18,P2P Lending,Pendidikan,500000,9,2.09,594050,Lancar,2,1
L1KRD001117,L1NSB00698,PLT005,2022-06-03,P2P Lending,Modal usaha,2000000,6,1.55,2186000,Lancar,0,1
L1KRD001118,L1NSB00698,PLT005,2024-03-30,P2P Lending,Modal usaha,7000000,6,2.91,8222200,DPK,7,1
L1KRD001119,L1NSB00698,PLT005,2022-02-24,P2P Lending,Modal usaha,3000000,9,1.86,3502200,Lancar,3,1
L1KRD001120,L1NSB00699,PLT001,2022-07-05,P2P Lending,Pendidikan,500000,9,2.62,617900,Lancar,0,1
L1KRD001121,L1NSB00701,PLT003,2022-03-11,Multifinance,Motor bekas,25000000,12,1.92,30760000,Lancar,1,1
L1KRD001122,L1NSB00701,PLT003,2024-02-04,Multifinance,Mesin usaha,7000000,12,1.66,8394400,DPK,13,0
L1KRD001123,L1NSB00701,PLT003,2024-02-02,Multifinance,Elektronik,3000000,36,1.17,4263600,DPK,29,0
L1KRD001124,L1NSB00702,PLT003,2022-03-11,Multifinance,Motor baru,15000000,48,1.57,26304000,Lancar,0,0
L1KRD001125,L1NSB00702,PLT003,2022-05-26,Multifinance,Elektronik,3000000,18,1.44,3777600,Lancar,3,1
L1KRD001126,L1NSB00703,PLT004,2023-11-28,Multifinance,Motor bekas,10000000,18,1.28,12304000,DPK,12,0
L1KRD001127,L1NSB00703,PLT004,2022-04-12,Multifinance,Refinancing,7000000,12,1.46,8226400,DPK,17,1
L1KRD001128,L1NSB00704,PLT003,2023-09-04,Multifinance,Motor baru,5000000,48,1.01,7424000,Lancar,1,0
L1KRD001129,L1NSB00704,PLT003,2023-04-19,Multifinance,Motor bekas,3000000,18,1.73,3934200,Lancar,0,1
L1KRD001130,L1NSB00704,PLT003,2023-11-13,Multifinance,Motor bekas,20000000,48,1.13,30848000,Lancar,3,0
L1KRD001131,L1NSB00705,PLT003,2022-10-25,Multifinance,Refinancing,3000000,12,1.28,3460800,Kurang Lancar,41,0
L1KRD001132,L1NSB00707,PLT005,2022-10-15,P2P Lending,Pendidikan,10000000,6,2.36,11416000,Kurang Lancar,61,0
L1KRD001133,L1NSB00708,PLT002,2022-02-13,P2P Lending,Modal usaha,10000000,1,1.78,10178000,Lancar,1,1
L1KRD001134,L1NSB00708,PLT002,2023-01-01,P2P Lending,Pendidikan,7000000,12,2.72,9284800,Lancar,3,1
L1KRD001135,L1NSB00708,PLT002,2023-04-17,P2P Lending,Pendidikan,2000000,9,2.06,2370800,Lancar,3,1
L1KRD001136,L1NSB00709,PLT001,2024-01-02,P2P Lending,Kesehatan,500000,3,2.11,531650,Lancar,2,1
L1KRD001137,L1NSB00709,PLT001,2022-11-05,P2P Lending,Pendidikan,10000000,3,1.82,10546000,Macet,193,0
L1KRD001138,L1NSB00709,PLT001,2023-12-20,P2P Lending,Konsumsi,1000000,6,2.94,1176400,Lancar,1,1
L1KRD001139,L1NSB00709,PLT001,2022-04-08,P2P Lending,Kesehatan,500000,1,2.07,510350,Lancar,0,1
L1KRD001140,L1NSB00710,PLT004,2022-04-13,Multifinance,Motor bekas,25000000,48,1.96,48520000,Lancar,0,0
L1KRD001141,L1NSB00710,PLT004,2023-08-19,Multifinance,Motor baru,3000000,24,1.6,4152000,Lancar,1,0
L1KRD001142,L1NSB00710,PLT004,2022-07-29,Multifinance,Motor baru,15000000,36,1.58,23532000,Lancar,3,0
L1KRD001143,L1NSB00712,PLT004,2023-05-25,Multifinance,Refinancing,7000000,12,1.97,8654800,Lancar,1,1
L1KRD001144,L1NSB00712,PLT004,2022-04-25,Multifinance,Motor baru,5000000,36,1.98,8564000,Lancar,2,0
L1KRD001145,L1NSB00713,PLT003,2022-02-14,Multifinance,Elektronik,20000000,48,1.33,32768000,Lancar,1,0
L1KRD001146,L1NSB00713,PLT003,2024-03-22,Multifinance,Refinancing,25000000,12,1.36,29080000,Lancar,2,0
L1KRD001147,L1NSB00714,PLT003,2022-03-13,Multifinance,Mesin usaha,15000000,36,1.11,20994000,Lancar,1,0
L1KRD001148,L1NSB00714,PLT003,2022-05-01,Multifinance,Mesin usaha,15000000,12,1.11,16998000,DPK,8,1
L1KRD001149,L1NSB00714,PLT003,2023-11-18,Multifinance,Motor bekas,5000000,18,1.69,6521000,Lancar,3,0
L1KRD001150,L1NSB00715,PLT003,2024-04-26,Multifinance,Refinancing,20000000,48,1.12,30752000,Lancar,0,0
L1KRD001151,L1NSB00717,PLT004,2023-07-13,Multifinance,Elektronik,3000000,12,1.1,3396000,Kurang Lancar,62,0
L1KRD001152,L1NSB00717,PLT004,2023-01-24,Multifinance,Mesin usaha,3000000,12,1.49,3536400,Lancar,0,1
L1KRD001153,L1NSB00717,PLT004,2022-12-25,Multifinance,Refinancing,3000000,18,1.36,3734400,Lancar,3,1
L1KRD001154,L1NSB00718,PLT005,2022-06-05,P2P Lending,Modal usaha,500000,3,3.11,546650,Macet,221,0
L1KRD001155,L1NSB00718,PLT005,2023-12-27,P2P Lending,Pendidikan,7000000,9,2.26,8423800,Lancar,0,1
L1KRD001156,L1NSB00719,PLT003,2022-03-22,Multifinance,Elektronik,7000000,18,1.59,9003400,Lancar,3,1
L1KRD001157,L1NSB00719,PLT003,2023-03-06,Multifinance,Motor baru,20000000,12,1.7,24080000,Lancar,2,1
L1KRD001158,L1NSB00719,PLT003,2022-09-21,Multifinance,Motor bekas,10000000,24,1.22,12928000,Lancar,0,1
L1KRD001159,L1NSB00719,PLT003,2023-06-13,Multifinance,Motor bekas,3000000,18,1.85,3999000,Lancar,1,0
L1KRD001160,L1NSB00720,PLT003,2022-10-09,Multifinance,Refinancing,3000000,36,1.35,4458000,Lancar,0,0
L1KRD001161,L1NSB00720,PLT003,2023-01-31,Multifinance,Elektronik,7000000,48,1.14,10830400,Lancar,1,0
L1KRD001162,L1NSB00720,PLT003,2022-04-01,Multifinance,Elektronik,5000000,18,1.89,6701000,Lancar,3,1
L1KRD001163,L1NSB00722,PLT001,2022-02-12,P2P Lending,Renovasi,7000000,12,1.62,8360800,Lancar,2,1
L1KRD001164,L1NSB00722,PLT001,2023-02-01,P2P Lending,Modal usaha,3000000,9,2.38,3642600,Kurang Lancar,69,0
L1KRD001165,L1NSB00722,PLT001,2024-02-06,P2P Lending,Renovasi,1000000,12,2.29,1274800,Lancar,3,0
L1KRD001166,L1NSB00724,PLT005,2022-07-05,P2P Lending,Konsumsi,500000,6,1.89,556700,Lancar,1,1
L1KRD001167,L1NSB00724,PLT005,2022-06-15,P2P Lending,Renovasi,3000000,3,2.52,3226800,Kurang Lancar,53,0
L1KRD001168,L1NSB00725,PLT005,2023-10-02,P2P Lending,Modal usaha,10000000,9,1.53,11377000,Lancar,3,1
L1KRD001169,L1NSB00726,PLT002,2022-01-20,P2P Lending,Renovasi,3000000,6,2.59,3466200,Lancar,3,1
L1KRD001170,L1NSB00727,PLT002,2023-08-27,P2P Lending,Konsumsi,10000000,3,2.04,10612000,Kurang Lancar,80,0
L1KRD001171,L1NSB00727,PLT002,2023-02-20,P2P Lending,Kesehatan,5000000,12,2.12,6272000,Lancar,1,1
L1KRD001172,L1NSB00729,PLT004,2023-03-09,Multifinance,Motor bekas,5000000,48,1.7,9080000,Lancar,1,0
L1KRD001173,L1NSB00729,PLT004,2023-12-17,Multifinance,Mesin usaha,20000000,48,1.69,36224000,Lancar,2,0
L1KRD001174,L1NSB00730,PLT002,2023-12-28,P2P Lending,Modal usaha,10000000,1,3.22,10322000,Lancar,3,1
L1KRD001175,L1NSB00730,PLT002,2023-01-05,P2P Lending,Kesehatan,5000000,3,2.45,5367500,DPK,30,1
L1KRD001176,L1NSB00731,PLT002,2023-02-27,P2P Lending,Konsumsi,2000000,6,3.44,2412800,Lancar,1,1
L1KRD001177,L1NSB00731,PLT002,2023-08-03,P2P Lending,Modal usaha,7000000,6,2.71,8138200,Lancar,2,1
L1KRD001178,L1NSB00732,PLT001,2022-11-14,P2P Lending,Kesehatan,7000000,9,2.44,8537200,Lancar,2,1
L1KRD001179,L1NSB00733,PLT003,2023-04-03,Multifinance,Motor bekas,25000000,12,1.56,29680000,Lancar,3,1
L1KRD001180,L1NSB00733,PLT003,2022-12-28,Multifinance,Refinancing,15000000,48,1.13,23136000,Lancar,2,0
L1KRD001181,L1NSB00733,PLT003,2022-05-01,Multifinance,Elektronik,20000000,48,1.85,37760000,Lancar,0,0
L1KRD001182,L1NSB00736,PLT001,2023-05-04,P2P Lending,Konsumsi,2000000,6,3.12,2374400,Macet,154,0
L1KRD001183,L1NSB00736,PLT001,2024-05-22,P2P Lending,Pendidikan,5000000,3,3.07,5460500,Lancar,3,1
L1KRD001184,L1NSB00736,PLT001,2022-07-17,P2P Lending,Renovasi,10000000,9,3.03,12727000,Lancar,3,1
L1KRD001185,L1NSB00738,PLT002,2022-01-08,P2P Lending,Renovasi,1000000,6,2.53,1151800,Macet,260,0
L1KRD001186,L1NSB00738,PLT002,2022-03-26,P2P Lending,Konsumsi,5000000,9,2.77,6246500,Lancar,2,1
L1KRD001187,L1NSB00738,PLT002,2023-06-03,P2P Lending,Konsumsi,5000000,9,1.85,5832500,Lancar,2,1
L1KRD001188,L1NSB00738,PLT002,2022-06-10,P2P Lending,Kesehatan,10000000,3,2.7,10810000,Lancar,0,1
L1KRD001189,L1NSB00739,PLT001,2024-04-08,P2P Lending,Renovasi,2000000,6,3.18,2381600,Lancar,0,1
L1KRD001190,L1NSB00740,PLT001,2023-04-09,P2P Lending,Kesehatan,1000000,12,1.72,1206400,Lancar,3,1
L1KRD001191,L1NSB00740,PLT001,2023-10-30,P2P Lending,Pendidikan,2000000,3,2.41,2144600,Lancar,1,1
L1KRD001192,L1NSB00741,PLT003,2023-03-28,Multifinance,Elektronik,3000000,48,1.98,5851200,Macet,311,0
L1KRD001193,L1NSB00741,PLT003,2022-07-13,Multifinance,Motor baru,5000000,48,1.88,9512000,Lancar,3,0
L1KRD001194,L1NSB00742,PLT003,2023-10-13,Multifinance,Refinancing,25000000,36,1.27,36430000,DPK,19,0
L1KRD001195,L1NSB00742,PLT003,2022-02-22,Multifinance,Mesin usaha,5000000,12,1.21,5726000,Lancar,3,1
L1KRD001196,L1NSB00744,PLT002,2023-04-11,P2P Lending,Konsumsi,10000000,1,2.86,10286000,Kurang Lancar,52,0
L1KRD001197,L1NSB00744,PLT002,2024-02-23,P2P Lending,Pendidikan,500000,12,2.75,665000,Lancar,2,0
L1KRD001198,L1NSB00745,PLT002,2023-04-26,P2P Lending,Pendidikan,3000000,1,2.39,3071700,Lancar,3,1
L1KRD001199,L1NSB00745,PLT002,2022-10-29,P2P Lending,Kesehatan,500000,1,3.03,515150,Kurang Lancar,64,0
L1KRD001200,L1NSB00747,PLT002,2022-04-01,P2P Lending,Konsumsi,3000000,1,2.68,3080400,Lancar,3,1
L1KRD001201,L1NSB00748,PLT003,2022-01-21,Multifinance,Elektronik,15000000,36,1.05,20670000,Macet,333,0
L1KRD001202,L1NSB00748,PLT003,2023-11-07,Multifinance,Motor bekas,3000000,18,1.68,3907200,DPK,7,0
L1KRD001203,L1NSB00748,PLT003,2024-05-16,Multifinance,Motor bekas,25000000,24,1.63,34780000,DPK,24,0
L1KRD001204,L1NSB00749,PLT002,2023-07-28,P2P Lending,Konsumsi,10000000,3,1.61,10483000,Lancar,0,1
L1KRD001205,L1NSB00749,PLT002,2023-06-11,P2P Lending,Renovasi,7000000,3,2.69,7564900,Lancar,3,1
L1KRD001206,L1NSB00749,PLT002,2023-10-13,P2P Lending,Renovasi,7000000,1,2.2,7154000,Lancar,1,1
L1KRD001207,L1NSB00749,PLT002,2024-05-01,P2P Lending,Modal usaha,10000000,12,2.63,13156000,Lancar,3,0
L1KRD001208,L1NSB00750,PLT002,2024-02-25,P2P Lending,Modal usaha,3000000,9,3.12,3842400,Lancar,0,1
L1KRD001209,L1NSB00751,PLT003,2022-12-18,Multifinance,Elektronik,20000000,12,1.71,24104000,Lancar,0,1
L1KRD001210,L1NSB00753,PLT002,2022-01-23,P2P Lending,Konsumsi,10000000,1,2.82,10282000,Lancar,0,1
L1KRD001211,L1NSB00753,PLT002,2023-08-02,P2P Lending,Modal usaha,10000000,3,2.14,10642000,Lancar,1,1
L1KRD001212,L1NSB00754,PLT002,2023-11-17,P2P Lending,Modal usaha,2000000,3,1.81,2108600,Lancar,2,1
L1KRD001213,L1NSB00756,PLT001,2023-08-03,P2P Lending,Renovasi,1000000,9,2.24,1201600,Lancar,1,1
L1KRD001214,L1NSB00756,PLT001,2022-07-29,P2P Lending,Kesehatan,10000000,12,2.32,12784000,Lancar,3,1
L1KRD001215,L1NSB00757,PLT003,2023-09-18,Multifinance,Refinancing,7000000,24,1.76,9956800,Lancar,2,0
L1KRD001216,L1NSB00757,PLT003,2022-03-24,Multifinance,Refinancing,15000000,24,1.49,20364000,Lancar,0,1
L1KRD001217,L1NSB00757,PLT003,2023-09-01,Multifinance,Refinancing,20000000,24,1.87,28976000,Lancar,1,0
L1KRD001218,L1NSB00757,PLT003,2022-12-03,Multifinance,Refinancing,10000000,48,1.26,16048000,Lancar,0,0
L1KRD001219,L1NSB00758,PLT002,2022-08-28,P2P Lending,Pendidikan,500000,9,3.13,640850,Lancar,2,1
L1KRD001220,L1NSB00758,PLT002,2023-12-05,P2P Lending,Modal usaha,500000,3,2.61,539150,DPK,20,1
L1KRD001221,L1NSB00758,PLT002,2023-02-23,P2P Lending,Modal usaha,10000000,12,3.5,14200000,Lancar,0,1
L1KRD001222,L1NSB00759,PLT005,2022-02-26,P2P Lending,Pendidikan,500000,1,1.59,507950,Lancar,2,1
L1KRD001223,L1NSB00760,PLT001,2024-05-27,P2P Lending,Pendidikan,1000000,3,2.2,1066000,Lancar,0,1
L1KRD001224,L1NSB00762,PLT003,2022-01-08,Multifinance,Motor bekas,15000000,24,1.36,19896000,Lancar,1,1
L1KRD001225,L1NSB00762,PLT003,2023-01-01,Multifinance,Motor bekas,3000000,24,1.81,4303200,Lancar,0,0
L1KRD001226,L1NSB00762,PLT003,2023-06-09,Multifinance,Mesin usaha,15000000,48,1.65,26880000,Lancar,2,0
L1KRD001227,L1NSB00763,PLT002,2023-04-14,P2P Lending,Kesehatan,3000000,3,1.82,3163800,Lancar,3,1
L1KRD001228,L1NSB00765,PLT004,2023-08-01,Multifinance,Refinancing,5000000,24,1.29,6548000,Lancar,0,0
L1KRD001229,L1NSB00765,PLT004,2022-07-25,Multifinance,Motor baru,5000000,36,1.42,7556000,Lancar,0,0
L1KRD001230,L1NSB00766,PLT001,2022-04-01,P2P Lending,Konsumsi,500000,1,3.09,515450,Lancar,1,1
L1KRD001231,L1NSB00767,PLT001,2023-08-18,P2P Lending,Kesehatan,1000000,3,2.16,1064800,Lancar,2,1
L1KRD001232,L1NSB00767,PLT001,2023-08-12,P2P Lending,Pendidikan,2000000,1,2.83,2056600,Lancar,3,1
L1KRD001233,L1NSB00767,PLT001,2023-08-25,P2P Lending,Kesehatan,3000000,12,3.13,4126800,Lancar,0,1
L1KRD001234,L1NSB00769,PLT003,2024-02-06,Multifinance,Motor baru,25000000,12,1.44,29320000,Lancar,2,0
L1KRD001235,L1NSB00769,PLT003,2024-02-28,Multifinance,Motor bekas,3000000,24,1.14,3820800,Lancar,3,0
L1KRD001236,L1NSB00770,PLT004,2022-09-13,Multifinance,Refinancing,5000000,24,1.89,7268000,Lancar,0,1
L1KRD001237,L1NSB00771,PLT001,2022-06-30,P2P Lending,Pendidikan,5000000,9,1.93,5868500,DPK,21,1
L1KRD001238,L1NSB00771,PLT001,2023-04-12,P2P Lending,Pendidikan,500000,3,1.73,525950,Lancar,3,1
L1KRD001239,L1NSB00771,PLT001,2023-06-19,P2P Lending,Konsumsi,7000000,3,2.46,7516600,Lancar,0,1
L1KRD001240,L1NSB00773,PLT003,2024-01-27,Multifinance,Motor baru,20000000,24,1.29,26192000,Lancar,3,0
L1KRD001241,L1NSB00773,PLT003,2023-06-03,Multifinance,Motor bekas,15000000,48,1.78,27816000,Macet,208,0
L1KRD001242,L1NSB00776,PLT005,2022-05-10,P2P Lending,Renovasi,500000,9,2.71,621950,Lancar,2,1
L1KRD001243,L1NSB00777,PLT004,2022-10-18,Multifinance,Motor baru,7000000,36,1.17,9948400,Kurang Lancar,80,0
L1KRD001244,L1NSB00777,PLT004,2022-04-09,Multifinance,Mesin usaha,10000000,18,1.09,11962000,DPK,30,1
L1KRD001245,L1NSB00780,PLT004,2023-08-24,Multifinance,Mesin usaha,3000000,24,1.98,4425600,Lancar,1,0
L1KRD001246,L1NSB00781,PLT005,2023-11-21,P2P Lending,Kesehatan,3000000,1,2.25,3067500,Lancar,2,1
L1KRD001247,L1NSB00782,PLT002,2024-01-12,P2P Lending,Pendidikan,5000000,12,1.69,6014000,Lancar,0,0
L1KRD001248,L1NSB00782,PLT002,2022-10-10,P2P Lending,Renovasi,1000000,1,2.45,1024500,Lancar,3,1
L1KRD001249,L1NSB00783,PLT003,2023-09-05,Multifinance,Motor bekas,10000000,36,1.93,16948000,Lancar,2,0
L1KRD001250,L1NSB00784,PLT001,2022-04-02,P2P Lending,Modal usaha,7000000,6,2.93,8230600,Lancar,2,1
L1KRD001251,L1NSB00784,PLT001,2023-12-30,P2P Lending,Pendidikan,2000000,9,2.2,2396000,Kurang Lancar,40,0
L1KRD001252,L1NSB00784,PLT001,2022-03-08,P2P Lending,Konsumsi,7000000,12,3.41,9864400,Lancar,0,1
L1KRD001253,L1NSB00784,PLT001,2023-03-06,P2P Lending,Pendidikan,3000000,1,2.83,3084900,Lancar,3,1
L1KRD001254,L1NSB00785,PLT003,2024-03-01,Multifinance,Elektronik,10000000,24,1.54,13696000,Kurang Lancar,46,0
L1KRD001255,L1NSB00785,PLT003,2022-05-18,Multifinance,Refinancing,20000000,24,1.55,27440000,Lancar,1,1
L1KRD001256,L1NSB00785,PLT003,2022-08-22,Multifinance,Motor bekas,3000000,12,1.3,3468000,Kurang Lancar,72,0
L1KRD001257,L1NSB00785,PLT003,2023-08-04,Multifinance,Refinancing,3000000,24,1.25,3900000,Kurang Lancar,52,0
L1KRD001258,L1NSB00786,PLT004,2023-05-27,Multifinance,Elektronik,20000000,36,1.17,28424000,Lancar,3,0
L1KRD001259,L1NSB00786,PLT004,2024-05-09,Multifinance,Motor baru,3000000,12,1.43,3514800,Lancar,0,0
L1KRD001260,L1NSB00786,PLT004,2023-06-26,Multifinance,Refinancing,15000000,18,1.72,19644000,Lancar,3,0
L1KRD001261,L1NSB00786,PLT004,2023-01-30,Multifinance,Motor baru,25000000,12,1.3,28900000,Lancar,0,1
L1KRD001262,L1NSB00787,PLT002,2022-08-21,P2P Lending,Renovasi,10000000,9,2.1,11890000,Lancar,0,1
L1KRD001263,L1NSB00787,PLT002,2022-10-19,P2P Lending,Kesehatan,1000000,9,3.25,1292500,Macet,123,0
L1KRD001264,L1NSB00787,PLT002,2022-12-02,P2P Lending,Modal usaha,10000000,3,1.63,10489000,DPK,29,1
L1KRD001265,L1NSB00788,PLT001,2022-07-31,P2P Lending,Modal usaha,500000,1,2.87,514350,DPK,30,1
L1KRD001266,L1NSB00788,PLT001,2023-08-27,P2P Lending,Konsumsi,3000000,12,3.06,4101600,Kurang Lancar,78,0
L1KRD001267,L1NSB00789,PLT004,2024-01-30,Multifinance,Motor baru,20000000,24,1.64,27872000,Lancar,2,0
L1KRD001268,L1NSB00790,PLT005,2024-03-02,P2P Lending,Modal usaha,2000000,12,3.48,2835200,Lancar,3,0
L1KRD001269,L1NSB00791,PLT003,2022-07-17,Multifinance,Refinancing,5000000,12,1.93,6158000,DPK,27,1
L1KRD001270,L1NSB00791,PLT003,2022-06-09,Multifinance,Elektronik,20000000,18,1.82,26552000,Lancar,2,1
L1KRD001271,L1NSB00792,PLT001,2022-03-14,P2P Lending,Pendidikan,2000000,1,3.29,2065800,DPK,15,1
L1KRD001272,L1NSB00792,PLT001,2023-06-25,P2P Lending,Renovasi,10000000,9,3.21,12889000,Lancar,1,1
L1KRD001273,L1NSB00793,PLT005,2022-04-12,P2P Lending,Modal usaha,10000000,3,1.72,10516000,Lancar,1,1
L1KRD001274,L1NSB00794,PLT003,2024-04-30,Multifinance,Refinancing,10000000,36,1.72,16192000,Lancar,1,0
L1KRD001275,L1NSB00794,PLT003,2024-01-30,Multifinance,Motor bekas,25000000,24,1.73,35380000,Lancar,1,0
L1KRD001276,L1NSB00796,PLT003,2022-01-31,Multifinance,Motor baru,15000000,48,1.22,23784000,Lancar,1,0
L1KRD001277,L1NSB00796,PLT003,2023-09-08,Multifinance,Refinancing,20000000,12,1.19,22856000,Lancar,3,1
L1KRD001278,L1NSB00798,PLT001,2024-04-22,P2P Lending,Pendidikan,5000000,3,2.62,5393000,Lancar,0,1
L1KRD001279,L1NSB00798,PLT001,2022-08-30,P2P Lending,Kesehatan,1000000,6,3.35,1201000,Lancar,1,1
L1KRD001280,L1NSB00798,PLT001,2023-01-07,P2P Lending,Pendidikan,5000000,12,3.48,7088000,Lancar,3,1
L1KRD001281,L1NSB00799,PLT001,2023-05-22,P2P Lending,Konsumsi,5000000,1,1.86,5093000,Lancar,2,1
L1KRD001282,L1NSB00800,PLT004,2023-08-12,Multifinance,Elektronik,15000000,36,1.27,21858000,Lancar,1,0
L1KRD001283,L1NSB00800,PLT004,2022-01-30,Multifinance,Mesin usaha,5000000,48,1.04,7496000,Kurang Lancar,81,0
L1KRD001284,L1NSB00801,PLT005,2023-10-18,P2P Lending,Modal usaha,2000000,12,2.67,2640800,Lancar,3,1
L1KRD001285,L1NSB00801,PLT005,2024-04-24,P2P Lending,Kesehatan,3000000,3,2.79,3251100,Lancar,2,1
L1KRD001286,L1NSB00801,PLT005,2024-02-22,P2P Lending,Kesehatan,5000000,9,2.33,6048500,Lancar,0,1
L1KRD001287,L1NSB00801,PLT005,2024-05-04,P2P Lending,Konsumsi,2000000,12,3.2,2768000,Macet,323,0
L1KRD001288,L1NSB00802,PLT002,2024-05-13,P2P Lending,Renovasi,1000000,3,3.31,1099300,Lancar,2,1
L1KRD001289,L1NSB00802,PLT002,2023-06-03,P2P Lending,Pendidikan,7000000,1,1.64,7114800,Lancar,3,1
L1KRD001290,L1NSB00803,PLT004,2022-10-26,Multifinance,Refinancing,7000000,36,1.39,10502800,Lancar,0,0
L1KRD001291,L1NSB00803,PLT004,2023-04-27,Multifinance,Mesin usaha,3000000,12,1.48,3532800,Lancar,2,1
L1KRD001292,L1NSB00803,PLT004,2023-11-06,Multifinance,Refinancing,5000000,24,1.89,7268000,Lancar,3,0
L1KRD001293,L1NSB00803,PLT004,2024-05-24,Multifinance,Refinancing,7000000,18,1.18,8486800,DPK,4,0
L1KRD001294,L1NSB00804,PLT004,2023-03-22,Multifinance,Elektronik,3000000,24,1.53,4101600,Lancar,3,0
L1KRD001295,L1NSB00805,PLT003,2023-05-23,Multifinance,Elektronik,7000000,24,1.44,9419200,Lancar,1,0
L1KRD001296,L1NSB00805,PLT003,2024-03-25,Multifinance,Motor baru,10000000,48,1.7,18160000,Lancar,3,0
L1KRD001297,L1NSB00806,PLT002,2022-12-30,P2P Lending,Konsumsi,5000000,1,2.43,5121500,Lancar,2,1
L1KRD001298,L1NSB00807,PLT001,2023-08-04,P2P Lending,Konsumsi,7000000,9,1.61,8014300,Lancar,0,1
L1KRD001299,L1NSB00807,PLT001,2022-07-31,P2P Lending,Renovasi,1000000,6,3.23,1193800,Lancar,3,1
L1KRD001300,L1NSB00807,PLT001,2023-12-18,P2P Lending,Renovasi,2000000,12,3.38,2811200,Lancar,2,0
L1KRD001301,L1NSB00807,PLT001,2022-01-21,P2P Lending,Modal usaha,10000000,3,2.28,10684000,DPK,7,1
L1KRD001302,L1NSB00808,PLT004,2022-06-05,Multifinance,Motor bekas,10000000,18,1.9,13420000,Kurang Lancar,75,0
L1KRD001303,L1NSB00808,PLT004,2024-05-18,Multifinance,Refinancing,20000000,24,1.47,27056000,Lancar,2,0
L1KRD001304,L1NSB00808,PLT004,2023-01-16,Multifinance,Motor baru,25000000,24,1.13,31780000,Lancar,3,0
L1KRD001305,L1NSB00811,PLT003,2022-11-07,Multifinance,Refinancing,3000000,12,1.78,3640800,Lancar,3,1
L1KRD001306,L1NSB00812,PLT005,2022-04-21,P2P Lending,Renovasi,5000000,1,3.14,5157000,Lancar,2,1
L1KRD001307,L1NSB00812,PLT005,2024-03-04,P2P Lending,Kesehatan,1000000,1,2.68,1026800,Lancar,1,1
L1KRD001308,L1NSB00813,PLT004,2024-03-25,Multifinance,Elektronik,15000000,24,1.43,20148000,Lancar,0,0
L1KRD001309,L1NSB00814,PLT003,2023-07-05,Multifinance,Elektronik,25000000,18,1.32,30940000,Lancar,1,0
L1KRD001310,L1NSB00815,PLT002,2022-04-24,P2P Lending,Konsumsi,2000000,9,1.87,2336600,Kurang Lancar,90,0
L1KRD001311,L1NSB00817,PLT003,2024-04-18,Multifinance,Motor baru,15000000,48,1.03,22416000,Lancar,1,0
L1KRD001312,L1NSB00817,PLT003,2022-04-16,Multifinance,Elektronik,20000000,18,1.72,26192000,Lancar,1,1
L1KRD001313,L1NSB00818,PLT003,2023-12-01,Multifinance,Motor baru,15000000,36,1.45,22830000,Lancar,0,0
L1KRD001314,L1NSB00819,PLT002,2023-07-08,P2P Lending,Pendidikan,5000000,9,1.67,5751500,Lancar,1,1
L1KRD001315,L1NSB00819,PLT002,2023-02-13,P2P Lending,Pendidikan,1000000,3,3.28,1098400,Lancar,2,1
L1KRD001316,L1NSB00819,PLT002,2022-10-20,P2P Lending,Modal usaha,500000,1,2.07,510350,DPK,22,1
L1KRD001317,L1NSB00820,PLT002,2023-04-16,P2P Lending,Kesehatan,3000000,1,1.64,3049200,Lancar,3,1
L1KRD001318,L1NSB00820,PLT002,2023-08-10,P2P Lending,Renovasi,1000000,12,2.63,1315600,Lancar,1,1
L1KRD001319,L1NSB00821,PLT004,2023-12-22,Multifinance,Refinancing,25000000,36,1.58,39220000,Lancar,3,0
L1KRD001320,L1NSB00821,PLT004,2023-09-06,Multifinance,Mesin usaha,20000000,18,1.81,26516000,Lancar,1,0
L1KRD001321,L1NSB00821,PLT004,2022-03-14,Multifinance,Motor bekas,3000000,12,1.91,3687600,Lancar,1,1
L1KRD001322,L1NSB00822,PLT004,2022-03-25,Multifinance,Motor bekas,15000000,24,1.79,21444000,DPK,12,1
L1KRD001323,L1NSB00822,PLT004,2023-05-09,Multifinance,Mesin usaha,7000000,24,1.93,10242400,DPK,27,0
L1KRD001324,L1NSB00824,PLT003,2024-01-23,Multifinance,Mesin usaha,7000000,12,1.37,8150800,Lancar,2,0
L1KRD001325,L1NSB00824,PLT003,2024-02-10,Multifinance,Elektronik,25000000,24,1.58,34480000,Lancar,1,0
L1KRD001326,L1NSB00825,PLT002,2023-08-07,P2P Lending,Renovasi,7000000,3,1.95,7409500,Lancar,0,1
L1KRD001327,L1NSB00825,PLT002,2024-05-21,P2P Lending,Kesehatan,7000000,6,1.89,7793800,Lancar,0,1
L1KRD001328,L1NSB00826,PLT005,2023-04-18,P2P Lending,Kesehatan,10000000,3,2.82,10846000,Lancar,2,1
L1KRD001329,L1NSB00826,PLT005,2023-09-14,P2P Lending,Renovasi,10000000,9,2.13,11917000,Lancar,2,1
L1KRD001330,L1NSB00826,PLT005,2022-11-19,P2P Lending,Renovasi,10000000,1,1.85,10185000,Lancar,1,1
L1KRD001331,L1NSB00827,PLT004,2023-11-27,Multifinance,Motor baru,15000000,12,1.33,17394000,Lancar,1,1
L1KRD001332,L1NSB00827,PLT004,2023-10-30,Multifinance,Motor baru,3000000,18,1.17,3631800,Lancar,1,0
L1KRD001333,L1NSB00827,PLT004,2022-03-02,Multifinance,Refinancing,10000000,48,1.31,16288000,Lancar,2,0
L1KRD001334,L1NSB00828,PLT002,2024-05-21,P2P Lending,Pendidikan,2000000,6,2.23,2267600,Lancar,1,1
L1KRD001335,L1NSB00828,PLT002,2022-02-08,P2P Lending,Renovasi,7000000,12,1.77,8486800,DPK,12,1
L1KRD001336,L1NSB00829,PLT001,2023-10-06,P2P Lending,Konsumsi,3000000,1,1.5,3045000,Lancar,3,1
L1KRD001337,L1NSB00830,PLT001,2023-02-22,P2P Lending,Pendidikan,2000000,1,3.12,2062400,Lancar,0,1
L1KRD001338,L1NSB00830,PLT001,2022-05-07,P2P Lending,Konsumsi,5000000,3,1.86,5279000,Lancar,1,1
L1KRD001339,L1NSB00833,PLT005,2022-07-19,P2P Lending,Modal usaha,7000000,3,2.94,7617400,Lancar,1,1
L1KRD001340,L1NSB00834,PLT001,2024-05-07,P2P Lending,Renovasi,5000000,1,2.07,5103500,Lancar,2,1
L1KRD001341,L1NSB00834,PLT001,2022-04-13,P2P Lending,Kesehatan,7000000,6,3.06,8285200,Lancar,0,1
L1KRD001342,L1NSB00834,PLT001,2023-09-07,P2P Lending,Renovasi,10000000,12,2.18,12616000,Macet,336,0
L1KRD001343,L1NSB00834,PLT001,2023-05-30,P2P Lending,Renovasi,7000000,6,3.5,8470000,DPK,29,1
L1KRD001344,L1NSB00835,PLT005,2024-05-10,P2P Lending,Modal usaha,500000,12,2.8,668000,Lancar,3,0
L1KRD001345,L1NSB00835,PLT005,2023-05-13,P2P Lending,Modal usaha,3000000,3,1.54,3138600,Lancar,0,1
L1KRD001346,L1NSB00836,PLT004,2022-08-03,Multifinance,Mesin usaha,20000000,12,1.81,24344000,Macet,147,0
L1KRD001347,L1NSB00836,PLT004,2022-01-02,Multifinance,Motor baru,7000000,48,1.52,12107200,Lancar,2,0
L1KRD001348,L1NSB00836,PLT004,2023-10-07,Multifinance,Motor bekas,3000000,48,1.55,5232000,Lancar,1,0
L1KRD001349,L1NSB00838,PLT002,2023-07-31,P2P Lending,Konsumsi,1000000,12,2.41,1289200,Macet,252,0
L1KRD001350,L1NSB00838,PLT002,2023-01-23,P2P Lending,Pendidikan,2000000,9,2.88,2518400,Lancar,0,1
L1KRD001351,L1NSB00839,PLT005,2022-03-15,P2P Lending,Kesehatan,1000000,9,3.14,1282600,Lancar,2,1
L1KRD001352,L1NSB00839,PLT005,2022-08-22,P2P Lending,Pendidikan,500000,6,3.45,603500,Lancar,1,1
L1KRD001353,L1NSB00839,PLT005,2022-11-13,P2P Lending,Modal usaha,10000000,12,2.41,12892000,Lancar,1,1
L1KRD001354,L1NSB00839,PLT005,2023-07-16,P2P Lending,Pendidikan,5000000,9,3.43,6543500,DPK,30,1
L1KRD001355,L1NSB00840,PLT003,2022-05-25,Multifinance,Elektronik,15000000,24,1.29,19644000,Lancar,3,1
L1KRD001356,L1NSB00840,PLT003,2023-02-04,Multifinance,Elektronik,25000000,48,1.66,44920000,Lancar,0,0
L1KRD001357,L1NSB00840,PLT003,2024-02-06,Multifinance,Refinancing,20000000,18,1.17,24212000,Lancar,0,0
L1KRD001358,L1NSB00841,PLT003,2022-10-25,Multifinance,Mesin usaha,7000000,48,1.54,12174400,Lancar,2,0
L1KRD001359,L1NSB00842,PLT002,2023-03-21,P2P Lending,Modal usaha,2000000,12,3.05,2732000,DPK,22,1
L1KRD001360,L1NSB00842,PLT002,2023-02-14,P2P Lending,Renovasi,5000000,12,1.69,6014000,Lancar,2,1
L1KRD001361,L1NSB00843,PLT005,2022-01-22,P2P Lending,Pendidikan,5000000,3,2.33,5349500,Lancar,1,1
L1KRD001362,L1NSB00843,PLT005,2023-12-31,P2P Lending,Renovasi,1000000,1,2.51,1025100,Lancar,2,1
L1KRD001363,L1NSB00843,PLT005,2023-09-22,P2P Lending,Konsumsi,5000000,1,3.46,5173000,Lancar,2,1
L1KRD001364,L1NSB00844,PLT005,2024-01-22,P2P Lending,Pendidikan,5000000,6,1.66,5498000,DPK,28,1
L1KRD001365,L1NSB00845,PLT003,2022-09-15,Multifinance,Refinancing,7000000,24,1.87,10141600,DPK,28,1
L1KRD001366,L1NSB00845,PLT003,2023-08-31,Multifinance,Elektronik,7000000,24,1.32,9217600,Kurang Lancar,79,0
L1KRD001367,L1NSB00845,PLT003,2022-08-04,Multifinance,Refinancing,3000000,12,1.81,3651600,DPK,12,1
L1KRD001368,L1NSB00845,PLT003,2022-07-08,Multifinance,Refinancing,25000000,48,1.24,39880000,Lancar,2,0
L1KRD001369,L1NSB00846,PLT005,2022-10-31,P2P Lending,Kesehatan,1000000,9,3.4,1306000,DPK,27,1
L1KRD001370,L1NSB00846,PLT005,2024-05-22,P2P Lending,Konsumsi,2000000,12,3.22,2772800,Lancar,2,0
L1KRD001371,L1NSB00846,PLT005,2023-12-29,P2P Lending,Renovasi,2000000,1,3.26,2065200,Lancar,1,1
L1KRD001372,L1NSB00846,PLT005,2022-01-14,P2P Lending,Kesehatan,7000000,6,2.94,8234800,DPK,7,1
L1KRD001373,L1NSB00848,PLT002,2023-08-29,P2P Lending,Renovasi,7000000,6,2.26,7949200,Macet,283,0
L1KRD001374,L1NSB00848,PLT002,2023-01-14,P2P Lending,Pendidikan,10000000,6,2.28,11368000,DPK,5,1
L1KRD001375,L1NSB00848,PLT002,2024-04-20,P2P Lending,Kesehatan,7000000,3,1.91,7401100,DPK,6,1
L1KRD001376,L1NSB00849,PLT003,2022-01-14,Multifinance,Elektronik,10000000,24,1.84,14416000,Lancar,2,1
L1KRD001377,L1NSB00849,PLT003,2024-01-16,Multifinance,Motor bekas,10000000,18,1.34,12412000,Lancar,1,0
L1KRD001378,L1NSB00849,PLT003,2024-04-11,Multifinance,Mesin usaha,5000000,24,1.75,7100000,Lancar,0,0
L1KRD001379,L1NSB00850,PLT002,2023-03-10,P2P Lending,Pendidikan,10000000,6,2.33,11398000,DPK,16,1
L1KRD001380,L1NSB00850,PLT002,2023-02-11,P2P Lending,Konsumsi,1000000,3,2.27,1068100,Lancar,0,1
L1KRD001381,L1NSB00850,PLT002,2022-02-27,P2P Lending,Pendidikan,3000000,12,3.15,4134000,Lancar,1,1
L1KRD001382,L1NSB00851,PLT005,2023-08-22,P2P Lending,Renovasi,7000000,9,3.36,9116800,Lancar,1,1
L1KRD001383,L1NSB00852,PLT001,2022-11-20,P2P Lending,Kesehatan,500000,6,2.33,569900,Lancar,3,1
L1KRD001384,L1NSB00852,PLT001,2023-03-31,P2P Lending,Renovasi,3000000,6,1.64,3295200,Lancar,1,1
L1KRD001385,L1NSB00854,PLT005,2023-07-05,P2P Lending,Modal usaha,3000000,9,2.27,3612900,Lancar,2,1
L1KRD001386,L1NSB00854,PLT005,2022-07-29,P2P Lending,Modal usaha,2000000,12,3.18,2763200,Lancar,2,1
L1KRD001387,L1NSB00854,PLT005,2023-10-05,P2P Lending,Konsumsi,7000000,9,1.72,8083600,Lancar,3,1
L1KRD001388,L1NSB00854,PLT005,2023-11-16,P2P Lending,Konsumsi,2000000,9,3.3,2594000,Lancar,0,1
L1KRD001389,L1NSB00855,PLT003,2022-07-27,Multifinance,Motor bekas,20000000,18,1.88,26768000,Lancar,3,1
L1KRD001390,L1NSB00855,PLT003,2023-05-27,Multifinance,Motor bekas,3000000,48,1.97,5836800,Lancar,1,0
L1KRD001391,L1NSB00855,PLT003,2023-03-22,Multifinance,Refinancing,10000000,36,1.23,14428000,Lancar,0,0
L1KRD001392,L1NSB00856,PLT005,2023-05-22,P2P Lending,Renovasi,10000000,3,3.35,11005000,Lancar,3,1
L1KRD001393,L1NSB00857,PLT003,2023-03-19,Multifinance,Mesin usaha,10000000,24,1.69,14056000,Lancar,3,0
L1KRD001394,L1NSB00860,PLT003,2024-01-29,Multifinance,Refinancing,5000000,18,1.26,6134000,Lancar,2,0
L1KRD001395,L1NSB00860,PLT003,2022-10-01,Multifinance,Motor baru,20000000,24,1.59,27632000,Lancar,2,1
L1KRD001396,L1NSB00861,PLT005,2022-11-05,P2P Lending,Modal usaha,10000000,12,2.77,13324000,Lancar,2,1
L1KRD001397,L1NSB00862,PLT004,2023-07-30,Multifinance,Motor baru,5000000,18,1.52,6368000,Lancar,0,0
L1KRD001398,L1NSB00862,PLT004,2024-02-06,Multifinance,Mesin usaha,3000000,24,1.39,4000800,Macet,218,0
L1KRD001399,L1NSB00862,PLT004,2023-10-25,Multifinance,Elektronik,25000000,12,1.53,29590000,Lancar,1,1
L1KRD001400,L1NSB00864,PLT001,2023-12-08,P2P Lending,Kesehatan,1000000,6,3.49,1209400,Kurang Lancar,78,0
L1KRD001401,L1NSB00864,PLT001,2022-03-07,P2P Lending,Kesehatan,500000,3,1.53,522950,DPK,15,1
L1KRD001402,L1NSB00865,PLT004,2023-12-11,Multifinance,Motor baru,20000000,12,1.93,24632000,DPK,7,0
L1KRD001403,L1NSB00867,PLT005,2023-10-20,P2P Lending,Modal usaha,7000000,1,1.9,7133000,Lancar,2,1
L1KRD001404,L1NSB00869,PLT005,2022-04-01,P2P Lending,Kesehatan,7000000,1,2.08,7145600,DPK,14,1
L1KRD001405,L1NSB00869,PLT005,2022-09-26,P2P Lending,Pendidikan,10000000,12,2.55,13060000,Lancar,2,1
L1KRD001406,L1NSB00869,PLT005,2022-06-23,P2P Lending,Pendidikan,2000000,12,1.99,2477600,Lancar,1,1
L1KRD001407,L1NSB00869,PLT005,2023-04-15,P2P Lending,Konsumsi,5000000,3,2.18,5327000,Lancar,2,1
L1KRD001408,L1NSB00870,PLT005,2023-07-09,P2P Lending,Pendidikan,7000000,12,1.55,8302000,Kurang Lancar,34,0
L1KRD001409,L1NSB00870,PLT005,2023-08-29,P2P Lending,Pendidikan,7000000,12,2.14,8797600,Lancar,2,1
L1KRD001410,L1NSB00870,PLT005,2023-10-18,P2P Lending,Konsumsi,5000000,3,3.16,5474000,Lancar,3,1
L1KRD001411,L1NSB00871,PLT001,2023-01-03,P2P Lending,Modal usaha,500000,3,2.53,537950,Lancar,3,1
L1KRD001412,L1NSB00872,PLT002,2022-04-02,P2P Lending,Renovasi,3000000,3,1.89,3170100,Macet,218,0
L1KRD001413,L1NSB00873,PLT003,2024-02-22,Multifinance,Motor baru,20000000,24,1.45,26960000,DPK,25,0
L1KRD001414,L1NSB00874,PLT005,2022-05-03,P2P Lending,Renovasi,10000000,9,1.81,11629000,Lancar,2,1
L1KRD001415,L1NSB00875,PLT001,2022-09-26,P2P Lending,Pendidikan,10000000,3,1.98,10594000,Lancar,1,1
L1KRD001416,L1NSB00875,PLT001,2023-05-15,P2P Lending,Modal usaha,2000000,12,1.76,2422400,Lancar,3,1
L1KRD001417,L1NSB00875,PLT001,2022-07-11,P2P Lending,Renovasi,5000000,12,2.4,6440000,DPK,5,1
L1KRD001418,L1NSB00876,PLT001,2022-11-14,P2P Lending,Renovasi,10000000,6,3.26,11956000,Kurang Lancar,56,0
L1KRD001419,L1NSB00877,PLT004,2022-01-16,Multifinance,Refinancing,25000000,48,1.39,41680000,Lancar,3,0
L1KRD001420,L1NSB00878,PLT002,2022-11-27,P2P Lending,Konsumsi,10000000,12,3.04,13648000,Lancar,3,1
L1KRD001421,L1NSB00878,PLT002,2024-05-31,P2P Lending,Pendidikan,2000000,9,1.91,2343800,Lancar,0,0
L1KRD001422,L1NSB00879,PLT002,2023-12-03,P2P Lending,Renovasi,1000000,3,1.64,1049200,Lancar,3,1
L1KRD001423,L1NSB00879,PLT002,2023-05-31,P2P Lending,Modal usaha,2000000,9,1.96,2352800,Lancar,3,1
L1KRD001424,L1NSB00879,PLT002,2022-12-17,P2P Lending,Konsumsi,500000,3,2.95,544250,Macet,350,0
L1KRD001425,L1NSB00880,PLT003,2022-12-18,Multifinance,Elektronik,20000000,48,1.75,36800000,Lancar,2,0
L1KRD001426,L1NSB00880,PLT003,2023-10-06,Multifinance,Refinancing,3000000,36,1.53,4652400,Lancar,1,0
L1KRD001427,L1NSB00881,PLT004,2024-03-19,Multifinance,Elektronik,5000000,36,1.5,7700000,Lancar,1,0
L1KRD001428,L1NSB00881,PLT004,2023-01-31,Multifinance,Mesin usaha,10000000,36,1.43,15148000,Lancar,1,0
L1KRD001429,L1NSB00881,PLT004,2022-08-02,Multifinance,Refinancing,10000000,12,1.24,11488000,Macet,312,0
L1KRD001430,L1NSB00882,PLT004,2022-10-03,Multifinance,Motor baru,5000000,48,1.66,8984000,Lancar,1,0
L1KRD001431,L1NSB00882,PLT004,2022-02-01,Multifinance,Elektronik,7000000,24,1.9,10192000,DPK,9,1
L1KRD001432,L1NSB00882,PLT004,2023-01-12,Multifinance,Mesin usaha,20000000,48,1.54,34784000,Lancar,1,0
L1KRD001433,L1NSB00883,PLT004,2023-07-11,Multifinance,Mesin usaha,3000000,24,1.78,4281600,DPK,27,0
L1KRD001434,L1NSB00884,PLT005,2022-05-03,P2P Lending,Kesehatan,5000000,9,3.14,6413000,Lancar,3,1
L1KRD001435,L1NSB00885,PLT003,2022-08-23,Multifinance,Elektronik,20000000,48,1.55,34880000,DPK,28,0
L1KRD001436,L1NSB00885,PLT003,2024-03-13,Multifinance,Elektronik,3000000,12,1.86,3669600,Lancar,0,0
L1KRD001437,L1NSB00885,PLT003,2023-09-09,Multifinance,Refinancing,10000000,24,1.29,13096000,Kurang Lancar,43,0
L1KRD001438,L1NSB00885,PLT003,2024-03-12,Multifinance,Motor baru,25000000,48,1.65,44800000,Kurang Lancar,90,0
L1KRD001439,L1NSB00886,PLT003,2023-03-31,Multifinance,Mesin usaha,25000000,12,1.94,30820000,Lancar,0,1
L1KRD001440,L1NSB00887,PLT005,2024-04-02,P2P Lending,Konsumsi,5000000,1,2.19,5109500,Lancar,1,1
L1KRD001441,L1NSB00887,PLT005,2023-06-12,P2P Lending,Konsumsi,1000000,6,2.66,1159600,Lancar,3,1
L1KRD001442,L1NSB00889,PLT004,2022-07-27,Multifinance,Mesin usaha,3000000,12,1.35,3486000,Lancar,3,1
L1KRD001443,L1NSB00889,PLT004,2024-04-02,Multifinance,Elektronik,10000000,12,1.55,11860000,DPK,14,0
L1KRD001444,L1NSB00892,PLT005,2023-07-19,P2P Lending,Modal usaha,7000000,9,3.03,8908900,Lancar,3,1
L1KRD001445,L1NSB00893,PLT005,2022-07-02,P2P Lending,Modal usaha,10000000,6,2.35,11410000,Lancar,2,1
L1KRD001446,L1NSB00894,PLT001,2023-03-01,P2P Lending,Kesehatan,2000000,3,2.17,2130200,Lancar,3,1
L1KRD001447,L1NSB00894,PLT001,2023-03-13,P2P Lending,Renovasi,10000000,1,1.94,10194000,DPK,24,1
L1KRD001448,L1NSB00895,PLT001,2023-07-30,P2P Lending,Konsumsi,3000000,1,2.22,3066600,Lancar,2,1
L1KRD001449,L1NSB00896,PLT004,2022-12-23,Multifinance,Refinancing,3000000,48,1.59,5289600,Lancar,1,0
L1KRD001450,L1NSB00896,PLT004,2022-05-25,Multifinance,Motor baru,25000000,48,1.59,44080000,Lancar,1,0
L1KRD001451,L1NSB00897,PLT005,2023-03-05,P2P Lending,Kesehatan,500000,3,1.89,528350,Lancar,2,1
L1KRD001452,L1NSB00899,PLT003,2022-07-07,Multifinance,Mesin usaha,5000000,24,1.19,6428000,Kurang Lancar,58,0
L1KRD001453,L1NSB00900,PLT002,2023-02-04,P2P Lending,Pendidikan,7000000,12,3.18,9671200,Kurang Lancar,38,0
L1KRD001454,L1NSB00901,PLT003,2023-03-29,Multifinance,Mesin usaha,10000000,36,1.83,16588000,Lancar,2,0
L1KRD001455,L1NSB00901,PLT003,2022-02-21,Multifinance,Mesin usaha,15000000,36,1.14,21156000,Lancar,3,0
L1KRD001456,L1NSB00902,PLT005,2023-08-11,P2P Lending,Renovasi,500000,12,1.83,609800,Lancar,2,1
L1KRD001457,L1NSB00902,PLT005,2022-02-07,P2P Lending,Modal usaha,10000000,3,2.37,10711000,Lancar,1,1
L1KRD001458,L1NSB00903,PLT003,2023-10-18,Multifinance,Motor baru,5000000,24,1.65,6980000,DPK,28,0
L1KRD001459,L1NSB00906,PLT002,2023-01-07,P2P Lending,Renovasi,7000000,6,3.35,8407000,Lancar,3,1
L1KRD001460,L1NSB00906,PLT002,2023-03-20,P2P Lending,Kesehatan,3000000,6,1.96,3352800,Lancar,0,1
L1KRD001461,L1NSB00907,PLT003,2024-04-25,Multifinance,Motor bekas,5000000,24,1.82,7184000,DPK,19,0
L1KRD001462,L1NSB00907,PLT003,2024-04-02,Multifinance,Motor baru,5000000,36,1.66,7988000,Lancar,2,0
L1KRD001463,L1NSB00908,PLT003,2022-05-30,Multifinance,Mesin usaha,3000000,48,1.3,4872000,Lancar,0,0
L1KRD001464,L1NSB00908,PLT003,2022-11-20,Multifinance,Elektronik,10000000,48,1.43,16864000,Lancar,1,0
L1KRD001465,L1NSB00909,PLT002,2022-01-13,P2P Lending,Kesehatan,10000000,6,1.8,11080000,Lancar,0,1
L1KRD001466,L1NSB00909,PLT002,2023-01-21,P2P Lending,Konsumsi,1000000,6,2.35,1141000,Lancar,0,1
L1KRD001467,L1NSB00909,PLT002,2022-06-05,P2P Lending,Konsumsi,2000000,9,1.81,2325800,Lancar,3,1
L1KRD001468,L1NSB00910,PLT003,2022-02-08,Multifinance,Elektronik,10000000,36,1.92,16912000,Lancar,3,0
L1KRD001469,L1NSB00910,PLT003,2024-03-12,Multifinance,Mesin usaha,10000000,12,1.92,12304000,Macet,117,0
L1KRD001470,L1NSB00911,PLT005,2023-01-19,P2P Lending,Konsumsi,7000000,6,2.47,8037400,Lancar,1,1
L1KRD001471,L1NSB00911,PLT005,2023-07-23,P2P Lending,Modal usaha,2000000,3,2.42,2145200,Lancar,0,1
L1KRD001472,L1NSB00912,PLT002,2023-12-15,P2P Lending,Modal usaha,7000000,9,2.74,8726200,Lancar,3,1
L1KRD001473,L1NSB00912,PLT002,2023-05-29,P2P Lending,Kesehatan,5000000,9,3.1,6395000,DPK,21,1
L1KRD001474,L1NSB00912,PLT002,2023-06-26,P2P Lending,Kesehatan,7000000,9,1.78,8121400,Lancar,2,1
L1KRD001475,L1NSB00914,PLT002,2022-03-22,P2P Lending,Renovasi,2000000,9,3.47,2624600,DPK,5,1
L1KRD001476,L1NSB00915,PLT002,2023-05-14,P2P Lending,Konsumsi,7000000,1,3.08,7215600,Lancar,2,1
L1KRD001477,L1NSB00916,PLT005,2022-02-09,P2P Lending,Pendidikan,10000000,1,1.89,10189000,Kurang Lancar,90,0
L1KRD001478,L1NSB00916,PLT005,2023-03-10,P2P Lending,Modal usaha,10000000,3,2.68,10804000,Lancar,3,1
L1KRD001479,L1NSB00916,PLT005,2022-08-11,P2P Lending,Pendidikan,3000000,12,1.89,3680400,Lancar,1,1
L1KRD001480,L1NSB00917,PLT001,2022-04-06,P2P Lending,Konsumsi,1000000,9,2.87,1258300,Kurang Lancar,39,0
L1KRD001481,L1NSB00918,PLT005,2022-06-16,P2P Lending,Modal usaha,1000000,9,1.77,1159300,Macet,143,0
L1KRD001482,L1NSB00919,PLT002,2023-06-06,P2P Lending,Modal usaha,10000000,9,2.37,12133000,Lancar,3,1
L1KRD001483,L1NSB00923,PLT002,2023-06-18,P2P Lending,Kesehatan,5000000,6,1.88,5564000,Lancar,2,1
L1KRD001484,L1NSB00924,PLT005,2024-01-22,P2P Lending,Kesehatan,2000000,9,2.55,2459000,DPK,13,1
L1KRD001485,L1NSB00925,PLT004,2023-05-26,Multifinance,Motor bekas,15000000,12,1.72,18096000,Lancar,3,1
L1KRD001486,L1NSB00925,PLT004,2023-07-21,Multifinance,Motor bekas,15000000,18,1.64,19428000,Lancar,3,0
L1KRD001487,L1NSB00926,PLT005,2023-06-27,P2P Lending,Konsumsi,3000000,1,2.24,3067200,Lancar,2,1
L1KRD001488,L1NSB00926,PLT005,2023-12-07,P2P Lending,Renovasi,2000000,9,2.15,2387000,Lancar,0,1
L1KRD001489,L1NSB00927,PLT003,2022-02-05,Multifinance,Elektronik,25000000,18,1.72,32740000,Lancar,0,1
L1KRD001490,L1NSB00927,PLT003,2022-01-13,Multifinance,Mesin usaha,20000000,36,1.86,33392000,DPK,20,0
L1KRD001491,L1NSB00927,PLT003,2023-05-23,Multifinance,Mesin usaha,25000000,24,1.74,35440000,Kurang Lancar,84,0
L1KRD001492,L1NSB00928,PLT003,2022-11-08,Multifinance,Motor bekas,7000000,36,1.61,11057200,Lancar,2,0
L1KRD001493,L1NSB00928,PLT003,2023-04-11,Multifinance,Refinancing,5000000,18,1.9,6710000,DPK,18,1
L1KRD001494,L1NSB00929,PLT003,2023-08-07,Multifinance,Motor bekas,10000000,12,1.16,11392000,Lancar,2,1
L1KRD001495,L1NSB00930,PLT004,2022-06-16,Multifinance,Motor bekas,3000000,12,1.58,3568800,Macet,250,0
L1KRD001496,L1NSB00931,PLT003,2022-02-22,Multifinance,Motor baru,5000000,48,1.48,8552000,Lancar,2,0
L1KRD001497,L1NSB00931,PLT003,2022-01-23,Multifinance,Motor bekas,10000000,24,1.04,12496000,Macet,291,0
L1KRD001498,L1NSB00932,PLT005,2023-07-25,P2P Lending,Renovasi,10000000,3,2.36,10708000,Kurang Lancar,39,0
L1KRD001499,L1NSB00932,PLT005,2023-02-12,P2P Lending,Kesehatan,500000,1,2.16,510800,Lancar,1,1
L1KRD001500,L1NSB00932,PLT005,2022-10-29,P2P Lending,Kesehatan,7000000,6,3.05,8281000,Lancar,0,1
L1KRD001501,L1NSB00933,PLT003,2022-12-08,Multifinance,Mesin usaha,15000000,24,1.61,20796000,DPK,14,1
L1KRD001502,L1NSB00933,PLT003,2023-04-18,Multifinance,Elektronik,3000000,36,1.08,4166400,Lancar,0,0
L1KRD001503,L1NSB00933,PLT003,2023-09-27,Multifinance,Motor bekas,20000000,24,1.24,25952000,Lancar,0,0
L1KRD001504,L1NSB00935,PLT003,2023-06-22,Multifinance,Elektronik,7000000,36,1.58,10981600,Lancar,0,0
L1KRD001505,L1NSB00935,PLT003,2023-01-07,Multifinance,Motor baru,20000000,24,1.32,26336000,Lancar,1,0
L1KRD001506,L1NSB00937,PLT001,2023-01-31,P2P Lending,Modal usaha,10000000,9,3.43,13087000,Lancar,2,1
L1KRD001507,L1NSB00937,PLT001,2023-07-19,P2P Lending,Pendidikan,10000000,3,3.04,10912000,Lancar,3,1
L1KRD001508,L1NSB00938,PLT003,2023-10-12,Multifinance,Mesin usaha,25000000,18,1.05,29725000,Lancar,2,0
L1KRD001509,L1NSB00938,PLT003,2024-04-26,Multifinance,Refinancing,20000000,12,1.38,23312000,Lancar,1,0
L1KRD001510,L1NSB00938,PLT003,2024-01-20,Multifinance,Motor bekas,25000000,48,1.2,39400000,Lancar,3,0
L1KRD001511,L1NSB00940,PLT005,2023-05-15,P2P Lending,Renovasi,1000000,12,3.45,1414000,Lancar,0,1
L1KRD001512,L1NSB00940,PLT005,2024-01-01,P2P Lending,Kesehatan,500000,1,1.86,509300,Lancar,1,1
L1KRD001513,L1NSB00941,PLT004,2023-06-08,Multifinance,Elektronik,20000000,12,1.18,22832000,DPK,30,1
L1KRD001514,L1NSB00941,PLT004,2022-08-25,Multifinance,Motor bekas,3000000,24,1.11,3799200,Lancar,3,1
L1KRD001515,L1NSB00943,PLT005,2023-04-19,P2P Lending,Renovasi,1000000,12,3.41,1409200,Lancar,1,1
L1KRD001516,L1NSB00943,PLT005,2023-06-28,P2P Lending,Konsumsi,500000,3,1.95,529250,Lancar,1,1
L1KRD001517,L1NSB00943,PLT005,2023-03-12,P2P Lending,Modal usaha,500000,1,1.64,508200,Lancar,0,1
L1KRD001518,L1NSB00944,PLT001,2023-05-07,P2P Lending,Kesehatan,1000000,12,2.55,1306000,Lancar,0,1
L1KRD001519,L1NSB00944,PLT001,2022-03-31,P2P Lending,Pendidikan,1000000,6,2.75,1165000,Lancar,1,1
L1KRD001520,L1NSB00944,PLT001,2022-03-21,P2P Lending,Konsumsi,500000,9,3.11,639950,Lancar,0,1
L1KRD001521,L1NSB00946,PLT004,2022-03-23,Multifinance,Mesin usaha,3000000,48,1.63,5347200,Lancar,0,0
L1KRD001522,L1NSB00946,PLT004,2023-10-05,Multifinance,Motor baru,3000000,12,1.97,3709200,DPK,4,1
L1KRD001523,L1NSB00946,PLT004,2022-04-20,Multifinance,Elektronik,5000000,18,1.73,6557000,Lancar,0,1
L1KRD001524,L1NSB00947,PLT004,2024-02-23,Multifinance,Motor bekas,7000000,12,1.99,8671600,Lancar,0,0
L1KRD001525,L1NSB00948,PLT001,2022-09-10,P2P Lending,Kesehatan,5000000,1,2.38,5119000,Lancar,1,1
L1KRD001526,L1NSB00948,PLT001,2023-09-07,P2P Lending,Modal usaha,500000,1,2.05,510250,Lancar,2,1
L1KRD001527,L1NSB00949,PLT002,2022-05-04,P2P Lending,Pendidikan,10000000,9,2.14,11926000,Lancar,2,1
L1KRD001528,L1NSB00949,PLT002,2023-07-07,P2P Lending,Kesehatan,7000000,3,2.18,7457800,Lancar,1,1
L1KRD001529,L1NSB00949,PLT002,2023-03-04,P2P Lending,Pendidikan,7000000,3,2.1,7441000,Lancar,0,1
L1KRD001530,L1NSB00950,PLT001,2024-01-20,P2P Lending,Modal usaha,7000000,6,2.45,8029000,DPK,19,1
L1KRD001531,L1NSB00950,PLT001,2022-12-31,P2P Lending,Pendidikan,7000000,9,1.88,8184400,Kurang Lancar,33,0
L1KRD001532,L1NSB00951,PLT002,2022-12-05,P2P Lending,Kesehatan,5000000,12,1.65,5990000,Lancar,3,1
L1KRD001533,L1NSB00951,PLT002,2022-01-24,P2P Lending,Pendidikan,3000000,9,2.22,3599400,Macet,327,0
L1KRD001534,L1NSB00953,PLT003,2023-12-28,Multifinance,Elektronik,10000000,12,1.95,12340000,Lancar,0,0
L1KRD001535,L1NSB00953,PLT003,2022-07-31,Multifinance,Mesin usaha,20000000,24,1.23,25904000,Lancar,0,1
L1KRD001536,L1NSB00953,PLT003,2023-07-04,Multifinance,Refinancing,3000000,12,1.72,3619200,Lancar,0,1
L1KRD001537,L1NSB00955,PLT002,2022-09-09,P2P Lending,Modal usaha,2000000,9,2.15,2387000,Lancar,2,1
L1KRD001538,L1NSB00955,PLT002,2022-11-03,P2P Lending,Konsumsi,2000000,3,3.03,2181800,Lancar,1,1
L1KRD001539,L1NSB00956,PLT003,2022-08-10,Multifinance,Refinancing,15000000,24,1.1,18960000,Lancar,1,1
L1KRD001540,L1NSB00958,PLT005,2023-09-23,P2P Lending,Konsumsi,7000000,6,3.4,8428000,Kurang Lancar,78,0
L1KRD001541,L1NSB00958,PLT005,2023-04-19,P2P Lending,Pendidikan,3000000,9,3.49,3942300,Lancar,2,1
L1KRD001542,L1NSB00958,PLT005,2022-05-01,P2P Lending,Modal usaha,10000000,9,1.55,11395000,Lancar,0,1
L1KRD001543,L1NSB00959,PLT004,2022-03-11,Multifinance,Refinancing,25000000,48,1.47,42640000,DPK,22,0
L1KRD001544,L1NSB00959,PLT004,2022-03-01,Multifinance,Mesin usaha,15000000,12,1.92,18456000,Kurang Lancar,51,0
L1KRD001545,L1NSB00961,PLT005,2023-09-13,P2P Lending,Renovasi,7000000,1,3.21,7224700,Lancar,0,1
L1KRD001546,L1NSB00961,PLT005,2023-02-23,P2P Lending,Modal usaha,7000000,9,2.83,8782900,Lancar,0,1
L1KRD001547,L1NSB00961,PLT005,2024-04-03,P2P Lending,Renovasi,1000000,6,2.98,1178800,DPK,10,1
L1KRD001548,L1NSB00963,PLT002,2022-09-27,P2P Lending,Konsumsi,500000,12,1.55,593000,DPK,25,1
L1KRD001549,L1NSB00963,PLT002,2023-05-23,P2P Lending,Pendidikan,3000000,3,1.88,3169200,Lancar,3,1
L1KRD001550,L1NSB00964,PLT002,2022-01-16,P2P Lending,Renovasi,2000000,3,3.12,2187200,DPK,25,1
L1KRD001551,L1NSB00964,PLT002,2022-12-04,P2P Lending,Konsumsi,500000,12,3.47,708200,Lancar,2,1
L1KRD001552,L1NSB00966,PLT005,2022-09-12,P2P Lending,Konsumsi,10000000,9,3.44,13096000,DPK,7,1
L1KRD001553,L1NSB00967,PLT004,2023-01-02,Multifinance,Motor baru,3000000,18,1.82,3982800,Lancar,0,1
L1KRD001554,L1NSB00967,PLT004,2023-07-23,Multifinance,Motor bekas,15000000,18,1.89,20103000,Lancar,1,0
L1KRD001555,L1NSB00967,PLT004,2022-05-27,Multifinance,Motor baru,3000000,18,1.72,3928800,Kurang Lancar,90,0
L1KRD001556,L1NSB00969,PLT002,2023-11-27,P2P Lending,Kesehatan,10000000,9,2.87,12583000,Lancar,3,1
L1KRD001557,L1NSB00969,PLT002,2022-04-17,P2P Lending,Kesehatan,7000000,12,2.37,8990800,DPK,8,1
L1KRD001558,L1NSB00970,PLT004,2023-03-23,Multifinance,Mesin usaha,25000000,48,1.47,42640000,Lancar,3,0
L1KRD001559,L1NSB00970,PLT004,2023-08-27,Multifinance,Motor bekas,20000000,18,1.85,26660000,Lancar,2,0
L1KRD001560,L1NSB00970,PLT004,2023-10-11,Multifinance,Refinancing,15000000,12,1.81,18258000,Lancar,1,1
L1KRD001561,L1NSB00972,PLT003,2023-08-29,Multifinance,Mesin usaha,20000000,18,1.69,26084000,Lancar,0,0
L1KRD001562,L1NSB00972,PLT003,2023-06-04,Multifinance,Refinancing,15000000,12,1.53,17754000,Kurang Lancar,60,0
L1KRD001563,L1NSB00973,PLT003,2023-03-08,Multifinance,Elektronik,3000000,36,1.08,4166400,Lancar,0,0
L1KRD001564,L1NSB00973,PLT003,2023-08-11,Multifinance,Mesin usaha,5000000,48,1.12,7688000,Kurang Lancar,84,0
L1KRD001565,L1NSB00973,PLT003,2022-09-30,Multifinance,Elektronik,3000000,48,1.96,5822400,Kurang Lancar,44,0
L1KRD001566,L1NSB00973,PLT003,2022-03-04,Multifinance,Elektronik,5000000,48,1.52,8648000,Lancar,0,0
L1KRD001567,L1NSB00974,PLT005,2023-05-16,P2P Lending,Renovasi,2000000,9,2.26,2406800,Lancar,0,1
L1KRD001568,L1NSB00976,PLT005,2023-06-17,P2P Lending,Pendidikan,1000000,3,1.62,1048600,Macet,292,0
L1KRD001569,L1NSB00977,PLT002,2022-10-24,P2P Lending,Modal usaha,1000000,9,1.51,1135900,Lancar,3,1
L1KRD001570,L1NSB00978,PLT001,2023-04-16,P2P Lending,Kesehatan,7000000,3,1.77,7371700,Kurang Lancar,70,0
L1KRD001571,L1NSB00978,PLT001,2022-11-14,P2P Lending,Pendidikan,10000000,12,2.49,12988000,Lancar,1,1
L1KRD001572,L1NSB00979,PLT005,2022-05-15,P2P Lending,Modal usaha,2000000,6,1.89,2226800,Kurang Lancar,65,0
L1KRD001573,L1NSB00979,PLT005,2024-03-01,P2P Lending,Pendidikan,3000000,6,1.77,3318600,Lancar,0,1
L1KRD001574,L1NSB00979,PLT005,2023-02-24,P2P Lending,Pendidikan,3000000,9,2.21,3596700,Lancar,2,1
L1KRD001575,L1NSB00979,PLT005,2023-10-14,P2P Lending,Modal usaha,7000000,12,1.67,8402800,Lancar,3,1
L1KRD001576,L1NSB00981,PLT003,2023-03-01,Multifinance,Motor baru,10000000,12,1.16,11392000,DPK,23,1
L1KRD001577,L1NSB00982,PLT003,2022-11-05,Multifinance,Motor bekas,3000000,24,1.35,3972000,Lancar,1,1
L1KRD001578,L1NSB00983,PLT002,2023-01-23,P2P Lending,Modal usaha,5000000,3,3.11,5466500,Lancar,1,1
L1KRD001579,L1NSB00984,PLT001,2022-06-30,P2P Lending,Modal usaha,1000000,1,2.49,1024900,DPK,10,1
L1KRD001580,L1NSB00985,PLT001,2023-12-30,P2P Lending,Kesehatan,1000000,3,2.31,1069300,DPK,30,1
L1KRD001581,L1NSB00985,PLT001,2023-09-12,P2P Lending,Pendidikan,1000000,9,2.62,1235800,Lancar,2,1
L1KRD001582,L1NSB00985,PLT001,2022-06-23,P2P Lending,Kesehatan,2000000,6,2.4,2288000,Kurang Lancar,67,0
L1KRD001583,L1NSB00986,PLT001,2023-05-03,P2P Lending,Modal usaha,1000000,9,2.87,1258300,Lancar,1,1
L1KRD001584,L1NSB00986,PLT001,2023-05-27,P2P Lending,Kesehatan,500000,9,1.68,575600,Lancar,2,1
L1KRD001585,L1NSB00987,PLT004,2023-07-29,Multifinance,Motor bekas,5000000,48,1.38,8312000,Lancar,0,0
L1KRD001586,L1NSB00987,PLT004,2023-08-22,Multifinance,Elektronik,20000000,24,1.97,29456000,Macet,116,0
L1KRD001587,L1NSB00989,PLT004,2022-04-01,Multifinance,Motor baru,10000000,48,1.04,14992000,Lancar,1,0
L1KRD001588,L1NSB00990,PLT001,2023-09-07,P2P Lending,Pendidikan,3000000,9,2.28,3615600,Macet,365,0
L1KRD001589,L1NSB00990,PLT001,2022-08-16,P2P Lending,Konsumsi,5000000,1,2.6,5130000,Lancar,0,1
L1KRD001590,L1NSB00991,PLT002,2022-04-30,P2P Lending,Konsumsi,5000000,6,2.53,5759000,Lancar,2,1
L1KRD001591,L1NSB00993,PLT004,2022-01-05,Multifinance,Mesin usaha,25000000,18,1.73,32785000,Lancar,0,1
L1KRD001592,L1NSB00993,PLT004,2023-09-09,Multifinance,Mesin usaha,5000000,48,1.79,9296000,Lancar,0,0
L1KRD001593,L1NSB00994,PLT004,2024-05-19,Multifinance,Refinancing,3000000,36,1.17,4263600,Lancar,1,0
L1KRD001594,L1NSB00995,PLT003,2022-11-11,Multifinance,Elektronik,3000000,24,1.28,3921600,Lancar,2,1
L1KRD001595,L1NSB00996,PLT003,2022-06-24,Multifinance,Motor baru,25000000,24,1.06,31360000,Lancar,2,1
L1KRD001596,L1NSB00997,PLT004,2022-09-01,Multifinance,Elektronik,7000000,36,1.55,10906000,Lancar,3,0
L1KRD001597,L1NSB00997,PLT004,2024-05-09,Multifinance,Refinancing,25000000,24,1.24,32440000,Lancar,1,0
L1KRD001598,L1NSB00998,PLT003,2022-06-22,Multifinance,Motor bekas,15000000,12,1.91,18438000,Lancar,0,1
L1KRD001599,L1NSB00998,PLT003,2023-11-03,Multifinance,Motor baru,15000000,36,1.28,21912000,Lancar,3,0
L1KRD001600,L1NSB00998,PLT003,2023-01-31,Multifinance,Elektronik,5000000,48,1.9,9560000,Lancar,1,0
L1KRD001601,L1NSB01000,PLT004,2024-05-20,Multifinance,Motor bekas,5000000,24,1.38,6656000,Lancar,2,0
L1KRD001602,L1NSB01000,PLT004,2022-06-26,Multifinance,Mesin usaha,25000000,18,1.16,30220000,Lancar,3,1
L1KRD001603,L1NSB01001,PLT005,2022-08-13,P2P Lending,Pendidikan,2000000,3,1.82,2109200,Lancar,1,1
L1KRD001604,L1NSB01001,PLT005,2023-11-06,P2P Lending,Pendidikan,3000000,6,2.25,3405000,Lancar,2,1
L1KRD001605,L1NSB01002,PLT002,2023-11-19,P2P Lending,Kesehatan,500000,9,1.94,587300,DPK,27,1
L1KRD001606,L1NSB01002,PLT002,2024-02-09,P2P Lending,Renovasi,500000,12,2.92,675200,Lancar,1,0
L1KRD001607,L1NSB01003,PLT001,2022-08-20,P2P Lending,Renovasi,2000000,12,2.48,2595200,Lancar,1,1
L1KRD001608,L1NSB01003,PLT001,2023-08-26,P2P Lending,Modal usaha,3000000,6,2.74,3493200,DPK,23,1
L1KRD001609,L1NSB01004,PLT004,2023-07-01,Multifinance,Elektronik,7000000,12,1.28,8075200,Lancar,2,1
L1KRD001610,L1NSB01006,PLT002,2023-10-24,P2P Lending,Pendidikan,3000000,3,2.48,3223200,Lancar,1,1
L1KRD001611,L1NSB01006,PLT002,2024-03-31,P2P Lending,Pendidikan,2000000,12,1.93,2463200,Lancar,2,0
L1KRD001612,L1NSB01006,PLT002,2023-05-20,P2P Lending,Kesehatan,5000000,6,1.68,5504000,Lancar,0,1
L1KRD001613,L1NSB01006,PLT002,2022-12-04,P2P Lending,Pendidikan,1000000,1,1.79,1017900,Lancar,3,1
L1KRD001614,L1NSB01007,PLT001,2022-12-27,P2P Lending,Pendidikan,10000000,9,1.57,11413000,Lancar,3,1
L1KRD001615,L1NSB01008,PLT005,2022-08-17,P2P Lending,Pendidikan,1000000,3,1.96,1058800,Lancar,2,1
L1KRD001616,L1NSB01008,PLT005,2022-07-30,P2P Lending,Modal usaha,2000000,12,2.11,2506400,Lancar,1,1
L1KRD001617,L1NSB01010,PLT005,2022-07-17,P2P Lending,Renovasi,10000000,3,1.55,10465000,Lancar,0,1
L1KRD001618,L1NSB01011,PLT003,2023-10-08,Multifinance,Mesin usaha,10000000,12,1.96,12352000,Lancar,3,1
L1KRD001619,L1NSB01011,PLT003,2024-02-08,Multifinance,Mesin usaha,10000000,12,1.62,11944000,DPK,29,0
L1KRD001620,L1NSB01011,PLT003,2024-05-25,Multifinance,Refinancing,10000000,24,1.95,14680000,Kurang Lancar,67,0
L1KRD001621,L1NSB01012,PLT001,2022-03-24,P2P Lending,Kesehatan,500000,1,1.76,508800,Lancar,1,1
L1KRD001622,L1NSB01012,PLT001,2022-11-24,P2P Lending,Pendidikan,500000,12,1.99,619400,Lancar,1,1
L1KRD001623,L1NSB01013,PLT003,2024-05-18,Multifinance,Motor bekas,15000000,36,1.19,21426000,Lancar,0,0
L1KRD001624,L1NSB01013,PLT003,2024-05-17,Multifinance,Motor bekas,10000000,24,1.78,14272000,Lancar,3,0
L1KRD001625,L1NSB01014,PLT005,2023-11-09,P2P Lending,Modal usaha,5000000,9,2.26,6017000,Macet,288,0
L1KRD001626,L1NSB01014,PLT005,2022-10-28,P2P Lending,Konsumsi,10000000,6,3.35,12010000,Lancar,1,1
L1KRD001627,L1NSB01014,PLT005,2024-03-06,P2P Lending,Renovasi,2000000,12,2.44,2585600,Lancar,0,0
L1KRD001628,L1NSB01016,PLT003,2022-07-23,Multifinance,Motor baru,5000000,18,1.42,6278000,DPK,25,1
L1KRD001629,L1NSB01017,PLT003,2022-10-01,Multifinance,Motor baru,15000000,36,1.25,21750000,Macet,361,0
L1KRD001630,L1NSB01018,PLT003,2023-09-07,Multifinance,Refinancing,5000000,12,1.76,6056000,Lancar,2,1
L1KRD001631,L1NSB01018,PLT003,2023-05-30,Multifinance,Mesin usaha,25000000,18,1.24,30580000,Lancar,0,1
L1KRD001632,L1NSB01019,PLT002,2023-09-29,P2P Lending,Kesehatan,3000000,3,2.99,3269100,Lancar,1,1
L1KRD001633,L1NSB01019,PLT002,2022-03-12,P2P Lending,Konsumsi,1000000,1,1.58,1015800,Lancar,0,1
L1KRD001634,L1NSB01020,PLT005,2022-11-06,P2P Lending,Konsumsi,5000000,9,2.85,6282500,Kurang Lancar,33,0
L1KRD001635,L1NSB01020,PLT005,2023-11-21,P2P Lending,Pendidikan,10000000,9,3.17,12853000,DPK,25,1
L1KRD001636,L1NSB01020,PLT005,2022-04-16,P2P Lending,Konsumsi,500000,1,2.71,513550,Lancar,0,1
L1KRD001637,L1NSB01022,PLT005,2023-01-28,P2P Lending,Modal usaha,2000000,3,1.83,2109800,Lancar,3,1
L1KRD001638,L1NSB01022,PLT005,2023-10-22,P2P Lending,Pendidikan,7000000,6,1.53,7642600,DPK,11,1
L1KRD001639,L1NSB01022,PLT005,2024-03-07,P2P Lending,Konsumsi,3000000,6,1.58,3284400,Kurang Lancar,45,0
L1KRD001640,L1NSB01023,PLT004,2024-03-09,Multifinance,Motor bekas,25000000,24,1.75,35500000,Macet,294,0
L1KRD001641,L1NSB01025,PLT004,2023-05-01,Multifinance,Motor baru,20000000,36,1.22,28784000,Kurang Lancar,41,0
L1KRD001642,L1NSB01025,PLT004,2024-05-10,Multifinance,Refinancing,20000000,24,1.48,27104000,Lancar,1,0
L1KRD001643,L1NSB01026,PLT004,2022-02-03,Multifinance,Refinancing,3000000,18,1.79,3966600,Lancar,0,1
L1KRD001644,L1NSB01027,PLT002,2023-07-23,P2P Lending,Renovasi,5000000,3,1.85,5277500,Kurang Lancar,85,0
L1KRD001645,L1NSB01027,PLT002,2023-06-27,P2P Lending,Renovasi,3000000,3,1.93,3173700,Lancar,1,1
L1KRD001646,L1NSB01027,PLT002,2022-05-28,P2P Lending,Modal usaha,3000000,6,1.65,3297000,Lancar,2,1
L1KRD001647,L1NSB01028,PLT005,2023-01-07,P2P Lending,Pendidikan,3000000,9,3.07,3828900,Lancar,0,1
L1KRD001648,L1NSB01028,PLT005,2022-04-21,P2P Lending,Modal usaha,7000000,3,2.21,7464100,Lancar,1,1
L1KRD001649,L1NSB01028,PLT005,2022-01-29,P2P Lending,Kesehatan,5000000,6,1.97,5591000,Lancar,1,1
L1KRD001650,L1NSB01029,PLT003,2022-04-13,Multifinance,Mesin usaha,10000000,48,1.41,16768000,Lancar,0,0
L1KRD001651,L1NSB01030,PLT001,2024-01-19,P2P Lending,Kesehatan,5000000,9,2.08,5936000,Lancar,0,1
L1KRD001652,L1NSB01030,PLT001,2023-11-11,P2P Lending,Konsumsi,7000000,9,1.73,8089900,Lancar,3,1
L1KRD001653,L1NSB01031,PLT005,2023-08-23,P2P Lending,Pendidikan,3000000,9,2.35,3634500,Lancar,3,1
L1KRD001654,L1NSB01031,PLT005,2022-07-07,P2P Lending,Pendidikan,5000000,3,2.45,5367500,Lancar,3,1
L1KRD001655,L1NSB01031,PLT005,2024-01-03,P2P Lending,Konsumsi,5000000,3,2.16,5324000,DPK,16,1
L1KRD001656,L1NSB01032,PLT005,2023-04-09,P2P Lending,Modal usaha,7000000,12,3.49,9931600,Lancar,1,1
L1KRD001657,L1NSB01033,PLT005,2023-01-06,P2P Lending,Kesehatan,10000000,3,3.44,11032000,Lancar,3,1
L1KRD001658,L1NSB01033,PLT005,2022-06-27,P2P Lending,Pendidikan,10000000,1,3.4,10340000,Lancar,1,1
L1KRD001659,L1NSB01034,PLT005,2023-10-14,P2P Lending,Pendidikan,500000,6,3.12,593600,Lancar,3,1
L1KRD001660,L1NSB01034,PLT005,2022-02-14,P2P Lending,Modal usaha,10000000,1,1.79,10179000,Lancar,2,1
L1KRD001661,L1NSB01035,PLT001,2023-05-13,P2P Lending,Modal usaha,3000000,12,3.18,4144800,Lancar,1,1
L1KRD001662,L1NSB01035,PLT001,2022-07-19,P2P Lending,Konsumsi,1000000,3,2.51,1075300,Lancar,2,1
L1KRD001663,L1NSB01035,PLT001,2024-03-31,P2P Lending,Kesehatan,3000000,3,2.47,3222300,Lancar,3,1
L1KRD001664,L1NSB01035,PLT001,2023-01-11,P2P Lending,Modal usaha,2000000,6,2.99,2358800,Lancar,3,1
L1KRD001665,L1NSB01036,PLT004,2023-03-20,Multifinance,Motor baru,5000000,48,1.8,9320000,Lancar,3,0
L1KRD001666,L1NSB01036,PLT004,2022-12-23,Multifinance,Elektronik,3000000,18,2.0,4080000,DPK,19,1
L1KRD001667,L1NSB01037,PLT001,2022-10-07,P2P Lending,Modal usaha,1000000,1,3.07,1030700,Lancar,1,1
L1KRD001668,L1NSB01038,PLT003,2024-02-08,Multifinance,Motor baru,15000000,36,1.8,24720000,Lancar,2,0
L1KRD001669,L1NSB01038,PLT003,2022-02-27,Multifinance,Elektronik,10000000,48,1.21,15808000,Lancar,3,0
L1KRD001670,L1NSB01038,PLT003,2023-06-12,Multifinance,Elektronik,25000000,12,1.19,28570000,DPK,24,1
L1KRD001671,L1NSB01038,PLT003,2022-02-17,Multifinance,Mesin usaha,10000000,18,1.01,11818000,Macet,110,0
L1KRD001672,L1NSB01039,PLT004,2022-02-02,Multifinance,Mesin usaha,10000000,18,1.47,12646000,Lancar,0,1
L1KRD001673,L1NSB01039,PLT004,2024-05-04,Multifinance,Mesin usaha,15000000,36,1.44,22776000,Lancar,0,0
L1KRD001674,L1NSB01040,PLT003,2022-01-23,Multifinance,Motor bekas,3000000,24,1.34,3964800,DPK,22,1
L1KRD001675,L1NSB01040,PLT003,2022-10-02,Multifinance,Mesin usaha,15000000,48,1.07,22704000,Lancar,0,0
L1KRD001676,L1NSB01041,PLT003,2023-07-29,Multifinance,Motor bekas,5000000,36,1.66,7988000,Kurang Lancar,59,0
L1KRD001677,L1NSB01041,PLT003,2024-03-08,Multifinance,Elektronik,3000000,48,1.91,5750400,Macet,110,0
L1KRD001678,L1NSB01042,PLT005,2022-01-26,P2P Lending,Modal usaha,1000000,9,1.97,1177300,Lancar,0,1
L1KRD001679,L1NSB01043,PLT003,2022-03-22,Multifinance,Motor bekas,10000000,48,1.22,15856000,Kurang Lancar,55,0
L1KRD001680,L1NSB01043,PLT003,2022-10-26,Multifinance,Elektronik,7000000,18,1.53,8927800,Lancar,1,1
L1KRD001681,L1NSB01043,PLT003,2022-09-21,Multifinance,Refinancing,7000000,24,1.81,10040800,Lancar,2,1
L1KRD001682,L1NSB01044,PLT003,2024-03-20,Multifinance,Mesin usaha,7000000,18,1.64,9066400,Lancar,2,0
L1KRD001683,L1NSB01044,PLT003,2023-02-27,Multifinance,Motor baru,10000000,24,1.65,13960000,Lancar,2,0
L1KRD001684,L1NSB01044,PLT003,2023-11-01,Multifinance,Motor baru,20000000,48,1.98,39008000,Lancar,0,0
L1KRD001685,L1NSB01045,PLT001,2023-02-07,P2P Lending,Kesehatan,500000,3,2.89,543350,Lancar,1,1
L1KRD001686,L1NSB01045,PLT001,2022-03-10,P2P Lending,Pendidikan,2000000,9,1.6,2288000,Lancar,3,1
L1KRD001687,L1NSB01045,PLT001,2024-03-12,P2P Lending,Modal usaha,10000000,1,3.05,10305000,Lancar,0,1
L1KRD001688,L1NSB01046,PLT003,2024-03-01,Multifinance,Mesin usaha,25000000,36,1.3,36700000,Lancar,2,0
L1KRD001689,L1NSB01046,PLT003,2023-11-10,Multifinance,Mesin usaha,3000000,12,1.4,3504000,Lancar,2,1
L1KRD001690,L1NSB01047,PLT002,2023-08-19,P2P Lending,Konsumsi,2000000,1,1.78,2035600,Lancar,1,1
L1KRD001691,L1NSB01049,PLT003,2024-03-16,Multifinance,Motor bekas,25000000,24,1.18,32080000,DPK,19,0
L1KRD001692,L1NSB01049,PLT003,2023-08-24,Multifinance,Motor baru,10000000,48,1.34,16432000,Lancar,0,0
L1KRD001693,L1NSB01049,PLT003,2023-10-19,Multifinance,Motor bekas,7000000,24,1.73,9906400,Kurang Lancar,33,0
L1KRD001694,L1NSB01050,PLT001,2023-04-06,P2P Lending,Pendidikan,10000000,3,2.72,10816000,Lancar,0,1
L1KRD001695,L1NSB01050,PLT001,2022-07-04,P2P Lending,Konsumsi,5000000,1,3.46,5173000,Lancar,2,1
L1KRD001696,L1NSB01050,PLT001,2023-02-05,P2P Lending,Renovasi,7000000,3,2.25,7472500,Lancar,1,1
L1KRD001697,L1NSB01050,PLT001,2023-03-11,P2P Lending,Kesehatan,500000,9,2.52,613400,Lancar,2,1
L1KRD001698,L1NSB01051,PLT004,2022-12-17,Multifinance,Refinancing,5000000,18,1.17,6053000,Lancar,0,1
L1KRD001699,L1NSB01051,PLT004,2024-05-18,Multifinance,Elektronik,5000000,12,1.08,5648000,Lancar,3,0
L1KRD001700,L1NSB01052,PLT004,2023-10-01,Multifinance,Refinancing,20000000,48,1.77,36992000,Kurang Lancar,81,0
L1KRD001701,L1NSB01054,PLT003,2022-11-18,Multifinance,Elektronik,25000000,18,1.58,32110000,Lancar,1,1
L1KRD001702,L1NSB01054,PLT003,2024-05-11,Multifinance,Refinancing,20000000,12,1.93,24632000,Lancar,1,0
L1KRD001703,L1NSB01055,PLT005,2022-10-04,P2P Lending,Konsumsi,1000000,1,1.51,1015100,Lancar,0,1
L1KRD001704,L1NSB01055,PLT005,2023-03-01,P2P Lending,Renovasi,10000000,6,1.86,11116000,Lancar,0,1
L1KRD001705,L1NSB01055,PLT005,2024-05-03,P2P Lending,Pendidikan,10000000,1,2.57,10257000,Lancar,3,1
L1KRD001706,L1NSB01055,PLT005,2022-06-01,P2P Lending,Konsumsi,10000000,12,1.8,12160000,Lancar,0,1
L1KRD001707,L1NSB01056,PLT003,2022-03-31,Multifinance,Motor baru,25000000,36,1.54,38860000,Kurang Lancar,41,0
L1KRD001708,L1NSB01056,PLT003,2022-04-18,Multifinance,Elektronik,25000000,48,1.46,42520000,Lancar,0,0
L1KRD001709,L1NSB01056,PLT003,2022-03-17,Multifinance,Motor baru,15000000,48,1.62,26664000,Lancar,2,0
L1KRD001710,L1NSB01056,PLT003,2023-03-12,Multifinance,Motor baru,7000000,24,1.23,9066400,Lancar,1,0
L1KRD001711,L1NSB01060,PLT004,2022-11-22,Multifinance,Elektronik,5000000,48,1.86,9464000,Lancar,1,0
L1KRD001712,L1NSB01063,PLT003,2023-06-14,Multifinance,Motor bekas,3000000,24,1.78,4281600,Lancar,0,0
L1KRD001713,L1NSB01064,PLT002,2022-09-05,P2P Lending,Konsumsi,500000,1,3.26,516300,Lancar,1,1
L1KRD001714,L1NSB01064,PLT002,2024-03-27,P2P Lending,Pendidikan,10000000,12,2.75,13300000,Lancar,3,0
L1KRD001715,L1NSB01066,PLT003,2022-02-07,Multifinance,Motor baru,20000000,12,1.09,22616000,DPK,5,1
L1KRD001716,L1NSB01067,PLT004,2023-07-19,Multifinance,Elektronik,20000000,36,1.4,30080000,Lancar,3,0
L1KRD001717,L1NSB01068,PLT003,2022-12-06,Multifinance,Motor bekas,10000000,18,1.57,12826000,Lancar,1,1
L1KRD001718,L1NSB01068,PLT003,2022-03-15,Multifinance,Motor bekas,10000000,36,1.97,17092000,Lancar,1,0
L1KRD001719,L1NSB01068,PLT003,2022-12-19,Multifinance,Motor baru,25000000,48,1.8,46600000,Lancar,1,0
L1KRD001720,L1NSB01068,PLT003,2022-05-04,Multifinance,Motor baru,5000000,12,1.7,6020000,Lancar,0,1
L1KRD001721,L1NSB01070,PLT003,2023-06-24,Multifinance,Mesin usaha,5000000,24,1.52,6824000,Lancar,0,0
L1KRD001722,L1NSB01070,PLT003,2022-12-01,Multifinance,Motor baru,15000000,12,1.45,17610000,Lancar,0,1
L1KRD001723,L1NSB01070,PLT003,2024-01-06,Multifinance,Mesin usaha,7000000,48,1.23,11132800,Lancar,3,0
L1KRD001724,L1NSB01071,PLT001,2022-11-30,P2P Lending,Kesehatan,7000000,6,3.22,8352400,Kurang Lancar,42,0
L1KRD001725,L1NSB01072,PLT002,2024-01-10,P2P Lending,Pendidikan,7000000,1,1.52,7106400,Lancar,1,1
L1KRD001726,L1NSB01072,PLT002,2023-05-05,P2P Lending,Konsumsi,10000000,1,2.54,10254000,Lancar,0,1
L1KRD001727,L1NSB01072,PLT002,2023-05-22,P2P Lending,Pendidikan,5000000,3,1.93,5289500,Lancar,3,1
L1KRD001728,L1NSB01073,PLT002,2024-03-04,P2P Lending,Pendidikan,10000000,6,3.43,12058000,Lancar,1,1
L1KRD001729,L1NSB01074,PLT002,2023-02-25,P2P Lending,Kesehatan,10000000,9,3.41,13069000,Lancar,2,1
L1KRD001730,L1NSB01074,PLT002,2023-04-01,P2P Lending,Modal usaha,500000,6,2.55,576500,Lancar,2,1
L1KRD001731,L1NSB01074,PLT002,2023-11-27,P2P Lending,Kesehatan,3000000,6,1.91,3343800,DPK,12,1
L1KRD001732,L1NSB01074,PLT002,2022-01-10,P2P Lending,Pendidikan,500000,6,2.6,578000,DPK,20,1
L1KRD001733,L1NSB01075,PLT003,2024-04-15,Multifinance,Elektronik,5000000,36,1.8,8240000,Lancar,1,0
L1KRD001734,L1NSB01075,PLT003,2022-10-08,Multifinance,Refinancing,3000000,18,1.19,3642600,DPK,8,1
L1KRD001735,L1NSB01075,PLT003,2022-07-19,Multifinance,Elektronik,15000000,36,1.11,20994000,Macet,217,0
L1KRD001736,L1NSB01075,PLT003,2023-08-09,Multifinance,Motor bekas,7000000,12,1.31,8100400,Lancar,0,1
L1KRD001737,L1NSB01077,PLT004,2023-05-10,Multifinance,Motor baru,25000000,24,1.62,34720000,Lancar,1,0
L1KRD001738,L1NSB01078,PLT004,2022-04-25,Multifinance,Mesin usaha,3000000,48,1.72,5476800,Lancar,1,0
L1KRD001739,L1NSB01078,PLT004,2022-03-17,Multifinance,Refinancing,25000000,36,1.58,39220000,Lancar,2,0
L1KRD001740,L1NSB01078,PLT004,2023-04-20,Multifinance,Mesin usaha,10000000,18,1.61,12898000,Lancar,3,1
L1KRD001741,L1NSB01079,PLT002,2023-12-13,P2P Lending,Pendidikan,3000000,3,1.74,3156600,DPK,6,1
L1KRD001742,L1NSB01079,PLT002,2023-05-11,P2P Lending,Modal usaha,5000000,1,2.93,5146500,Lancar,2,1
L1KRD001743,L1NSB01079,PLT002,2023-06-30,P2P Lending,Pendidikan,3000000,3,2.1,3189000,Kurang Lancar,54,0
L1KRD001744,L1NSB01080,PLT001,2023-04-16,P2P Lending,Renovasi,1000000,1,1.67,1016700,Lancar,1,1
L1KRD001745,L1NSB01080,PLT001,2023-04-27,P2P Lending,Konsumsi,2000000,6,2.32,2278400,Lancar,1,1
L1KRD001746,L1NSB01080,PLT001,2023-07-04,P2P Lending,Modal usaha,500000,6,3.36,600800,Lancar,1,1
L1KRD001747,L1NSB01081,PLT001,2024-01-13,P2P Lending,Konsumsi,1000000,12,2.92,1350400,Macet,288,0
L1KRD001748,L1NSB01081,PLT001,2023-12-01,P2P Lending,Modal usaha,7000000,9,3.45,9173500,Lancar,2,1
L1KRD001749,L1NSB01081,PLT001,2024-04-22,P2P Lending,Kesehatan,500000,1,2.53,512650,Lancar,3,1
L1KRD001750,L1NSB01081,PLT001,2023-09-12,P2P Lending,Kesehatan,500000,12,3.1,686000,Lancar,1,1
L1KRD001751,L1NSB01083,PLT001,2022-06-16,P2P Lending,Pendidikan,3000000,6,2.9,3522000,Lancar,1,1
L1KRD001752,L1NSB01083,PLT001,2024-05-21,P2P Lending,Konsumsi,10000000,3,1.87,10561000,Lancar,3,1
L1KRD001753,L1NSB01084,PLT003,2022-07-18,Multifinance,Motor baru,10000000,18,1.64,12952000,Lancar,3,1
L1KRD001754,L1NSB01084,PLT003,2024-03-29,Multifinance,Mesin usaha,3000000,12,1.21,3435600,Lancar,3,0
L1KRD001755,L1NSB01084,PLT003,2023-04-14,Multifinance,Mesin usaha,3000000,48,1.44,5073600,DPK,20,0
L1KRD001756,L1NSB01086,PLT001,2022-04-07,P2P Lending,Kesehatan,10000000,6,1.63,10978000,Lancar,2,1
L1KRD001757,L1NSB01088,PLT001,2022-06-15,P2P Lending,Renovasi,500000,3,2.4,536000,Lancar,2,1
L1KRD001758,L1NSB01089,PLT003,2022-01-20,Multifinance,Mesin usaha,15000000,36,1.75,24450000,Lancar,3,0
L1KRD001759,L1NSB01089,PLT003,2023-08-05,Multifinance,Elektronik,15000000,18,1.55,19185000,Lancar,3,0
L1KRD001760,L1NSB01089,PLT003,2024-04-24,Multifinance,Motor baru,10000000,48,1.84,18832000,Lancar,2,0
L1KRD001761,L1NSB01092,PLT003,2023-06-09,Multifinance,Mesin usaha,25000000,36,1.88,41920000,Lancar,2,0
L1KRD001762,L1NSB01092,PLT003,2023-04-13,Multifinance,Elektronik,10000000,12,1.91,12292000,Lancar,1,1
L1KRD001763,L1NSB01093,PLT003,2022-04-11,Multifinance,Refinancing,20000000,18,1.69,26084000,Lancar,1,1
L1KRD001764,L1NSB01093,PLT003,2023-08-29,Multifinance,Refinancing,10000000,48,1.21,15808000,Lancar,2,0
L1KRD001765,L1NSB01095,PLT002,2022-05-17,P2P Lending,Modal usaha,7000000,9,1.63,8026900,Lancar,0,1
L1KRD001766,L1NSB01095,PLT002,2023-12-30,P2P Lending,Pendidikan,1000000,9,2.47,1222300,Lancar,2,1
L1KRD001767,L1NSB01095,PLT002,2023-05-18,P2P Lending,Renovasi,3000000,9,1.96,3529200,Lancar,2,1
L1KRD001768,L1NSB01096,PLT001,2023-03-30,P2P Lending,Renovasi,1000000,1,1.67,1016700,DPK,25,1
L1KRD001769,L1NSB01096,PLT001,2023-11-23,P2P Lending,Modal usaha,5000000,6,1.98,5594000,Macet,298,0
L1KRD001770,L1NSB01098,PLT005,2023-02-15,P2P Lending,Konsumsi,3000000,6,2.46,3442800,Lancar,0,1
L1KRD001771,L1NSB01098,PLT005,2022-09-14,P2P Lending,Modal usaha,500000,3,1.66,524900,Lancar,3,1
L1KRD001772,L1NSB01099,PLT004,2024-05-31,Multifinance,Elektronik,10000000,18,1.62,12916000,Lancar,2,0
L1KRD001773,L1NSB01099,PLT004,2022-03-19,Multifinance,Motor baru,20000000,24,1.8,28640000,Lancar,0,1
L1KRD001774,L1NSB01100,PLT002,2023-08-31,P2P Lending,Renovasi,10000000,6,2.87,11722000,Lancar,1,1
L1KRD001775,L1NSB01100,PLT002,2023-03-17,P2P Lending,Modal usaha,1000000,3,2.45,1073500,Lancar,2,1
L1KRD001776,L1NSB01101,PLT001,2022-01-11,P2P Lending,Pendidikan,1000000,9,2.62,1235800,Kurang Lancar,85,0
L1KRD001777,L1NSB01101,PLT001,2023-01-20,P2P Lending,Pendidikan,7000000,12,1.91,8604400,DPK,26,1
L1KRD001778,L1NSB01102,PLT004,2023-12-16,Multifinance,Motor baru,3000000,18,1.21,3653400,Lancar,0,0
L1KRD001779,L1NSB01103,PLT003,2022-02-12,Multifinance,Elektronik,20000000,12,1.41,23384000,Lancar,3,1
L1KRD001780,L1NSB01104,PLT001,2022-10-21,P2P Lending,Pendidikan,7000000,1,2.77,7193900,Lancar,0,1
L1KRD001781,L1NSB01104,PLT001,2022-01-18,P2P Lending,Pendidikan,3000000,6,2.48,3446400,Lancar,3,1
L1KRD001782,L1NSB01106,PLT005,2022-05-03,P2P Lending,Konsumsi,5000000,9,2.12,5954000,DPK,13,1
L1KRD001783,L1NSB01106,PLT005,2023-02-15,P2P Lending,Modal usaha,2000000,6,2.99,2358800,Lancar,0,1
L1KRD001784,L1NSB01108,PLT002,2023-12-27,P2P Lending,Konsumsi,1000000,3,2.35,1070500,Kurang Lancar,87,0
L1KRD001785,L1NSB01108,PLT002,2023-03-07,P2P Lending,Konsumsi,3000000,3,2.1,3189000,Kurang Lancar,81,0
L1KRD001786,L1NSB01109,PLT001,2023-06-20,P2P Lending,Pendidikan,7000000,1,2.57,7179900,Lancar,3,1
L1KRD001787,L1NSB01109,PLT001,2023-09-20,P2P Lending,Kesehatan,1000000,1,2.88,1028800,Lancar,3,1
L1KRD001788,L1NSB01109,PLT001,2023-05-06,P2P Lending,Renovasi,2000000,1,1.84,2036800,Lancar,3,1
L1KRD001789,L1NSB01110,PLT003,2022-10-01,Multifinance,Refinancing,7000000,36,1.8,11536000,Lancar,2,0
L1KRD001790,L1NSB01110,PLT003,2023-09-10,Multifinance,Motor baru,3000000,24,1.04,3748800,Lancar,3,0
L1KRD001791,L1NSB01111,PLT005,2024-01-02,P2P Lending,Konsumsi,1000000,6,2.96,1177600,Lancar,0,1
L1KRD001792,L1NSB01111,PLT005,2022-02-02,P2P Lending,Kesehatan,5000000,3,3.35,5502500,Lancar,1,1
L1KRD001793,L1NSB01112,PLT001,2023-11-03,P2P Lending,Konsumsi,5000000,6,1.96,5588000,Lancar,1,1
L1KRD001794,L1NSB01114,PLT003,2023-02-17,Multifinance,Motor baru,20000000,18,1.96,27056000,Lancar,2,1
L1KRD001795,L1NSB01115,PLT004,2024-02-10,Multifinance,Refinancing,15000000,12,1.71,18078000,Lancar,2,0
L1KRD001796,L1NSB01115,PLT004,2024-01-03,Multifinance,Elektronik,3000000,18,1.03,3556200,Lancar,3,0
L1KRD001797,L1NSB01115,PLT004,2023-01-14,Multifinance,Mesin usaha,25000000,24,1.72,35320000,Macet,137,0
L1KRD001798,L1NSB01116,PLT005,2022-03-08,P2P Lending,Renovasi,500000,6,3.33,599900,Kurang Lancar,49,0
L1KRD001799,L1NSB01116,PLT005,2023-06-04,P2P Lending,Kesehatan,5000000,1,3.11,5155500,Lancar,2,1
L1KRD001800,L1NSB01119,PLT001,2022-04-22,P2P Lending,Konsumsi,7000000,12,3.42,9872800,DPK,12,1
L1KRD001801,L1NSB01119,PLT001,2023-05-13,P2P Lending,Renovasi,1000000,12,1.71,1205200,Lancar,0,1
L1KRD001802,L1NSB01120,PLT004,2022-08-23,Multifinance,Motor bekas,10000000,36,1.5,15400000,Lancar,2,0
L1KRD001803,L1NSB01121,PLT002,2023-08-01,P2P Lending,Renovasi,7000000,12,2.39,9007600,DPK,29,1
L1KRD001804,L1NSB01121,PLT002,2022-02-08,P2P Lending,Renovasi,10000000,1,2.19,10219000,Lancar,2,1
L1KRD001805,L1NSB01122,PLT005,2024-03-29,P2P Lending,Kesehatan,1000000,12,2.78,1333600,Lancar,0,0
L1KRD001806,L1NSB01122,PLT005,2022-07-02,P2P Lending,Konsumsi,5000000,3,2.63,5394500,DPK,6,1
L1KRD001807,L1NSB01122,PLT005,2022-04-06,P2P Lending,Modal usaha,2000000,1,1.52,2030400,Lancar,2,1
L1KRD001808,L1NSB01126,PLT002,2023-09-22,P2P Lending,Pendidikan,5000000,9,1.57,5706500,Lancar,2,1
L1KRD001809,L1NSB01127,PLT005,2024-03-16,P2P Lending,Renovasi,2000000,9,1.78,2320400,Lancar,2,0
L1KRD001810,L1NSB01128,PLT005,2024-05-17,P2P Lending,Konsumsi,7000000,12,1.63,8369200,DPK,20,0
L1KRD001811,L1NSB01128,PLT005,2023-09-27,P2P Lending,Modal usaha,10000000,1,2.66,10266000,Lancar,0,1
L1KRD001812,L1NSB01128,PLT005,2023-01-02,P2P Lending,Renovasi,3000000,1,3.21,3096300,Lancar,3,1
L1KRD001813,L1NSB01129,PLT004,2022-12-15,Multifinance,Motor baru,20000000,12,1.05,22520000,Lancar,1,1
L1KRD001814,L1NSB01129,PLT004,2024-04-11,Multifinance,Motor bekas,3000000,18,1.23,3664200,Lancar,3,0
L1KRD001815,L1NSB01130,PLT004,2023-07-23,Multifinance,Mesin usaha,25000000,36,1.73,40570000,Kurang Lancar,63,0
L1KRD001816,L1NSB01130,PLT004,2023-09-30,Multifinance,Motor bekas,20000000,12,1.01,22424000,Kurang Lancar,41,0
L1KRD001817,L1NSB01131,PLT004,2023-06-24,Multifinance,Mesin usaha,7000000,24,1.12,8881600,Lancar,1,0
L1KRD001818,L1NSB01132,PLT005,2022-04-05,P2P Lending,Modal usaha,3000000,1,2.83,3084900,Lancar,2,1
L1KRD001819,L1NSB01132,PLT005,2022-12-09,P2P Lending,Konsumsi,5000000,3,2.8,5420000,DPK,11,1
L1KRD001820,L1NSB01132,PLT005,2022-10-19,P2P Lending,Renovasi,3000000,6,1.62,3291600,Lancar,2,1
L1KRD001821,L1NSB01133,PLT003,2024-01-09,Multifinance,Motor bekas,5000000,36,1.93,8474000,Lancar,0,0
L1KRD001822,L1NSB01133,PLT003,2022-05-21,Multifinance,Motor baru,7000000,36,1.27,10200400,Lancar,2,0
L1KRD001823,L1NSB01134,PLT005,2022-08-21,P2P Lending,Modal usaha,10000000,1,2.19,10219000,DPK,22,1
L1KRD001824,L1NSB01136,PLT005,2023-01-30,P2P Lending,Renovasi,10000000,12,1.85,12220000,Lancar,1,1
L1KRD001825,L1NSB01136,PLT005,2022-03-05,P2P Lending,Renovasi,5000000,3,3.28,5492000,Lancar,0,1
L1KRD001826,L1NSB01138,PLT003,2022-07-16,Multifinance,Mesin usaha,10000000,36,1.24,14464000,DPK,29,0
L1KRD001827,L1NSB01139,PLT003,2022-04-15,Multifinance,Motor bekas,25000000,48,1.92,48040000,DPK,17,0
L1KRD001828,L1NSB01142,PLT001,2023-01-15,P2P Lending,Modal usaha,2000000,1,1.97,2039400,DPK,28,1
L1KRD001829,L1NSB01142,PLT001,2024-02-28,P2P Lending,Konsumsi,3000000,3,2.17,3195300,Lancar,1,1
L1KRD001830,L1NSB01143,PLT002,2023-01-23,P2P Lending,Renovasi,10000000,9,2.1,11890000,Lancar,3,1
L1KRD001831,L1NSB01143,PLT002,2022-09-17,P2P Lending,Renovasi,1000000,3,2.23,1066900,Lancar,2,1
L1KRD001832,L1NSB01143,PLT002,2022-07-23,P2P Lending,Kesehatan,500000,3,1.63,524450,Macet,189,0
L1KRD001833,L1NSB01144,PLT002,2022-03-22,P2P Lending,Modal usaha,2000000,6,3.18,2381600,Lancar,3,1
L1KRD001834,L1NSB01144,PLT002,2022-12-17,P2P Lending,Renovasi,2000000,9,2.0,2360000,Lancar,1,1
L1KRD001835,L1NSB01145,PLT004,2022-07-07,Multifinance,Elektronik,20000000,12,1.47,23528000,Lancar,0,1
L1KRD001836,L1NSB01145,PLT004,2023-01-30,Multifinance,Mesin usaha,5000000,48,1.82,9368000,Lancar,1,0
L1KRD001837,L1NSB01145,PLT004,2022-10-20,Multifinance,Motor bekas,7000000,18,1.52,8915200,DPK,24,1
L1KRD001838,L1NSB01146,PLT005,2024-05-28,P2P Lending,Modal usaha,2000000,1,3.29,2065800,DPK,27,1
L1KRD001839,L1NSB01146,PLT005,2022-02-12,P2P Lending,Konsumsi,500000,9,1.79,580550,Lancar,2,1
L1KRD001840,L1NSB01146,PLT005,2024-02-13,P2P Lending,Modal usaha,2000000,6,3.09,2370800,Lancar,2,1
L1KRD001841,L1NSB01147,PLT005,2023-11-18,P2P Lending,Pendidikan,1000000,3,1.83,1054900,Lancar,1,1
L1KRD001842,L1NSB01147,PLT005,2022-06-19,P2P Lending,Konsumsi,2000000,6,3.06,2367200,Kurang Lancar,67,0
L1KRD001843,L1NSB01147,PLT005,2022-11-08,P2P Lending,Kesehatan,3000000,9,2.81,3758700,Lancar,1,1
L1KRD001844,L1NSB01147,PLT005,2022-06-04,P2P Lending,Pendidikan,10000000,6,1.9,11140000,Lancar,2,1
L1KRD001845,L1NSB01148,PLT003,2024-02-16,Multifinance,Refinancing,10000000,12,1.38,11656000,Lancar,2,0
L1KRD001846,L1NSB01148,PLT003,2022-10-21,Multifinance,Motor baru,20000000,36,1.13,28136000,Lancar,1,0
L1KRD001847,L1NSB01149,PLT004,2023-05-28,Multifinance,Refinancing,7000000,48,1.59,12342400,Lancar,0,0
L1KRD001848,L1NSB01150,PLT002,2023-12-02,P2P Lending,Kesehatan,2000000,6,2.99,2358800,Lancar,2,1
L1KRD001849,L1NSB01152,PLT002,2024-05-07,P2P Lending,Kesehatan,500000,3,3.25,548750,DPK,27,1
L1KRD001850,L1NSB01152,PLT002,2022-07-10,P2P Lending,Pendidikan,500000,9,1.7,576500,Lancar,2,1
L1KRD001851,L1NSB01152,PLT002,2022-07-31,P2P Lending,Renovasi,10000000,1,2.78,10278000,DPK,10,1
L1KRD001852,L1NSB01153,PLT002,2024-04-06,P2P Lending,Modal usaha,1000000,12,1.69,1202800,Kurang Lancar,85,0
L1KRD001853,L1NSB01156,PLT004,2022-10-26,Multifinance,Refinancing,3000000,24,1.78,4281600,DPK,21,1
L1KRD001854,L1NSB01157,PLT004,2022-12-05,Multifinance,Motor bekas,15000000,12,1.31,17358000,Lancar,3,1
L1KRD001855,L1NSB01158,PLT003,2023-09-22,Multifinance,Mesin usaha,5000000,36,1.28,7304000,Lancar,2,0
L1KRD001856,L1NSB01158,PLT003,2023-03-18,Multifinance,Motor bekas,7000000,48,1.9,13384000,Lancar,2,0
L1KRD001857,L1NSB01159,PLT003,2023-04-24,Multifinance,Refinancing,5000000,18,1.37,6233000,Lancar,1,1
L1KRD001858,L1NSB01160,PLT001,2023-05-04,P2P Lending,Konsumsi,1000000,9,2.71,1243900,Lancar,1,1
L1KRD001859,L1NSB01160,PLT001,2023-03-04,P2P Lending,Renovasi,1000000,9,3.47,1312300,Lancar,0,1
L1KRD001860,L1NSB01160,PLT001,2022-05-19,P2P Lending,Kesehatan,10000000,1,1.53,10153000,Lancar,3,1
L1KRD001861,L1NSB01161,PLT002,2022-05-14,P2P Lending,Konsumsi,1000000,9,1.75,1157500,Lancar,1,1
L1KRD001862,L1NSB01161,PLT002,2022-12-09,P2P Lending,Pendidikan,5000000,9,2.51,6129500,Lancar,0,1
L1KRD001863,L1NSB01162,PLT005,2023-12-12,P2P Lending,Modal usaha,3000000,9,2.41,3650700,Lancar,3,1
L1KRD001864,L1NSB01162,PLT005,2023-03-29,P2P Lending,Renovasi,5000000,9,3.37,6516500,Lancar,0,1
L1KRD001865,L1NSB01162,PLT005,2022-05-06,P2P Lending,Kesehatan,7000000,12,3.35,9814000,Lancar,3,1
L1KRD001866,L1NSB01165,PLT003,2023-06-23,Multifinance,Refinancing,5000000,18,1.2,6080000,Lancar,3,0
L1KRD001867,L1NSB01166,PLT003,2023-03-22,Multifinance,Elektronik,5000000,36,1.14,7052000,Lancar,3,0
L1KRD001868,L1NSB01167,PLT004,2024-05-24,Multifinance,Elektronik,10000000,36,1.44,15184000,Lancar,2,0
L1KRD001869,L1NSB01168,PLT005,2023-06-12,P2P Lending,Kesehatan,10000000,1,2.58,10258000,Kurang Lancar,79,0
L1KRD001870,L1NSB01170,PLT001,2023-02-04,P2P Lending,Modal usaha,2000000,6,2.95,2354000,Lancar,2,1
L1KRD001871,L1NSB01171,PLT003,2024-05-04,Multifinance,Motor baru,20000000,18,1.6,25760000,Lancar,2,0
L1KRD001872,L1NSB01171,PLT003,2022-01-29,Multifinance,Refinancing,3000000,18,1.05,3567000,Lancar,3,1
L1KRD001873,L1NSB01171,PLT003,2023-02-24,Multifinance,Refinancing,3000000,18,1.47,3793800,Lancar,1,1
L1KRD001874,L1NSB01172,PLT004,2022-12-13,Multifinance,Mesin usaha,25000000,48,1.77,46240000,Lancar,1,0
L1KRD001875,L1NSB01172,PLT004,2023-06-08,Multifinance,Mesin usaha,25000000,24,1.52,34120000,Lancar,2,0
L1KRD001876,L1NSB01172,PLT004,2022-01-24,Multifinance,Refinancing,7000000,48,1.68,12644800,Lancar,1,0
L1KRD001877,L1NSB01173,PLT005,2023-03-26,P2P Lending,Modal usaha,7000000,6,1.51,7634200,Lancar,2,1
L1KRD001878,L1NSB01173,PLT005,2023-07-02,P2P Lending,Pendidikan,10000000,12,2.53,13036000,Lancar,2,1
L1KRD001879,L1NSB01173,PLT005,2022-03-28,P2P Lending,Konsumsi,5000000,1,3.27,5163500,Lancar,3,1
L1KRD001880,L1NSB01173,PLT005,2023-04-03,P2P Lending,Kesehatan,2000000,9,3.1,2558000,Lancar,1,1
L1KRD001881,L1NSB01174,PLT002,2022-03-20,P2P Lending,Modal usaha,500000,9,2.6,617000,Lancar,3,1
L1KRD001882,L1NSB01175,PLT005,2022-11-30,P2P Lending,Kesehatan,10000000,6,3.41,12046000,Lancar,1,1
L1KRD001883,L1NSB01176,PLT004,2022-05-29,Multifinance,Motor baru,10000000,12,1.29,11548000,Lancar,0,1
L1KRD001884,L1NSB01177,PLT003,2022-05-11,Multifinance,Refinancing,5000000,18,1.9,6710000,DPK,7,1
L1KRD001885,L1NSB01180,PLT005,2022-05-24,P2P Lending,Modal usaha,10000000,6,2.78,11668000,DPK,7,1
L1KRD001886,L1NSB01181,PLT004,2022-07-20,Multifinance,Elektronik,3000000,36,1.3,4404000,Lancar,0,0
L1KRD001887,L1NSB01181,PLT004,2022-12-26,Multifinance,Elektronik,15000000,18,1.64,19428000,Kurang Lancar,43,0
L1KRD001888,L1NSB01181,PLT004,2024-04-26,Multifinance,Motor baru,20000000,18,1.42,25112000,Kurang Lancar,62,0
L1KRD001889,L1NSB01181,PLT004,2024-05-26,Multifinance,Motor baru,25000000,18,1.63,32335000,DPK,29,0
L1KRD001890,L1NSB01182,PLT005,2022-10-10,P2P Lending,Konsumsi,10000000,9,1.7,11530000,Lancar,3,1
L1KRD001891,L1NSB01182,PLT005,2023-11-11,P2P Lending,Renovasi,7000000,1,3.19,7223300,Lancar,0,1
L1KRD001892,L1NSB01183,PLT005,2022-02-22,P2P Lending,Konsumsi,5000000,12,2.7,6620000,Lancar,0,1
L1KRD001893,L1NSB01183,PLT005,2024-05-29,P2P Lending,Modal usaha,1000000,1,2.2,1022000,Macet,119,0
L1KRD001894,L1NSB01183,PLT005,2022-06-14,P2P Lending,Pendidikan,3000000,9,1.64,3442800,Lancar,0,1
L1KRD001895,L1NSB01184,PLT002,2022-09-09,P2P Lending,Konsumsi,1000000,3,2.05,1061500,Lancar,1,1
L1KRD001896,L1NSB01184,PLT002,2023-11-17,P2P Lending,Pendidikan,7000000,1,3.0,7210000,Lancar,3,1
L1KRD001897,L1NSB01185,PLT001,2022-06-13,P2P Lending,Pendidikan,3000000,9,2.23,3602100,Lancar,0,1
L1KRD001898,L1NSB01185,PLT001,2022-03-11,P2P Lending,Pendidikan,7000000,6,3.26,8369200,Lancar,2,1
L1KRD001899,L1NSB01188,PLT003,2023-01-22,Multifinance,Elektronik,20000000,12,1.12,22688000,DPK,27,1
L1KRD001900,L1NSB01188,PLT003,2022-11-26,Multifinance,Motor baru,7000000,48,1.19,10998400,Lancar,2,0
L1KRD001901,L1NSB01188,PLT003,2024-03-16,Multifinance,Mesin usaha,7000000,24,1.36,9284800,Lancar,2,0
L1KRD001902,L1NSB01189,PLT005,2023-04-21,P2P Lending,Kesehatan,500000,12,1.8,608000,Lancar,1,1
L1KRD001903,L1NSB01191,PLT004,2022-09-07,Multifinance,Mesin usaha,20000000,36,1.97,34184000,DPK,10,0
L1KRD001904,L1NSB01191,PLT004,2022-05-31,Multifinance,Motor baru,7000000,12,1.5,8260000,Lancar,2,1
L1KRD001905,L1NSB01192,PLT001,2022-05-04,P2P Lending,Konsumsi,2000000,6,3.34,2400800,Macet,218,0
L1KRD001906,L1NSB01192,PLT001,2024-05-31,P2P Lending,Renovasi,500000,12,2.45,647000,Lancar,0,0
L1KRD001907,L1NSB01193,PLT005,2022-11-13,P2P Lending,Renovasi,10000000,1,1.71,10171000,Kurang Lancar,39,0
L1KRD001908,L1NSB01193,PLT005,2022-05-06,P2P Lending,Modal usaha,500000,12,2.84,670400,Lancar,0,1
L1KRD001909,L1NSB01193,PLT005,2024-01-13,P2P Lending,Pendidikan,5000000,9,2.44,6098000,DPK,18,1
L1KRD001910,L1NSB01193,PLT005,2022-07-18,P2P Lending,Modal usaha,2000000,12,3.06,2734400,Lancar,1,1
L1KRD001911,L1NSB01194,PLT002,2022-11-08,P2P Lending,Pendidikan,5000000,3,2.23,5334500,Lancar,0,1
L1KRD001912,L1NSB01194,PLT002,2022-11-03,P2P Lending,Modal usaha,3000000,1,2.48,3074400,Lancar,3,1
L1KRD001913,L1NSB01195,PLT004,2022-06-06,Multifinance,Refinancing,5000000,24,1.78,7136000,Lancar,0,1
L1KRD001914,L1NSB01196,PLT002,2023-06-30,P2P Lending,Kesehatan,5000000,12,2.34,6404000,Lancar,1,1
L1KRD001915,L1NSB01198,PLT001,2023-03-18,P2P Lending,Kesehatan,1000000,1,3.13,1031300,Lancar,0,1
L1KRD001916,L1NSB01198,PLT001,2022-05-29,P2P Lending,Kesehatan,500000,9,3.03,636350,Lancar,0,1
L1KRD001917,L1NSB01199,PLT002,2022-07-30,P2P Lending,Pendidikan,7000000,3,2.07,7434700,Lancar,1,1
L1KRD001918,L1NSB01200,PLT002,2024-04-26,P2P Lending,Modal usaha,1000000,12,1.62,1194400,Lancar,3,0
L1KRD001919,L1NSB01200,PLT002,2022-04-15,P2P Lending,Kesehatan,5000000,12,2.24,6344000,Lancar,3,1
L1KRD001920,L1NSB01201,PLT001,2023-08-09,P2P Lending,Pendidikan,500000,12,2.21,632600,Lancar,2,1
L1KRD001921,L1NSB01202,PLT005,2023-03-22,P2P Lending,Kesehatan,7000000,9,2.18,8373400,DPK,5,1
L1KRD001922,L1NSB01202,PLT005,2024-01-03,P2P Lending,Renovasi,7000000,6,3.35,8407000,Kurang Lancar,70,0
L1KRD001923,L1NSB01202,PLT005,2023-01-19,P2P Lending,Renovasi,3000000,9,3.25,3877500,Lancar,0,1
L1KRD001924,L1NSB01203,PLT005,2023-07-17,P2P Lending,Kesehatan,10000000,12,2.94,13528000,Lancar,3,1
L1KRD001925,L1NSB01204,PLT001,2024-02-10,P2P Lending,Modal usaha,1000000,12,1.85,1222000,Lancar,3,0
L1KRD001926,L1NSB01204,PLT001,2022-06-17,P2P Lending,Konsumsi,10000000,12,2.04,12448000,DPK,15,1
L1KRD001927,L1NSB01204,PLT001,2023-09-23,P2P Lending,Modal usaha,500000,3,2.91,543650,DPK,16,1
L1KRD001928,L1NSB01206,PLT005,2023-10-24,P2P Lending,Konsumsi,10000000,3,2.49,10747000,Macet,97,0
L1KRD001929,L1NSB01206,PLT005,2024-04-25,P2P Lending,Pendidikan,5000000,12,3.41,7046000,Lancar,2,0
L1KRD001930,L1NSB01206,PLT005,2023-03-19,P2P Lending,Konsumsi,1000000,3,2.68,1080400,Lancar,2,1
L1KRD001931,L1NSB01206,PLT005,2022-12-07,P2P Lending,Pendidikan,7000000,9,3.39,9135700,Lancar,0,1
L1KRD001932,L1NSB01208,PLT001,2024-05-09,P2P Lending,Renovasi,2000000,6,2.19,2262800,Lancar,2,1
L1KRD001933,L1NSB01210,PLT001,2022-07-28,P2P Lending,Pendidikan,5000000,9,1.82,5819000,DPK,24,1
L1KRD001934,L1NSB01210,PLT001,2023-09-13,P2P Lending,Kesehatan,7000000,3,1.95,7409500,Lancar,1,1
L1KRD001935,L1NSB01210,PLT001,2023-07-26,P2P Lending,Renovasi,2000000,6,2.61,2313200,Lancar,1,1
L1KRD001936,L1NSB01212,PLT001,2022-02-07,P2P Lending,Modal usaha,3000000,3,2.47,3222300,Lancar,0,1
L1KRD001937,L1NSB01213,PLT002,2024-04-09,P2P Lending,Konsumsi,1000000,12,1.92,1230400,DPK,12,0
L1KRD001938,L1NSB01213,PLT002,2024-03-01,P2P Lending,Kesehatan,3000000,1,1.77,3053100,Lancar,1,1
L1KRD001939,L1NSB01213,PLT002,2024-02-12,P2P Lending,Kesehatan,500000,6,2.61,578300,Lancar,0,1
L1KRD001940,L1NSB01214,PLT003,2024-04-10,Multifinance,Motor bekas,3000000,48,1.65,5376000,Lancar,1,0
L1KRD001941,L1NSB01214,PLT003,2022-02-23,Multifinance,Motor bekas,15000000,36,1.96,25584000,DPK,12,0
L1KRD001942,L1NSB01215,PLT005,2024-02-06,P2P Lending,Renovasi,7000000,12,3.02,9536800,Kurang Lancar,43,0
L1KRD001943,L1NSB01215,PLT005,2023-04-02,P2P Lending,Renovasi,7000000,12,2.47,9074800,Lancar,0,1
L1KRD001944,L1NSB01215,PLT005,2023-09-20,P2P Lending,Kesehatan,7000000,12,3.37,9830800,Lancar,0,1
L1KRD001945,L1NSB01215,PLT005,2022-01-13,P2P Lending,Konsumsi,2000000,12,2.17,2520800,Lancar,3,1
L1KRD001946,L1NSB01217,PLT004,2022-07-07,Multifinance,Mesin usaha,10000000,18,1.05,11890000,Lancar,2,1
L1KRD001947,L1NSB01217,PLT004,2024-04-04,Multifinance,Motor bekas,15000000,36,1.06,20724000,Lancar,0,0
L1KRD001948,L1NSB01217,PLT004,2023-09-11,Multifinance,Elektronik,5000000,48,1.29,8096000,Lancar,1,0
L1KRD001949,L1NSB01217,PLT004,2023-05-16,Multifinance,Motor bekas,25000000,48,1.57,43840000,Lancar,2,0
L1KRD001950,L1NSB01219,PLT004,2022-07-23,Multifinance,Elektronik,10000000,36,1.86,16696000,Lancar,0,0
L1KRD001951,L1NSB01219,PLT004,2022-01-22,Multifinance,Mesin usaha,25000000,24,1.46,33760000,Lancar,0,1
L1KRD001952,L1NSB01219,PLT004,2023-05-15,Multifinance,Mesin usaha,20000000,12,1.98,24752000,Lancar,1,1
L1KRD001953,L1NSB01220,PLT002,2022-03-15,P2P Lending,Renovasi,5000000,1,2.0,5100000,Lancar,0,1
L1KRD001954,L1NSB01220,PLT002,2023-06-05,P2P Lending,Modal usaha,3000000,12,2.78,4000800,Lancar,3,1
L1KRD001955,L1NSB01222,PLT002,2022-03-23,P2P Lending,Pendidikan,7000000,12,2.14,8797600,Lancar,2,1
L1KRD001956,L1NSB01222,PLT002,2023-07-25,P2P Lending,Konsumsi,2000000,12,3.41,2818400,Lancar,1,1
L1KRD001957,L1NSB01222,PLT002,2023-11-08,P2P Lending,Konsumsi,500000,1,3.44,517200,Lancar,2,1
L1KRD001958,L1NSB01223,PLT001,2024-05-11,P2P Lending,Renovasi,2000000,12,1.87,2448800,Lancar,0,0
L1KRD001959,L1NSB01224,PLT004,2023-08-21,Multifinance,Mesin usaha,25000000,18,1.27,30715000,Lancar,1,0
L1KRD001960,L1NSB01224,PLT004,2024-05-08,Multifinance,Elektronik,10000000,18,1.39,12502000,DPK,11,0
L1KRD001961,L1NSB01225,PLT002,2022-05-15,P2P Lending,Modal usaha,2000000,12,2.69,2645600,Lancar,0,1
L1KRD001962,L1NSB01225,PLT002,2023-05-08,P2P Lending,Renovasi,500000,6,1.87,556100,Lancar,3,1
L1KRD001963,L1NSB01226,PLT005,2022-07-24,P2P Lending,Modal usaha,10000000,12,3.4,14080000,Kurang Lancar,55,0
L1KRD001964,L1NSB01226,PLT005,2022-07-17,P2P Lending,Konsumsi,10000000,12,3.17,13804000,Lancar,3,1
L1KRD001965,L1NSB01226,PLT005,2024-03-07,P2P Lending,Konsumsi,2000000,3,2.1,2126000,Lancar,2,1
L1KRD001966,L1NSB01227,PLT002,2022-11-15,P2P Lending,Renovasi,1000000,1,3.0,1030000,Kurang Lancar,70,0
L1KRD001967,L1NSB01229,PLT002,2022-10-31,P2P Lending,Kesehatan,500000,1,2.16,510800,Lancar,2,1
L1KRD001968,L1NSB01229,PLT002,2022-06-25,P2P Lending,Kesehatan,1000000,9,2.92,1262800,Lancar,0,1
L1KRD001969,L1NSB01229,PLT002,2023-03-22,P2P Lending,Pendidikan,2000000,6,3.37,2404400,Lancar,1,1
L1KRD001970,L1NSB01229,PLT002,2022-01-27,P2P Lending,Konsumsi,3000000,12,3.0,4080000,Lancar,1,1
L1KRD001971,L1NSB01232,PLT001,2022-06-01,P2P Lending,Modal usaha,2000000,9,3.3,2594000,Lancar,2,1
L1KRD001972,L1NSB01233,PLT001,2022-07-25,P2P Lending,Konsumsi,3000000,9,1.78,3480600,Lancar,1,1
L1KRD001973,L1NSB01233,PLT001,2024-05-16,P2P Lending,Kesehatan,500000,12,2.13,627800,Lancar,3,0
L1KRD001974,L1NSB01233,PLT001,2023-08-07,P2P Lending,Konsumsi,1000000,3,2.27,1068100,Lancar,3,1
L1KRD001975,L1NSB01233,PLT001,2022-01-21,P2P Lending,Renovasi,1000000,12,1.73,1207600,Lancar,3,1
L1KRD001976,L1NSB01234,PLT001,2022-08-08,P2P Lending,Pendidikan,7000000,6,2.49,8045800,Kurang Lancar,31,0
L1KRD001977,L1NSB01234,PLT001,2024-01-29,P2P Lending,Kesehatan,5000000,3,2.41,5361500,Lancar,1,1
L1KRD001978,L1NSB01234,PLT001,2022-06-28,P2P Lending,Pendidikan,5000000,6,2.54,5762000,Lancar,3,1
L1KRD001979,L1NSB01236,PLT003,2022-04-08,Multifinance,Mesin usaha,10000000,36,1.35,14860000,DPK,11,0
L1KRD001980,L1NSB01237,PLT003,2023-10-10,Multifinance,Mesin usaha,25000000,48,1.12,38440000,Lancar,3,0
L1KRD001981,L1NSB01237,PLT003,2023-11-17,Multifinance,Motor baru,15000000,36,1.56,23424000,Lancar,0,0
L1KRD001982,L1NSB01237,PLT003,2023-06-27,Multifinance,Mesin usaha,20000000,12,1.7,24080000,DPK,18,1
L1KRD001983,L1NSB01237,PLT003,2023-09-30,Multifinance,Elektronik,7000000,24,1.87,10141600,Kurang Lancar,43,0
L1KRD001984,L1NSB01239,PLT003,2023-08-11,Multifinance,Motor baru,5000000,12,1.31,5786000,Lancar,0,1
L1KRD001985,L1NSB01239,PLT003,2023-07-25,Multifinance,Motor baru,5000000,48,1.77,9248000,Lancar,2,0
L1KRD001986,L1NSB01239,PLT003,2024-04-11,Multifinance,Refinancing,25000000,48,1.5,43000000,Lancar,1,0
L1KRD001987,L1NSB01240,PLT005,2022-08-25,P2P Lending,Kesehatan,10000000,6,3.29,11974000,Kurang Lancar,85,0
L1KRD001988,L1NSB01240,PLT005,2022-05-27,P2P Lending,Renovasi,7000000,6,1.76,7739200,Lancar,2,1
L1KRD001989,L1NSB01241,PLT002,2022-08-03,P2P Lending,Kesehatan,7000000,3,3.08,7646800,Lancar,2,1
L1KRD001990,L1NSB01242,PLT002,2024-03-18,P2P Lending,Modal usaha,10000000,12,1.96,12352000,Lancar,2,0
L1KRD001991,L1NSB01244,PLT005,2024-04-14,P2P Lending,Konsumsi,500000,9,2.78,625100,DPK,8,0
L1KRD001992,L1NSB01244,PLT005,2023-08-06,P2P Lending,Renovasi,1000000,1,1.87,1018700,Kurang Lancar,40,0
L1KRD001993,L1NSB01244,PLT005,2023-11-26,P2P Lending,Modal usaha,7000000,9,3.29,9072700,Lancar,1,1
L1KRD001994,L1NSB01245,PLT003,2023-07-01,Multifinance,Motor bekas,15000000,36,1.8,24720000,Macet,271,0
L1KRD001995,L1NSB01245,PLT003,2022-05-23,Multifinance,Motor baru,3000000,36,1.85,4998000,Lancar,2,0
L1KRD001996,L1NSB01246,PLT001,2023-01-31,P2P Lending,Pendidikan,10000000,12,3.32,13984000,Lancar,3,1
L1KRD001997,L1NSB01246,PLT001,2022-09-06,P2P Lending,Pendidikan,5000000,9,1.88,5846000,Lancar,3,1
L1KRD001998,L1NSB01246,PLT001,2022-04-30,P2P Lending,Pendidikan,3000000,12,2.17,3781200,Lancar,1,1
L1KRD001999,L1NSB01247,PLT001,2022-10-01,P2P Lending,Modal usaha,7000000,3,2.29,7480900,Lancar,2,1
L1KRD002000,L1NSB01247,PLT001,2023-07-22,P2P Lending,Modal usaha,500000,12,2.37,642200,Lancar,0,1
L1KRD002001,L1NSB01247,PLT001,2023-05-01,P2P Lending,Renovasi,2000000,6,2.16,2259200,Lancar,2,1
L1KRD002002,L1NSB01248,PLT003,2022-01-25,Multifinance,Motor bekas,7000000,12,1.92,8612800,DPK,16,1
L1KRD002003,L1NSB01248,PLT003,2023-07-29,Multifinance,Motor baru,10000000,24,1.94,14656000,Lancar,1,0
L1KRD002004,L1NSB01248,PLT003,2022-09-07,Multifinance,Motor baru,15000000,48,1.23,23856000,Lancar,3,0
L1KRD002005,L1NSB01249,PLT004,2023-03-19,Multifinance,Mesin usaha,20000000,24,1.45,26960000,Lancar,3,0
L1KRD002006,L1NSB01249,PLT004,2022-03-15,Multifinance,Motor baru,15000000,12,1.08,16944000,Lancar,2,1
L1KRD002007,L1NSB01249,PLT004,2024-02-15,Multifinance,Mesin usaha,10000000,24,1.29,13096000,DPK,21,0
L1KRD002008,L1NSB01251,PLT004,2023-05-11,Multifinance,Motor baru,7000000,48,1.88,13316800,DPK,23,0
L1KRD002009,L1NSB01251,PLT004,2022-05-26,Multifinance,Mesin usaha,15000000,24,1.2,19320000,Lancar,1,1
L1KRD002010,L1NSB01251,PLT004,2024-02-17,Multifinance,Motor baru,10000000,36,1.15,14140000,Lancar,3,0
L1KRD002011,L1NSB01252,PLT005,2023-09-10,P2P Lending,Konsumsi,1000000,1,3.26,1032600,DPK,9,1
L1KRD002012,L1NSB01252,PLT005,2023-06-18,P2P Lending,Kesehatan,3000000,3,2.24,3201600,Lancar,3,1
L1KRD002013,L1NSB01252,PLT005,2023-11-27,P2P Lending,Renovasi,5000000,9,2.06,5927000,Lancar,2,1
L1KRD002014,L1NSB01253,PLT001,2022-05-26,P2P Lending,Pendidikan,3000000,12,3.05,4098000,Lancar,2,1
L1KRD002015,L1NSB01253,PLT001,2022-01-07,P2P Lending,Konsumsi,2000000,1,3.31,2066200,Macet,362,0
L1KRD002016,L1NSB01253,PLT001,2023-09-18,P2P Lending,Renovasi,3000000,1,1.64,3049200,Lancar,3,1
L1KRD002017,L1NSB01254,PLT001,2023-05-27,P2P Lending,Kesehatan,2000000,9,2.31,2415800,Macet,264,0
L1KRD002018,L1NSB01254,PLT001,2023-12-15,P2P Lending,Modal usaha,7000000,9,3.16,8990800,Lancar,3,1
L1KRD002019,L1NSB01255,PLT005,2022-11-28,P2P Lending,Konsumsi,10000000,1,1.84,10184000,Lancar,1,1
L1KRD002020,L1NSB01255,PLT005,2023-02-27,P2P Lending,Modal usaha,7000000,6,3.08,8293600,Lancar,3,1
L1KRD002021,L1NSB01255,PLT005,2023-08-11,P2P Lending,Konsumsi,3000000,9,3.01,3812700,Lancar,1,1
L1KRD002022,L1NSB01255,PLT005,2023-12-11,P2P Lending,Pendidikan,2000000,9,3.38,2608400,DPK,27,1
L1KRD002023,L1NSB01256,PLT002,2023-12-16,P2P Lending,Renovasi,5000000,9,2.32,6044000,Lancar,3,1
L1KRD002024,L1NSB01257,PLT003,2022-12-28,Multifinance,Mesin usaha,15000000,36,1.5,23100000,Lancar,2,0
L1KRD002025,L1NSB01257,PLT003,2024-04-05,Multifinance,Refinancing,3000000,36,1.79,4933200,Lancar,0,0
L1KRD002026,L1NSB01257,PLT003,2022-03-30,Multifinance,Motor bekas,7000000,24,1.43,9402400,Lancar,1,1
L1KRD002027,L1NSB01258,PLT001,2023-02-19,P2P Lending,Modal usaha,1000000,6,2.86,1171600,DPK,17,1
L1KRD002028,L1NSB01258,PLT001,2023-09-16,P2P Lending,Kesehatan,1000000,3,2.61,1078300,Lancar,0,1
L1KRD002029,L1NSB01259,PLT005,2023-11-09,P2P Lending,Modal usaha,1000000,9,1.9,1171000,Lancar,0,1
L1KRD002030,L1NSB01259,PLT005,2022-07-17,P2P Lending,Konsumsi,7000000,12,2.4,9016000,Lancar,0,1
L1KRD002031,L1NSB01261,PLT001,2023-01-30,P2P Lending,Pendidikan,3000000,9,1.96,3529200,Lancar,1,1
L1KRD002032,L1NSB01261,PLT001,2024-02-27,P2P Lending,Pendidikan,7000000,6,3.35,8407000,Lancar,0,1
L1KRD002033,L1NSB01262,PLT002,2023-08-22,P2P Lending,Kesehatan,7000000,9,3.04,8915200,DPK,4,1
L1KRD002034,L1NSB01262,PLT002,2022-03-18,P2P Lending,Renovasi,10000000,1,2.21,10221000,Lancar,2,1
L1KRD002035,L1NSB01263,PLT005,2023-02-27,P2P Lending,Modal usaha,3000000,12,2.26,3813600,Lancar,3,1
L1KRD002036,L1NSB01264,PLT004,2022-09-07,Multifinance,Motor bekas,15000000,18,1.46,18942000,Lancar,3,1
L1KRD002037,L1NSB01265,PLT001,2022-01-26,P2P Lending,Pendidikan,1000000,1,1.58,1015800,Lancar,2,1
L1KRD002038,L1NSB01266,PLT001,2022-10-04,P2P Lending,Konsumsi,2000000,1,1.83,2036600,Lancar,0,1
L1KRD002039,L1NSB01268,PLT004,2023-12-02,Multifinance,Elektronik,5000000,24,1.16,6392000,Lancar,0,0
L1KRD002040,L1NSB01268,PLT004,2024-04-30,Multifinance,Mesin usaha,7000000,24,1.31,9200800,Lancar,0,0
L1KRD002041,L1NSB01269,PLT005,2023-07-15,P2P Lending,Modal usaha,3000000,1,3.14,3094200,Macet,107,0
L1KRD002042,L1NSB01272,PLT003,2022-05-04,Multifinance,Motor baru,10000000,18,1.54,12772000,Lancar,0,1
L1KRD002043,L1NSB01272,PLT003,2022-04-16,Multifinance,Motor bekas,7000000,18,1.34,8688400,DPK,21,1
L1KRD002044,L1NSB01272,PLT003,2024-04-05,Multifinance,Motor baru,20000000,24,1.41,26768000,Lancar,3,0
L1KRD002045,L1NSB01272,PLT003,2022-03-29,Multifinance,Refinancing,15000000,36,1.14,21156000,Lancar,0,0
L1KRD002046,L1NSB01273,PLT002,2022-10-16,P2P Lending,Konsumsi,3000000,12,1.56,3561600,Lancar,1,1
L1KRD002047,L1NSB01274,PLT003,2022-07-22,Multifinance,Refinancing,15000000,24,1.48,20328000,Kurang Lancar,64,0
L1KRD002048,L1NSB01274,PLT003,2022-07-14,Multifinance,Elektronik,7000000,36,1.13,9847600,Lancar,2,0
L1KRD002049,L1NSB01275,PLT003,2023-07-11,Multifinance,Mesin usaha,20000000,48,1.92,38432000,Lancar,2,0
L1KRD002050,L1NSB01276,PLT003,2023-08-06,Multifinance,Mesin usaha,10000000,36,1.7,16120000,Lancar,2,0
L1KRD002051,L1NSB01276,PLT003,2024-04-07,Multifinance,Refinancing,3000000,48,1.32,4900800,Lancar,3,0
L1KRD002052,L1NSB01278,PLT003,2022-08-12,Multifinance,Refinancing,20000000,24,1.53,27344000,Macet,357,0
L1KRD002053,L1NSB01281,PLT002,2023-10-28,P2P Lending,Renovasi,500000,12,2.07,624200,Lancar,3,1
L1KRD002054,L1NSB01281,PLT002,2022-06-10,P2P Lending,Renovasi,1000000,1,2.23,1022300,Lancar,2,1
L1KRD002055,L1NSB01281,PLT002,2022-01-22,P2P Lending,Renovasi,7000000,12,1.95,8638000,Lancar,1,1
L1KRD002056,L1NSB01281,PLT002,2023-11-12,P2P Lending,Modal usaha,5000000,3,2.38,5357000,Lancar,3,1
L1KRD002057,L1NSB01282,PLT005,2022-01-05,P2P Lending,Pendidikan,5000000,1,3.25,5162500,DPK,16,1
L1KRD002058,L1NSB01283,PLT005,2023-12-26,P2P Lending,Konsumsi,5000000,1,2.72,5136000,Kurang Lancar,55,0
L1KRD002059,L1NSB01283,PLT005,2024-01-13,P2P Lending,Renovasi,1000000,3,1.78,1053400,Lancar,1,1
L1KRD002060,L1NSB01284,PLT002,2024-01-09,P2P Lending,Pendidikan,500000,1,3.0,515000,Lancar,0,1
L1KRD002061,L1NSB01284,PLT002,2022-01-24,P2P Lending,Renovasi,10000000,3,3.24,10972000,Lancar,3,1
L1KRD002062,L1NSB01285,PLT002,2023-11-25,P2P Lending,Renovasi,7000000,1,2.74,7191800,Macet,215,0
L1KRD002063,L1NSB01286,PLT004,2022-10-13,Multifinance,Elektronik,25000000,12,1.61,29830000,Lancar,1,1
L1KRD002064,L1NSB01287,PLT004,2022-09-13,Multifinance,Mesin usaha,25000000,18,1.38,31210000,Lancar,1,1
L1KRD002065,L1NSB01287,PLT004,2023-01-21,Multifinance,Mesin usaha,25000000,18,1.59,32155000,Lancar,3,1
L1KRD002066,L1NSB01288,PLT004,2023-10-05,Multifinance,Refinancing,15000000,12,1.17,17106000,DPK,4,1
L1KRD002067,L1NSB01288,PLT004,2023-10-20,Multifinance,Mesin usaha,10000000,12,1.63,11956000,Lancar,1,1
L1KRD002068,L1NSB01289,PLT004,2022-09-09,Multifinance,Motor bekas,20000000,18,1.39,25004000,Lancar,1,1
L1KRD002069,L1NSB01290,PLT002,2022-09-21,P2P Lending,Kesehatan,2000000,6,2.84,2340800,Kurang Lancar,36,0
L1KRD002070,L1NSB01290,PLT002,2022-06-11,P2P Lending,Kesehatan,1000000,12,2.86,1343200,Lancar,1,1
L1KRD002071,L1NSB01291,PLT002,2022-03-19,P2P Lending,Renovasi,1000000,3,1.77,1053100,Lancar,0,1
L1KRD002072,L1NSB01293,PLT002,2023-02-05,P2P Lending,Kesehatan,2000000,6,3.33,2399600,Lancar,0,1
L1KRD002073,L1NSB01294,PLT005,2022-12-10,P2P Lending,Renovasi,5000000,3,3.18,5477000,Lancar,3,1
L1KRD002074,L1NSB01296,PLT004,2022-03-14,Multifinance,Refinancing,15000000,24,1.65,20940000,Lancar,3,1
L1KRD002075,L1NSB01296,PLT004,2022-09-10,Multifinance,Mesin usaha,25000000,12,1.76,30280000,Lancar,0,1
L1KRD002076,L1NSB01296,PLT004,2022-10-18,Multifinance,Mesin usaha,10000000,48,1.74,18352000,Lancar,0,0
L1KRD002077,L1NSB01296,PLT004,2022-03-08,Multifinance,Mesin usaha,5000000,12,1.67,6002000,DPK,8,1
L1KRD002078,L1NSB01298,PLT002,2022-02-09,P2P Lending,Pendidikan,3000000,12,2.59,3932400,Lancar,3,1
L1KRD002079,L1NSB01299,PLT003,2023-10-18,Multifinance,Refinancing,5000000,48,1.42,8408000,Lancar,3,0
L1KRD002080,L1NSB01299,PLT003,2022-08-02,Multifinance,Motor bekas,25000000,24,1.65,34900000,Lancar,0,1
L1KRD002081,L1NSB01299,PLT003,2023-09-21,Multifinance,Refinancing,20000000,18,1.11,23996000,Lancar,1,0
L1KRD002082,L1NSB01299,PLT003,2022-09-08,Multifinance,Motor baru,20000000,24,1.13,25424000,Lancar,3,1
L1KRD002083,L1NSB01300,PLT002,2023-01-03,P2P Lending,Konsumsi,10000000,3,2.29,10687000,Macet,94,0
L1KRD002084,L1NSB01301,PLT001,2023-10-28,P2P Lending,Modal usaha,500000,3,2.29,534350,DPK,24,1
L1KRD002085,L1NSB01302,PLT003,2022-12-07,Multifinance,Motor baru,3000000,12,1.94,3698400,Kurang Lancar,33,0
L1KRD002086,L1NSB01302,PLT003,2022-06-23,Multifinance,Motor bekas,10000000,24,1.87,14488000,Lancar,3,1
L1KRD002087,L1NSB01302,PLT003,2024-05-18,Multifinance,Elektronik,3000000,24,1.57,4130400,DPK,15,0
L1KRD002088,L1NSB01303,PLT004,2022-08-29,Multifinance,Elektronik,15000000,36,1.26,21804000,DPK,8,0
L1KRD002089,L1NSB01303,PLT004,2023-07-08,Multifinance,Refinancing,15000000,12,1.62,17916000,Lancar,3,1
L1KRD002090,L1NSB01304,PLT004,2022-04-02,Multifinance,Elektronik,15000000,48,1.3,24360000,Lancar,0,0
L1KRD002091,L1NSB01304,PLT004,2024-03-23,Multifinance,Refinancing,5000000,18,1.64,6476000,Lancar,2,0
L1KRD002092,L1NSB01304,PLT004,2023-07-26,Multifinance,Mesin usaha,25000000,48,1.3,40600000,Lancar,1,0
L1KRD002093,L1NSB01304,PLT004,2022-05-17,Multifinance,Refinancing,15000000,48,1.14,23208000,Lancar,1,0
L1KRD002094,L1NSB01306,PLT001,2024-01-03,P2P Lending,Modal usaha,500000,3,2.2,533000,Lancar,1,1
L1KRD002095,L1NSB01306,PLT001,2023-10-01,P2P Lending,Pendidikan,500000,6,1.82,554600,Lancar,0,1
L1KRD002096,L1NSB01307,PLT004,2022-08-31,Multifinance,Motor baru,7000000,36,1.5,10780000,Lancar,3,0
L1KRD002097,L1NSB01307,PLT004,2023-10-28,Multifinance,Motor baru,3000000,36,1.07,4155600,Lancar,1,0
L1KRD002098,L1NSB01307,PLT004,2023-07-01,Multifinance,Motor baru,20000000,48,1.72,36512000,Lancar,1,0
L1KRD002099,L1NSB01308,PLT004,2023-05-03,Multifinance,Motor bekas,7000000,18,1.16,8461600,DPK,20,1
L1KRD002100,L1NSB01308,PLT004,2022-11-08,Multifinance,Mesin usaha,7000000,36,1.07,9696400,Lancar,2,0
L1KRD002101,L1NSB01309,PLT003,2023-04-15,Multifinance,Motor baru,25000000,12,1.68,30040000,Lancar,0,1
L1KRD002102,L1NSB01309,PLT003,2023-10-22,Multifinance,Motor baru,20000000,24,1.65,27920000,Lancar,1,0
L1KRD002103,L1NSB01309,PLT003,2022-12-09,Multifinance,Refinancing,25000000,12,1.69,30070000,DPK,6,1
L1KRD002104,L1NSB01309,PLT003,2022-06-04,Multifinance,Mesin usaha,3000000,48,1.11,4598400,DPK,13,0
L1KRD002105,L1NSB01310,PLT002,2023-02-07,P2P Lending,Modal usaha,10000000,1,1.52,10152000,Kurang Lancar,34,0
L1KRD002106,L1NSB01310,PLT002,2023-01-25,P2P Lending,Konsumsi,5000000,6,1.64,5492000,Macet,308,0
L1KRD002107,L1NSB01310,PLT002,2022-10-22,P2P Lending,Konsumsi,500000,1,2.17,510850,Macet,159,0
L1KRD002108,L1NSB01311,PLT003,2022-06-25,Multifinance,Motor bekas,10000000,18,1.62,12916000,Kurang Lancar,85,0
L1KRD002109,L1NSB01311,PLT003,2023-03-19,Multifinance,Refinancing,25000000,24,1.81,35860000,Lancar,2,0
L1KRD002110,L1NSB01312,PLT001,2022-11-20,P2P Lending,Konsumsi,10000000,12,2.14,12568000,Lancar,2,1
L1KRD002111,L1NSB01312,PLT001,2022-07-31,P2P Lending,Renovasi,3000000,6,2.66,3478800,Lancar,2,1
L1KRD002112,L1NSB01312,PLT001,2024-03-09,P2P Lending,Kesehatan,1000000,12,2.57,1308400,Lancar,3,0
L1KRD002113,L1NSB01313,PLT002,2024-02-24,P2P Lending,Kesehatan,2000000,9,2.62,2471600,Lancar,1,1
L1KRD002114,L1NSB01313,PLT002,2022-11-14,P2P Lending,Modal usaha,7000000,9,2.31,8455300,Lancar,2,1
L1KRD002115,L1NSB01314,PLT003,2023-10-10,Multifinance,Elektronik,3000000,18,1.09,3588600,Lancar,3,0
L1KRD002116,L1NSB01315,PLT002,2022-04-17,P2P Lending,Pendidikan,1000000,9,3.13,1281700,Lancar,2,1
L1KRD002117,L1NSB01315,PLT002,2022-09-30,P2P Lending,Renovasi,3000000,3,3.08,3277200,Lancar,2,1
L1KRD002118,L1NSB01315,PLT002,2023-09-06,P2P Lending,Pendidikan,5000000,12,2.57,6542000,Lancar,0,1
L1KRD002119,L1NSB01315,PLT002,2023-08-30,P2P Lending,Renovasi,10000000,3,2.85,10855000,Lancar,1,1
L1KRD002120,L1NSB01316,PLT003,2022-03-10,Multifinance,Elektronik,7000000,24,1.49,9503200,Macet,129,0
L1KRD002121,L1NSB01316,PLT003,2023-08-13,Multifinance,Elektronik,7000000,24,1.33,9234400,Macet,110,0
L1KRD002122,L1NSB01316,PLT003,2023-09-21,Multifinance,Elektronik,25000000,36,1.45,38050000,Lancar,2,0
L1KRD002123,L1NSB01316,PLT003,2023-01-25,Multifinance,Motor bekas,7000000,12,1.33,8117200,Macet,180,0
L1KRD002124,L1NSB01318,PLT005,2023-08-25,P2P Lending,Modal usaha,7000000,9,1.88,8184400,Lancar,3,1
L1KRD002125,L1NSB01319,PLT002,2022-12-12,P2P Lending,Pendidikan,10000000,3,1.76,10528000,Lancar,3,1
L1KRD002126,L1NSB01320,PLT005,2022-09-21,P2P Lending,Kesehatan,5000000,12,1.94,6164000,Lancar,1,1
L1KRD002127,L1NSB01320,PLT005,2023-06-14,P2P Lending,Konsumsi,10000000,1,2.21,10221000,DPK,5,1
L1KRD002128,L1NSB01320,PLT005,2024-05-12,P2P Lending,Renovasi,10000000,12,2.56,13072000,DPK,24,0
L1KRD002129,L1NSB01320,PLT005,2023-10-31,P2P Lending,Pendidikan,1000000,1,3.13,1031300,Lancar,1,1
L1KRD002130,L1NSB01322,PLT004,2023-02-22,Multifinance,Mesin usaha,5000000,48,1.87,9488000,Lancar,1,0
L1KRD002131,L1NSB01322,PLT004,2024-02-14,Multifinance,Motor baru,25000000,36,1.24,36160000,Lancar,3,0
L1KRD002132,L1NSB01323,PLT005,2023-01-18,P2P Lending,Konsumsi,2000000,1,2.38,2047600,Lancar,0,1
L1KRD002133,L1NSB01323,PLT005,2022-06-05,P2P Lending,Kesehatan,500000,6,1.93,557900,Lancar,3,1
L1KRD002134,L1NSB01323,PLT005,2024-02-14,P2P Lending,Renovasi,3000000,9,2.09,3564300,Lancar,2,1
L1KRD002135,L1NSB01326,PLT001,2024-03-11,P2P Lending,Pendidikan,500000,6,1.55,546500,Lancar,0,1
L1KRD002136,L1NSB01327,PLT003,2023-08-09,Multifinance,Mesin usaha,20000000,24,1.21,25808000,DPK,5,0
L1KRD002137,L1NSB01327,PLT003,2023-07-18,Multifinance,Mesin usaha,25000000,48,1.86,47320000,Lancar,2,0
L1KRD002138,L1NSB01327,PLT003,2022-07-04,Multifinance,Refinancing,15000000,24,1.34,19824000,Lancar,1,1
L1KRD002139,L1NSB01329,PLT001,2022-03-31,P2P Lending,Renovasi,10000000,1,2.6,10260000,Kurang Lancar,48,0
L1KRD002140,L1NSB01329,PLT001,2022-08-08,P2P Lending,Pendidikan,1000000,6,2.64,1158400,Lancar,1,1
L1KRD002141,L1NSB01329,PLT001,2024-03-08,P2P Lending,Kesehatan,5000000,3,2.21,5331500,DPK,12,1
L1KRD002142,L1NSB01330,PLT002,2023-02-24,P2P Lending,Kesehatan,3000000,12,1.69,3608400,Lancar,1,1
L1KRD002143,L1NSB01330,PLT002,2023-12-23,P2P Lending,Pendidikan,7000000,1,2.72,7190400,DPK,25,1
L1KRD002144,L1NSB01331,PLT002,2023-06-18,P2P Lending,Konsumsi,7000000,3,3.28,7688800,Lancar,1,1
L1KRD002145,L1NSB01332,PLT002,2022-06-19,P2P Lending,Pendidikan,1000000,9,1.52,1136800,Kurang Lancar,60,0
L1KRD002146,L1NSB01332,PLT002,2022-08-30,P2P Lending,Renovasi,500000,12,3.13,687800,Lancar,2,1
L1KRD002147,L1NSB01332,PLT002,2022-02-09,P2P Lending,Kesehatan,7000000,3,1.92,7403200,Lancar,0,1
L1KRD002148,L1NSB01333,PLT002,2024-03-14,P2P Lending,Renovasi,1000000,9,2.84,1255600,Lancar,0,0
L1KRD002149,L1NSB01333,PLT002,2023-01-20,P2P Lending,Kesehatan,500000,3,1.65,524750,DPK,27,1
L1KRD002150,L1NSB01333,PLT002,2023-07-04,P2P Lending,Renovasi,7000000,9,2.85,8795500,Lancar,2,1
L1KRD002151,L1NSB01334,PLT003,2022-06-02,Multifinance,Elektronik,20000000,36,1.92,33824000,Lancar,0,0
L1KRD002152,L1NSB01334,PLT003,2022-02-26,Multifinance,Motor bekas,25000000,18,1.01,29545000,Lancar,1,1
L1KRD002153,L1NSB01334,PLT003,2023-08-07,Multifinance,Refinancing,10000000,12,1.16,11392000,Lancar,0,1
L1KRD002154,L1NSB01335,PLT002,2022-11-29,P2P Lending,Renovasi,7000000,12,2.45,9058000,Lancar,0,1
L1KRD002155,L1NSB01335,PLT002,2022-05-30,P2P Lending,Modal usaha,3000000,3,2.54,3228600,Lancar,2,1
L1KRD002156,L1NSB01336,PLT002,2022-07-06,P2P Lending,Konsumsi,7000000,6,3.17,8331400,DPK,11,1
L1KRD002157,L1NSB01337,PLT005,2023-03-09,P2P Lending,Konsumsi,5000000,1,3.01,5150500,Lancar,2,1
L1KRD002158,L1NSB01338,PLT001,2023-04-29,P2P Lending,Renovasi,1000000,12,2.37,1284400,Lancar,1,1
L1KRD002159,L1NSB01339,PLT004,2023-02-27,Multifinance,Elektronik,10000000,12,1.54,11848000,Lancar,3,1
L1KRD002160,L1NSB01339,PLT004,2022-11-01,Multifinance,Mesin usaha,5000000,12,1.66,5996000,DPK,18,1
L1KRD002161,L1NSB01340,PLT003,2022-01-14,Multifinance,Elektronik,3000000,48,1.72,5476800,Lancar,3,0
L1KRD002162,L1NSB01340,PLT003,2022-07-15,Multifinance,Mesin usaha,7000000,48,1.38,11636800,Macet,118,0
L1KRD002163,L1NSB01341,PLT004,2022-09-15,Multifinance,Motor bekas,20000000,36,1.38,29936000,Kurang Lancar,42,0
L1KRD002164,L1NSB01341,PLT004,2023-12-04,Multifinance,Motor baru,7000000,36,1.12,9822400,Lancar,0,0
L1KRD002165,L1NSB01342,PLT003,2022-09-03,Multifinance,Elektronik,10000000,12,1.06,11272000,DPK,24,1
L1KRD002166,L1NSB01342,PLT003,2023-01-24,Multifinance,Motor baru,3000000,48,1.4,5016000,Kurang Lancar,60,0
L1KRD002167,L1NSB01344,PLT001,2023-08-15,P2P Lending,Renovasi,3000000,6,3.05,3549000,Lancar,0,1
L1KRD002168,L1NSB01344,PLT001,2023-02-27,P2P Lending,Konsumsi,3000000,9,2.39,3645300,DPK,20,1
L1KRD002169,L1NSB01346,PLT002,2023-02-13,P2P Lending,Konsumsi,1000000,9,2.5,1225000,Lancar,3,1
L1KRD002170,L1NSB01346,PLT002,2023-03-24,P2P Lending,Modal usaha,500000,12,3.21,692600,Macet,313,0
L1KRD002171,L1NSB01347,PLT002,2022-06-16,P2P Lending,Kesehatan,3000000,3,2.6,3234000,Lancar,2,1
L1KRD002172,L1NSB01348,PLT002,2023-01-25,P2P Lending,Renovasi,1000000,3,2.52,1075600,Lancar,3,1
L1KRD002173,L1NSB01348,PLT002,2023-02-21,P2P Lending,Pendidikan,500000,12,2.35,641000,Lancar,3,1
L1KRD002174,L1NSB01348,PLT002,2023-06-16,P2P Lending,Modal usaha,500000,6,3.34,600200,Lancar,0,1
L1KRD002175,L1NSB01349,PLT001,2022-07-24,P2P Lending,Modal usaha,10000000,3,1.79,10537000,Kurang Lancar,59,0
L1KRD002176,L1NSB01351,PLT005,2022-03-16,P2P Lending,Modal usaha,1000000,6,2.47,1148200,Kurang Lancar,89,0
L1KRD002177,L1NSB01351,PLT005,2023-07-06,P2P Lending,Konsumsi,7000000,9,2.27,8430100,Lancar,3,1
L1KRD002178,L1NSB01351,PLT005,2024-04-16,P2P Lending,Renovasi,3000000,9,3.49,3942300,DPK,19,0
L1KRD002179,L1NSB01351,PLT005,2022-11-01,P2P Lending,Pendidikan,1000000,12,1.97,1236400,Lancar,0,1
L1KRD002180,L1NSB01353,PLT003,2022-07-16,Multifinance,Motor baru,5000000,36,1.76,8168000,Kurang Lancar,84,0
L1KRD002181,L1NSB01353,PLT003,2022-04-25,Multifinance,Refinancing,7000000,12,1.08,7907200,Lancar,1,1
L1KRD002182,L1NSB01353,PLT003,2022-06-13,Multifinance,Refinancing,20000000,18,1.3,24680000,Lancar,1,1
L1KRD002183,L1NSB01353,PLT003,2022-07-19,Multifinance,Mesin usaha,10000000,24,1.34,13216000,Lancar,3,1
L1KRD002184,L1NSB01354,PLT001,2022-11-07,P2P Lending,Renovasi,500000,12,1.67,600200,Lancar,2,1
L1KRD002185,L1NSB01354,PLT001,2023-05-16,P2P Lending,Pendidikan,3000000,6,2.69,3484200,Lancar,1,1
L1KRD002186,L1NSB01356,PLT002,2022-09-19,P2P Lending,Kesehatan,7000000,9,2.43,8530900,Lancar,3,1
L1KRD002187,L1NSB01356,PLT002,2022-05-03,P2P Lending,Konsumsi,7000000,1,2.7,7189000,Lancar,3,1
L1KRD002188,L1NSB01357,PLT005,2023-03-03,P2P Lending,Modal usaha,2000000,1,2.56,2051200,Lancar,1,1
L1KRD002189,L1NSB01357,PLT005,2023-02-09,P2P Lending,Konsumsi,500000,3,2.15,532250,Lancar,0,1
L1KRD002190,L1NSB01357,PLT005,2022-12-04,P2P Lending,Konsumsi,1000000,12,2.02,1242400,Lancar,3,1
L1KRD002191,L1NSB01358,PLT003,2023-03-25,Multifinance,Refinancing,7000000,18,1.79,9255400,Lancar,1,1
L1KRD002192,L1NSB01358,PLT003,2022-10-17,Multifinance,Refinancing,15000000,18,2.0,20400000,Lancar,3,1
L1KRD002193,L1NSB01359,PLT004,2023-08-10,Multifinance,Mesin usaha,20000000,48,1.38,33248000,Macet,304,0
L1KRD002194,L1NSB01361,PLT001,2022-03-29,P2P Lending,Pendidikan,3000000,6,2.17,3390600,Lancar,0,1
L1KRD002195,L1NSB01361,PLT001,2022-09-01,P2P Lending,Modal usaha,2000000,6,2.24,2268800,DPK,25,1
L1KRD002196,L1NSB01361,PLT001,2023-03-02,P2P Lending,Pendidikan,3000000,1,2.21,3066300,Lancar,1,1
L1KRD002197,L1NSB01362,PLT002,2022-01-19,P2P Lending,Renovasi,500000,12,3.09,685400,Lancar,0,1
L1KRD002198,L1NSB01362,PLT002,2024-01-08,P2P Lending,Pendidikan,5000000,12,3.29,6974000,Lancar,1,0
L1KRD002199,L1NSB01362,PLT002,2022-01-14,P2P Lending,Pendidikan,5000000,12,2.95,6770000,Lancar,3,1
L1KRD002200,L1NSB01362,PLT002,2023-08-14,P2P Lending,Modal usaha,500000,9,1.9,585500,Lancar,0,1
L1KRD002201,L1NSB01363,PLT002,2022-02-12,P2P Lending,Renovasi,500000,6,3.15,594500,Lancar,1,1
L1KRD002202,L1NSB01365,PLT005,2023-06-05,P2P Lending,Modal usaha,3000000,1,2.47,3074100,Kurang Lancar,73,0
L1KRD002203,L1NSB01366,PLT005,2023-11-08,P2P Lending,Modal usaha,2000000,1,2.81,2056200,DPK,20,1
L1KRD002204,L1NSB01366,PLT005,2022-02-28,P2P Lending,Kesehatan,7000000,6,3.36,8411200,Lancar,2,1
L1KRD002205,L1NSB01366,PLT005,2022-12-30,P2P Lending,Renovasi,2000000,6,3.26,2391200,Lancar,2,1
L1KRD002206,L1NSB01366,PLT005,2022-06-28,P2P Lending,Konsumsi,7000000,1,3.35,7234500,Lancar,0,1
L1KRD002207,L1NSB01367,PLT005,2022-07-27,P2P Lending,Modal usaha,1000000,1,1.94,1019400,Lancar,1,1
L1KRD002208,L1NSB01367,PLT005,2024-01-22,P2P Lending,Pendidikan,5000000,1,3.28,5164000,Macet,208,0
L1KRD002209,L1NSB01369,PLT003,2023-06-10,Multifinance,Mesin usaha,3000000,12,1.84,3662400,Kurang Lancar,77,0
L1KRD002210,L1NSB01369,PLT003,2023-03-06,Multifinance,Elektronik,25000000,36,1.48,38320000,Lancar,1,0
L1KRD002211,L1NSB01370,PLT004,2022-12-26,Multifinance,Motor bekas,20000000,36,1.51,30872000,Lancar,0,0
L1KRD002212,L1NSB01370,PLT004,2024-02-18,Multifinance,Mesin usaha,20000000,12,1.2,22880000,DPK,16,0
L1KRD002213,L1NSB01371,PLT004,2022-12-01,Multifinance,Motor baru,3000000,36,1.02,4101600,Lancar,2,0
L1KRD002214,L1NSB01371,PLT004,2023-02-09,Multifinance,Elektronik,5000000,36,1.56,7808000,Macet,321,0
L1KRD002215,L1NSB01372,PLT004,2022-08-29,Multifinance,Motor bekas,10000000,18,1.35,12430000,Lancar,2,1
L1KRD002216,L1NSB01372,PLT004,2024-04-06,Multifinance,Motor bekas,10000000,12,1.17,11404000,Lancar,1,0
L1KRD002217,L1NSB01373,PLT004,2023-04-07,Multifinance,Motor bekas,5000000,48,1.46,8504000,Lancar,2,0
L1KRD002218,L1NSB01373,PLT004,2023-08-25,Multifinance,Motor baru,20000000,36,1.33,29576000,Lancar,1,0
L1KRD002219,L1NSB01373,PLT004,2022-01-12,Multifinance,Mesin usaha,15000000,48,1.41,25152000,Lancar,2,0
L1KRD002220,L1NSB01373,PLT004,2024-01-29,Multifinance,Refinancing,7000000,48,1.97,13619200,Lancar,3,0
L1KRD002221,L1NSB01374,PLT005,2023-08-31,P2P Lending,Renovasi,1000000,12,2.08,1249600,Lancar,0,1
L1KRD002222,L1NSB01375,PLT002,2022-08-11,P2P Lending,Renovasi,1000000,1,3.04,1030400,DPK,24,1
L1KRD002223,L1NSB01375,PLT002,2024-01-20,P2P Lending,Modal usaha,1000000,12,2.16,1259200,Lancar,1,0
L1KRD002224,L1NSB01376,PLT002,2023-05-31,P2P Lending,Modal usaha,3000000,3,1.55,3139500,DPK,8,1
L1KRD002225,L1NSB01376,PLT002,2024-05-08,P2P Lending,Pendidikan,7000000,3,2.15,7451500,Lancar,0,1
L1KRD002226,L1NSB01377,PLT005,2022-06-15,P2P Lending,Kesehatan,1000000,1,2.03,1020300,Lancar,2,1
L1KRD002227,L1NSB01379,PLT003,2022-12-27,Multifinance,Mesin usaha,15000000,36,1.13,21102000,Lancar,0,0
L1KRD002228,L1NSB01380,PLT002,2022-08-23,P2P Lending,Pendidikan,10000000,3,2.15,10645000,Lancar,3,1
L1KRD002229,L1NSB01381,PLT002,2022-04-01,P2P Lending,Renovasi,1000000,12,1.69,1202800,Kurang Lancar,54,0
L1KRD002230,L1NSB01381,PLT002,2023-09-23,P2P Lending,Renovasi,2000000,1,3.09,2061800,Lancar,2,1
L1KRD002231,L1NSB01382,PLT002,2023-07-29,P2P Lending,Kesehatan,3000000,12,2.12,3763200,Lancar,1,1
L1KRD002232,L1NSB01382,PLT002,2022-04-16,P2P Lending,Renovasi,5000000,12,2.01,6206000,Lancar,2,1
L1KRD002233,L1NSB01383,PLT003,2023-06-30,Multifinance,Motor bekas,25000000,48,1.37,41440000,Lancar,1,0
L1KRD002234,L1NSB01383,PLT003,2022-06-02,Multifinance,Motor baru,3000000,18,1.76,3950400,DPK,16,1
L1KRD002235,L1NSB01384,PLT005,2024-05-31,P2P Lending,Pendidikan,2000000,6,2.63,2315600,Lancar,3,1
L1KRD002236,L1NSB01384,PLT005,2024-05-05,P2P Lending,Modal usaha,1000000,1,2.54,1025400,Lancar,2,1
L1KRD002237,L1NSB01385,PLT005,2024-03-19,P2P Lending,Modal usaha,1000000,6,2.74,1164400,Lancar,0,1
L1KRD002238,L1NSB01386,PLT001,2023-07-20,P2P Lending,Pendidikan,500000,3,2.19,532850,Lancar,3,1
L1KRD002239,L1NSB01386,PLT001,2023-12-03,P2P Lending,Pendidikan,2000000,9,3.04,2547200,Lancar,3,1
L1KRD002240,L1NSB01386,PLT001,2023-11-04,P2P Lending,Renovasi,3000000,3,3.14,3282600,Lancar,2,1
L1KRD002241,L1NSB01387,PLT001,2023-12-07,P2P Lending,Kesehatan,5000000,6,2.41,5723000,Lancar,3,1
L1KRD002242,L1NSB01388,PLT005,2022-09-29,P2P Lending,Renovasi,2000000,9,1.7,2306000,Lancar,3,1
L1KRD002243,L1NSB01388,PLT005,2022-10-21,P2P Lending,Modal usaha,2000000,9,2.97,2534600,Lancar,3,1
L1KRD002244,L1NSB01389,PLT003,2023-01-30,Multifinance,Mesin usaha,3000000,18,1.64,3885600,Kurang Lancar,77,0
L1KRD002245,L1NSB01389,PLT003,2024-02-14,Multifinance,Elektronik,3000000,12,1.03,3370800,Lancar,1,0
L1KRD002246,L1NSB01390,PLT002,2023-11-21,P2P Lending,Kesehatan,10000000,12,2.29,12748000,DPK,5,1
L1KRD002247,L1NSB01390,PLT002,2024-05-14,P2P Lending,Kesehatan,500000,6,2.55,576500,Lancar,2,1
L1KRD002248,L1NSB01390,PLT002,2022-09-26,P2P Lending,Renovasi,500000,1,1.86,509300,Macet,133,0
L1KRD002249,L1NSB01390,PLT002,2022-09-13,P2P Lending,Modal usaha,10000000,12,1.86,12232000,Lancar,1,1
L1KRD002250,L1NSB01391,PLT004,2023-12-06,Multifinance,Mesin usaha,3000000,48,1.41,5030400,Lancar,1,0
L1KRD002251,L1NSB01391,PLT004,2023-05-10,Multifinance,Mesin usaha,7000000,36,1.72,11334400,Lancar,2,0
L1KRD002252,L1NSB01391,PLT004,2022-08-18,Multifinance,Refinancing,10000000,48,1.47,17056000,Lancar,3,0
L1KRD002253,L1NSB01392,PLT004,2023-09-28,Multifinance,Refinancing,10000000,18,1.28,12304000,Kurang Lancar,90,0
L1KRD002254,L1NSB01392,PLT004,2022-07-23,Multifinance,Mesin usaha,5000000,36,1.63,7934000,Lancar,3,0
L1KRD002255,L1NSB01393,PLT005,2023-03-30,P2P Lending,Pendidikan,7000000,3,1.83,7384300,DPK,11,1
L1KRD002256,L1NSB01393,PLT005,2022-12-11,P2P Lending,Konsumsi,7000000,12,1.94,8629600,Lancar,3,1
L1KRD002257,L1NSB01394,PLT005,2023-07-06,P2P Lending,Kesehatan,1000000,1,2.46,1024600,Macet,300,0
L1KRD002258,L1NSB01394,PLT005,2022-07-05,P2P Lending,Renovasi,7000000,6,1.68,7705600,Kurang Lancar,52,0
L1KRD002259,L1NSB01394,PLT005,2024-01-13,P2P Lending,Modal usaha,1000000,3,2.85,1085500,Lancar,0,1
L1KRD002260,L1NSB01394,PLT005,2024-04-11,P2P Lending,Konsumsi,2000000,12,1.8,2432000,Macet,151,0
L1KRD002261,L1NSB01395,PLT004,2022-11-10,Multifinance,Elektronik,5000000,48,1.93,9632000,Lancar,3,0
L1KRD002262,L1NSB01396,PLT003,2022-12-24,Multifinance,Motor baru,3000000,12,1.19,3428400,Lancar,2,1
L1KRD002263,L1NSB01396,PLT003,2024-01-06,Multifinance,Elektronik,15000000,18,1.28,18456000,Lancar,1,0
L1KRD002264,L1NSB01396,PLT003,2023-03-30,Multifinance,Mesin usaha,3000000,36,1.01,4090800,Lancar,0,0
L1KRD002265,L1NSB01396,PLT003,2023-02-10,Multifinance,Refinancing,7000000,18,1.23,8549800,Lancar,0,1
L1KRD002266,L1NSB01397,PLT001,2022-07-06,P2P Lending,Pendidikan,1000000,6,1.64,1098400,Kurang Lancar,76,0
L1KRD002267,L1NSB01398,PLT005,2024-02-05,P2P Lending,Modal usaha,500000,1,2.42,512100,Lancar,2,1
L1KRD002268,L1NSB01398,PLT005,2022-01-14,P2P Lending,Pendidikan,5000000,1,1.69,5084500,DPK,9,1
L1KRD002269,L1NSB01399,PLT002,2023-07-05,P2P Lending,Modal usaha,2000000,1,1.81,2036200,Lancar,2,1
L1KRD002270,L1NSB01399,PLT002,2022-06-24,P2P Lending,Kesehatan,500000,1,3.01,515050,DPK,7,1
L1KRD002271,L1NSB01400,PLT002,2024-01-09,P2P Lending,Pendidikan,1000000,6,3.29,1197400,Lancar,0,1
L1KRD002272,L1NSB01400,PLT002,2023-03-09,P2P Lending,Konsumsi,5000000,12,3.41,7046000,Macet,264,0
L1KRD002273,L1NSB01400,PLT002,2023-10-25,P2P Lending,Pendidikan,500000,6,3.02,590600,Lancar,0,1
L1KRD002274,L1NSB01401,PLT005,2022-06-13,P2P Lending,Pendidikan,5000000,6,1.96,5588000,DPK,21,1
L1KRD002275,L1NSB01401,PLT005,2023-06-26,P2P Lending,Modal usaha,3000000,1,3.12,3093600,DPK,26,1
L1KRD002276,L1NSB01401,PLT005,2022-12-26,P2P Lending,Modal usaha,10000000,6,1.88,11128000,Lancar,0,1
L1KRD002277,L1NSB01401,PLT005,2023-12-05,P2P Lending,Konsumsi,3000000,1,2.37,3071100,Lancar,3,1
L1KRD002278,L1NSB01402,PLT002,2023-08-08,P2P Lending,Konsumsi,7000000,12,3.18,9671200,DPK,23,1
L1KRD002279,L1NSB01402,PLT002,2022-01-19,P2P Lending,Renovasi,1000000,1,2.96,1029600,DPK,16,1
L1KRD002280,L1NSB01402,PLT002,2022-12-09,P2P Lending,Pendidikan,7000000,1,1.82,7127400,Lancar,0,1
L1KRD002281,L1NSB01403,PLT005,2022-01-07,P2P Lending,Konsumsi,5000000,3,3.02,5453000,Lancar,3,1
L1KRD002282,L1NSB01404,PLT002,2022-01-13,P2P Lending,Pendidikan,3000000,12,2.98,4072800,Lancar,2,1
L1KRD002283,L1NSB01405,PLT005,2023-05-16,P2P Lending,Kesehatan,2000000,1,3.13,2062600,DPK,7,1
L1KRD002284,L1NSB01406,PLT004,2022-10-25,Multifinance,Refinancing,3000000,18,1.98,4069200,Kurang Lancar,65,0
L1KRD002285,L1NSB01407,PLT003,2024-03-05,Multifinance,Mesin usaha,20000000,24,1.34,26432000,Lancar,1,0
L1KRD002286,L1NSB01407,PLT003,2024-05-18,Multifinance,Refinancing,10000000,12,1.5,11800000,Lancar,0,0
L1KRD002287,L1NSB01408,PLT002,2022-03-30,P2P Lending,Modal usaha,500000,1,2.29,511450,Lancar,2,1
L1KRD002288,L1NSB01408,PLT002,2022-05-08,P2P Lending,Kesehatan,2000000,1,2.84,2056800,Lancar,3,1
L1KRD002289,L1NSB01409,PLT001,2023-05-08,P2P Lending,Renovasi,10000000,3,3.49,11047000,Lancar,0,1
L1KRD002290,L1NSB01409,PLT001,2022-02-24,P2P Lending,Konsumsi,500000,12,1.72,603200,Lancar,1,1
L1KRD002291,L1NSB01410,PLT005,2022-01-24,P2P Lending,Konsumsi,5000000,12,3.18,6908000,Lancar,1,1
L1KRD002292,L1NSB01410,PLT005,2023-11-19,P2P Lending,Kesehatan,3000000,6,3.31,3595800,Lancar,3,1
L1KRD002293,L1NSB01411,PLT005,2022-02-06,P2P Lending,Renovasi,1000000,3,2.54,1076200,Kurang Lancar,85,0
L1KRD002294,L1NSB01411,PLT005,2023-07-20,P2P Lending,Konsumsi,7000000,3,1.87,7392700,Lancar,2,1
L1KRD002295,L1NSB01412,PLT004,2023-04-22,Multifinance,Motor bekas,20000000,12,1.33,23192000,DPK,4,1
L1KRD002296,L1NSB01412,PLT004,2023-07-11,Multifinance,Motor baru,25000000,48,1.44,42280000,Lancar,3,0
L1KRD002297,L1NSB01412,PLT004,2023-05-24,Multifinance,Mesin usaha,10000000,36,1.94,16984000,Lancar,3,0
L1KRD002298,L1NSB01412,PLT004,2023-06-09,Multifinance,Refinancing,20000000,24,1.82,28736000,Lancar,3,0
L1KRD002299,L1NSB01413,PLT005,2023-03-12,P2P Lending,Pendidikan,1000000,3,2.73,1081900,Lancar,3,1
L1KRD002300,L1NSB01414,PLT002,2024-03-02,P2P Lending,Modal usaha,5000000,3,2.3,5345000,Lancar,0,1
L1KRD002301,L1NSB01414,PLT002,2023-01-02,P2P Lending,Modal usaha,500000,1,1.94,509700,DPK,24,1
L1KRD002302,L1NSB01415,PLT004,2023-07-26,Multifinance,Motor bekas,15000000,12,1.09,16962000,Lancar,0,1
L1KRD002303,L1NSB01416,PLT003,2022-08-04,Multifinance,Refinancing,7000000,18,1.3,8638000,Lancar,2,1
L1KRD002304,L1NSB01416,PLT003,2022-12-03,Multifinance,Motor baru,10000000,12,1.28,11536000,Macet,202,0
L1KRD002305,L1NSB01417,PLT001,2024-03-29,P2P Lending,Kesehatan,3000000,9,1.56,3421200,DPK,9,0
L1KRD002306,L1NSB01417,PLT001,2023-05-05,P2P Lending,Modal usaha,7000000,12,2.52,9116800,Macet,209,0
L1KRD002307,L1NSB01417,PLT001,2023-10-23,P2P Lending,Pendidikan,10000000,6,1.8,11080000,DPK,28,1
L1KRD002308,L1NSB01419,PLT005,2022-07-08,P2P Lending,Modal usaha,2000000,12,3.37,2808800,Lancar,0,1
L1KRD002309,L1NSB01419,PLT005,2023-08-11,P2P Lending,Kesehatan,10000000,6,2.95,11770000,Lancar,0,1
L1KRD002310,L1NSB01420,PLT004,2022-08-30,Multifinance,Elektronik,20000000,18,1.28,24608000,Kurang Lancar,76,0
L1KRD002311,L1NSB01420,PLT004,2024-04-26,Multifinance,Elektronik,5000000,24,1.65,6980000,Lancar,0,0
L1KRD002312,L1NSB01421,PLT003,2022-12-08,Multifinance,Motor bekas,5000000,48,1.76,9224000,DPK,7,0
L1KRD002313,L1NSB01421,PLT003,2022-06-07,Multifinance,Elektronik,15000000,36,1.55,23370000,Lancar,0,0
L1KRD002314,L1NSB01422,PLT001,2023-09-03,P2P Lending,Konsumsi,500000,1,1.9,509500,DPK,4,1
L1KRD002315,L1NSB01423,PLT001,2024-05-25,P2P Lending,Renovasi,500000,6,2.52,575600,Lancar,1,1
L1KRD002316,L1NSB01424,PLT005,2023-09-22,P2P Lending,Konsumsi,2000000,12,2.54,2609600,Kurang Lancar,44,0
L1KRD002317,L1NSB01424,PLT005,2023-09-13,P2P Lending,Pendidikan,3000000,6,1.84,3331200,Lancar,2,1
L1KRD002318,L1NSB01424,PLT005,2023-11-11,P2P Lending,Konsumsi,3000000,3,3.02,3271800,DPK,12,1
L1KRD002319,L1NSB01425,PLT002,2022-11-21,P2P Lending,Kesehatan,1000000,12,3.14,1376800,DPK,23,1
L1KRD002320,L1NSB01425,PLT002,2023-04-22,P2P Lending,Renovasi,1000000,1,2.44,1024400,Lancar,3,1
L1KRD002321,L1NSB01425,PLT002,2023-09-07,P2P Lending,Pendidikan,10000000,3,2.45,10735000,Lancar,0,1
L1KRD002322,L1NSB01426,PLT003,2023-05-10,Multifinance,Refinancing,5000000,36,1.28,7304000,DPK,7,0
L1KRD002323,L1NSB01427,PLT002,2023-05-22,P2P Lending,Konsumsi,5000000,12,3.2,6920000,Lancar,0,1
L1KRD002324,L1NSB01428,PLT004,2023-08-06,Multifinance,Motor bekas,3000000,12,1.85,3666000,Lancar,2,1
L1KRD002325,L1NSB01430,PLT003,2022-07-23,Multifinance,Motor bekas,3000000,18,1.02,3550800,Kurang Lancar,59,0
L1KRD002326,L1NSB01430,PLT003,2023-10-07,Multifinance,Elektronik,7000000,24,1.04,8747200,Lancar,1,0
L1KRD002327,L1NSB01430,PLT003,2024-03-07,Multifinance,Motor baru,25000000,12,1.8,30400000,Lancar,3,0
L1KRD002328,L1NSB01431,PLT003,2024-04-19,Multifinance,Refinancing,20000000,36,1.93,33896000,Kurang Lancar,62,0
L1KRD002329,L1NSB01431,PLT003,2023-09-28,Multifinance,Elektronik,15000000,36,1.35,22290000,Lancar,1,0
L1KRD002330,L1NSB01432,PLT001,2022-10-23,P2P Lending,Modal usaha,3000000,6,2.02,3363600,Lancar,1,1
L1KRD002331,L1NSB01432,PLT001,2022-01-23,P2P Lending,Modal usaha,10000000,9,3.37,13033000,Lancar,2,1
L1KRD002332,L1NSB01432,PLT001,2023-03-25,P2P Lending,Pendidikan,3000000,12,3.35,4206000,Lancar,0,1
L1KRD002333,L1NSB01434,PLT001,2022-07-07,P2P Lending,Modal usaha,1000000,6,3.13,1187800,Lancar,3,1
L1KRD002334,L1NSB01434,PLT001,2023-09-18,P2P Lending,Kesehatan,500000,9,2.87,629150,Lancar,0,1
L1KRD002335,L1NSB01434,PLT001,2022-07-23,P2P Lending,Renovasi,10000000,12,3.07,13684000,Lancar,0,1
L1KRD002336,L1NSB01434,PLT001,2023-05-12,P2P Lending,Modal usaha,500000,9,3.45,655250,Lancar,0,1
L1KRD002337,L1NSB01435,PLT003,2022-11-25,Multifinance,Refinancing,5000000,36,1.21,7178000,Lancar,0,0
L1KRD002338,L1NSB01435,PLT003,2024-01-20,Multifinance,Motor bekas,25000000,24,1.59,34540000,Lancar,0,0
L1KRD002339,L1NSB01436,PLT004,2022-01-09,Multifinance,Elektronik,3000000,36,1.95,5106000,Lancar,2,0
L1KRD002340,L1NSB01437,PLT003,2023-02-26,Multifinance,Motor bekas,3000000,18,1.49,3804600,Lancar,2,1
L1KRD002341,L1NSB01437,PLT003,2022-11-27,Multifinance,Motor baru,5000000,12,1.32,5792000,DPK,24,1
L1KRD002342,L1NSB01438,PLT001,2022-09-07,P2P Lending,Modal usaha,5000000,1,3.21,5160500,Lancar,3,1
L1KRD002343,L1NSB01439,PLT005,2023-07-07,P2P Lending,Kesehatan,500000,9,1.77,579650,Lancar,1,1
L1KRD002344,L1NSB01439,PLT005,2023-09-21,P2P Lending,Pendidikan,2000000,12,3.38,2811200,Lancar,1,1
L1KRD002345,L1NSB01441,PLT005,2023-12-31,P2P Lending,Pendidikan,1000000,1,1.8,1018000,DPK,29,1
L1KRD002346,L1NSB01441,PLT005,2022-11-25,P2P Lending,Renovasi,1000000,12,2.07,1248400,Lancar,1,1
L1KRD002347,L1NSB01441,PLT005,2023-06-11,P2P Lending,Renovasi,2000000,9,3.36,2604800,DPK,8,1
L1KRD002348,L1NSB01441,PLT005,2022-03-29,P2P Lending,Modal usaha,500000,3,2.6,539000,Lancar,3,1
L1KRD002349,L1NSB01442,PLT003,2022-02-14,Multifinance,Elektronik,20000000,18,1.37,24932000,Lancar,0,1
L1KRD002350,L1NSB01442,PLT003,2024-04-20,Multifinance,Mesin usaha,5000000,48,1.3,8120000,Lancar,3,0
L1KRD002351,L1NSB01442,PLT003,2023-05-02,Multifinance,Mesin usaha,3000000,18,1.29,3696600,Lancar,2,1
L1KRD002352,L1NSB01443,PLT001,2022-09-20,P2P Lending,Modal usaha,1000000,1,2.3,1023000,Lancar,2,1
L1KRD002353,L1NSB01444,PLT003,2024-03-15,Multifinance,Refinancing,25000000,24,1.11,31660000,DPK,14,0
L1KRD002354,L1NSB01444,PLT003,2023-03-22,Multifinance,Mesin usaha,7000000,24,1.72,9889600,Lancar,1,0
L1KRD002355,L1NSB01444,PLT003,2022-02-27,Multifinance,Mesin usaha,20000000,48,1.5,34400000,DPK,6,0
L1KRD002356,L1NSB01445,PLT002,2024-05-22,P2P Lending,Pendidikan,3000000,1,3.19,3095700,Lancar,0,1
L1KRD002357,L1NSB01445,PLT002,2023-07-18,P2P Lending,Renovasi,500000,3,3.25,548750,Lancar,2,1
L1KRD002358,L1NSB01445,PLT002,2023-04-18,P2P Lending,Pendidikan,10000000,6,1.87,11122000,Lancar,1,1
L1KRD002359,L1NSB01446,PLT001,2024-03-10,P2P Lending,Konsumsi,2000000,1,2.4,2048000,Lancar,0,1
L1KRD002360,L1NSB01447,PLT004,2023-09-30,Multifinance,Elektronik,15000000,48,1.47,25584000,Kurang Lancar,39,0
L1KRD002361,L1NSB01447,PLT004,2024-01-05,Multifinance,Elektronik,15000000,12,1.5,17700000,Lancar,0,0
L1KRD002362,L1NSB01448,PLT003,2024-03-10,Multifinance,Motor baru,10000000,18,1.8,13240000,Lancar,2,0
L1KRD002363,L1NSB01448,PLT003,2022-07-01,Multifinance,Motor baru,5000000,18,1.76,6584000,DPK,24,1
L1KRD002364,L1NSB01448,PLT003,2022-09-28,Multifinance,Motor bekas,25000000,12,1.49,29470000,DPK,11,1
L1KRD002365,L1NSB01448,PLT003,2022-07-16,Multifinance,Refinancing,3000000,36,1.07,4155600,Lancar,3,0
L1KRD002366,L1NSB01449,PLT004,2022-12-05,Multifinance,Motor bekas,3000000,24,1.6,4152000,Lancar,1,1
L1KRD002367,L1NSB01450,PLT001,2024-01-28,P2P Lending,Renovasi,500000,6,2.9,587000,Lancar,0,1
L1KRD002368,L1NSB01450,PLT001,2022-04-01,P2P Lending,Pendidikan,500000,6,3.18,595400,Lancar,3,1
L1KRD002369,L1NSB01450,PLT001,2023-05-30,P2P Lending,Renovasi,10000000,9,2.22,11998000,Lancar,0,1
L1KRD002370,L1NSB01451,PLT004,2023-05-31,Multifinance,Motor bekas,3000000,18,1.03,3556200,Lancar,2,1
L1KRD002371,L1NSB01451,PLT004,2023-11-22,Multifinance,Elektronik,7000000,12,1.73,8453200,DPK,15,1
L1KRD002372,L1NSB01451,PLT004,2024-05-08,Multifinance,Motor bekas,25000000,36,1.62,39580000,Macet,127,0
L1KRD002373,L1NSB01452,PLT003,2023-07-15,Multifinance,Motor baru,3000000,18,1.51,3815400,Lancar,0,0
L1KRD002374,L1NSB01452,PLT003,2023-04-25,Multifinance,Refinancing,10000000,12,1.08,11296000,Lancar,3,1
L1KRD002375,L1NSB01453,PLT002,2022-12-11,P2P Lending,Kesehatan,3000000,9,2.54,3685800,Lancar,3,1
L1KRD002376,L1NSB01455,PLT002,2024-01-02,P2P Lending,Konsumsi,7000000,6,3.49,8465800,Lancar,2,1
L1KRD002377,L1NSB01456,PLT003,2022-08-08,Multifinance,Elektronik,25000000,36,1.89,42010000,Macet,129,0
L1KRD002378,L1NSB01457,PLT005,2023-07-06,P2P Lending,Modal usaha,10000000,1,2.51,10251000,DPK,23,1
L1KRD002379,L1NSB01458,PLT002,2022-10-07,P2P Lending,Renovasi,7000000,6,2.13,7894600,Lancar,3,1
L1KRD002380,L1NSB01460,PLT004,2022-11-08,Multifinance,Motor baru,25000000,48,1.08,37960000,Lancar,3,0
L1KRD002381,L1NSB01460,PLT004,2023-05-26,Multifinance,Elektronik,7000000,12,1.97,8654800,Lancar,2,1
L1KRD002382,L1NSB01464,PLT001,2022-06-30,P2P Lending,Kesehatan,3000000,6,1.7,3306000,Lancar,1,1
L1KRD002383,L1NSB01464,PLT001,2023-02-20,P2P Lending,Modal usaha,10000000,3,1.89,10567000,Kurang Lancar,53,0
L1KRD002384,L1NSB01466,PLT004,2023-09-14,Multifinance,Motor bekas,25000000,12,1.68,30040000,DPK,18,1
L1KRD002385,L1NSB01466,PLT004,2022-04-12,Multifinance,Motor bekas,7000000,48,1.25,11200000,Lancar,0,0
L1KRD002386,L1NSB01466,PLT004,2023-12-11,Multifinance,Motor baru,7000000,18,1.16,8461600,Lancar,1,0
L1KRD002387,L1NSB01468,PLT002,2023-05-18,P2P Lending,Modal usaha,500000,3,2.08,531200,Lancar,0,1
L1KRD002388,L1NSB01470,PLT002,2023-01-14,P2P Lending,Renovasi,2000000,3,3.4,2204000,Lancar,3,1
L1KRD002389,L1NSB01470,PLT002,2024-05-14,P2P Lending,Renovasi,7000000,1,2.62,7183400,Lancar,2,1
L1KRD002390,L1NSB01470,PLT002,2023-03-19,P2P Lending,Kesehatan,2000000,3,3.13,2187800,Lancar,3,1
L1KRD002391,L1NSB01471,PLT003,2023-02-17,Multifinance,Elektronik,3000000,36,1.69,4825200,Lancar,3,0
L1KRD002392,L1NSB01471,PLT003,2023-04-07,Multifinance,Refinancing,20000000,24,1.16,25568000,Lancar,0,0
L1KRD002393,L1NSB01472,PLT003,2022-02-12,Multifinance,Motor baru,5000000,48,1.08,7592000,Kurang Lancar,50,0
L1KRD002394,L1NSB01473,PLT003,2023-05-24,Multifinance,Elektronik,15000000,36,1.23,21642000,Lancar,2,0
L1KRD002395,L1NSB01474,PLT003,2022-05-12,Multifinance,Refinancing,3000000,36,1.92,5073600,DPK,24,0
L1KRD002396,L1NSB01474,PLT003,2023-11-27,Multifinance,Refinancing,5000000,12,1.42,5852000,Lancar,0,1
L1KRD002397,L1NSB01475,PLT005,2023-08-19,P2P Lending,Konsumsi,3000000,9,2.37,3639900,Lancar,3,1
L1KRD002398,L1NSB01476,PLT002,2023-07-16,P2P Lending,Kesehatan,2000000,12,3.46,2830400,Lancar,2,1
L1KRD002399,L1NSB01477,PLT004,2022-05-20,Multifinance,Elektronik,7000000,24,1.06,8780800,DPK,13,1
L1KRD002400,L1NSB01478,PLT001,2023-03-10,P2P Lending,Renovasi,5000000,6,2.13,5639000,Lancar,1,1
L1KRD002401,L1NSB01479,PLT005,2023-04-01,P2P Lending,Renovasi,1000000,1,2.19,1021900,Lancar,2,1
L1KRD002402,L1NSB01480,PLT005,2022-08-06,P2P Lending,Pendidikan,1000000,1,1.66,1016600,Kurang Lancar,57,0
L1KRD002403,L1NSB01480,PLT005,2023-01-15,P2P Lending,Konsumsi,500000,9,1.93,586850,Macet,342,0
L1KRD002404,L1NSB01480,PLT005,2023-05-12,P2P Lending,Pendidikan,500000,1,2.08,510400,Lancar,1,1
L1KRD002405,L1NSB01481,PLT002,2024-04-16,P2P Lending,Kesehatan,2000000,3,1.91,2114600,Lancar,3,1
L1KRD002406,L1NSB01482,PLT005,2022-12-24,P2P Lending,Pendidikan,500000,3,2.29,534350,Kurang Lancar,65,0
L1KRD002407,L1NSB01486,PLT002,2023-12-28,P2P Lending,Kesehatan,5000000,6,3.43,6029000,Lancar,1,1
L1KRD002408,L1NSB01487,PLT002,2022-11-16,P2P Lending,Modal usaha,3000000,1,3.1,3093000,DPK,8,1
L1KRD002409,L1NSB01487,PLT002,2023-04-11,P2P Lending,Renovasi,7000000,3,1.98,7415800,Macet,148,0
L1KRD002410,L1NSB01488,PLT002,2023-11-24,P2P Lending,Kesehatan,5000000,3,2.37,5355500,Lancar,1,1
L1KRD002411,L1NSB01488,PLT002,2024-03-07,P2P Lending,Renovasi,2000000,12,1.52,2364800,Lancar,2,0
L1KRD002412,L1NSB01488,PLT002,2023-06-13,P2P Lending,Kesehatan,7000000,6,2.86,8201200,Lancar,1,1
L1KRD002413,L1NSB01489,PLT002,2022-03-05,P2P Lending,Modal usaha,3000000,6,2.67,3480600,Lancar,0,1
L1KRD002414,L1NSB01490,PLT004,2022-07-18,Multifinance,Motor baru,25000000,48,1.43,42160000,DPK,19,0
L1KRD002415,L1NSB01491,PLT002,2022-04-30,P2P Lending,Konsumsi,10000000,1,2.08,10208000,DPK,21,1
L1KRD002416,L1NSB01491,PLT002,2023-01-19,P2P Lending,Renovasi,5000000,12,2.66,6596000,Lancar,2,1
L1KRD002417,L1NSB01491,PLT002,2023-03-20,P2P Lending,Konsumsi,5000000,6,1.88,5564000,Lancar,2,1
L1KRD002418,L1NSB01492,PLT002,2023-04-21,P2P Lending,Pendidikan,1000000,9,2.73,1245700,Lancar,0,1
L1KRD002419,L1NSB01492,PLT002,2023-05-25,P2P Lending,Modal usaha,3000000,1,2.09,3062700,Macet,222,0
L1KRD002420,L1NSB01494,PLT003,2023-07-09,Multifinance,Motor baru,3000000,36,1.24,4339200,Lancar,2,0
L1KRD002421,L1NSB01496,PLT005,2022-06-15,P2P Lending,Renovasi,500000,9,2.08,593600,Lancar,0,1
L1KRD002422,L1NSB01496,PLT005,2022-02-21,P2P Lending,Kesehatan,5000000,3,3.05,5457500,Lancar,2,1
L1KRD002423,L1NSB01496,PLT005,2023-10-29,P2P Lending,Konsumsi,1000000,1,3.42,1034200,Lancar,2,1
L1KRD002424,L1NSB01498,PLT002,2024-02-08,P2P Lending,Kesehatan,7000000,9,3.44,9167200,Lancar,3,1
L1KRD002425,L1NSB01498,PLT002,2022-04-14,P2P Lending,Pendidikan,3000000,9,1.55,3418500,Lancar,0,1
L1KRD002426,L1NSB01499,PLT004,2022-07-21,Multifinance,Refinancing,10000000,12,1.69,12028000,Lancar,3,1
L1KRD002427,L1NSB01499,PLT004,2024-04-05,Multifinance,Motor baru,25000000,36,1.73,40570000,Kurang Lancar,47,0
L1KRD002428,L1NSB01499,PLT004,2022-07-08,Multifinance,Refinancing,15000000,36,1.71,24234000,Lancar,2,0
L1KRD002429,L1NSB01499,PLT004,2022-03-18,Multifinance,Motor bekas,15000000,12,1.78,18204000,Lancar,0,1
L1KRD002430,L1NSB01500,PLT002,2022-10-09,P2P Lending,Pendidikan,500000,6,3.1,593000,DPK,29,1
L1KRD002431,L1NSB01500,PLT002,2023-03-25,P2P Lending,Pendidikan,1000000,6,3.31,1198600,Lancar,3,1
L1KRD002432,L1NSB01500,PLT002,2022-03-02,P2P Lending,Pendidikan,7000000,9,3.08,8940400,Lancar,3,1
L1KRD002433,L1NSB01501,PLT003,2022-12-14,Multifinance,Refinancing,15000000,18,1.25,18375000,Kurang Lancar,51,0
L1KRD002434,L1NSB01502,PLT005,2022-03-03,P2P Lending,Modal usaha,500000,3,1.85,527750,Lancar,3,1
L1KRD002435,L1NSB01503,PLT004,2022-03-12,Multifinance,Elektronik,20000000,36,1.9,33680000,Lancar,2,0
L1KRD002436,L1NSB01504,PLT004,2023-10-08,Multifinance,Motor bekas,10000000,24,1.13,12712000,Lancar,0,0
L1KRD002437,L1NSB01504,PLT004,2022-10-22,Multifinance,Mesin usaha,25000000,18,1.64,32380000,Lancar,3,1
L1KRD002438,L1NSB01505,PLT001,2024-04-08,P2P Lending,Konsumsi,3000000,12,2.25,3810000,Lancar,0,0
L1KRD002439,L1NSB01505,PLT001,2022-07-13,P2P Lending,Kesehatan,5000000,6,2.26,5678000,Lancar,1,1
L1KRD002440,L1NSB01505,PLT001,2024-04-16,P2P Lending,Kesehatan,500000,9,3.42,653900,Lancar,0,0
L1KRD002441,L1NSB01507,PLT002,2022-12-13,P2P Lending,Pendidikan,500000,3,3.1,546500,Lancar,0,1
L1KRD002442,L1NSB01507,PLT002,2022-07-03,P2P Lending,Pendidikan,2000000,9,2.77,2498600,DPK,24,1
L1KRD002443,L1NSB01508,PLT003,2022-12-26,Multifinance,Mesin usaha,7000000,18,1.04,8310400,Lancar,1,1
L1KRD002444,L1NSB01508,PLT003,2022-02-24,Multifinance,Elektronik,3000000,36,1.55,4674000,Lancar,1,0
L1KRD002445,L1NSB01509,PLT002,2023-05-14,P2P Lending,Kesehatan,3000000,3,3.38,3304200,Lancar,3,1
L1KRD002446,L1NSB01510,PLT002,2023-07-27,P2P Lending,Pendidikan,10000000,9,2.18,11962000,Lancar,0,1
L1KRD002447,L1NSB01514,PLT004,2023-11-27,Multifinance,Refinancing,5000000,48,1.08,7592000,Lancar,2,0
L1KRD002448,L1NSB01515,PLT002,2022-03-08,P2P Lending,Pendidikan,1000000,6,2.77,1166200,Lancar,0,1
L1KRD002449,L1NSB01516,PLT004,2022-09-07,Multifinance,Elektronik,10000000,48,1.1,15280000,Lancar,2,0
L1KRD002450,L1NSB01516,PLT004,2023-03-06,Multifinance,Motor bekas,3000000,36,1.7,4836000,Lancar,2,0
L1KRD002451,L1NSB01516,PLT004,2022-07-26,Multifinance,Motor bekas,3000000,12,1.35,3486000,Lancar,2,1
L1KRD002452,L1NSB01516,PLT004,2023-08-02,Multifinance,Motor bekas,3000000,48,1.17,4684800,DPK,19,0
L1KRD002453,L1NSB01517,PLT005,2023-09-05,P2P Lending,Kesehatan,5000000,9,3.45,6552500,Lancar,3,1
L1KRD002454,L1NSB01517,PLT005,2023-07-24,P2P Lending,Renovasi,500000,6,2.09,562700,Lancar,1,1
L1KRD002455,L1NSB01517,PLT005,2023-11-14,P2P Lending,Renovasi,500000,6,2.31,569300,Lancar,1,1
L1KRD002456,L1NSB01517,PLT005,2022-11-10,P2P Lending,Pendidikan,3000000,12,3.39,4220400,Macet,270,0
L1KRD002457,L1NSB01518,PLT002,2022-03-15,P2P Lending,Konsumsi,1000000,9,1.61,1144900,DPK,23,1
L1KRD002458,L1NSB01519,PLT002,2023-06-03,P2P Lending,Kesehatan,7000000,6,1.7,7714000,Macet,205,0
L1KRD002459,L1NSB01519,PLT002,2023-09-23,P2P Lending,Renovasi,10000000,3,2.37,10711000,Lancar,2,1
L1KRD002460,L1NSB01522,PLT003,2022-06-17,Multifinance,Motor baru,3000000,12,1.3,3468000,Lancar,2,1
L1KRD002461,L1NSB01522,PLT003,2022-09-06,Multifinance,Motor bekas,15000000,48,1.73,27456000,Lancar,1,0
L1KRD002462,L1NSB01522,PLT003,2023-12-03,Multifinance,Motor bekas,20000000,24,1.57,27536000,DPK,27,0
L1KRD002463,L1NSB01523,PLT003,2024-04-03,Multifinance,Motor baru,3000000,12,1.91,3687600,Lancar,1,0
L1KRD002464,L1NSB01524,PLT005,2022-04-18,P2P Lending,Modal usaha,10000000,1,2.0,10200000,Kurang Lancar,48,0
L1KRD002465,L1NSB01524,PLT005,2024-01-27,P2P Lending,Kesehatan,2000000,1,1.96,2039200,Lancar,3,1
L1KRD002466,L1NSB01524,PLT005,2023-06-25,P2P Lending,Modal usaha,5000000,1,2.37,5118500,Lancar,0,1
L1KRD002467,L1NSB01526,PLT004,2023-08-14,Multifinance,Mesin usaha,25000000,12,1.17,28510000,Lancar,2,1
L1KRD002468,L1NSB01526,PLT004,2022-11-20,Multifinance,Mesin usaha,25000000,12,1.07,28210000,DPK,25,1
L1KRD002469,L1NSB01527,PLT005,2022-01-19,P2P Lending,Pendidikan,5000000,12,2.24,6344000,DPK,16,1
L1KRD002470,L1NSB01527,PLT005,2022-03-17,P2P Lending,Modal usaha,7000000,3,2.01,7422100,Lancar,1,1
L1KRD002471,L1NSB01527,PLT005,2022-09-23,P2P Lending,Kesehatan,5000000,3,2.71,5406500,Lancar,1,1
L1KRD002472,L1NSB01528,PLT001,2023-12-30,P2P Lending,Pendidikan,3000000,3,3.05,3274500,Lancar,2,1
L1KRD002473,L1NSB01529,PLT004,2024-02-21,Multifinance,Mesin usaha,20000000,18,1.57,25652000,Lancar,1,0
L1KRD002474,L1NSB01529,PLT004,2024-05-27,Multifinance,Mesin usaha,20000000,18,1.01,23636000,Lancar,2,0
L1KRD002475,L1NSB01529,PLT004,2022-10-21,Multifinance,Motor bekas,15000000,12,1.01,16818000,Lancar,2,1
L1KRD002476,L1NSB01531,PLT002,2024-01-31,P2P Lending,Pendidikan,7000000,9,2.84,8789200,Lancar,0,1
L1KRD002477,L1NSB01531,PLT002,2024-02-01,P2P Lending,Renovasi,3000000,6,3.01,3541800,Lancar,1,1
L1KRD002478,L1NSB01532,PLT003,2022-12-07,Multifinance,Elektronik,10000000,24,1.26,13024000,Lancar,0,1
L1KRD002479,L1NSB01533,PLT001,2022-08-12,P2P Lending,Modal usaha,5000000,3,2.01,5301500,Lancar,1,1
L1KRD002480,L1NSB01533,PLT001,2022-08-18,P2P Lending,Konsumsi,10000000,6,1.9,11140000,Macet,193,0
L1KRD002481,L1NSB01535,PLT003,2023-10-28,Multifinance,Elektronik,3000000,36,1.43,4544400,Lancar,2,0
L1KRD002482,L1NSB01535,PLT003,2022-01-20,Multifinance,Elektronik,10000000,36,1.84,16624000,Lancar,2,0
L1KRD002483,L1NSB01535,PLT003,2022-04-07,Multifinance,Motor bekas,10000000,48,1.15,15520000,Macet,348,0
L1KRD002484,L1NSB01536,PLT003,2024-03-20,Multifinance,Motor bekas,7000000,48,1.99,13686400,Kurang Lancar,49,0
L1KRD002485,L1NSB01537,PLT002,2022-02-12,P2P Lending,Renovasi,3000000,6,3.18,3572400,DPK,21,1
L1KRD002486,L1NSB01538,PLT005,2023-08-18,P2P Lending,Modal usaha,7000000,6,2.04,7856800,Lancar,0,1
L1KRD002487,L1NSB01538,PLT005,2023-08-14,P2P Lending,Renovasi,3000000,9,2.69,3726300,Kurang Lancar,47,0
L1KRD002488,L1NSB01539,PLT005,2022-05-18,P2P Lending,Modal usaha,7000000,3,3.17,7665700,DPK,30,1
L1KRD002489,L1NSB01540,PLT002,2022-06-23,P2P Lending,Pendidikan,7000000,12,2.36,8982400,Lancar,3,1
L1KRD002490,L1NSB01540,PLT002,2024-05-11,P2P Lending,Konsumsi,2000000,12,3.24,2777600,Lancar,1,0
L1KRD002491,L1NSB01542,PLT004,2022-07-24,Multifinance,Mesin usaha,20000000,12,1.32,23168000,Lancar,3,1
L1KRD002492,L1NSB01542,PLT004,2022-11-17,Multifinance,Motor baru,10000000,24,1.53,13672000,Lancar,2,1
L1KRD002493,L1NSB01542,PLT004,2023-01-04,Multifinance,Elektronik,3000000,18,1.26,3680400,Lancar,3,1
L1KRD002494,L1NSB01543,PLT002,2022-02-08,P2P Lending,Modal usaha,7000000,1,1.79,7125300,DPK,9,1
L1KRD002495,L1NSB01543,PLT002,2023-05-22,P2P Lending,Kesehatan,10000000,1,2.38,10238000,DPK,26,1
L1KRD002496,L1NSB01544,PLT001,2024-02-18,P2P Lending,Renovasi,1000000,3,2.83,1084900,Lancar,0,1
L1KRD002497,L1NSB01544,PLT001,2024-03-16,P2P Lending,Renovasi,2000000,6,2.4,2288000,Lancar,1,1
L1KRD002498,L1NSB01545,PLT001,2022-02-07,P2P Lending,Konsumsi,500000,9,3.3,648500,Lancar,1,1
L1KRD002499,L1NSB01548,PLT002,2022-07-12,P2P Lending,Modal usaha,7000000,12,2.8,9352000,Lancar,0,1
L1KRD002500,L1NSB01549,PLT002,2023-02-20,P2P Lending,Kesehatan,7000000,9,1.79,8127700,Lancar,1,1
L1KRD002501,L1NSB01549,PLT002,2023-11-09,P2P Lending,Kesehatan,7000000,12,3.15,9646000,Lancar,3,1
L1KRD002502,L1NSB01550,PLT001,2022-07-30,P2P Lending,Modal usaha,7000000,12,2.95,9478000,Lancar,0,1
L1KRD002503,L1NSB01552,PLT002,2024-04-26,P2P Lending,Renovasi,1000000,9,2.02,1181800,Macet,335,0
L1KRD002504,L1NSB01552,PLT002,2024-03-28,P2P Lending,Kesehatan,2000000,3,2.02,2121200,Lancar,2,1
L1KRD002505,L1NSB01553,PLT002,2024-02-21,P2P Lending,Konsumsi,10000000,6,3.45,12070000,Kurang Lancar,63,0
L1KRD002506,L1NSB01553,PLT002,2022-09-24,P2P Lending,Modal usaha,2000000,12,2.62,2628800,Lancar,0,1
L1KRD002507,L1NSB01553,PLT002,2023-02-23,P2P Lending,Modal usaha,10000000,3,2.52,10756000,Lancar,0,1
L1KRD002508,L1NSB01554,PLT003,2023-10-08,Multifinance,Motor bekas,25000000,18,1.89,33505000,Lancar,2,0
L1KRD002509,L1NSB01554,PLT003,2022-12-04,Multifinance,Motor bekas,15000000,48,1.72,27384000,Lancar,1,0
L1KRD002510,L1NSB01554,PLT003,2024-04-15,Multifinance,Mesin usaha,10000000,12,1.0,11200000,Lancar,2,0
L1KRD002511,L1NSB01555,PLT002,2024-05-18,P2P Lending,Renovasi,2000000,12,2.48,2595200,Lancar,3,0
L1KRD002512,L1NSB01555,PLT002,2023-04-02,P2P Lending,Modal usaha,10000000,1,1.59,10159000,Kurang Lancar,45,0
L1KRD002513,L1NSB01555,PLT002,2022-08-18,P2P Lending,Renovasi,1000000,3,1.92,1057600,Lancar,2,1
L1KRD002514,L1NSB01556,PLT002,2022-09-23,P2P Lending,Konsumsi,2000000,3,3.14,2188400,Lancar,1,1
L1KRD002515,L1NSB01556,PLT002,2022-04-13,P2P Lending,Pendidikan,10000000,3,1.66,10498000,Lancar,1,1
L1KRD002516,L1NSB01557,PLT004,2022-06-21,Multifinance,Motor bekas,5000000,48,1.64,8936000,Lancar,2,0
L1KRD002517,L1NSB01557,PLT004,2024-01-11,Multifinance,Refinancing,20000000,12,1.6,23840000,Lancar,0,0
L1KRD002518,L1NSB01557,PLT004,2023-08-18,Multifinance,Motor baru,25000000,12,1.0,28000000,Lancar,0,1
L1KRD002519,L1NSB01558,PLT005,2022-03-03,P2P Lending,Konsumsi,5000000,1,2.32,5116000,Lancar,2,1
L1KRD002520,L1NSB01558,PLT005,2023-01-06,P2P Lending,Renovasi,7000000,1,3.05,7213500,Lancar,1,1
L1KRD002521,L1NSB01559,PLT004,2023-11-01,Multifinance,Elektronik,7000000,18,1.27,8600200,Lancar,2,0
L1KRD002522,L1NSB01559,PLT004,2022-11-23,Multifinance,Motor baru,5000000,48,1.96,9704000,Lancar,3,0
L1KRD002523,L1NSB01560,PLT002,2022-05-06,P2P Lending,Pendidikan,7000000,6,2.39,8003800,DPK,25,1
L1KRD002524,L1NSB01560,PLT002,2023-02-17,P2P Lending,Konsumsi,7000000,12,2.8,9352000,Lancar,1,1
L1KRD002525,L1NSB01560,PLT002,2022-07-25,P2P Lending,Kesehatan,10000000,12,2.74,13288000,Lancar,0,1
L1KRD002526,L1NSB01560,PLT002,2023-01-22,P2P Lending,Modal usaha,5000000,12,1.89,6134000,Lancar,2,1
L1KRD002527,L1NSB01561,PLT005,2024-03-20,P2P Lending,Konsumsi,1000000,6,2.74,1164400,Lancar,1,1
L1KRD002528,L1NSB01561,PLT005,2023-06-11,P2P Lending,Modal usaha,1000000,3,2.17,1065100,DPK,16,1
L1KRD002529,L1NSB01561,PLT005,2023-05-11,P2P Lending,Pendidikan,7000000,12,1.86,8562400,Lancar,3,1
L1KRD002530,L1NSB01561,PLT005,2023-03-21,P2P Lending,Pendidikan,5000000,1,2.61,5130500,Lancar,1,1
L1KRD002531,L1NSB01563,PLT005,2022-02-19,P2P Lending,Modal usaha,500000,3,2.05,530750,Lancar,0,1
L1KRD002532,L1NSB01564,PLT002,2022-04-10,P2P Lending,Kesehatan,3000000,9,1.51,3407700,Lancar,1,1
L1KRD002533,L1NSB01565,PLT004,2022-08-10,Multifinance,Elektronik,15000000,36,1.3,22020000,Lancar,0,0
L1KRD002534,L1NSB01565,PLT004,2022-02-14,Multifinance,Mesin usaha,20000000,48,1.95,38720000,DPK,19,0
L1KRD002535,L1NSB01565,PLT004,2023-03-05,Multifinance,Elektronik,5000000,24,1.7,7040000,Lancar,0,0
L1KRD002536,L1NSB01566,PLT001,2022-11-05,P2P Lending,Konsumsi,500000,6,1.99,559700,Lancar,1,1
L1KRD002537,L1NSB01567,PLT003,2022-01-14,Multifinance,Refinancing,20000000,24,1.75,28400000,Lancar,1,1
L1KRD002538,L1NSB01567,PLT003,2022-05-23,Multifinance,Motor bekas,20000000,24,1.91,29168000,Lancar,1,1
L1KRD002539,L1NSB01567,PLT003,2024-05-09,Multifinance,Mesin usaha,7000000,12,1.89,8587600,Lancar,1,0
L1KRD002540,L1NSB01568,PLT002,2023-02-21,P2P Lending,Renovasi,1000000,3,3.19,1095700,Lancar,1,1
L1KRD002541,L1NSB01568,PLT002,2022-11-12,P2P Lending,Renovasi,500000,3,2.64,539600,Lancar,1,1
L1KRD002542,L1NSB01568,PLT002,2024-06-01,P2P Lending,Modal usaha,1000000,12,3.41,1409200,Lancar,3,0
L1KRD002543,L1NSB01569,PLT003,2023-02-02,Multifinance,Refinancing,7000000,18,1.91,9406600,Lancar,2,1
L1KRD002544,L1NSB01569,PLT003,2023-09-21,Multifinance,Motor bekas,15000000,48,1.42,25224000,DPK,14,0
L1KRD002545,L1NSB01570,PLT005,2022-01-09,P2P Lending,Modal usaha,5000000,9,2.28,6026000,DPK,16,1
L1KRD002546,L1NSB01570,PLT005,2022-01-24,P2P Lending,Modal usaha,3000000,9,1.97,3531900,Lancar,2,1
L1KRD002547,L1NSB01570,PLT005,2023-04-16,P2P Lending,Kesehatan,2000000,3,1.94,2116400,Lancar,2,1
L1KRD002548,L1NSB01571,PLT001,2023-11-02,P2P Lending,Renovasi,7000000,3,3.49,7732900,Kurang Lancar,71,0
L1KRD002549,L1NSB01571,PLT001,2022-07-21,P2P Lending,Pendidikan,10000000,6,3.25,11950000,Lancar,2,1
L1KRD002550,L1NSB01571,PLT001,2024-01-19,P2P Lending,Konsumsi,5000000,12,1.54,5924000,Kurang Lancar,36,0
L1KRD002551,L1NSB01571,PLT001,2023-04-30,P2P Lending,Pendidikan,5000000,1,3.15,5157500,Lancar,2,1
L1KRD002552,L1NSB01572,PLT004,2024-03-21,Multifinance,Motor bekas,15000000,36,1.52,23208000,Lancar,2,0
L1KRD002553,L1NSB01572,PLT004,2022-05-31,Multifinance,Motor baru,10000000,12,1.74,12088000,Lancar,1,1
L1KRD002554,L1NSB01572,PLT004,2022-08-20,Multifinance,Elektronik,25000000,36,1.01,34090000,Lancar,2,0
L1KRD002555,L1NSB01574,PLT004,2022-04-02,Multifinance,Motor bekas,25000000,24,1.18,32080000,Lancar,3,1
L1KRD002556,L1NSB01576,PLT001,2022-08-19,P2P Lending,Konsumsi,7000000,12,1.84,8545600,DPK,12,1
L1KRD002557,L1NSB01583,PLT004,2022-11-12,Multifinance,Motor baru,20000000,18,1.67,26012000,Lancar,2,1
L1KRD002558,L1NSB01584,PLT002,2023-06-25,P2P Lending,Pendidikan,500000,1,2.77,513850,DPK,15,1
L1KRD002559,L1NSB01584,PLT002,2024-03-11,P2P Lending,Konsumsi,1000000,9,1.88,1169200,Lancar,3,0
L1KRD002560,L1NSB01585,PLT005,2023-03-04,P2P Lending,Konsumsi,5000000,3,2.88,5432000,Kurang Lancar,68,0
L1KRD002561,L1NSB01589,PLT003,2023-01-28,Multifinance,Mesin usaha,3000000,12,2.0,3720000,Lancar,3,1
L1KRD002562,L1NSB01589,PLT003,2023-03-20,Multifinance,Motor baru,20000000,12,1.58,23792000,Lancar,3,1
L1KRD002563,L1NSB01590,PLT005,2022-12-22,P2P Lending,Pendidikan,10000000,6,2.83,11698000,Lancar,2,1
L1KRD002564,L1NSB01591,PLT005,2023-09-03,P2P Lending,Pendidikan,1000000,9,3.46,1311400,Kurang Lancar,41,0
L1KRD002565,L1NSB01591,PLT005,2022-07-27,P2P Lending,Kesehatan,2000000,3,1.77,2106200,DPK,9,1
L1KRD002566,L1NSB01592,PLT005,2023-10-15,P2P Lending,Pendidikan,5000000,3,3.27,5490500,Lancar,1,1
L1KRD002567,L1NSB01592,PLT005,2023-05-05,P2P Lending,Konsumsi,2000000,1,1.93,2038600,Lancar,3,1
L1KRD002568,L1NSB01593,PLT001,2022-07-30,P2P Lending,Konsumsi,10000000,12,2.64,13168000,Lancar,3,1
L1KRD002569,L1NSB01594,PLT001,2023-10-12,P2P Lending,Konsumsi,500000,9,2.67,620150,Lancar,1,1
L1KRD002570,L1NSB01596,PLT004,2023-02-22,Multifinance,Refinancing,7000000,36,1.69,11258800,Lancar,3,0
L1KRD002571,L1NSB01597,PLT001,2024-01-08,P2P Lending,Konsumsi,10000000,1,2.29,10229000,Lancar,0,1
L1KRD002572,L1NSB01597,PLT001,2023-12-27,P2P Lending,Modal usaha,500000,3,2.45,536750,Lancar,3,1
L1KRD002573,L1NSB01598,PLT001,2022-02-14,P2P Lending,Pendidikan,2000000,9,2.52,2453600,Lancar,1,1
L1KRD002574,L1NSB01599,PLT003,2023-12-26,Multifinance,Refinancing,5000000,24,1.49,6788000,Lancar,2,0
L1KRD002575,L1NSB01599,PLT003,2022-12-22,Multifinance,Refinancing,5000000,48,1.85,9440000,Lancar,2,0
L1KRD002576,L1NSB01600,PLT001,2023-03-26,P2P Lending,Modal usaha,10000000,6,3.26,11956000,Lancar,3,1
L1KRD002577,L1NSB01601,PLT004,2023-09-27,Multifinance,Elektronik,10000000,12,1.69,12028000,DPK,4,1
L1KRD002578,L1NSB01601,PLT004,2022-09-18,Multifinance,Refinancing,7000000,18,1.36,8713600,Lancar,2,1
L1KRD002579,L1NSB01603,PLT005,2024-05-09,P2P Lending,Pendidikan,3000000,1,3.08,3092400,Lancar,0,1
L1KRD002580,L1NSB01604,PLT004,2023-01-11,Multifinance,Mesin usaha,5000000,12,1.03,5618000,Lancar,2,1
L1KRD002581,L1NSB01604,PLT004,2023-05-07,Multifinance,Motor bekas,7000000,18,1.74,9192400,Lancar,1,1
L1KRD002582,L1NSB01605,PLT002,2023-06-23,P2P Lending,Modal usaha,500000,1,3.01,515050,Lancar,3,1
L1KRD002583,L1NSB01606,PLT004,2022-11-01,Multifinance,Motor baru,3000000,18,1.73,3934200,Lancar,1,1
L1KRD002584,L1NSB01607,PLT001,2023-12-02,P2P Lending,Kesehatan,10000000,12,2.27,12724000,Lancar,2,1
L1KRD002585,L1NSB01608,PLT001,2024-05-11,P2P Lending,Kesehatan,2000000,12,2.57,2616800,Lancar,0,0
L1KRD002586,L1NSB01609,PLT003,2022-07-19,Multifinance,Elektronik,25000000,36,1.35,37150000,Lancar,0,0
L1KRD002587,L1NSB01610,PLT004,2022-03-05,Multifinance,Elektronik,5000000,12,1.17,5702000,Lancar,3,1
L1KRD002588,L1NSB01610,PLT004,2024-04-28,Multifinance,Elektronik,25000000,12,1.6,29800000,Lancar,1,0
L1KRD002589,L1NSB01610,PLT004,2024-02-19,Multifinance,Motor baru,20000000,24,1.96,29408000,Lancar,0,0
L1KRD002590,L1NSB01611,PLT003,2022-07-24,Multifinance,Mesin usaha,25000000,24,1.07,31420000,Lancar,2,1
L1KRD002591,L1NSB01612,PLT001,2023-07-04,P2P Lending,Konsumsi,7000000,12,3.06,9570400,Kurang Lancar,42,0
L1KRD002592,L1NSB01612,PLT001,2023-03-12,P2P Lending,Konsumsi,5000000,3,2.91,5436500,DPK,19,1
L1KRD002593,L1NSB01614,PLT001,2022-04-22,P2P Lending,Modal usaha,7000000,12,2.45,9058000,Lancar,2,1
L1KRD002594,L1NSB01614,PLT001,2022-11-07,P2P Lending,Renovasi,7000000,1,2.46,7172200,Lancar,0,1
L1KRD002595,L1NSB01615,PLT002,2022-05-08,P2P Lending,Kesehatan,5000000,3,2.67,5400500,Macet,146,0
L1KRD002596,L1NSB01617,PLT001,2023-08-20,P2P Lending,Modal usaha,7000000,1,1.53,7107100,Lancar,0,1
L1KRD002597,L1NSB01618,PLT003,2022-10-06,Multifinance,Motor baru,15000000,48,1.25,24000000,DPK,17,0
L1KRD002598,L1NSB01618,PLT003,2023-04-09,Multifinance,Motor baru,20000000,36,1.84,33248000,Kurang Lancar,82,0
L1KRD002599,L1NSB01620,PLT004,2022-02-26,Multifinance,Refinancing,20000000,24,1.55,27440000,DPK,9,1
L1KRD002600,L1NSB01621,PLT002,2023-11-18,P2P Lending,Renovasi,10000000,12,2.07,12484000,Lancar,3,1
L1KRD002601,L1NSB01621,PLT002,2022-11-29,P2P Lending,Kesehatan,3000000,9,2.69,3726300,Lancar,2,1
L1KRD002602,L1NSB01621,PLT002,2022-10-09,P2P Lending,Renovasi,2000000,3,2.52,2151200,Lancar,0,1
L1KRD002603,L1NSB01623,PLT001,2023-07-17,P2P Lending,Kesehatan,10000000,9,3.28,12952000,DPK,16,1
L1KRD002604,L1NSB01623,PLT001,2022-09-10,P2P Lending,Kesehatan,2000000,9,1.7,2306000,DPK,17,1
L1KRD002605,L1NSB01624,PLT001,2022-12-02,P2P Lending,Kesehatan,3000000,3,2.67,3240300,Lancar,1,1
L1KRD002606,L1NSB01625,PLT005,2023-06-29,P2P Lending,Konsumsi,10000000,6,2.09,11254000,Lancar,3,1
L1KRD002607,L1NSB01625,PLT005,2023-06-11,P2P Lending,Renovasi,5000000,3,2.17,5325500,Kurang Lancar,83,0
L1KRD002608,L1NSB01625,PLT005,2023-07-21,P2P Lending,Pendidikan,7000000,12,1.62,8360800,Lancar,0,1
L1KRD002609,L1NSB01625,PLT005,2023-09-01,P2P Lending,Pendidikan,3000000,6,2.02,3363600,Lancar,0,1
L1KRD002610,L1NSB01626,PLT001,2024-01-12,P2P Lending,Modal usaha,2000000,1,2.1,2042000,Lancar,0,1
L1KRD002611,L1NSB01628,PLT002,2022-11-22,P2P Lending,Modal usaha,2000000,3,2.16,2129600,Lancar,0,1
L1KRD002612,L1NSB01628,PLT002,2024-05-02,P2P Lending,Kesehatan,5000000,9,2.9,6305000,Lancar,1,0
L1KRD002613,L1NSB01628,PLT002,2024-01-06,P2P Lending,Kesehatan,5000000,1,2.38,5119000,DPK,23,1
L1KRD002614,L1NSB01628,PLT002,2023-11-26,P2P Lending,Renovasi,5000000,3,2.53,5379500,Lancar,3,1
L1KRD002615,L1NSB01629,PLT003,2022-08-21,Multifinance,Refinancing,15000000,18,1.26,18402000,Lancar,3,1
L1KRD002616,L1NSB01629,PLT003,2024-01-09,Multifinance,Motor baru,10000000,12,1.33,11596000,Lancar,3,0
L1KRD002617,L1NSB01629,PLT003,2022-08-31,Multifinance,Refinancing,7000000,12,1.88,8579200,Lancar,3,1
L1KRD002618,L1NSB01631,PLT002,2023-12-16,P2P Lending,Pendidikan,10000000,6,1.54,10924000,Lancar,0,1
L1KRD002619,L1NSB01631,PLT002,2022-01-22,P2P Lending,Renovasi,500000,12,1.76,605600,Lancar,2,1
L1KRD002620,L1NSB01631,PLT002,2023-01-20,P2P Lending,Konsumsi,1000000,3,2.83,1084900,Lancar,3,1
L1KRD002621,L1NSB01633,PLT004,2024-05-07,Multifinance,Refinancing,15000000,18,1.94,20238000,Lancar,2,0
L1KRD002622,L1NSB01633,PLT004,2022-03-18,Multifinance,Refinancing,10000000,48,1.78,18544000,Lancar,3,0
L1KRD002623,L1NSB01634,PLT005,2022-12-01,P2P Lending,Konsumsi,500000,1,2.42,512100,Lancar,0,1
L1KRD002624,L1NSB01635,PLT002,2023-04-13,P2P Lending,Modal usaha,2000000,9,2.38,2428400,DPK,7,1
L1KRD002625,L1NSB01635,PLT002,2023-01-30,P2P Lending,Modal usaha,500000,3,2.38,535700,Lancar,3,1
L1KRD002626,L1NSB01637,PLT001,2023-11-05,P2P Lending,Modal usaha,2000000,9,2.7,2486000,Lancar,1,1
L1KRD002627,L1NSB01637,PLT001,2022-03-01,P2P Lending,Konsumsi,500000,3,1.88,528200,Lancar,1,1
L1KRD002628,L1NSB01638,PLT002,2022-05-13,P2P Lending,Kesehatan,1000000,1,2.37,1023700,Lancar,0,1
L1KRD002629,L1NSB01639,PLT001,2024-02-13,P2P Lending,Pendidikan,5000000,1,3.38,5169000,DPK,25,1
L1KRD002630,L1NSB01639,PLT001,2022-09-11,P2P Lending,Kesehatan,10000000,9,2.71,12439000,Lancar,1,1
L1KRD002631,L1NSB01640,PLT004,2022-05-17,Multifinance,Motor bekas,7000000,48,1.07,10595200,Lancar,0,0
L1KRD002632,L1NSB01640,PLT004,2023-11-28,Multifinance,Elektronik,7000000,48,1.81,13081600,Lancar,2,0
L1KRD002633,L1NSB01641,PLT001,2022-04-06,P2P Lending,Modal usaha,10000000,1,3.45,10345000,Lancar,1,1
L1KRD002634,L1NSB01641,PLT001,2023-08-25,P2P Lending,Pendidikan,500000,6,2.2,566000,Lancar,2,1
L1KRD002635,L1NSB01642,PLT005,2022-04-06,P2P Lending,Konsumsi,1000000,6,2.68,1160800,Lancar,2,1
L1KRD002636,L1NSB01643,PLT003,2022-08-09,Multifinance,Motor baru,20000000,48,1.18,31328000,Macet,260,0
L1KRD002637,L1NSB01644,PLT004,2022-01-31,Multifinance,Refinancing,25000000,48,1.58,43960000,DPK,27,0
L1KRD002638,L1NSB01644,PLT004,2023-02-20,Multifinance,Motor bekas,20000000,36,1.16,28352000,Lancar,1,0
L1KRD002639,L1NSB01645,PLT001,2023-06-10,P2P Lending,Renovasi,2000000,1,2.13,2042600,Lancar,1,1
L1KRD002640,L1NSB01646,PLT002,2023-08-30,P2P Lending,Modal usaha,2000000,1,2.19,2043800,Kurang Lancar,37,0
L1KRD002641,L1NSB01646,PLT002,2022-10-11,P2P Lending,Pendidikan,2000000,6,2.32,2278400,Lancar,0,1
L1KRD002642,L1NSB01646,PLT002,2022-04-10,P2P Lending,Modal usaha,7000000,6,1.68,7705600,Lancar,1,1
L1KRD002643,L1NSB01647,PLT003,2022-04-09,Multifinance,Motor bekas,5000000,48,1.95,9680000,Lancar,1,0
L1KRD002644,L1NSB01647,PLT003,2024-02-22,Multifinance,Motor baru,10000000,12,1.54,11848000,Lancar,3,0
L1KRD002645,L1NSB01647,PLT003,2022-05-15,Multifinance,Refinancing,5000000,36,1.53,7754000,Lancar,3,0
L1KRD002646,L1NSB01648,PLT005,2022-11-11,P2P Lending,Renovasi,3000000,6,2.2,3396000,DPK,28,1
L1KRD002647,L1NSB01648,PLT005,2023-12-10,P2P Lending,Modal usaha,7000000,6,2.76,8159200,Lancar,1,1
L1KRD002648,L1NSB01649,PLT002,2024-03-17,P2P Lending,Konsumsi,500000,1,2.91,514550,Lancar,2,1
L1KRD002649,L1NSB01649,PLT002,2023-12-04,P2P Lending,Renovasi,5000000,3,1.78,5267000,DPK,6,1
L1KRD002650,L1NSB01649,PLT002,2023-07-19,P2P Lending,Kesehatan,5000000,1,2.9,5145000,Lancar,0,1
L1KRD002651,L1NSB01650,PLT002,2023-12-23,P2P Lending,Modal usaha,10000000,3,2.18,10654000,Lancar,0,1
L1KRD002652,L1NSB01650,PLT002,2022-11-05,P2P Lending,Kesehatan,7000000,6,1.76,7739200,Lancar,3,1
L1KRD002653,L1NSB01651,PLT004,2023-05-11,Multifinance,Motor baru,20000000,24,1.26,26048000,Kurang Lancar,73,0
L1KRD002654,L1NSB01651,PLT004,2022-06-27,Multifinance,Refinancing,5000000,24,1.61,6932000,Lancar,3,1
L1KRD002655,L1NSB01651,PLT004,2023-08-06,Multifinance,Mesin usaha,3000000,36,1.03,4112400,Lancar,2,0
L1KRD002656,L1NSB01652,PLT001,2023-07-26,P2P Lending,Modal usaha,3000000,1,3.0,3090000,Lancar,2,1
L1KRD002657,L1NSB01653,PLT001,2022-12-11,P2P Lending,Pendidikan,2000000,1,2.77,2055400,Lancar,2,1
L1KRD002658,L1NSB01654,PLT001,2023-02-01,P2P Lending,Kesehatan,3000000,6,2.79,3502200,Kurang Lancar,71,0
L1KRD002659,L1NSB01655,PLT004,2022-05-20,Multifinance,Motor bekas,20000000,24,1.76,28448000,Macet,271,0
L1KRD002660,L1NSB01658,PLT003,2022-09-24,Multifinance,Mesin usaha,15000000,12,1.38,17484000,DPK,9,1
L1KRD002661,L1NSB01658,PLT003,2022-12-14,Multifinance,Refinancing,10000000,36,1.01,13636000,Lancar,1,0
L1KRD002662,L1NSB01658,PLT003,2023-08-14,Multifinance,Mesin usaha,10000000,24,1.4,13360000,Lancar,1,0
L1KRD002663,L1NSB01660,PLT001,2023-10-16,P2P Lending,Kesehatan,3000000,1,3.11,3093300,Lancar,3,1
L1KRD002664,L1NSB01660,PLT001,2022-08-15,P2P Lending,Modal usaha,5000000,12,3.5,7100000,Lancar,0,1
L1KRD002665,L1NSB01662,PLT005,2023-08-27,P2P Lending,Konsumsi,5000000,3,3.18,5477000,Lancar,0,1
L1KRD002666,L1NSB01662,PLT005,2022-03-07,P2P Lending,Pendidikan,5000000,1,2.56,5128000,Lancar,1,1
L1KRD002667,L1NSB01662,PLT005,2022-05-25,P2P Lending,Pendidikan,1000000,1,2.52,1025200,Lancar,0,1
L1KRD002668,L1NSB01662,PLT005,2024-05-05,P2P Lending,Konsumsi,5000000,9,1.6,5720000,DPK,19,0
L1KRD002669,L1NSB01663,PLT001,2022-04-02,P2P Lending,Modal usaha,10000000,9,3.49,13141000,Lancar,3,1
L1KRD002670,L1NSB01663,PLT001,2022-09-06,P2P Lending,Pendidikan,1000000,12,2.24,1268800,DPK,12,1
L1KRD002671,L1NSB01663,PLT001,2024-02-04,P2P Lending,Renovasi,10000000,1,2.54,10254000,DPK,20,1
L1KRD002672,L1NSB01663,PLT001,2023-09-08,P2P Lending,Pendidikan,5000000,3,2.38,5357000,DPK,16,1
L1KRD002673,L1NSB01664,PLT004,2022-06-13,Multifinance,Mesin usaha,25000000,48,1.91,47920000,Lancar,1,0
L1KRD002674,L1NSB01666,PLT001,2024-01-22,P2P Lending,Pendidikan,7000000,12,2.42,9032800,Lancar,0,0
L1KRD002675,L1NSB01666,PLT001,2023-07-06,P2P Lending,Renovasi,3000000,12,2.86,4029600,Lancar,3,1
L1KRD002676,L1NSB01666,PLT001,2023-12-12,P2P Lending,Konsumsi,2000000,1,3.3,2066000,Lancar,0,1
L1KRD002677,L1NSB01666,PLT001,2022-03-13,P2P Lending,Kesehatan,3000000,9,1.84,3496800,Lancar,1,1
L1KRD002678,L1NSB01667,PLT005,2023-03-15,P2P Lending,Konsumsi,10000000,6,2.16,11296000,Kurang Lancar,89,0
L1KRD002679,L1NSB01668,PLT003,2023-06-02,Multifinance,Motor baru,5000000,12,1.27,5762000,Lancar,2,1
L1KRD002680,L1NSB01668,PLT003,2023-07-09,Multifinance,Elektronik,15000000,18,1.11,17997000,Macet,352,0
L1KRD002681,L1NSB01669,PLT004,2023-01-25,Multifinance,Motor bekas,25000000,24,1.26,32560000,DPK,17,0
L1KRD002682,L1NSB01669,PLT004,2023-09-11,Multifinance,Elektronik,3000000,36,1.28,4382400,Kurang Lancar,60,0
L1KRD002683,L1NSB01670,PLT002,2023-01-23,P2P Lending,Pendidikan,7000000,9,1.7,8071000,Lancar,1,1
L1KRD002684,L1NSB01670,PLT002,2023-09-21,P2P Lending,Modal usaha,3000000,6,2.53,3455400,Kurang Lancar,80,0
L1KRD002685,L1NSB01671,PLT001,2023-04-27,P2P Lending,Modal usaha,2000000,12,2.23,2535200,Macet,123,0
L1KRD002686,L1NSB01672,PLT002,2023-01-02,P2P Lending,Pendidikan,7000000,1,1.52,7106400,Lancar,0,1
L1KRD002687,L1NSB01672,PLT002,2022-11-11,P2P Lending,Konsumsi,1000000,9,1.97,1177300,Lancar,0,1
L1KRD002688,L1NSB01673,PLT004,2023-06-07,Multifinance,Motor bekas,10000000,48,1.99,19552000,Lancar,0,0
L1KRD002689,L1NSB01674,PLT002,2024-01-26,P2P Lending,Modal usaha,1000000,12,2.92,1350400,Lancar,3,0
L1KRD002690,L1NSB01674,PLT002,2023-04-27,P2P Lending,Renovasi,500000,3,3.23,548450,DPK,12,1
L1KRD002691,L1NSB01675,PLT005,2023-02-01,P2P Lending,Modal usaha,7000000,1,2.36,7165200,DPK,26,1
L1KRD002692,L1NSB01675,PLT005,2023-05-01,P2P Lending,Konsumsi,5000000,9,3.3,6485000,DPK,19,1
L1KRD002693,L1NSB01676,PLT005,2024-03-27,P2P Lending,Modal usaha,2000000,3,1.5,2090000,Lancar,0,1
L1KRD002694,L1NSB01676,PLT005,2023-06-26,P2P Lending,Modal usaha,7000000,3,2.34,7491400,Lancar,1,1
L1KRD002695,L1NSB01676,PLT005,2023-09-22,P2P Lending,Kesehatan,5000000,1,3.08,5154000,Lancar,0,1
L1KRD002696,L1NSB01677,PLT001,2024-03-27,P2P Lending,Pendidikan,2000000,3,1.99,2119400,DPK,11,1
L1KRD002697,L1NSB01677,PLT001,2022-12-24,P2P Lending,Konsumsi,3000000,6,2.18,3392400,DPK,22,1
L1KRD002698,L1NSB01678,PLT002,2023-10-22,P2P Lending,Modal usaha,2000000,12,1.78,2427200,Lancar,1,1
L1KRD002699,L1NSB01678,PLT002,2024-03-13,P2P Lending,Pendidikan,1000000,1,2.44,1024400,Kurang Lancar,67,0
L1KRD002700,L1NSB01678,PLT002,2022-06-05,P2P Lending,Kesehatan,2000000,9,3.36,2604800,DPK,26,1
L1KRD002701,L1NSB01680,PLT004,2023-04-10,Multifinance,Motor baru,25000000,36,1.31,36790000,Lancar,3,0
L1KRD002702,L1NSB01680,PLT004,2023-12-18,Multifinance,Refinancing,7000000,48,1.51,12073600,DPK,19,0
L1KRD002703,L1NSB01680,PLT004,2023-03-13,Multifinance,Mesin usaha,20000000,48,1.69,36224000,Macet,255,0
L1KRD002704,L1NSB01681,PLT004,2022-06-24,Multifinance,Motor baru,20000000,36,1.53,31016000,Kurang Lancar,38,0
L1KRD002705,L1NSB01682,PLT003,2022-01-31,Multifinance,Mesin usaha,3000000,24,1.34,3964800,Lancar,2,1
L1KRD002706,L1NSB01683,PLT003,2022-07-14,Multifinance,Refinancing,20000000,18,1.46,25256000,Kurang Lancar,41,0
L1KRD002707,L1NSB01684,PLT003,2023-12-18,Multifinance,Refinancing,3000000,18,1.12,3604800,Lancar,2,0
L1KRD002708,L1NSB01684,PLT003,2022-04-03,Multifinance,Motor baru,10000000,12,1.1,11320000,Lancar,2,1
L1KRD002709,L1NSB01685,PLT002,2022-12-22,P2P Lending,Renovasi,7000000,3,2.15,7451500,Kurang Lancar,31,0
L1KRD002710,L1NSB01685,PLT002,2022-06-09,P2P Lending,Kesehatan,500000,9,2.21,599450,Lancar,2,1
L1KRD002711,L1NSB01685,PLT002,2022-10-09,P2P Lending,Kesehatan,500000,12,3.48,708800,Lancar,1,1
L1KRD002712,L1NSB01685,PLT002,2022-05-24,P2P Lending,Konsumsi,10000000,1,2.79,10279000,DPK,10,1
L1KRD002713,L1NSB01686,PLT005,2023-12-15,P2P Lending,Renovasi,7000000,9,3.5,9205000,Lancar,2,1
L1KRD002714,L1NSB01687,PLT002,2023-07-29,P2P Lending,Konsumsi,7000000,12,2.17,8822800,DPK,5,1
L1KRD002715,L1NSB01688,PLT005,2023-07-13,P2P Lending,Renovasi,7000000,9,2.08,8310400,Lancar,2,1
L1KRD002716,L1NSB01690,PLT001,2022-11-23,P2P Lending,Kesehatan,2000000,6,1.88,2225600,DPK,11,1
L1KRD002717,L1NSB01694,PLT005,2023-12-12,P2P Lending,Pendidikan,5000000,6,3.31,5993000,Macet,164,0
L1KRD002718,L1NSB01694,PLT005,2023-03-15,P2P Lending,Renovasi,3000000,12,1.8,3648000,Lancar,3,1
L1KRD002719,L1NSB01695,PLT001,2023-07-22,P2P Lending,Konsumsi,10000000,1,1.59,10159000,Lancar,1,1
L1KRD002720,L1NSB01696,PLT005,2022-06-11,P2P Lending,Kesehatan,5000000,12,1.94,6164000,Lancar,1,1
L1KRD002721,L1NSB01696,PLT005,2023-05-13,P2P Lending,Renovasi,1000000,3,2.27,1068100,Lancar,1,1
L1KRD002722,L1NSB01697,PLT004,2023-10-24,Multifinance,Motor baru,25000000,48,1.54,43480000,DPK,30,0
L1KRD002723,L1NSB01698,PLT001,2024-01-07,P2P Lending,Pendidikan,3000000,3,3.29,3296100,Kurang Lancar,34,0
L1KRD002724,L1NSB01699,PLT002,2022-04-09,P2P Lending,Pendidikan,500000,6,1.86,555800,DPK,27,1
L1KRD002725,L1NSB01700,PLT005,2022-01-25,P2P Lending,Modal usaha,10000000,3,1.5,10450000,Lancar,1,1
L1KRD002726,L1NSB01700,PLT005,2022-04-11,P2P Lending,Renovasi,3000000,3,2.56,3230400,Lancar,2,1
L1KRD002727,L1NSB01701,PLT002,2023-12-16,P2P Lending,Modal usaha,5000000,3,2.35,5352500,DPK,8,1
L1KRD002728,L1NSB01701,PLT002,2022-11-07,P2P Lending,Kesehatan,7000000,6,2.79,8171800,Lancar,0,1
L1KRD002729,L1NSB01701,PLT002,2023-10-07,P2P Lending,Renovasi,500000,9,3.25,646250,DPK,4,1
L1KRD002730,L1NSB01702,PLT004,2023-07-26,Multifinance,Motor bekas,10000000,18,1.11,11998000,Lancar,1,0
L1KRD002731,L1NSB01703,PLT005,2023-03-09,P2P Lending,Konsumsi,10000000,12,3.47,14164000,DPK,22,1
L1KRD002732,L1NSB01703,PLT005,2022-03-31,P2P Lending,Renovasi,3000000,3,1.9,3171000,Lancar,3,1
L1KRD002733,L1NSB01704,PLT001,2022-06-14,P2P Lending,Kesehatan,3000000,6,1.93,3347400,Lancar,3,1
L1KRD002734,L1NSB01705,PLT003,2023-05-16,Multifinance,Motor bekas,20000000,24,1.96,29408000,Kurang Lancar,86,0
L1KRD002735,L1NSB01705,PLT003,2024-04-11,Multifinance,Motor baru,7000000,12,1.16,7974400,DPK,15,0
L1KRD002736,L1NSB01706,PLT002,2023-12-19,P2P Lending,Pendidikan,2000000,6,1.61,2193200,DPK,4,1
L1KRD002737,L1NSB01706,PLT002,2023-10-30,P2P Lending,Renovasi,3000000,12,1.85,3666000,Lancar,3,1
L1KRD002738,L1NSB01707,PLT001,2022-03-30,P2P Lending,Renovasi,5000000,12,2.8,6680000,Kurang Lancar,34,0
L1KRD002739,L1NSB01707,PLT001,2022-03-11,P2P Lending,Modal usaha,10000000,3,2.36,10708000,Lancar,1,1
L1KRD002740,L1NSB01707,PLT001,2023-08-24,P2P Lending,Konsumsi,7000000,12,2.93,9461200,Macet,173,0
L1KRD002741,L1NSB01709,PLT003,2023-12-05,Multifinance,Mesin usaha,20000000,12,1.96,24704000,DPK,17,1
L1KRD002742,L1NSB01710,PLT005,2023-02-18,P2P Lending,Renovasi,2000000,6,2.8,2336000,DPK,5,1
L1KRD002743,L1NSB01710,PLT005,2022-04-16,P2P Lending,Kesehatan,1000000,6,2.85,1171000,Lancar,1,1
L1KRD002744,L1NSB01710,PLT005,2023-07-15,P2P Lending,Modal usaha,5000000,12,2.5,6500000,Lancar,3,1
L1KRD002745,L1NSB01710,PLT005,2022-12-22,P2P Lending,Modal usaha,2000000,3,1.9,2114000,DPK,16,1
L1KRD002746,L1NSB01711,PLT002,2023-04-06,P2P Lending,Konsumsi,2000000,12,3.44,2825600,Lancar,3,1
L1KRD002747,L1NSB01712,PLT004,2023-01-07,Multifinance,Refinancing,10000000,24,1.66,13984000,Lancar,2,0
L1KRD002748,L1NSB01713,PLT005,2023-10-12,P2P Lending,Konsumsi,2000000,1,3.39,2067800,Lancar,0,1
L1KRD002749,L1NSB01713,PLT005,2024-03-23,P2P Lending,Konsumsi,5000000,6,2.4,5720000,DPK,25,1
L1KRD002750,L1NSB01714,PLT002,2024-05-26,P2P Lending,Renovasi,2000000,3,2.01,2120600,Lancar,1,1
L1KRD002751,L1NSB01714,PLT002,2023-07-30,P2P Lending,Pendidikan,500000,3,2.91,543650,Lancar,3,1
L1KRD002752,L1NSB01714,PLT002,2024-03-04,P2P Lending,Pendidikan,5000000,1,3.13,5156500,Lancar,3,1
L1KRD002753,L1NSB01715,PLT002,2024-02-16,P2P Lending,Kesehatan,2000000,3,1.57,2094200,Lancar,3,1
L1KRD002754,L1NSB01715,PLT002,2022-03-29,P2P Lending,Pendidikan,500000,12,2.39,643400,Macet,356,0
L1KRD002755,L1NSB01715,PLT002,2023-03-09,P2P Lending,Kesehatan,3000000,6,1.99,3358200,Lancar,2,1
L1KRD002756,L1NSB01715,PLT002,2023-09-26,P2P Lending,Konsumsi,500000,9,1.82,581900,Lancar,1,1
L1KRD002757,L1NSB01716,PLT003,2023-11-17,Multifinance,Refinancing,7000000,12,1.03,7865200,Lancar,2,1
L1KRD002758,L1NSB01717,PLT001,2023-06-03,P2P Lending,Konsumsi,10000000,12,3.38,14056000,Lancar,0,1
L1KRD002759,L1NSB01718,PLT004,2024-02-29,Multifinance,Mesin usaha,5000000,36,1.7,8060000,Lancar,0,0
L1KRD002760,L1NSB01718,PLT004,2023-01-10,Multifinance,Motor baru,10000000,36,1.24,14464000,Macet,351,0
L1KRD002761,L1NSB01719,PLT003,2023-01-15,Multifinance,Motor bekas,7000000,36,1.7,11284000,DPK,30,0
L1KRD002762,L1NSB01723,PLT005,2023-05-18,P2P Lending,Pendidikan,3000000,9,2.67,3720900,Lancar,2,1
L1KRD002763,L1NSB01723,PLT005,2023-09-22,P2P Lending,Konsumsi,500000,1,1.73,508650,Lancar,3,1
L1KRD002764,L1NSB01723,PLT005,2023-04-12,P2P Lending,Konsumsi,7000000,3,2.98,7625800,Lancar,0,1
L1KRD002765,L1NSB01725,PLT001,2022-11-28,P2P Lending,Modal usaha,500000,12,1.88,612800,DPK,19,1
L1KRD002766,L1NSB01725,PLT001,2023-12-21,P2P Lending,Modal usaha,2000000,12,2.73,2655200,Kurang Lancar,41,0
L1KRD002767,L1NSB01725,PLT001,2023-03-16,P2P Lending,Modal usaha,3000000,6,1.62,3291600,DPK,14,1
L1KRD002768,L1NSB01727,PLT004,2022-10-03,Multifinance,Motor bekas,10000000,48,1.75,18400000,Lancar,0,0
L1KRD002769,L1NSB01728,PLT002,2022-11-25,P2P Lending,Pendidikan,5000000,6,3.46,6038000,Lancar,1,1
L1KRD002770,L1NSB01730,PLT004,2022-05-08,Multifinance,Motor bekas,25000000,12,1.91,30730000,Lancar,1,1
L1KRD002771,L1NSB01731,PLT005,2022-12-27,P2P Lending,Modal usaha,7000000,9,2.3,8449000,Lancar,1,1
L1KRD002772,L1NSB01731,PLT005,2022-07-14,P2P Lending,Konsumsi,7000000,9,3.13,8971900,Kurang Lancar,61,0
L1KRD002773,L1NSB01732,PLT004,2023-12-02,Multifinance,Mesin usaha,3000000,12,1.32,3475200,DPK,19,1
L1KRD002774,L1NSB01732,PLT004,2023-01-30,Multifinance,Refinancing,15000000,48,1.22,23784000,Kurang Lancar,62,0
L1KRD002775,L1NSB01733,PLT003,2022-04-25,Multifinance,Elektronik,20000000,36,1.9,33680000,Lancar,0,0
L1KRD002776,L1NSB01734,PLT005,2024-05-27,P2P Lending,Renovasi,10000000,3,1.86,10558000,Lancar,2,1
L1KRD002777,L1NSB01735,PLT003,2024-04-22,Multifinance,Elektronik,5000000,36,1.26,7268000,Lancar,0,0
L1KRD002778,L1NSB01735,PLT003,2022-11-25,Multifinance,Refinancing,7000000,24,1.89,10175200,Lancar,3,1
L1KRD002779,L1NSB01738,PLT004,2023-08-24,Multifinance,Motor bekas,5000000,48,1.69,9056000,Lancar,2,0
L1KRD002780,L1NSB01738,PLT004,2023-08-25,Multifinance,Motor baru,25000000,12,1.01,28030000,Lancar,0,1
L1KRD002781,L1NSB01739,PLT003,2022-05-10,Multifinance,Motor bekas,7000000,12,1.51,8268400,Lancar,1,1
L1KRD002782,L1NSB01739,PLT003,2022-02-01,Multifinance,Motor bekas,20000000,48,1.18,31328000,Lancar,2,0
L1KRD002783,L1NSB01739,PLT003,2024-05-16,Multifinance,Motor bekas,7000000,36,1.02,9570400,Lancar,3,0
L1KRD002784,L1NSB01739,PLT003,2022-03-10,Multifinance,Motor baru,15000000,18,1.35,18645000,DPK,19,1
L1KRD002785,L1NSB01740,PLT005,2022-12-03,P2P Lending,Pendidikan,1000000,9,1.95,1175500,Lancar,3,1
L1KRD002786,L1NSB01740,PLT005,2022-08-14,P2P Lending,Kesehatan,3000000,1,3.13,3093900,DPK,23,1
L1KRD002787,L1NSB01740,PLT005,2023-07-03,P2P Lending,Kesehatan,1000000,3,3.11,1093300,Lancar,1,1
L1KRD002788,L1NSB01740,PLT005,2023-08-24,P2P Lending,Kesehatan,2000000,9,1.72,2309600,Kurang Lancar,34,0
L1KRD002789,L1NSB01742,PLT002,2022-11-13,P2P Lending,Kesehatan,2000000,1,2.14,2042800,Lancar,3,1
L1KRD002790,L1NSB01743,PLT001,2023-07-14,P2P Lending,Kesehatan,3000000,6,3.31,3595800,Lancar,1,1
L1KRD002791,L1NSB01743,PLT001,2023-11-19,P2P Lending,Renovasi,5000000,1,2.99,5149500,Kurang Lancar,76,0
L1KRD002792,L1NSB01744,PLT002,2023-10-15,P2P Lending,Renovasi,1000000,1,2.57,1025700,DPK,27,1
L1KRD002793,L1NSB01746,PLT001,2022-10-23,P2P Lending,Modal usaha,3000000,3,3.45,3310500,DPK,5,1
L1KRD002794,L1NSB01747,PLT004,2022-04-25,Multifinance,Motor bekas,10000000,12,1.06,11272000,Lancar,1,1
L1KRD002795,L1NSB01747,PLT004,2023-05-05,Multifinance,Refinancing,25000000,12,1.1,28300000,DPK,19,1
L1KRD002796,L1NSB01748,PLT002,2023-10-22,P2P Lending,Modal usaha,3000000,3,3.2,3288000,Lancar,3,1
L1KRD002797,L1NSB01750,PLT002,2023-10-20,P2P Lending,Renovasi,7000000,9,2.94,8852200,Lancar,3,1
L1KRD002798,L1NSB01751,PLT001,2023-08-15,P2P Lending,Konsumsi,500000,3,2.41,536150,Lancar,1,1
L1KRD002799,L1NSB01751,PLT001,2024-01-08,P2P Lending,Konsumsi,5000000,1,2.81,5140500,Lancar,3,1
L1KRD002800,L1NSB01753,PLT002,2022-05-14,P2P Lending,Konsumsi,7000000,1,3.18,7222600,Lancar,1,1
L1KRD002801,L1NSB01753,PLT002,2022-09-27,P2P Lending,Konsumsi,5000000,1,3.2,5160000,Macet,200,0
L1KRD002802,L1NSB01754,PLT002,2022-08-10,P2P Lending,Modal usaha,2000000,9,2.43,2437400,Lancar,0,1
L1KRD002803,L1NSB01754,PLT002,2022-04-22,P2P Lending,Konsumsi,2000000,9,1.95,2351000,Lancar,1,1
L1KRD002804,L1NSB01756,PLT002,2023-01-13,P2P Lending,Modal usaha,5000000,1,2.73,5136500,Lancar,0,1
L1KRD002805,L1NSB01756,PLT002,2023-11-10,P2P Lending,Renovasi,5000000,12,2.51,6506000,Lancar,3,1
L1KRD002806,L1NSB01757,PLT005,2022-10-09,P2P Lending,Modal usaha,1000000,12,2.69,1322800,DPK,11,1
L1KRD002807,L1NSB01758,PLT001,2022-07-07,P2P Lending,Kesehatan,7000000,1,3.25,7227500,Lancar,0,1
L1KRD002808,L1NSB01758,PLT001,2023-01-13,P2P Lending,Konsumsi,500000,6,1.64,549200,Lancar,1,1
L1KRD002809,L1NSB01759,PLT004,2023-12-02,Multifinance,Elektronik,10000000,36,1.63,15868000,Lancar,2,0
L1KRD002810,L1NSB01760,PLT004,2022-01-08,Multifinance,Elektronik,5000000,18,1.36,6224000,Lancar,0,1
L1KRD002811,L1NSB01760,PLT004,2022-11-25,Multifinance,Mesin usaha,20000000,18,1.45,25220000,Lancar,3,1
L1KRD002812,L1NSB01760,PLT004,2023-04-11,Multifinance,Refinancing,25000000,24,1.88,36280000,Lancar,1,0
L1KRD002813,L1NSB01761,PLT002,2022-05-16,P2P Lending,Modal usaha,10000000,3,2.68,10804000,Lancar,2,1
L1KRD002814,L1NSB01761,PLT002,2022-08-30,P2P Lending,Renovasi,7000000,6,1.94,7814800,Lancar,3,1
L1KRD002815,L1NSB01761,PLT002,2023-02-28,P2P Lending,Kesehatan,1000000,1,2.37,1023700,Lancar,3,1
L1KRD002816,L1NSB01762,PLT005,2022-03-05,P2P Lending,Pendidikan,3000000,1,2.73,3081900,Kurang Lancar,36,0
L1KRD002817,L1NSB01762,PLT005,2024-04-01,P2P Lending,Pendidikan,7000000,1,2.32,7162400,Lancar,1,1
L1KRD002818,L1NSB01764,PLT001,2022-12-15,P2P Lending,Renovasi,3000000,9,3.03,3818100,Lancar,3,1
L1KRD002819,L1NSB01764,PLT001,2022-02-05,P2P Lending,Kesehatan,7000000,9,3.26,9053800,Kurang Lancar,60,0
L1KRD002820,L1NSB01764,PLT001,2024-02-20,P2P Lending,Konsumsi,3000000,1,1.88,3056400,DPK,29,1
L1KRD002821,L1NSB01765,PLT002,2024-02-04,P2P Lending,Renovasi,10000000,1,2.03,10203000,Lancar,1,1
L1KRD002822,L1NSB01765,PLT002,2023-04-18,P2P Lending,Kesehatan,2000000,12,3.38,2811200,Lancar,3,1
L1KRD002823,L1NSB01765,PLT002,2022-06-09,P2P Lending,Kesehatan,2000000,1,3.35,2067000,Kurang Lancar,33,0
L1KRD002824,L1NSB01766,PLT003,2022-09-13,Multifinance,Motor baru,5000000,24,1.29,6548000,Macet,128,0
L1KRD002825,L1NSB01766,PLT003,2022-08-18,Multifinance,Motor baru,15000000,18,1.07,17889000,Lancar,1,1
L1KRD002826,L1NSB01767,PLT002,2023-09-19,P2P Lending,Kesehatan,1000000,9,1.5,1135000,Lancar,3,1
L1KRD002827,L1NSB01767,PLT002,2022-09-08,P2P Lending,Renovasi,1000000,3,2.63,1078900,Lancar,0,1
L1KRD002828,L1NSB01767,PLT002,2024-04-09,P2P Lending,Konsumsi,1000000,3,2.59,1077700,Lancar,1,1
L1KRD002829,L1NSB01768,PLT002,2022-05-22,P2P Lending,Konsumsi,1000000,6,1.69,1101400,Lancar,3,1
L1KRD002830,L1NSB01769,PLT004,2024-05-25,Multifinance,Motor bekas,15000000,48,1.5,25800000,Lancar,3,0
L1KRD002831,L1NSB01770,PLT002,2024-01-23,P2P Lending,Kesehatan,1000000,9,2.3,1207000,Lancar,2,1
L1KRD002832,L1NSB01770,PLT002,2022-01-17,P2P Lending,Pendidikan,10000000,3,3.05,10915000,Lancar,1,1
L1KRD002833,L1NSB01771,PLT002,2023-09-26,P2P Lending,Konsumsi,3000000,3,3.23,3290700,Lancar,1,1
L1KRD002834,L1NSB01771,PLT002,2022-10-24,P2P Lending,Modal usaha,2000000,3,2.39,2143400,Lancar,1,1
L1KRD002835,L1NSB01771,PLT002,2024-02-11,P2P Lending,Kesehatan,5000000,1,3.33,5166500,Lancar,2,1
L1KRD002836,L1NSB01772,PLT004,2022-12-06,Multifinance,Elektronik,15000000,18,1.12,18024000,Lancar,1,1
L1KRD002837,L1NSB01773,PLT001,2022-11-20,P2P Lending,Renovasi,10000000,6,2.17,11302000,Lancar,2,1
L1KRD002838,L1NSB01774,PLT005,2022-05-19,P2P Lending,Modal usaha,1000000,9,2.26,1203400,Lancar,2,1
L1KRD002839,L1NSB01774,PLT005,2023-11-09,P2P Lending,Pendidikan,10000000,12,1.64,11968000,Lancar,1,1
L1KRD002840,L1NSB01774,PLT005,2023-09-22,P2P Lending,Modal usaha,2000000,6,1.79,2214800,Lancar,1,1
L1KRD002841,L1NSB01775,PLT005,2023-02-28,P2P Lending,Kesehatan,7000000,9,1.9,8197000,Lancar,0,1
L1KRD002842,L1NSB01776,PLT005,2022-09-12,P2P Lending,Pendidikan,500000,12,3.04,682400,Lancar,2,1
L1KRD002843,L1NSB01776,PLT005,2022-01-25,P2P Lending,Modal usaha,10000000,3,3.13,10939000,Lancar,3,1
L1KRD002844,L1NSB01777,PLT001,2022-04-16,P2P Lending,Modal usaha,1000000,9,2.98,1268200,DPK,4,1
L1KRD002845,L1NSB01777,PLT001,2023-05-10,P2P Lending,Renovasi,1000000,1,3.04,1030400,Lancar,1,1
L1KRD002846,L1NSB01778,PLT003,2022-08-12,Multifinance,Motor baru,15000000,12,1.84,18312000,Lancar,0,1
L1KRD002847,L1NSB01778,PLT003,2024-04-18,Multifinance,Motor baru,15000000,18,1.11,17997000,Lancar,3,0
L1KRD002848,L1NSB01780,PLT005,2023-04-22,P2P Lending,Pendidikan,5000000,12,3.19,6914000,Lancar,0,1
L1KRD002849,L1NSB01782,PLT005,2022-05-23,P2P Lending,Konsumsi,5000000,6,3.34,6002000,Lancar,1,1
L1KRD002850,L1NSB01783,PLT004,2023-08-19,Multifinance,Motor bekas,3000000,24,1.66,4195200,Macet,117,0
L1KRD002851,L1NSB01783,PLT004,2023-01-04,Multifinance,Refinancing,15000000,18,1.95,20265000,Lancar,0,1
L1KRD002852,L1NSB01784,PLT002,2022-12-04,P2P Lending,Pendidikan,2000000,6,3.08,2369600,Lancar,2,1
L1KRD002853,L1NSB01784,PLT002,2023-02-19,P2P Lending,Kesehatan,500000,6,2.47,574100,Lancar,2,1
L1KRD002854,L1NSB01784,PLT002,2024-05-07,P2P Lending,Konsumsi,5000000,1,1.53,5076500,Lancar,0,1
L1KRD002855,L1NSB01785,PLT001,2023-09-10,P2P Lending,Pendidikan,3000000,1,2.97,3089100,Lancar,2,1
L1KRD002856,L1NSB01785,PLT001,2022-06-14,P2P Lending,Kesehatan,2000000,1,3.4,2068000,Lancar,2,1
L1KRD002857,L1NSB01786,PLT005,2024-05-10,P2P Lending,Konsumsi,1000000,3,1.94,1058200,Lancar,0,1
L1KRD002858,L1NSB01787,PLT005,2024-04-20,P2P Lending,Kesehatan,2000000,3,2.87,2172200,Lancar,0,1
L1KRD002859,L1NSB01787,PLT005,2024-01-22,P2P Lending,Kesehatan,10000000,3,2.63,10789000,Lancar,1,1
L1KRD002860,L1NSB01788,PLT005,2023-11-06,P2P Lending,Pendidikan,2000000,9,1.8,2324000,Lancar,2,1
L1KRD002861,L1NSB01788,PLT005,2023-06-19,P2P Lending,Kesehatan,10000000,1,2.35,10235000,Lancar,0,1
L1KRD002862,L1NSB01789,PLT001,2022-05-26,P2P Lending,Modal usaha,2000000,3,2.77,2166200,Lancar,3,1
L1KRD002863,L1NSB01789,PLT001,2023-12-21,P2P Lending,Renovasi,10000000,12,2.14,12568000,Lancar,2,0
L1KRD002864,L1NSB01789,PLT001,2022-12-10,P2P Lending,Pendidikan,7000000,6,2.04,7856800,Lancar,1,1
L1KRD002865,L1NSB01790,PLT003,2022-01-11,Multifinance,Motor bekas,25000000,36,1.78,41020000,Lancar,3,0
L1KRD002866,L1NSB01791,PLT001,2024-03-08,P2P Lending,Pendidikan,10000000,6,2.09,11254000,Lancar,0,1
L1KRD002867,L1NSB01791,PLT001,2023-09-08,P2P Lending,Kesehatan,5000000,12,3.44,7064000,Lancar,1,1
L1KRD002868,L1NSB01792,PLT001,2022-08-12,P2P Lending,Kesehatan,1000000,3,3.15,1094500,Lancar,2,1
L1KRD002869,L1NSB01792,PLT001,2022-11-24,P2P Lending,Konsumsi,10000000,12,2.52,13024000,Lancar,3,1
L1KRD002870,L1NSB01792,PLT001,2022-06-20,P2P Lending,Modal usaha,2000000,6,3.26,2391200,Kurang Lancar,51,0
L1KRD002871,L1NSB01792,PLT001,2023-09-11,P2P Lending,Modal usaha,7000000,6,3.11,8306200,Macet,273,0
L1KRD002872,L1NSB01793,PLT005,2022-03-10,P2P Lending,Pendidikan,2000000,12,2.17,2520800,Macet,211,0
L1KRD002873,L1NSB01793,PLT005,2024-02-28,P2P Lending,Renovasi,10000000,1,2.71,10271000,Kurang Lancar,36,0
L1KRD002874,L1NSB01793,PLT005,2024-03-03,P2P Lending,Konsumsi,7000000,3,1.71,7359100,Lancar,3,1
L1KRD002875,L1NSB01795,PLT005,2023-11-05,P2P Lending,Modal usaha,3000000,9,1.51,3407700,Lancar,2,1
L1KRD002876,L1NSB01795,PLT005,2022-05-04,P2P Lending,Modal usaha,3000000,1,2.58,3077400,Lancar,2,1
L1KRD002877,L1NSB01795,PLT005,2023-10-17,P2P Lending,Pendidikan,10000000,12,3.38,14056000,Lancar,2,1
L1KRD002878,L1NSB01795,PLT005,2023-01-05,P2P Lending,Kesehatan,2000000,1,1.68,2033600,Kurang Lancar,56,0
L1KRD002879,L1NSB01796,PLT005,2023-05-05,P2P Lending,Pendidikan,500000,1,3.45,517250,Lancar,0,1
L1KRD002880,L1NSB01798,PLT002,2022-04-01,P2P Lending,Renovasi,10000000,12,2.12,12544000,Kurang Lancar,33,0
L1KRD002881,L1NSB01798,PLT002,2022-07-22,P2P Lending,Modal usaha,3000000,9,3.46,3934200,Lancar,1,1
L1KRD002882,L1NSB01799,PLT003,2023-07-25,Multifinance,Elektronik,3000000,24,1.58,4137600,Lancar,0,0
L1KRD002883,L1NSB01799,PLT003,2022-11-28,Multifinance,Motor baru,20000000,48,1.57,35072000,Lancar,2,0
L1KRD002884,L1NSB01800,PLT005,2023-09-15,P2P Lending,Modal usaha,500000,1,2.25,511250,Lancar,3,1
L1KRD002885,L1NSB01800,PLT005,2024-02-22,P2P Lending,Modal usaha,500000,9,1.83,582350,Macet,248,0
L1KRD002886,L1NSB01801,PLT004,2024-03-05,Multifinance,Motor baru,20000000,18,1.87,26732000,Lancar,1,0
L1KRD002887,L1NSB01801,PLT004,2024-04-30,Multifinance,Refinancing,15000000,36,1.51,23154000,Lancar,1,0
L1KRD002888,L1NSB01802,PLT002,2022-07-22,P2P Lending,Pendidikan,7000000,12,2.32,8948800,Lancar,2,1
L1KRD002889,L1NSB01802,PLT002,2022-04-26,P2P Lending,Pendidikan,10000000,12,3.08,13696000,DPK,8,1
L1KRD002890,L1NSB01803,PLT003,2023-05-27,Multifinance,Mesin usaha,15000000,48,1.31,24432000,DPK,8,0
L1KRD002891,L1NSB01803,PLT003,2024-02-12,Multifinance,Motor baru,20000000,18,1.66,25976000,Lancar,0,0
L1KRD002892,L1NSB01804,PLT003,2022-11-15,Multifinance,Refinancing,20000000,18,1.51,25436000,Lancar,0,1
L1KRD002893,L1NSB01806,PLT004,2022-01-14,Multifinance,Elektronik,3000000,18,1.68,3907200,Kurang Lancar,31,0
L1KRD002894,L1NSB01806,PLT004,2022-11-23,Multifinance,Motor bekas,10000000,36,1.24,14464000,Lancar,0,0
L1KRD002895,L1NSB01807,PLT002,2022-07-11,P2P Lending,Konsumsi,500000,12,3.49,709400,DPK,4,1
L1KRD002896,L1NSB01808,PLT005,2023-01-21,P2P Lending,Kesehatan,7000000,12,2.78,9335200,Macet,119,0
L1KRD002897,L1NSB01809,PLT004,2023-02-06,Multifinance,Mesin usaha,25000000,36,1.37,37330000,Lancar,1,0
L1KRD002898,L1NSB01810,PLT001,2023-09-15,P2P Lending,Pendidikan,500000,3,2.52,537800,Lancar,2,1
L1KRD002899,L1NSB01810,PLT001,2023-01-29,P2P Lending,Kesehatan,500000,3,2.03,530450,Lancar,1,1
L1KRD002900,L1NSB01811,PLT005,2022-01-22,P2P Lending,Konsumsi,7000000,6,2.45,8029000,Lancar,1,1
L1KRD002901,L1NSB01812,PLT002,2024-01-24,P2P Lending,Konsumsi,10000000,3,2.71,10813000,Lancar,0,1
L1KRD002902,L1NSB01813,PLT002,2022-05-01,P2P Lending,Kesehatan,7000000,1,1.66,7116200,Lancar,2,1
L1KRD002903,L1NSB01813,PLT002,2023-09-04,P2P Lending,Renovasi,3000000,3,3.28,3295200,Lancar,3,1
L1KRD002904,L1NSB01814,PLT003,2023-04-25,Multifinance,Refinancing,10000000,18,1.47,12646000,Lancar,2,1
L1KRD002905,L1NSB01814,PLT003,2023-06-10,Multifinance,Motor baru,7000000,48,1.21,11065600,Lancar,2,0
L1KRD002906,L1NSB01814,PLT003,2022-08-09,Multifinance,Refinancing,3000000,36,1.28,4382400,Kurang Lancar,69,0
L1KRD002907,L1NSB01815,PLT004,2023-10-24,Multifinance,Motor bekas,10000000,48,1.07,15136000,Lancar,0,0
L1KRD002908,L1NSB01815,PLT004,2022-05-31,Multifinance,Motor baru,10000000,48,1.57,17536000,Kurang Lancar,57,0
L1KRD002909,L1NSB01816,PLT002,2022-11-08,P2P Lending,Renovasi,2000000,3,1.55,2093000,Kurang Lancar,58,0
L1KRD002910,L1NSB01816,PLT002,2023-05-14,P2P Lending,Kesehatan,10000000,1,3.08,10308000,Lancar,1,1
L1KRD002911,L1NSB01817,PLT005,2023-10-29,P2P Lending,Modal usaha,10000000,12,3.04,13648000,Lancar,3,1
L1KRD002912,L1NSB01817,PLT005,2024-04-17,P2P Lending,Renovasi,5000000,6,2.49,5747000,Lancar,1,1
L1KRD002913,L1NSB01820,PLT005,2023-07-24,P2P Lending,Pendidikan,500000,6,2.14,564200,Lancar,1,1
L1KRD002914,L1NSB01820,PLT005,2022-12-31,P2P Lending,Konsumsi,10000000,12,2.9,13480000,DPK,19,1
L1KRD002915,L1NSB01820,PLT005,2022-04-29,P2P Lending,Kesehatan,3000000,9,3.13,3845100,Lancar,2,1
L1KRD002916,L1NSB01821,PLT002,2022-09-26,P2P Lending,Modal usaha,2000000,3,3.04,2182400,Lancar,3,1
L1KRD002917,L1NSB01822,PLT004,2024-03-24,Multifinance,Motor baru,20000000,48,1.36,33056000,Lancar,0,0
L1KRD002918,L1NSB01823,PLT005,2022-03-05,P2P Lending,Pendidikan,3000000,3,1.98,3178200,Lancar,0,1
L1KRD002919,L1NSB01823,PLT005,2024-05-12,P2P Lending,Modal usaha,5000000,3,2.83,5424500,Lancar,1,1
L1KRD002920,L1NSB01823,PLT005,2023-12-03,P2P Lending,Konsumsi,2000000,12,1.63,2391200,Lancar,1,1
L1KRD002921,L1NSB01823,PLT005,2022-08-25,P2P Lending,Kesehatan,5000000,1,2.86,5143000,Lancar,0,1
L1KRD002922,L1NSB01824,PLT003,2022-08-28,Multifinance,Refinancing,20000000,18,1.77,26372000,Lancar,2,1
L1KRD002923,L1NSB01824,PLT003,2023-09-21,Multifinance,Refinancing,10000000,18,1.28,12304000,Lancar,3,0
L1KRD002924,L1NSB01824,PLT003,2023-04-11,Multifinance,Elektronik,25000000,36,1.31,36790000,DPK,19,0
L1KRD002925,L1NSB01825,PLT005,2023-02-10,P2P Lending,Konsumsi,5000000,9,2.6,6170000,DPK,26,1
L1KRD002926,L1NSB01825,PLT005,2024-03-10,P2P Lending,Renovasi,7000000,1,1.67,7116900,Lancar,2,1
L1KRD002927,L1NSB01825,PLT005,2022-03-15,P2P Lending,Renovasi,5000000,1,2.0,5100000,Lancar,3,1
L1KRD002928,L1NSB01825,PLT005,2023-08-18,P2P Lending,Kesehatan,10000000,6,2.28,11368000,Lancar,2,1
L1KRD002929,L1NSB01826,PLT001,2022-07-23,P2P Lending,Kesehatan,5000000,12,1.78,6068000,Lancar,0,1
L1KRD002930,L1NSB01826,PLT001,2024-01-20,P2P Lending,Konsumsi,2000000,3,2.68,2160800,DPK,24,1
L1KRD002931,L1NSB01827,PLT002,2022-10-25,P2P Lending,Renovasi,2000000,3,1.56,2093600,Kurang Lancar,89,0
L1KRD002932,L1NSB01828,PLT001,2023-12-07,P2P Lending,Kesehatan,3000000,9,2.2,3594000,Kurang Lancar,43,0
L1KRD002933,L1NSB01828,PLT001,2023-11-09,P2P Lending,Kesehatan,10000000,6,1.59,10954000,Lancar,0,1
L1KRD002934,L1NSB01828,PLT001,2024-04-30,P2P Lending,Renovasi,10000000,12,2.78,13336000,Lancar,1,0
L1KRD002935,L1NSB01829,PLT005,2024-05-28,P2P Lending,Konsumsi,5000000,6,2.52,5756000,Lancar,0,1
L1KRD002936,L1NSB01831,PLT001,2022-04-18,P2P Lending,Pendidikan,5000000,12,3.02,6812000,Lancar,1,1
L1KRD002937,L1NSB01831,PLT001,2022-03-24,P2P Lending,Pendidikan,10000000,9,1.78,11602000,Lancar,3,1
L1KRD002938,L1NSB01832,PLT005,2022-02-21,P2P Lending,Pendidikan,2000000,6,1.65,2198000,Lancar,1,1
L1KRD002939,L1NSB01833,PLT005,2022-06-08,P2P Lending,Kesehatan,3000000,12,2.64,3950400,Lancar,2,1
L1KRD002940,L1NSB01833,PLT005,2024-03-26,P2P Lending,Kesehatan,10000000,1,2.93,10293000,DPK,16,1
L1KRD002941,L1NSB01833,PLT005,2024-02-25,P2P Lending,Pendidikan,10000000,12,1.96,12352000,Lancar,0,0
L1KRD002942,L1NSB01834,PLT004,2024-01-21,Multifinance,Motor bekas,3000000,12,1.79,3644400,Lancar,3,0
L1KRD002943,L1NSB01835,PLT003,2022-07-16,Multifinance,Motor baru,7000000,24,1.21,9032800,Lancar,0,1
L1KRD002944,L1NSB01835,PLT003,2023-05-19,Multifinance,Motor bekas,10000000,36,1.6,15760000,DPK,23,0
L1KRD002945,L1NSB01837,PLT003,2022-11-12,Multifinance,Mesin usaha,10000000,18,1.94,13492000,Lancar,2,1
L1KRD002946,L1NSB01837,PLT003,2024-02-13,Multifinance,Motor bekas,25000000,36,1.87,41830000,Lancar,2,0
L1KRD002947,L1NSB01837,PLT003,2022-03-31,Multifinance,Motor bekas,5000000,48,1.03,7472000,Lancar,2,0
L1KRD002948,L1NSB01838,PLT005,2022-05-30,P2P Lending,Konsumsi,10000000,1,3.29,10329000,Lancar,0,1
L1KRD002949,L1NSB01838,PLT005,2022-06-19,P2P Lending,Renovasi,500000,6,2.27,568100,Lancar,0,1
L1KRD002950,L1NSB01838,PLT005,2023-10-07,P2P Lending,Modal usaha,5000000,1,2.43,5121500,Lancar,3,1
L1KRD002951,L1NSB01838,PLT005,2022-08-30,P2P Lending,Kesehatan,1000000,12,2.56,1307200,Lancar,3,1
L1KRD002952,L1NSB01839,PLT002,2023-06-04,P2P Lending,Kesehatan,3000000,12,2.87,4033200,Lancar,3,1
L1KRD002953,L1NSB01839,PLT002,2022-07-06,P2P Lending,Modal usaha,5000000,12,1.71,6026000,Lancar,1,1
L1KRD002954,L1NSB01840,PLT002,2022-01-26,P2P Lending,Kesehatan,500000,3,1.92,528800,DPK,30,1
L1KRD002955,L1NSB01840,PLT002,2022-08-15,P2P Lending,Konsumsi,500000,3,2.08,531200,Lancar,1,1
L1KRD002956,L1NSB01840,PLT002,2024-02-12,P2P Lending,Kesehatan,1000000,3,2.51,1075300,Lancar,0,1
L1KRD002957,L1NSB01840,PLT002,2022-11-26,P2P Lending,Modal usaha,2000000,12,2.59,2621600,Lancar,0,1
L1KRD002958,L1NSB01841,PLT005,2024-04-18,P2P Lending,Kesehatan,7000000,1,2.95,7206500,Lancar,0,1
L1KRD002959,L1NSB01842,PLT003,2022-11-03,Multifinance,Refinancing,10000000,12,1.27,11524000,Lancar,0,1
L1KRD002960,L1NSB01842,PLT003,2022-12-14,Multifinance,Motor bekas,25000000,24,1.03,31180000,Lancar,2,0
L1KRD002961,L1NSB01844,PLT001,2022-02-10,P2P Lending,Kesehatan,2000000,6,1.91,2229200,Lancar,1,1
L1KRD002962,L1NSB01844,PLT001,2022-03-26,P2P Lending,Pendidikan,5000000,9,2.67,6201500,Lancar,1,1
L1KRD002963,L1NSB01844,PLT001,2023-05-22,P2P Lending,Kesehatan,3000000,3,2.31,3207900,Lancar,1,1
L1KRD002964,L1NSB01845,PLT005,2023-01-15,P2P Lending,Pendidikan,1000000,9,2.7,1243000,Lancar,3,1
L1KRD002965,L1NSB01845,PLT005,2024-04-06,P2P Lending,Kesehatan,7000000,1,2.92,7204400,Lancar,0,1
L1KRD002966,L1NSB01846,PLT005,2023-01-18,P2P Lending,Renovasi,5000000,12,2.85,6710000,Lancar,1,1
L1KRD002967,L1NSB01846,PLT005,2022-08-09,P2P Lending,Modal usaha,3000000,9,2.29,3618300,Lancar,2,1
L1KRD002968,L1NSB01847,PLT005,2022-10-14,P2P Lending,Modal usaha,7000000,9,3.06,8927800,Lancar,3,1
L1KRD002969,L1NSB01847,PLT005,2022-07-18,P2P Lending,Renovasi,10000000,1,3.38,10338000,Lancar,1,1
L1KRD002970,L1NSB01849,PLT005,2023-12-31,P2P Lending,Konsumsi,500000,12,2.08,624800,DPK,15,0
L1KRD002971,L1NSB01849,PLT005,2022-09-13,P2P Lending,Pendidikan,500000,1,1.83,509150,Lancar,0,1
L1KRD002972,L1NSB01850,PLT001,2022-03-26,P2P Lending,Pendidikan,500000,6,1.54,546200,DPK,24,1
L1KRD002973,L1NSB01850,PLT001,2024-03-09,P2P Lending,Kesehatan,1000000,9,1.67,1150300,Lancar,2,0
L1KRD002974,L1NSB01853,PLT005,2022-12-25,P2P Lending,Renovasi,5000000,6,3.1,5930000,Lancar,2,1
L1KRD002975,L1NSB01855,PLT004,2022-01-08,Multifinance,Mesin usaha,25000000,48,1.33,40960000,Macet,199,0
L1KRD002976,L1NSB01855,PLT004,2023-01-30,Multifinance,Mesin usaha,5000000,18,1.58,6422000,Lancar,1,1
L1KRD002977,L1NSB01855,PLT004,2022-05-27,Multifinance,Elektronik,7000000,48,1.86,13249600,Kurang Lancar,79,0
L1KRD002978,L1NSB01856,PLT005,2023-02-05,P2P Lending,Modal usaha,5000000,9,3.38,6521000,Lancar,0,1
L1KRD002979,L1NSB01857,PLT002,2024-05-08,P2P Lending,Kesehatan,3000000,3,3.09,3278100,DPK,5,1
L1KRD002980,L1NSB01858,PLT005,2022-09-03,P2P Lending,Renovasi,3000000,3,3.49,3314100,Lancar,1,1
L1KRD002981,L1NSB01859,PLT004,2022-08-26,Multifinance,Refinancing,3000000,36,1.62,4749600,Kurang Lancar,57,0
L1KRD002982,L1NSB01859,PLT004,2022-09-29,Multifinance,Mesin usaha,3000000,12,1.8,3648000,Lancar,1,1
L1KRD002983,L1NSB01859,PLT004,2022-06-22,Multifinance,Elektronik,5000000,12,1.76,6056000,Lancar,2,1
L1KRD002984,L1NSB01859,PLT004,2024-02-25,Multifinance,Elektronik,5000000,18,1.52,6368000,Lancar,2,0
L1KRD002985,L1NSB01860,PLT002,2023-02-23,P2P Lending,Renovasi,5000000,12,1.53,5918000,Lancar,0,1
L1KRD002986,L1NSB01860,PLT002,2023-01-18,P2P Lending,Kesehatan,7000000,9,2.91,8833300,DPK,19,1
L1KRD002987,L1NSB01862,PLT004,2022-11-08,Multifinance,Mesin usaha,25000000,12,1.32,28960000,Lancar,2,1
L1KRD002988,L1NSB01862,PLT004,2022-03-04,Multifinance,Motor baru,25000000,24,1.4,33400000,Lancar,1,1
L1KRD002989,L1NSB01862,PLT004,2022-01-25,Multifinance,Mesin usaha,20000000,24,1.83,28784000,Lancar,3,1
L1KRD002990,L1NSB01863,PLT003,2022-10-20,Multifinance,Motor baru,15000000,24,1.2,19320000,Lancar,0,1
L1KRD002991,L1NSB01863,PLT003,2023-05-28,Multifinance,Elektronik,3000000,48,1.31,4886400,Lancar,2,0
L1KRD002992,L1NSB01865,PLT001,2024-02-11,P2P Lending,Kesehatan,5000000,12,2.43,6458000,DPK,4,0
L1KRD002993,L1NSB01866,PLT005,2022-10-15,P2P Lending,Pendidikan,500000,1,1.51,507550,Lancar,0,1
L1KRD002994,L1NSB01866,PLT005,2024-03-17,P2P Lending,Renovasi,10000000,12,2.63,13156000,Lancar,1,0
L1KRD002995,L1NSB01866,PLT005,2022-06-21,P2P Lending,Konsumsi,5000000,9,1.82,5819000,Lancar,2,1
L1KRD002996,L1NSB01866,PLT005,2024-01-04,P2P Lending,Renovasi,5000000,12,2.13,6278000,Lancar,2,0
L1KRD002997,L1NSB01867,PLT005,2024-04-27,P2P Lending,Renovasi,2000000,1,1.6,2032000,Lancar,0,1
L1KRD002998,L1NSB01867,PLT005,2022-06-12,P2P Lending,Kesehatan,5000000,9,2.87,6291500,DPK,16,1
L1KRD002999,L1NSB01867,PLT005,2022-05-21,P2P Lending,Konsumsi,5000000,6,2.75,5825000,Lancar,1,1
L1KRD003000,L1NSB01868,PLT001,2022-08-13,P2P Lending,Renovasi,10000000,6,1.73,11038000,DPK,7,1
L1KRD003001,L1NSB01868,PLT001,2022-02-22,P2P Lending,Renovasi,7000000,1,3.09,7216300,Lancar,1,1
L1KRD003002,L1NSB01868,PLT001,2023-06-12,P2P Lending,Pendidikan,2000000,12,2.32,2556800,Lancar,3,1
L1KRD003003,L1NSB01868,PLT001,2022-05-08,P2P Lending,Kesehatan,10000000,6,2.87,11722000,Macet,132,0
L1KRD003004,L1NSB01869,PLT005,2022-09-18,P2P Lending,Konsumsi,1000000,9,1.56,1140400,Lancar,0,1
L1KRD003005,L1NSB01869,PLT005,2023-02-27,P2P Lending,Konsumsi,10000000,6,2.9,11740000,Lancar,3,1
L1KRD003006,L1NSB01870,PLT001,2023-10-26,P2P Lending,Pendidikan,500000,1,1.53,507650,Lancar,0,1
L1KRD003007,L1NSB01871,PLT003,2023-02-24,Multifinance,Motor baru,25000000,12,1.87,30610000,Lancar,3,1
L1KRD003008,L1NSB01873,PLT003,2022-10-11,Multifinance,Mesin usaha,10000000,24,1.76,14224000,Lancar,1,1
L1KRD003009,L1NSB01873,PLT003,2022-02-09,Multifinance,Refinancing,3000000,24,1.73,4245600,DPK,22,1
L1KRD003010,L1NSB01873,PLT003,2023-10-12,Multifinance,Motor baru,10000000,18,1.33,12394000,Lancar,2,0
L1KRD003011,L1NSB01875,PLT002,2022-06-13,P2P Lending,Modal usaha,10000000,9,3.35,13015000,DPK,25,1
L1KRD003012,L1NSB01875,PLT002,2022-04-16,P2P Lending,Modal usaha,2000000,3,2.72,2163200,Lancar,0,1
L1KRD003013,L1NSB01876,PLT004,2023-12-28,Multifinance,Motor baru,10000000,24,1.77,14248000,DPK,23,0
L1KRD003014,L1NSB01876,PLT004,2022-07-26,Multifinance,Motor bekas,20000000,18,1.93,26948000,Kurang Lancar,53,0
L1KRD003015,L1NSB01878,PLT002,2022-01-02,P2P Lending,Modal usaha,7000000,1,3.18,7222600,Lancar,2,1
L1KRD003016,L1NSB01879,PLT001,2022-03-13,P2P Lending,Modal usaha,5000000,1,1.91,5095500,Lancar,0,1
L1KRD003017,L1NSB01879,PLT001,2023-08-04,P2P Lending,Konsumsi,500000,12,3.03,681800,Lancar,0,1
L1KRD003018,L1NSB01879,PLT001,2022-01-29,P2P Lending,Pendidikan,3000000,9,3.24,3874800,Lancar,0,1
L1KRD003019,L1NSB01880,PLT002,2024-05-17,P2P Lending,Pendidikan,1000000,9,3.11,1279900,Lancar,1,0
L1KRD003020,L1NSB01880,PLT002,2024-01-01,P2P Lending,Modal usaha,7000000,9,2.57,8619100,Lancar,2,1
L1KRD003021,L1NSB01881,PLT001,2022-03-06,P2P Lending,Renovasi,3000000,12,3.1,4116000,Lancar,2,1
L1KRD003022,L1NSB01881,PLT001,2023-03-02,P2P Lending,Kesehatan,3000000,9,2.91,3785700,Lancar,0,1
L1KRD003023,L1NSB01882,PLT002,2022-05-06,P2P Lending,Pendidikan,500000,9,2.83,627350,Lancar,0,1
L1KRD003024,L1NSB01882,PLT002,2022-08-01,P2P Lending,Konsumsi,2000000,1,3.43,2068600,Lancar,2,1
L1KRD003025,L1NSB01882,PLT002,2023-11-09,P2P Lending,Pendidikan,5000000,9,2.64,6188000,Lancar,3,1
L1KRD003026,L1NSB01882,PLT002,2022-02-22,P2P Lending,Modal usaha,3000000,12,1.85,3666000,Lancar,0,1
L1KRD003027,L1NSB01883,PLT003,2023-12-28,Multifinance,Motor baru,20000000,36,1.27,29144000,Lancar,3,0
L1KRD003028,L1NSB01884,PLT002,2022-01-03,P2P Lending,Modal usaha,1000000,1,3.25,1032500,Lancar,3,1
L1KRD003029,L1NSB01886,PLT001,2022-01-13,P2P Lending,Kesehatan,7000000,9,2.52,8587600,Kurang Lancar,47,0
L1KRD003030,L1NSB01886,PLT001,2023-01-22,P2P Lending,Renovasi,500000,12,2.08,624800,Kurang Lancar,43,0
L1KRD003031,L1NSB01888,PLT001,2022-05-12,P2P Lending,Renovasi,1000000,12,3.04,1364800,Lancar,2,1
L1KRD003032,L1NSB01888,PLT001,2023-04-07,P2P Lending,Kesehatan,500000,3,3.21,548150,Lancar,2,1
L1KRD003033,L1NSB01888,PLT001,2023-07-20,P2P Lending,Kesehatan,500000,3,3.09,546350,Lancar,2,1
L1KRD003034,L1NSB01889,PLT004,2023-01-14,Multifinance,Elektronik,3000000,24,1.66,4195200,Macet,288,0
L1KRD003035,L1NSB01890,PLT001,2023-04-04,P2P Lending,Pendidikan,7000000,9,2.32,8461600,Lancar,2,1
L1KRD003036,L1NSB01891,PLT002,2024-04-16,P2P Lending,Konsumsi,5000000,3,2.02,5303000,Lancar,3,1
L1KRD003037,L1NSB01891,PLT002,2024-05-06,P2P Lending,Modal usaha,3000000,12,2.55,3918000,Lancar,1,0
L1KRD003038,L1NSB01892,PLT004,2023-02-19,Multifinance,Motor bekas,3000000,36,1.96,5116800,Macet,357,0
L1KRD003039,L1NSB01892,PLT004,2023-10-09,Multifinance,Refinancing,5000000,12,1.75,6050000,Lancar,1,1
L1KRD003040,L1NSB01893,PLT002,2024-01-24,P2P Lending,Kesehatan,1000000,3,2.57,1077100,Lancar,3,1
L1KRD003041,L1NSB01893,PLT002,2022-09-26,P2P Lending,Modal usaha,2000000,1,1.65,2033000,Lancar,3,1
L1KRD003042,L1NSB01893,PLT002,2023-11-01,P2P Lending,Renovasi,500000,3,2.53,537950,Lancar,1,1
L1KRD003043,L1NSB01894,PLT001,2022-12-14,P2P Lending,Konsumsi,5000000,12,1.96,6176000,DPK,5,1
L1KRD003044,L1NSB01895,PLT001,2024-01-10,P2P Lending,Konsumsi,2000000,12,2.59,2621600,Lancar,3,0
L1KRD003045,L1NSB01895,PLT001,2024-01-25,P2P Lending,Modal usaha,1000000,12,2.5,1300000,Lancar,3,0
L1KRD003046,L1NSB01895,PLT001,2023-09-20,P2P Lending,Pendidikan,2000000,12,3.24,2777600,DPK,23,1
L1KRD003047,L1NSB01895,PLT001,2023-10-13,P2P Lending,Pendidikan,3000000,12,1.51,3543600,Kurang Lancar,90,0
L1KRD003048,L1NSB01896,PLT003,2023-12-22,Multifinance,Mesin usaha,15000000,12,1.99,18582000,Lancar,3,0
L1KRD003049,L1NSB01897,PLT001,2023-02-28,P2P Lending,Modal usaha,2000000,1,1.79,2035800,Lancar,1,1
L1KRD003050,L1NSB01897,PLT001,2023-09-10,P2P Lending,Pendidikan,500000,3,2.31,534650,Lancar,2,1
L1KRD003051,L1NSB01897,PLT001,2023-01-27,P2P Lending,Modal usaha,5000000,6,1.85,5555000,Lancar,1,1
L1KRD003052,L1NSB01897,PLT001,2022-11-21,P2P Lending,Modal usaha,1000000,6,3.13,1187800,Lancar,0,1
L1KRD003053,L1NSB01899,PLT004,2023-04-18,Multifinance,Motor bekas,5000000,36,1.19,7142000,Lancar,0,0
L1KRD003054,L1NSB01899,PLT004,2022-02-14,Multifinance,Motor baru,20000000,24,1.65,27920000,Lancar,2,1
L1KRD003055,L1NSB01899,PLT004,2022-02-04,Multifinance,Refinancing,25000000,12,1.17,28510000,Lancar,3,1
L1KRD003056,L1NSB01900,PLT004,2022-03-31,Multifinance,Elektronik,10000000,12,1.95,12340000,Lancar,0,1
L1KRD003057,L1NSB01901,PLT004,2024-04-24,Multifinance,Refinancing,15000000,12,1.47,17646000,Lancar,0,0
L1KRD003058,L1NSB01901,PLT004,2023-09-17,Multifinance,Elektronik,15000000,18,1.49,19023000,Lancar,3,0
L1KRD003059,L1NSB01901,PLT004,2024-04-12,Multifinance,Mesin usaha,5000000,18,1.21,6089000,Lancar,3,0
L1KRD003060,L1NSB01901,PLT004,2022-09-05,Multifinance,Motor bekas,7000000,24,1.13,8898400,Lancar,1,1
L1KRD003061,L1NSB01902,PLT005,2022-04-12,P2P Lending,Modal usaha,7000000,9,2.41,8518300,Lancar,1,1
L1KRD003062,L1NSB01902,PLT005,2024-03-08,P2P Lending,Pendidikan,7000000,6,2.88,8209600,Lancar,2,1
L1KRD003063,L1NSB01903,PLT003,2023-12-14,Multifinance,Refinancing,3000000,12,1.56,3561600,Lancar,1,0
L1KRD003064,L1NSB01904,PLT003,2023-11-25,Multifinance,Motor baru,7000000,36,1.79,11510800,Lancar,3,0
L1KRD003065,L1NSB01905,PLT003,2022-08-02,Multifinance,Refinancing,5000000,48,1.01,7424000,Lancar,2,0
L1KRD003066,L1NSB01906,PLT004,2023-12-02,Multifinance,Motor baru,5000000,36,1.93,8474000,DPK,26,0
L1KRD003067,L1NSB01908,PLT002,2022-06-30,P2P Lending,Konsumsi,10000000,3,2.16,10648000,Lancar,3,1
L1KRD003068,L1NSB01908,PLT002,2022-04-06,P2P Lending,Konsumsi,1000000,3,2.13,1063900,Lancar,2,1
L1KRD003069,L1NSB01910,PLT004,2022-10-10,Multifinance,Motor baru,10000000,18,1.98,13564000,Lancar,1,1
L1KRD003070,L1NSB01911,PLT001,2023-08-23,P2P Lending,Modal usaha,3000000,3,2.4,3216000,DPK,30,1
L1KRD003071,L1NSB01911,PLT001,2022-04-21,P2P Lending,Renovasi,7000000,12,1.57,8318800,DPK,21,1
L1KRD003072,L1NSB01912,PLT002,2023-06-26,P2P Lending,Kesehatan,2000000,9,3.17,2570600,Lancar,1,1
L1KRD003073,L1NSB01913,PLT002,2022-05-06,P2P Lending,Pendidikan,10000000,6,3.26,11956000,Lancar,3,1
L1KRD003074,L1NSB01914,PLT003,2022-03-16,Multifinance,Mesin usaha,3000000,36,1.99,5149200,Lancar,3,0
L1KRD003075,L1NSB01915,PLT005,2024-01-24,P2P Lending,Konsumsi,5000000,9,1.97,5886500,Lancar,2,1
L1KRD003076,L1NSB01915,PLT005,2022-12-24,P2P Lending,Modal usaha,500000,3,2.89,543350,Lancar,2,1
L1KRD003077,L1NSB01915,PLT005,2023-06-08,P2P Lending,Kesehatan,10000000,3,2.29,10687000,DPK,28,1
L1KRD003078,L1NSB01915,PLT005,2024-02-28,P2P Lending,Konsumsi,500000,3,2.06,530900,Lancar,2,1
L1KRD003079,L1NSB01916,PLT004,2023-04-10,Multifinance,Motor bekas,7000000,36,1.57,10956400,Macet,158,0
L1KRD003080,L1NSB01917,PLT005,2023-07-19,P2P Lending,Modal usaha,1000000,9,3.16,1284400,Kurang Lancar,74,0
L1KRD003081,L1NSB01917,PLT005,2022-08-04,P2P Lending,Konsumsi,1000000,3,3.06,1091800,Lancar,2,1
L1KRD003082,L1NSB01917,PLT005,2022-01-13,P2P Lending,Konsumsi,2000000,6,1.93,2231600,Lancar,1,1
L1KRD003083,L1NSB01917,PLT005,2024-01-13,P2P Lending,Kesehatan,10000000,12,3.19,13828000,Lancar,1,0
L1KRD003084,L1NSB01918,PLT005,2022-07-22,P2P Lending,Modal usaha,2000000,9,2.4,2432000,Lancar,2,1
L1KRD003085,L1NSB01918,PLT005,2023-01-28,P2P Lending,Renovasi,10000000,3,2.78,10834000,Lancar,2,1
L1KRD003086,L1NSB01919,PLT004,2022-10-23,Multifinance,Mesin usaha,15000000,18,1.75,19725000,Lancar,3,1
L1KRD003087,L1NSB01919,PLT004,2023-03-21,Multifinance,Motor baru,25000000,48,1.25,40000000,Macet,315,0
L1KRD003088,L1NSB01919,PLT004,2022-04-06,Multifinance,Elektronik,3000000,36,1.15,4242000,DPK,16,0
L1KRD003089,L1NSB01920,PLT005,2023-06-02,P2P Lending,Konsumsi,1000000,6,2.99,1179400,DPK,25,1
L1KRD003090,L1NSB01920,PLT005,2024-05-14,P2P Lending,Pendidikan,10000000,9,3.26,12934000,Lancar,2,0
L1KRD003091,L1NSB01922,PLT001,2023-05-21,P2P Lending,Konsumsi,3000000,3,2.06,3185400,Lancar,1,1
L1KRD003092,L1NSB01922,PLT001,2022-04-25,P2P Lending,Renovasi,10000000,3,2.42,10726000,Lancar,2,1
L1KRD003093,L1NSB01923,PLT002,2022-11-02,P2P Lending,Konsumsi,500000,12,2.08,624800,Lancar,2,1
L1KRD003094,L1NSB01923,PLT002,2022-08-17,P2P Lending,Konsumsi,3000000,1,2.24,3067200,Lancar,2,1
L1KRD003095,L1NSB01923,PLT002,2023-04-18,P2P Lending,Konsumsi,2000000,6,2.69,2322800,Lancar,1,1
L1KRD003096,L1NSB01923,PLT002,2022-03-10,P2P Lending,Kesehatan,7000000,12,2.98,9503200,Lancar,3,1
L1KRD003097,L1NSB01924,PLT002,2022-11-20,P2P Lending,Kesehatan,2000000,1,3.16,2063200,Lancar,2,1
L1KRD003098,L1NSB01925,PLT004,2023-09-12,Multifinance,Mesin usaha,15000000,12,1.81,18258000,Lancar,0,1
L1KRD003099,L1NSB01926,PLT005,2023-03-13,P2P Lending,Modal usaha,10000000,12,1.59,11908000,Kurang Lancar,83,0
L1KRD003100,L1NSB01926,PLT005,2024-01-16,P2P Lending,Kesehatan,5000000,3,1.82,5273000,Lancar,1,1
L1KRD003101,L1NSB01927,PLT002,2023-09-09,P2P Lending,Konsumsi,3000000,12,2.09,3752400,Lancar,0,1
L1KRD003102,L1NSB01928,PLT004,2022-07-10,Multifinance,Motor bekas,25000000,24,1.61,34660000,DPK,22,1
L1KRD003103,L1NSB01929,PLT001,2024-01-14,P2P Lending,Renovasi,7000000,3,1.57,7329700,Lancar,3,1
L1KRD003104,L1NSB01929,PLT001,2024-05-02,P2P Lending,Pendidikan,3000000,3,3.0,3270000,Lancar,3,1
L1KRD003105,L1NSB01929,PLT001,2023-08-09,P2P Lending,Kesehatan,5000000,6,2.28,5684000,Kurang Lancar,57,0
L1KRD003106,L1NSB01930,PLT003,2023-11-06,Multifinance,Refinancing,25000000,24,1.47,33820000,DPK,15,0
L1KRD003107,L1NSB01931,PLT002,2022-06-17,P2P Lending,Modal usaha,10000000,12,2.85,13420000,Lancar,0,1
L1KRD003108,L1NSB01931,PLT002,2022-12-19,P2P Lending,Konsumsi,2000000,12,3.48,2835200,Lancar,2,1
L1KRD003109,L1NSB01932,PLT005,2023-07-02,P2P Lending,Modal usaha,5000000,3,2.22,5333000,Lancar,1,1
L1KRD003110,L1NSB01932,PLT005,2024-04-13,P2P Lending,Modal usaha,5000000,3,2.86,5429000,Kurang Lancar,56,0
L1KRD003111,L1NSB01934,PLT002,2022-05-09,P2P Lending,Renovasi,7000000,1,1.69,7118300,DPK,23,1
L1KRD003112,L1NSB01935,PLT004,2022-09-26,Multifinance,Elektronik,5000000,36,1.56,7808000,Lancar,0,0
L1KRD003113,L1NSB01935,PLT004,2022-09-03,Multifinance,Motor bekas,20000000,24,1.14,25472000,Lancar,2,1
L1KRD003114,L1NSB01936,PLT003,2023-12-15,Multifinance,Motor baru,20000000,12,1.37,23288000,Macet,351,0
L1KRD003115,L1NSB01937,PLT004,2022-02-03,Multifinance,Motor baru,5000000,12,1.11,5666000,Kurang Lancar,40,0
L1KRD003116,L1NSB01937,PLT004,2023-06-07,Multifinance,Elektronik,15000000,36,1.69,24126000,Lancar,3,0
L1KRD003117,L1NSB01937,PLT004,2022-11-17,Multifinance,Motor baru,3000000,48,1.17,4684800,Lancar,2,0
L1KRD003118,L1NSB01940,PLT005,2022-05-20,P2P Lending,Pendidikan,3000000,1,1.76,3052800,Kurang Lancar,67,0
L1KRD003119,L1NSB01940,PLT005,2024-02-25,P2P Lending,Pendidikan,3000000,12,2.48,3892800,Kurang Lancar,42,0
L1KRD003120,L1NSB01942,PLT002,2022-08-05,P2P Lending,Modal usaha,10000000,1,3.09,10309000,Lancar,2,1
L1KRD003121,L1NSB01942,PLT002,2022-05-31,P2P Lending,Modal usaha,2000000,6,1.58,2189600,Lancar,1,1
L1KRD003122,L1NSB01942,PLT002,2024-02-29,P2P Lending,Kesehatan,7000000,12,2.52,9116800,Lancar,2,0
L1KRD003123,L1NSB01943,PLT005,2023-03-30,P2P Lending,Kesehatan,5000000,12,3.34,7004000,Lancar,0,1
L1KRD003124,L1NSB01943,PLT005,2023-02-25,P2P Lending,Pendidikan,7000000,6,2.28,7957600,Lancar,1,1
L1KRD003125,L1NSB01944,PLT002,2023-12-25,P2P Lending,Renovasi,7000000,1,2.53,7177100,Lancar,3,1
L1KRD003126,L1NSB01945,PLT003,2023-12-16,Multifinance,Refinancing,25000000,18,1.29,30805000,Lancar,2,0
L1KRD003127,L1NSB01946,PLT001,2023-03-13,P2P Lending,Konsumsi,1000000,6,2.38,1142800,Lancar,2,1
L1KRD003128,L1NSB01946,PLT001,2022-02-01,P2P Lending,Modal usaha,10000000,6,3.48,12088000,Lancar,1,1
L1KRD003129,L1NSB01946,PLT001,2022-09-29,P2P Lending,Konsumsi,1000000,1,2.84,1028400,Lancar,1,1
L1KRD003130,L1NSB01947,PLT002,2022-06-11,P2P Lending,Konsumsi,3000000,1,3.35,3100500,Lancar,0,1
L1KRD003131,L1NSB01947,PLT002,2022-04-06,P2P Lending,Renovasi,10000000,3,2.0,10600000,Macet,172,0
L1KRD003132,L1NSB01947,PLT002,2022-01-31,P2P Lending,Modal usaha,7000000,9,2.72,8713600,Lancar,1,1
L1KRD003133,L1NSB01949,PLT004,2023-01-24,Multifinance,Motor bekas,20000000,36,1.42,30224000,Lancar,2,0
L1KRD003134,L1NSB01949,PLT004,2023-12-02,Multifinance,Refinancing,5000000,48,1.99,9776000,Lancar,0,0
L1KRD003135,L1NSB01950,PLT003,2022-06-22,Multifinance,Mesin usaha,20000000,36,1.74,32528000,Lancar,2,0
L1KRD003136,L1NSB01951,PLT001,2022-06-10,P2P Lending,Pendidikan,500000,1,2.45,512250,DPK,4,1
L1KRD003137,L1NSB01954,PLT002,2022-08-06,P2P Lending,Modal usaha,5000000,1,3.11,5155500,Lancar,0,1
L1KRD003138,L1NSB01954,PLT002,2022-06-18,P2P Lending,Renovasi,7000000,1,2.1,7147000,DPK,29,1
L1KRD003139,L1NSB01954,PLT002,2022-07-12,P2P Lending,Pendidikan,2000000,1,1.7,2034000,Lancar,1,1
L1KRD003140,L1NSB01954,PLT002,2022-05-14,P2P Lending,Konsumsi,500000,1,2.67,513350,Lancar,0,1
L1KRD003141,L1NSB01955,PLT001,2022-10-06,P2P Lending,Kesehatan,1000000,12,2.77,1332400,Lancar,2,1
L1KRD003142,L1NSB01955,PLT001,2024-05-28,P2P Lending,Pendidikan,500000,1,2.53,512650,Lancar,2,1
L1KRD003143,L1NSB01955,PLT001,2022-08-25,P2P Lending,Pendidikan,10000000,1,2.43,10243000,DPK,17,1
L1KRD003144,L1NSB01957,PLT005,2023-01-25,P2P Lending,Konsumsi,7000000,12,3.1,9604000,Kurang Lancar,90,0
L1KRD003145,L1NSB01957,PLT005,2023-07-18,P2P Lending,Konsumsi,500000,12,2.61,656600,Lancar,1,1
L1KRD003146,L1NSB01959,PLT001,2023-03-14,P2P Lending,Renovasi,2000000,1,2.8,2056000,Lancar,1,1
L1KRD003147,L1NSB01960,PLT005,2023-12-11,P2P Lending,Renovasi,3000000,6,1.69,3304200,Lancar,3,1
L1KRD003148,L1NSB01961,PLT002,2023-08-03,P2P Lending,Konsumsi,10000000,1,3.21,10321000,Lancar,1,1
L1KRD003149,L1NSB01962,PLT004,2023-05-21,Multifinance,Motor baru,10000000,36,1.98,17128000,Kurang Lancar,63,0
L1KRD003150,L1NSB01962,PLT004,2024-01-14,Multifinance,Refinancing,5000000,48,1.78,9272000,Macet,115,0
L1KRD003151,L1NSB01962,PLT004,2024-05-29,Multifinance,Motor bekas,20000000,18,1.08,23888000,Kurang Lancar,63,0
L1KRD003152,L1NSB01962,PLT004,2023-03-22,Multifinance,Refinancing,10000000,18,1.32,12376000,Lancar,0,1
L1KRD003153,L1NSB01963,PLT002,2023-08-26,P2P Lending,Modal usaha,2000000,3,1.51,2090600,Lancar,2,1
L1KRD003154,L1NSB01963,PLT002,2024-03-20,P2P Lending,Konsumsi,5000000,3,3.38,5507000,Lancar,0,1
L1KRD003155,L1NSB01964,PLT004,2022-12-10,Multifinance,Refinancing,3000000,36,1.96,5116800,Lancar,1,0
L1KRD003156,L1NSB01964,PLT004,2022-02-20,Multifinance,Refinancing,20000000,48,1.58,35168000,Lancar,3,0
L1KRD003157,L1NSB01965,PLT002,2022-12-08,P2P Lending,Renovasi,500000,1,3.33,516650,Lancar,0,1
L1KRD003158,L1NSB01965,PLT002,2022-05-12,P2P Lending,Kesehatan,500000,3,2.3,534500,Lancar,1,1
L1KRD003159,L1NSB01966,PLT005,2023-02-15,P2P Lending,Pendidikan,10000000,1,3.48,10348000,Lancar,0,1
L1KRD003160,L1NSB01966,PLT005,2022-03-03,P2P Lending,Konsumsi,3000000,12,2.0,3720000,DPK,23,1
L1KRD003161,L1NSB01967,PLT002,2022-04-26,P2P Lending,Kesehatan,500000,3,1.93,528950,DPK,22,1
L1KRD003162,L1NSB01967,PLT002,2024-04-15,P2P Lending,Pendidikan,500000,6,2.04,561200,Lancar,3,1
L1KRD003163,L1NSB01968,PLT001,2022-09-16,P2P Lending,Kesehatan,5000000,3,1.93,5289500,Lancar,1,1
L1KRD003164,L1NSB01968,PLT001,2022-08-04,P2P Lending,Kesehatan,7000000,1,3.08,7215600,DPK,20,1
L1KRD003165,L1NSB01968,PLT001,2022-12-03,P2P Lending,Konsumsi,2000000,1,1.71,2034200,Lancar,0,1
L1KRD003166,L1NSB01969,PLT004,2023-03-16,Multifinance,Motor baru,10000000,12,1.79,12148000,Lancar,0,1
L1KRD003167,L1NSB01969,PLT004,2022-09-09,Multifinance,Elektronik,7000000,18,1.35,8701000,Lancar,1,1
L1KRD003168,L1NSB01970,PLT003,2022-08-04,Multifinance,Refinancing,25000000,36,1.35,37150000,Lancar,0,0
L1KRD003169,L1NSB01971,PLT005,2024-04-25,P2P Lending,Modal usaha,2000000,3,2.11,2126600,Lancar,2,1
L1KRD003170,L1NSB01972,PLT002,2022-10-29,P2P Lending,Kesehatan,10000000,9,2.14,11926000,Lancar,3,1
L1KRD003171,L1NSB01972,PLT002,2023-10-27,P2P Lending,Modal usaha,500000,1,3.43,517150,Macet,243,0
L1KRD003172,L1NSB01975,PLT005,2022-03-23,P2P Lending,Modal usaha,500000,6,3.17,595100,Lancar,3,1
L1KRD003173,L1NSB01975,PLT005,2022-07-31,P2P Lending,Modal usaha,1000000,1,3.29,1032900,Lancar,3,1
L1KRD003174,L1NSB01976,PLT003,2022-04-04,Multifinance,Elektronik,7000000,36,1.06,9671200,Lancar,0,0
L1KRD003175,L1NSB01976,PLT003,2022-09-08,Multifinance,Mesin usaha,25000000,12,1.15,28450000,DPK,18,1
L1KRD003176,L1NSB01976,PLT003,2023-11-19,Multifinance,Elektronik,15000000,18,1.27,18429000,Lancar,1,0
L1KRD003177,L1NSB01976,PLT003,2022-05-12,Multifinance,Motor baru,7000000,18,1.99,9507400,Lancar,2,1
L1KRD003178,L1NSB01977,PLT002,2022-10-29,P2P Lending,Pendidikan,1000000,12,2.44,1292800,Lancar,2,1
L1KRD003179,L1NSB01977,PLT002,2024-01-10,P2P Lending,Renovasi,1000000,3,3.44,1103200,Lancar,3,1
L1KRD003180,L1NSB01977,PLT002,2022-06-27,P2P Lending,Konsumsi,7000000,9,2.05,8291500,Lancar,2,1
L1KRD003181,L1NSB01978,PLT001,2024-03-02,P2P Lending,Renovasi,1000000,12,2.44,1292800,Lancar,3,0
L1KRD003182,L1NSB01978,PLT001,2023-08-26,P2P Lending,Pendidikan,1000000,6,2.65,1159000,Lancar,2,1
L1KRD003183,L1NSB01978,PLT001,2023-10-03,P2P Lending,Pendidikan,7000000,12,1.87,8570800,DPK,27,1
L1KRD003184,L1NSB01978,PLT001,2022-03-02,P2P Lending,Konsumsi,3000000,6,2.44,3439200,DPK,12,1
L1KRD003185,L1NSB01979,PLT002,2023-11-18,P2P Lending,Konsumsi,10000000,9,1.66,11494000,Lancar,0,1
L1KRD003186,L1NSB01979,PLT002,2022-07-14,P2P Lending,Konsumsi,7000000,1,2.47,7172900,DPK,26,1
L1KRD003187,L1NSB01979,PLT002,2022-09-16,P2P Lending,Renovasi,1000000,1,3.09,1030900,Lancar,1,1
L1KRD003188,L1NSB01980,PLT005,2023-03-05,P2P Lending,Pendidikan,3000000,3,3.45,3310500,Lancar,1,1
L1KRD003189,L1NSB01980,PLT005,2024-03-28,P2P Lending,Modal usaha,5000000,6,3.5,6050000,Macet,327,0
L1KRD003190,L1NSB01981,PLT003,2022-12-13,Multifinance,Refinancing,20000000,36,1.02,27344000,Kurang Lancar,77,0
L1KRD003191,L1NSB01981,PLT003,2022-10-11,Multifinance,Mesin usaha,3000000,24,1.45,4044000,Lancar,2,1
L1KRD003192,L1NSB01981,PLT003,2022-08-25,Multifinance,Motor bekas,7000000,18,1.7,9142000,Lancar,3,1
L1KRD003193,L1NSB01982,PLT005,2022-06-07,P2P Lending,Konsumsi,1000000,6,3.2,1192000,Lancar,1,1
L1KRD003194,L1NSB01982,PLT005,2023-12-29,P2P Lending,Pendidikan,5000000,9,3.35,6507500,Lancar,3,1
L1KRD003195,L1NSB01982,PLT005,2023-08-05,P2P Lending,Modal usaha,5000000,12,3.47,7082000,Lancar,1,1
L1KRD003196,L1NSB01982,PLT005,2023-05-22,P2P Lending,Kesehatan,2000000,12,2.25,2540000,Macet,213,0
L1KRD003197,L1NSB01984,PLT002,2024-02-27,P2P Lending,Modal usaha,10000000,1,2.69,10269000,Lancar,2,1
L1KRD003198,L1NSB01984,PLT002,2023-08-30,P2P Lending,Konsumsi,500000,1,2.48,512400,DPK,22,1
L1KRD003199,L1NSB01986,PLT004,2024-05-09,Multifinance,Mesin usaha,10000000,18,1.92,13456000,Lancar,3,0
L1KRD003200,L1NSB01987,PLT004,2022-08-22,Multifinance,Motor baru,10000000,24,1.94,14656000,Lancar,2,1
L1KRD003201,L1NSB01987,PLT004,2023-02-28,Multifinance,Motor baru,7000000,18,1.81,9280600,Lancar,3,1
L1KRD003202,L1NSB01987,PLT004,2023-01-26,Multifinance,Elektronik,20000000,36,1.33,29576000,Lancar,1,0
L1KRD003203,L1NSB01988,PLT002,2023-08-02,P2P Lending,Renovasi,5000000,9,2.87,6291500,Lancar,3,1
L1KRD003204,L1NSB01988,PLT002,2022-10-15,P2P Lending,Konsumsi,3000000,9,2.33,3629100,Lancar,1,1
L1KRD003205,L1NSB01988,PLT002,2024-01-23,P2P Lending,Pendidikan,500000,3,3.12,546800,Lancar,0,1
L1KRD003206,L1NSB01989,PLT003,2023-12-28,Multifinance,Refinancing,3000000,48,1.99,5865600,Lancar,3,0
L1KRD003207,L1NSB01990,PLT001,2023-07-31,P2P Lending,Kesehatan,1000000,6,2.09,1125400,Lancar,0,1
L1KRD003208,L1NSB01991,PLT003,2022-09-29,Multifinance,Motor baru,20000000,12,1.88,24512000,Lancar,0,1
L1KRD003209,L1NSB01991,PLT003,2023-06-20,Multifinance,Refinancing,5000000,18,1.6,6440000,Kurang Lancar,49,0
L1KRD003210,L1NSB01991,PLT003,2022-07-19,Multifinance,Motor bekas,7000000,36,1.85,11662000,Lancar,3,0
L1KRD003211,L1NSB01993,PLT005,2022-08-14,P2P Lending,Pendidikan,1000000,12,2.51,1301200,Lancar,1,1
L1KRD003212,L1NSB01993,PLT005,2024-04-01,P2P Lending,Renovasi,5000000,9,2.2,5990000,Lancar,1,0
L1KRD003213,L1NSB01993,PLT005,2023-12-28,P2P Lending,Konsumsi,10000000,12,2.48,12976000,Lancar,2,0
L1KRD003214,L1NSB01995,PLT001,2024-05-04,P2P Lending,Kesehatan,500000,9,2.55,614750,DPK,22,0
L1KRD003215,L1NSB01995,PLT001,2024-05-25,P2P Lending,Konsumsi,7000000,9,1.94,8222200,Lancar,2,0
L1KRD003216,L1NSB01995,PLT001,2022-11-30,P2P Lending,Konsumsi,7000000,3,3.23,7678300,DPK,22,1
L1KRD003217,L1NSB01996,PLT002,2023-10-10,P2P Lending,Konsumsi,2000000,1,3.02,2060400,Lancar,0,1
L1KRD003218,L1NSB01997,PLT001,2024-04-13,P2P Lending,Modal usaha,7000000,3,2.25,7472500,Lancar,2,1
L1KRD003219,L1NSB01997,PLT001,2023-05-21,P2P Lending,Pendidikan,1000000,12,1.75,1210000,DPK,17,1
L1KRD003220,L1NSB01997,PLT001,2024-02-25,P2P Lending,Kesehatan,7000000,12,2.52,9116800,Lancar,3,0
L1KRD003221,L1NSB01997,PLT001,2023-08-17,P2P Lending,Modal usaha,2000000,9,2.98,2536400,DPK,28,1
L1KRD003222,L1NSB01998,PLT001,2023-09-30,P2P Lending,Modal usaha,3000000,1,2.49,3074700,Lancar,3,1
L1KRD003223,L1NSB01998,PLT001,2022-03-03,P2P Lending,Pendidikan,500000,3,2.57,538550,Lancar,0,1
L1KRD003224,L1NSB01998,PLT001,2023-04-10,P2P Lending,Kesehatan,1000000,1,2.67,1026700,Lancar,2,1
L1KRD003225,L1NSB01999,PLT005,2023-01-07,P2P Lending,Kesehatan,3000000,9,1.71,3461700,Lancar,1,1
L1KRD003226,L1NSB01999,PLT005,2024-05-09,P2P Lending,Pendidikan,5000000,3,2.61,5391500,Lancar,1,1
L1KRD003227,L1NSB01999,PLT005,2022-02-08,P2P Lending,Modal usaha,3000000,6,2.5,3450000,Lancar,3,1
L1KRD003228,L1NSB02000,PLT005,2023-10-23,P2P Lending,Renovasi,3000000,1,2.46,3073800,Macet,276,0
L1KRD003229,L1NSB02000,PLT005,2023-10-20,P2P Lending,Renovasi,5000000,9,2.67,6201500,Kurang Lancar,31,0
