pengajuan_id,nasabah_id,platform_id,platform_tipe,tgl_pengajuan,tipe_produk,tujuan,jumlah_diajukan,tenor_bln,lama_platform_bln,platform_ontime_rate,n_pinjaman_sebelumnya,n_lancar,n_macet,avg_telat_hari,listrik_pct_tepat,ew_aktif_bln,ew_trx_per_bln,ew_spike,is_gig,gig_income_avg,gig_konsisten,gig_cancel_rate,punya_rekening,bpjs_rutin,punya_toko_online,omzet_toko_online,skor_ai,kategori_risiko,rekomendasi,prob_default,label_default,faktor_positif,faktor_negatif
L1AJN00001,L1NSB00001,PLT001,P2P Lending,2024-07-18,P2P Lending,Modal usaha,500000,1,15,0.67,3,3,0,1.7,66.7,0,0,0,1,0,0,0.0,1,0,0,0,83,Rendah,Setujui,0.099,0,Aktif di platform 15 bulan (+7) | 3 pinjaman lancar (+15) | Tidak ada riwayat macet (+7) | Punya rekening bank (+4),
L1AJN00002,L1NSB00002,PLT005,P2P Lending,2024-09-07,P2P Lending,Renovasi,2000000,12,35,0.69,1,1,0,1.0,100.0,24,26,0,1,1822000,1,0.11,0,0,0,0,84,Rendah,Setujui,0.093,0,Aktif di platform 35 bulan (+7) | 1 pinjaman lancar (+5) | Tidak ada riwayat macet (+7) | Listrik 100.0% tepat waktu (+7),Cancel rate gig 11% (-4)
L1AJN00003,L1NSB00003,PLT001,P2P Lending,2024-04-05,P2P Lending,Pendidikan,2000000,6,23,0.74,2,2,0,2.5,100.0,24,8,0,1,2673000,1,0.07,1,1,0,0,95,Rendah,Setujui,0.029,0,Aktif di platform 23 bulan (+7) | 2 pinjaman lancar (+10) | Tidak ada riwayat macet (+7) | Listrik 100.0% tepat waktu (+7),
L1AJN00004,L1NSB00004,PLT005,P2P Lending,2024-12-24,P2P Lending,Konsumsi,1000000,3,15,0.75,4,3,1,37.2,58.3,12,53,0,0,0,0,0.0,1,0,0,0,69,Menengah,Setujui,0.18,1,Aktif di platform 15 bulan (+7) | On-time rate 75% (+5) | 3 pinjaman lancar (+15) | E-wallet aktif 12 bulan (+5),1 pinjaman macet (-12) | Rata-rata telat 37 hari (-10)
L1AJN00005,L1NSB00005,PLT002,P2P Lending,2024-10-26,P2P Lending,Konsumsi,5000000,6,18,0.79,1,1,0,0.0,66.7,9,5,0,0,0,0,0.0,0,1,0,0,77,Rendah,Setujui,0.133,0,Aktif di platform 18 bulan (+7) | On-time rate 79% (+5) | 1 pinjaman lancar (+5) | Tidak ada riwayat macet (+7),
L1AJN00006,L1NSB00006,PLT004,Multifinance,2024-06-17,Multifinance,Motor bekas,20000000,36,21,0.79,3,3,0,2.0,70.8,11,11,1,0,0,0,0.0,0,0,0,0,74,Rendah,Setujui,0.151,0,Aktif di platform 21 bulan (+7) | On-time rate 79% (+5) | 3 pinjaman lancar (+15) | Tidak ada riwayat macet (+7),Lonjakan top-up sebelum pengajuan (-8) ⚠️
L1AJN00007,L1NSB00007,PLT005,P2P Lending,2024-08-19,P2P Lending,Pendidikan,1000000,12,32,0.95,1,1,0,3.0,83.3,6,70,0,0,0,0,0.0,1,0,0,0,91,Rendah,Setujui,0.052,0,Aktif di platform 32 bulan (+7) | On-time rate 95% (+10) | 1 pinjaman lancar (+5) | Tidak ada riwayat macet (+7),
L1AJN00008,L1NSB00008,PLT005,P2P Lending,2024-12-30,P2P Lending,Pendidikan,500000,12,15,0.94,2,1,0,23.0,75.0,0,0,0,0,0,0,0.0,1,1,0,0,89,Rendah,Setujui,0.064,0,Aktif di platform 15 bulan (+7) | On-time rate 94% (+10) | 1 pinjaman lancar (+5) | Tidak ada riwayat macet (+7),
L1AJN00009,L1NSB00009,PLT004,Multifinance,2024-12-04,Multifinance,Mesin usaha,3000000,18,30,0.99,0,0,0,0.0,87.5,8,9,0,1,7887000,0,0.1,1,1,0,0,72,Rendah,Setujui,0.162,0,Aktif di platform 30 bulan (+7) | On-time rate 99% (+10) | Listrik 87.5% tepat waktu (+3) | Punya rekening bank (+4),4 tanggungan (-5)
L1AJN00010,L1NSB00010,PLT001,P2P Lending,2024-07-08,P2P Lending,Pendidikan,500000,12,1,0.86,4,2,0,19.2,79.2,15,22,0,0,0,0,0.0,0,0,0,0,75,Rendah,Setujui,0.145,0,On-time rate 86% (+5) | 2 pinjaman lancar (+10) | Tidak ada riwayat macet (+7) | Listrik 79.2% tepat waktu (+3),5 tanggungan (-5)
L1AJN00011,L1NSB00011,PLT005,P2P Lending,2024-04-19,P2P Lending,Konsumsi,2000000,9,11,0.79,1,1,0,3.0,100.0,9,70,0,1,0,0,0.0,1,0,0,0,76,Rendah,Setujui,0.139,0,On-time rate 79% (+5) | 1 pinjaman lancar (+5) | Tidak ada riwayat macet (+7) | Listrik 100.0% tepat waktu (+7),5 tanggungan (-5)
L1AJN00012,L1NSB00012,PLT002,P2P Lending,2024-05-26,P2P Lending,Pendidikan,500000,3,32,0.86,0,0,0,0.0,66.7,17,8,0,1,7908000,0,0.14,1,1,0,0,66,Menengah,Setujui,0.197,0,Aktif di platform 32 bulan (+7) | On-time rate 86% (+5) | E-wallet aktif 17 bulan (+5) | Punya rekening bank (+4),4 tanggungan (-5) | Cancel rate gig 14% (-4)
L1AJN00013,L1NSB00013,PLT002,P2P Lending,2024-10-19,P2P Lending,Pendidikan,500000,12,20,0.81,1,1,0,3.0,66.7,20,55,0,0,0,0,0.0,0,1,1,18000000,89,Rendah,Setujui,0.064,1,Aktif di platform 20 bulan (+7) | On-time rate 81% (+5) | 1 pinjaman lancar (+5) | Tidak ada riwayat macet (+7),
L1AJN00014,L1NSB00014,PLT003,Multifinance,2024-05-31,Multifinance,Mesin usaha,7000000,18,15,0.56,1,0,0,40.0,79.2,13,45,0,1,6599000,1,0.03,0,0,0,0,75,Rendah,Setujui,0.145,0,Aktif di platform 15 bulan (+7) | Tidak ada riwayat macet (+7) | Listrik 79.2% tepat waktu (+3) | E-wallet aktif 13 bulan (+5),Rata-rata telat 40 hari (-10)
L1AJN00015,L1NSB00015,PLT005,P2P Lending,2024-02-19,P2P Lending,Pendidikan,3000000,1,31,0.75,0,0,0,0.0,58.3,0,0,0,1,3039000,1,0.11,0,1,0,0,74,Rendah,Setujui,0.151,0,Aktif di platform 31 bulan (+7) | On-time rate 75% (+5) | Income gig konsisten 6 bulan (+8) | Rating gig 4.6 (+5),Cancel rate gig 11% (-4)
L1AJN00016,L1NSB00016,PLT001,P2P Lending,2024-12-19,P2P Lending,Renovasi,5000000,12,7,0.71,2,2,0,0.5,70.8,0,0,0,1,7895000,1,0.09,1,0,0,0,76,Rendah,Setujui,0.139,0,2 pinjaman lancar (+10) | Tidak ada riwayat macet (+7) | Income gig konsisten 6 bulan (+8) | Rating gig 4.9 (+5),4 tanggungan (-5)
L1AJN00017,L1NSB00017,PLT005,P2P Lending,2024-08-29,P2P Lending,Pendidikan,500000,9,16,0.82,2,2,0,1.0,100.0,8,73,0,1,4026000,1,0.02,0,0,0,0,95,Rendah,Setujui,0.029,0,Aktif di platform 16 bulan (+7) | On-time rate 82% (+5) | 2 pinjaman lancar (+10) | Tidak ada riwayat macet (+7),5 tanggungan (-5)
L1AJN00018,L1NSB00018,PLT003,Multifinance,2024-03-20,Multifinance,Motor baru,3000000,18,13,0.6,1,1,0,3.0,100.0,11,71,0,0,0,0,0.0,1,1,0,0,90,Rendah,Setujui,0.058,1,Aktif di platform 13 bulan (+7) | 1 pinjaman lancar (+5) | Tidak ada riwayat macet (+7) | Listrik 100.0% tepat waktu (+7),
L1AJN00019,L1NSB00019,PLT004,Multifinance,2024-03-09,Multifinance,Elektronik,20000000,36,4,0.84,2,2,0,1.0,91.7,0,0,0,1,2728000,1,0.02,0,0,0,0,85,Rendah,Setujui,0.087,0,On-time rate 84% (+5) | 2 pinjaman lancar (+10) | Tidak ada riwayat macet (+7) | Listrik 91.7% tepat waktu (+7),
L1AJN00020,L1NSB00020,PLT001,P2P Lending,2024-04-08,P2P Lending,Modal usaha,2000000,6,34,0.57,2,2,0,2.0,95.8,17,24,0,1,0,0,0.0,1,0,0,0,95,Rendah,Setujui,0.029,0,Aktif di platform 34 bulan (+7) | 2 pinjaman lancar (+10) | Tidak ada riwayat macet (+7) | Listrik 95.8% tepat waktu (+7),
L1AJN00021,L1NSB00021,PLT003,Multifinance,2024-03-02,Multifinance,Mesin usaha,7000000,12,30,0.76,3,3,0,0.7,66.7,21,30,0,0,0,0,0.0,0,1,0,0,92,Rendah,Setujui,0.046,0,Aktif di platform 30 bulan (+7) | On-time rate 76% (+5) | 3 pinjaman lancar (+15) | Tidak ada riwayat macet (+7),
L1AJN00022,L1NSB00022,PLT001,P2P Lending,2024-05-06,P2P Lending,Konsumsi,5000000,12,11,0.86,2,2,0,1.5,62.5,15,8,0,0,0,0,0.0,0,1,0,0,78,Rendah,Setujui,0.128,1,On-time rate 86% (+5) | 2 pinjaman lancar (+10) | Tidak ada riwayat macet (+7) | E-wallet aktif 15 bulan (+5),
L1AJN00023,L1NSB00023,PLT005,P2P Lending,2024-02-05,P2P Lending,Konsumsi,500000,9,9,0.88,3,2,0,13.0,70.8,21,37,0,0,0,0,0.0,1,0,0,0,83,Rendah,Setujui,0.099,0,On-time rate 88% (+5) | 2 pinjaman lancar (+10) | Tidak ada riwayat macet (+7) | E-wallet aktif 21 bulan (+5),
L1AJN00024,L1NSB00024,PLT002,P2P Lending,2024-02-23,P2P Lending,Modal usaha,1000000,3,32,0.9,0,0,0,0.0,100.0,14,53,0,0,0,0,0.0,0,1,0,0,81,Rendah,Setujui,0.11,1,Aktif di platform 32 bulan (+7) | On-time rate 90% (+10) | Listrik 100.0% tepat waktu (+7) | E-wallet aktif 14 bulan (+5),
L1AJN00025,L1NSB00025,PLT002,P2P Lending,2024-12-19,P2P Lending,Pendidikan,5000000,6,29,0.94,3,3,0,1.0,87.5,23,34,0,1,5014000,0,0.07,0,1,0,0,95,Rendah,Setujui,0.029,0,Aktif di platform 29 bulan (+7) | On-time rate 94% (+10) | 3 pinjaman lancar (+15) | Tidak ada riwayat macet (+7),
L1AJN00026,L1NSB00026,PLT004,Multifinance,2024-05-10,Multifinance,Elektronik,10000000,24,3,0.84,2,2,0,0.5,91.7,0,0,0,1,5274000,1,0.08,0,1,0,0,86,Rendah,Setujui,0.081,0,On-time rate 84% (+5) | 2 pinjaman lancar (+10) | Tidak ada riwayat macet (+7) | Listrik 91.7% tepat waktu (+7),
L1AJN00027,L1NSB00027,PLT002,P2P Lending,2024-08-17,P2P Lending,Modal usaha,3000000,9,27,0.91,3,2,0,24.7,91.7,15,36,0,0,0,0,0.0,0,0,0,0,95,Rendah,Setujui,0.029,0,Aktif di platform 27 bulan (+7) | On-time rate 91% (+10) | 2 pinjaman lancar (+10) | Tidak ada riwayat macet (+7),4 tanggungan (-5)
L1AJN00028,L1NSB00028,PLT003,Multifinance,2024-01-31,Multifinance,Elektronik,5000000,36,3,0.64,1,1,0,2.0,95.8,0,0,0,1,4114000,1,0.11,1,0,0,0,74,Rendah,Setujui,0.151,0,1 pinjaman lancar (+5) | Tidak ada riwayat macet (+7) | Listrik 95.8% tepat waktu (+7) | Income gig konsisten 6 bulan (+8),Cancel rate gig 11% (-4)
L1AJN00029,L1NSB00029,PLT003,Multifinance,2024-03-30,Multifinance,Mesin usaha,5000000,18,18,0.99,0,0,0,0.0,87.5,11,30,0,0,0,0,0.0,1,0,0,0,78,Rendah,Setujui,0.128,0,Aktif di platform 18 bulan (+7) | On-time rate 99% (+10) | Listrik 87.5% tepat waktu (+3) | Transaksi e-wallet 30/bln (+3),
L1AJN00030,L1NSB00030,PLT002,P2P Lending,2024-12-26,P2P Lending,Pendidikan,500000,12,7,0.7,2,1,0,5.0,79.2,6,35,1,1,0,0,0.0,1,0,0,0,63,Menengah,Setujui,0.215,0,1 pinjaman lancar (+5) | Tidak ada riwayat macet (+7) | Listrik 79.2% tepat waktu (+3) | Transaksi e-wallet 35/bln (+3),4 tanggungan (-5) | Lonjakan top-up sebelum pengajuan (-8) ⚠️
L1AJN00031,L1NSB00031,PLT003,Multifinance,2024-09-26,Multifinance,Motor baru,20000000,36,34,0.91,0,0,0,0.0,100.0,11,76,0,1,2030000,1,0.09,1,1,0,0,91,Rendah,Setujui,0.052,0,Aktif di platform 34 bulan (+7) | On-time rate 91% (+10) | Listrik 100.0% tepat waktu (+7) | Transaksi e-wallet 76/bln (+3),5 tanggungan (-5)
L1AJN00032,L1NSB00032,PLT001,P2P Lending,2024-05-29,P2P Lending,Konsumsi,5000000,3,20,0.75,2,2,0,2.0,75.0,9,19,0,0,0,0,0.0,1,0,0,0,90,Rendah,Setujui,0.058,0,Aktif di platform 20 bulan (+7) | On-time rate 75% (+5) | 2 pinjaman lancar (+10) | Tidak ada riwayat macet (+7),
L1AJN00033,L1NSB00033,PLT002,P2P Lending,2024-02-07,P2P Lending,Renovasi,1000000,9,36,0.91,1,0,1,281.0,100.0,18,28,0,1,4477000,1,0.04,0,1,0,0,69,Menengah,Setujui,0.18,0,Aktif di platform 36 bulan (+7) | On-time rate 91% (+10) | Listrik 100.0% tepat waktu (+7) | E-wallet aktif 18 bulan (+5),1 pinjaman macet (-12) | Rata-rata telat 281 hari (-10)
L1AJN00034,L1NSB00034,PLT002,P2P Lending,2024-06-24,P2P Lending,Modal usaha,5000000,3,22,0.97,3,1,1,93.3,75.0,8,79,1,1,0,0,0.0,0,0,0,0,52,Menengah,Setujui,0.278,0,Aktif di platform 22 bulan (+7) | On-time rate 97% (+10) | 1 pinjaman lancar (+5) | Listrik 75.0% tepat waktu (+3),1 pinjaman macet (-12) | Rata-rata telat 93 hari (-10) | Lonjakan top-up sebelum pengajuan (-8) ⚠️
L1AJN00035,L1NSB00035,PLT005,P2P Lending,2024-11-14,P2P Lending,Pendidikan,500000,9,27,0.85,1,1,0,0.0,87.5,19,22,0,0,0,0,0.0,1,1,0,0,91,Rendah,Setujui,0.052,1,Aktif di platform 27 bulan (+7) | On-time rate 85% (+5) | 1 pinjaman lancar (+5) | Tidak ada riwayat macet (+7),
L1AJN00036,L1NSB00036,PLT001,P2P Lending,2024-07-26,P2P Lending,Modal usaha,3000000,3,34,0.67,3,2,0,6.7,66.7,21,52,0,0,0,0,0.0,1,0,0,0,86,Rendah,Setujui,0.081,0,Aktif di platform 34 bulan (+7) | 2 pinjaman lancar (+10) | Tidak ada riwayat macet (+7) | E-wallet aktif 21 bulan (+5),
L1AJN00037,L1NSB00037,PLT005,P2P Lending,2024-02-06,P2P Lending,Konsumsi,5000000,1,33,0.75,0,0,0,0.0,95.8,9,70,0,1,6590000,1,0.04,1,1,0,0,88,Rendah,Setujui,0.07,0,Aktif di platform 33 bulan (+7) | On-time rate 75% (+5) | Listrik 95.8% tepat waktu (+7) | Transaksi e-wallet 70/bln (+3),
L1AJN00038,L1NSB00038,PLT005,P2P Lending,2024-07-31,P2P Lending,Konsumsi,1000000,12,29,0.85,1,1,0,0.0,95.8,21,12,0,1,0,0,0.0,0,1,0,0,90,Rendah,Setujui,0.058,1,Aktif di platform 29 bulan (+7) | On-time rate 85% (+5) | 1 pinjaman lancar (+5) | Tidak ada riwayat macet (+7),
L1AJN00039,L1NSB00039,PLT002,P2P Lending,2024-05-10,P2P Lending,Konsumsi,5000000,12,27,0.84,1,0,0,25.0,91.7,9,27,0,0,0,0,0.0,0,1,0,0,75,Rendah,Setujui,0.145,1,Aktif di platform 27 bulan (+7) | On-time rate 84% (+5) | Tidak ada riwayat macet (+7) | Listrik 91.7% tepat waktu (+7),4 tanggungan (-5)
L1AJN00040,L1NSB00040,PLT005,P2P Lending,2024-08-04,P2P Lending,Renovasi,2000000,6,20,0.66,2,2,0,0.5,79.2,7,23,0,0,0,0,0.0,1,1,0,0,91,Rendah,Setujui,0.052,0,Aktif di platform 20 bulan (+7) | 2 pinjaman lancar (+10) | Tidak ada riwayat macet (+7) | Listrik 79.2% tepat waktu (+3),
L1AJN00041,L1NSB00041,PLT002,P2P Lending,2024-09-06,P2P Lending,Pendidikan,1000000,1,32,0.83,3,2,0,6.7,95.8,21,51,0,1,6494000,0,0.06,1,0,0,0,95,Rendah,Setujui,0.029,0,Aktif di platform 32 bulan (+7) | On-time rate 83% (+5) | 2 pinjaman lancar (+10) | Tidak ada riwayat macet (+7),
L1AJN00042,L1NSB00042,PLT005,P2P Lending,2024-08-02,P2P Lending,Modal usaha,500000,6,28,0.86,0,0,0,0.0,62.5,12,15,0,1,3537000,1,0.06,0,0,0,0,77,Rendah,Setujui,0.133,0,Aktif di platform 28 bulan (+7) | On-time rate 86% (+5) | E-wallet aktif 12 bulan (+5) | Income gig konsisten 6 bulan (+8),
L1AJN00043,L1NSB00043,PLT003,Multifinance,2024-03-10,Multifinance,Elektronik,20000000,36,35,0.65,2,1,1,73.0,100.0,9,46,0,0,0,0,0.0,0,1,0,0,54,Menengah,Setujui,0.267,1,Aktif di platform 35 bulan (+7) | 1 pinjaman lancar (+5) | Listrik 100.0% tepat waktu (+7) | Transaksi e-wallet 46/bln (+3),1 pinjaman macet (-12) | Rata-rata telat 73 hari (-10)
L1AJN00044,L1NSB00044,PLT002,P2P Lending,2024-05-27,P2P Lending,Modal usaha,500000,12,10,0.8,4,4,0,1.5,62.5,11,70,0,0,0,0,0.0,0,1,0,0,80,Rendah,Setujui,0.116,0,On-time rate 80% (+5) | 4 pinjaman lancar (+15) | Tidak ada riwayat macet (+7) | Transaksi e-wallet 70/bln (+3),
L1AJN00045,L1NSB00045,PLT002,P2P Lending,2024-10-02,P2P Lending,Modal usaha,3000000,6,11,0.8,3,2,0,2.0,87.5,0,0,0,1,4752000,1,0.12,0,0,0,0,82,Rendah,Setujui,0.104,0,On-time rate 80% (+5) | 2 pinjaman lancar (+10) | Tidak ada riwayat macet (+7) | Listrik 87.5% tepat waktu (+3),Cancel rate gig 12% (-4)
L1AJN00046,L1NSB00046,PLT002,P2P Lending,2024-08-25,P2P Lending,Modal usaha,5000000,12,8,0.57,1,0,1,303.0,95.8,20,67,0,1,0,0,0.0,0,0,0,0,46,Tinggi,Tolak,0.313,1,Listrik 95.8% tepat waktu (+7) | E-wallet aktif 20 bulan (+5) | Transaksi e-wallet 67/bln (+3),1 pinjaman macet (-12) | Rata-rata telat 303 hari (-10)
L1AJN00047,L1NSB00047,PLT004,Multifinance,2024-11-12,Multifinance,Motor baru,10000000,18,24,0.95,0,0,0,0.0,91.7,11,5,0,0,0,0,0.0,1,1,0,0,80,Rendah,Setujui,0.116,0,Aktif di platform 24 bulan (+7) | On-time rate 95% (+10) | Listrik 91.7% tepat waktu (+7) | Punya rekening bank (+4),5 tanggungan (-5)
L1AJN00048,L1NSB00048,PLT005,P2P Lending,2024-11-21,P2P Lending,Konsumsi,1000000,3,28,0.86,4,4,0,1.5,70.8,11,45,0,0,0,0,0.0,0,1,0,0,94,Rendah,Setujui,0.035,0,Aktif di platform 28 bulan (+7) | On-time rate 86% (+5) | 4 pinjaman lancar (+15) | Tidak ada riwayat macet (+7),
L1AJN00049,L1NSB00049,PLT002,P2P Lending,2024-04-10,P2P Lending,Modal usaha,500000,3,2,0.66,1,0,0,4.0,66.7,20,49,0,0,0,0,0.0,1,0,0,0,70,Rendah,Setujui,0.174,0,Tidak ada riwayat macet (+7) | E-wallet aktif 20 bulan (+5) | Transaksi e-wallet 49/bln (+3) | Punya rekening bank (+4),
L1AJN00050,L1NSB00050,PLT005,P2P Lending,2024-12-26,P2P Lending,Pendidikan,2000000,12,16,0.66,2,1,1,152.0,58.3,23,21,1,1,4068000,1,0.05,1,0,0,0,54,Menengah,Setujui,0.267,0,Aktif di platform 16 bulan (+7) | 1 pinjaman lancar (+5) | E-wallet aktif 23 bulan (+5) | Transaksi e-wallet 21/bln (+3),1 pinjaman macet (-12) | Rata-rata telat 152 hari (-10) | Lonjakan top-up sebelum pengajuan (-8) ⚠️
L1AJN00051,L1NSB00051,PLT002,P2P Lending,2024-03-24,P2P Lending,Konsumsi,500000,12,36,0.66,2,2,0,2.5,100.0,7,75,0,0,0,0,0.0,1,1,0,0,89,Rendah,Setujui,0.064,0,Aktif di platform 36 bulan (+7) | 2 pinjaman lancar (+10) | Tidak ada riwayat macet (+7) | Listrik 100.0% tepat waktu (+7),
L1AJN00052,L1NSB00052,PLT002,P2P Lending,2024-02-17,P2P Lending,Modal usaha,2000000,9,8,0.71,4,2,0,25.0,91.7,24,16,0,1,7547000,1,0.08,1,1,0,0,95,Rendah,Setujui,0.029,0,2 pinjaman lancar (+10) | Tidak ada riwayat macet (+7) | Listrik 91.7% tepat waktu (+7) | E-wallet aktif 24 bulan (+5),
L1AJN00053,L1NSB00053,PLT002,P2P Lending,2024-10-31,P2P Lending,Modal usaha,5000000,6,20,0.8,1,1,0,1.0,58.3,8,37,0,0,0,0,0.0,0,1,0,0,82,Rendah,Setujui,0.104,0,Aktif di platform 20 bulan (+7) | On-time rate 80% (+5) | 1 pinjaman lancar (+5) | Tidak ada riwayat macet (+7),
L1AJN00054,L1NSB00054,PLT004,Multifinance,2024-07-21,Multifinance,Motor bekas,10000000,36,19,0.76,0,0,0,0.0,95.8,6,73,0,1,1552000,1,0.12,0,1,0,0,82,Rendah,Setujui,0.104,1,Aktif di platform 19 bulan (+7) | On-time rate 76% (+5) | Listrik 95.8% tepat waktu (+7) | Transaksi e-wallet 73/bln (+3),Cancel rate gig 12% (-4)
L1AJN00055,L1NSB00055,PLT002,P2P Lending,2024-09-24,P2P Lending,Modal usaha,500000,9,16,0.93,2,2,0,2.5,87.5,18,49,0,1,5215000,1,0.04,1,0,0,0,95,Rendah,Setujui,0.029,0,Aktif di platform 16 bulan (+7) | On-time rate 93% (+10) | 2 pinjaman lancar (+10) | Tidak ada riwayat macet (+7),
L1AJN00056,L1NSB00056,PLT004,Multifinance,2024-09-28,Multifinance,Motor bekas,10000000,12,7,0.72,1,1,0,0.0,70.8,0,0,0,0,0,0,0.0,0,0,0,0,65,Menengah,Setujui,0.203,0,1 pinjaman lancar (+5) | Tidak ada riwayat macet (+7),
L1AJN00057,L1NSB00057,PLT002,P2P Lending,2024-07-27,P2P Lending,Pendidikan,2000000,6,31,0.92,1,0,0,90.0,79.2,0,0,0,1,7859000,1,0.14,1,1,0,0,86,Rendah,Setujui,0.081,0,Aktif di platform 31 bulan (+7) | On-time rate 92% (+10) | Tidak ada riwayat macet (+7) | Listrik 79.2% tepat waktu (+3),Rata-rata telat 90 hari (-10) | Cancel rate gig 14% (-4)
L1AJN00058,L1NSB00058,PLT004,Multifinance,2024-05-24,Multifinance,Mesin usaha,20000000,36,10,0.88,0,0,0,0.0,75.0,7,26,0,1,7376000,1,0.14,0,0,0,0,64,Menengah,Setujui,0.209,1,On-time rate 88% (+5) | Listrik 75.0% tepat waktu (+3) | Transaksi e-wallet 26/bln (+3) | Income gig konsisten 6 bulan (+8),Cancel rate gig 14% (-4)
L1AJN00059,L1NSB00059,PLT003,Multifinance,2024-04-17,Multifinance,Motor baru,3000000,18,35,0.86,0,0,0,0.0,58.3,0,0,0,0,0,0,0.0,0,0,0,0,60,Menengah,Setujui,0.232,0,Aktif di platform 35 bulan (+7) | On-time rate 86% (+5),
L1AJN00060,L1NSB00060,PLT002,P2P Lending,2024-12-06,P2P Lending,Konsumsi,1000000,3,18,0.93,0,0,0,0.0,95.8,11,18,0,0,0,0,0.0,0,1,0,0,77,Rendah,Setujui,0.133,0,Aktif di platform 18 bulan (+7) | On-time rate 93% (+10) | Listrik 95.8% tepat waktu (+7) | BPJS dibayar rutin (+3),
L1AJN00061,L1NSB00061,PLT004,Multifinance,2024-08-07,Multifinance,Motor baru,15000000,12,27,0.68,1,1,0,3.0,91.7,18,45,0,0,0,0,0.0,1,1,0,0,87,Rendah,Setujui,0.075,0,Aktif di platform 27 bulan (+7) | 1 pinjaman lancar (+5) | Tidak ada riwayat macet (+7) | Listrik 91.7% tepat waktu (+7),
L1AJN00062,L1NSB00062,PLT005,P2P Lending,2024-04-17,P2P Lending,Pendidikan,3000000,1,17,0.63,0,0,0,0.0,79.2,13,67,0,1,7471000,1,0.02,1,1,0,0,85,Rendah,Setujui,0.087,0,Aktif di platform 17 bulan (+7) | Listrik 79.2% tepat waktu (+3) | E-wallet aktif 13 bulan (+5) | Transaksi e-wallet 67/bln (+3),
L1AJN00063,L1NSB00063,PLT003,Multifinance,2024-02-01,Multifinance,Mesin usaha,10000000,24,29,0.75,1,1,0,1.0,62.5,0,0,0,1,1972000,1,0.04,1,1,0,0,93,Rendah,Setujui,0.041,0,Aktif di platform 29 bulan (+7) | On-time rate 75% (+5) | 1 pinjaman lancar (+5) | Tidak ada riwayat macet (+7),
L1AJN00064,L1NSB00064,PLT002,P2P Lending,2024-12-11,P2P Lending,Renovasi,500000,1,27,0.93,2,2,0,1.0,58.3,10,70,0,0,0,0,0.0,1,0,0,0,85,Rendah,Setujui,0.087,0,Aktif di platform 27 bulan (+7) | On-time rate 93% (+10) | 2 pinjaman lancar (+10) | Tidak ada riwayat macet (+7),4 tanggungan (-5)
L1AJN00065,L1NSB00065,PLT003,Multifinance,2024-07-03,Multifinance,Elektronik,5000000,12,31,0.58,1,1,0,2.0,91.7,0,0,0,1,5435000,1,0.08,1,1,0,0,95,Rendah,Setujui,0.029,1,Aktif di platform 31 bulan (+7) | 1 pinjaman lancar (+5) | Tidak ada riwayat macet (+7) | Listrik 91.7% tepat waktu (+7),
L1AJN00066,L1NSB00066,PLT003,Multifinance,2024-04-11,Multifinance,Motor bekas,10000000,18,1,0.95,2,1,1,77.0,83.3,11,22,0,0,0,0,0.0,1,1,1,18000000,63,Menengah,Setujui,0.215,0,On-time rate 95% (+10) | 1 pinjaman lancar (+5) | Listrik 83.3% tepat waktu (+3) | Transaksi e-wallet 22/bln (+3),1 pinjaman macet (-12) | Rata-rata telat 77 hari (-10)
L1AJN00067,L1NSB00067,PLT003,Multifinance,2024-10-30,Multifinance,Mesin usaha,3000000,24,21,0.76,2,1,1,161.5,79.2,6,60,0,0,0,0,0.0,0,0,0,0,49,Tinggi,Tolak,0.296,0,Aktif di platform 21 bulan (+7) | On-time rate 76% (+5) | 1 pinjaman lancar (+5) | Listrik 79.2% tepat waktu (+3),1 pinjaman macet (-12) | Rata-rata telat 162 hari (-10)
L1AJN00068,L1NSB00068,PLT004,Multifinance,2024-10-24,Multifinance,Motor bekas,10000000,18,10,0.69,3,3,0,2.3,79.2,0,0,0,0,0,0,0.0,1,1,0,0,76,Rendah,Setujui,0.139,0,3 pinjaman lancar (+15) | Tidak ada riwayat macet (+7) | Listrik 79.2% tepat waktu (+3) | Punya rekening bank (+4),4 tanggungan (-5)
L1AJN00069,L1NSB00069,PLT001,P2P Lending,2024-10-01,P2P Lending,Pendidikan,500000,6,10,0.6,4,4,0,2.0,95.8,19,32,0,1,6201000,1,0.11,0,1,0,0,95,Rendah,Setujui,0.029,0,4 pinjaman lancar (+15) | Tidak ada riwayat macet (+7) | Listrik 95.8% tepat waktu (+7) | E-wallet aktif 19 bulan (+5),Cancel rate gig 11% (-4)
L1AJN00070,L1NSB00070,PLT005,P2P Lending,2024-02-17,P2P Lending,Pendidikan,5000000,6,32,0.86,2,1,1,152.5,70.8,0,0,0,0,0,0,0.0,0,1,0,0,47,Tinggi,Tolak,0.307,0,Aktif di platform 32 bulan (+7) | On-time rate 86% (+5) | 1 pinjaman lancar (+5) | BPJS dibayar rutin (+3),1 pinjaman macet (-12) | Rata-rata telat 152 hari (-10) | 5 tanggungan (-5)
L1AJN00071,L1NSB00071,PLT004,Multifinance,2024-12-04,Multifinance,Motor baru,20000000,36,11,0.57,2,2,0,2.5,83.3,11,19,0,0,0,0,0.0,0,0,0,0,70,Rendah,Setujui,0.174,0,2 pinjaman lancar (+10) | Tidak ada riwayat macet (+7) | Listrik 83.3% tepat waktu (+3),
L1AJN00072,L1NSB00072,PLT002,P2P Lending,2024-09-10,P2P Lending,Modal usaha,500000,12,12,0.7,0,0,0,0.0,100.0,7,44,1,1,0,0,0.0,1,1,0,0,65,Menengah,Setujui,0.203,0,Aktif di platform 12 bulan (+7) | Listrik 100.0% tepat waktu (+7) | Transaksi e-wallet 44/bln (+3) | Punya rekening bank (+4),Lonjakan top-up sebelum pengajuan (-8) ⚠️
L1AJN00073,L1NSB00073,PLT004,Multifinance,2024-09-15,Multifinance,Mesin usaha,10000000,18,30,0.62,1,1,0,0.0,62.5,19,35,0,0,0,0,0.0,0,0,0,0,75,Rendah,Setujui,0.145,0,Aktif di platform 30 bulan (+7) | 1 pinjaman lancar (+5) | Tidak ada riwayat macet (+7) | E-wallet aktif 19 bulan (+5),
L1AJN00074,L1NSB00074,PLT004,Multifinance,2024-12-26,Multifinance,Motor baru,10000000,24,20,0.94,0,0,0,0.0,95.8,16,48,0,0,0,0,0.0,1,1,0,0,89,Rendah,Setujui,0.064,0,Aktif di platform 20 bulan (+7) | On-time rate 94% (+10) | Listrik 95.8% tepat waktu (+7) | E-wallet aktif 16 bulan (+5),
L1AJN00075,L1NSB00075,PLT003,Multifinance,2024-07-08,Multifinance,Motor bekas,20000000,18,1,0.59,3,1,0,24.7,95.8,11,18,0,1,1805000,1,0.07,1,0,0,0,81,Rendah,Setujui,0.11,0,1 pinjaman lancar (+5) | Tidak ada riwayat macet (+7) | Listrik 95.8% tepat waktu (+7) | Income gig konsisten 6 bulan (+8),4 tanggungan (-5)
L1AJN00076,L1NSB00076,PLT005,P2P Lending,2024-11-15,P2P Lending,Konsumsi,5000000,1,13,0.74,0,0,0,0.0,87.5,18,32,1,0,0,0,0.0,1,1,0,0,68,Menengah,Setujui,0.186,0,Aktif di platform 13 bulan (+7) | Listrik 87.5% tepat waktu (+3) | E-wallet aktif 18 bulan (+5) | Transaksi e-wallet 32/bln (+3),Lonjakan top-up sebelum pengajuan (-8) ⚠️
L1AJN00077,L1NSB00077,PLT001,P2P Lending,2024-11-04,P2P Lending,Pendidikan,5000000,12,24,0.67,0,0,0,0.0,100.0,0,0,0,0,0,0,0.0,0,0,0,0,68,Menengah,Setujui,0.186,0,Aktif di platform 24 bulan (+7) | Listrik 100.0% tepat waktu (+7),
L1AJN00078,L1NSB00078,PLT003,Multifinance,2024-10-01,Multifinance,Elektronik,10000000,18,11,0.94,1,1,0,2.0,70.8,7,76,0,1,2381000,1,0.12,1,1,0,0,83,Rendah,Setujui,0.099,0,On-time rate 94% (+10) | 1 pinjaman lancar (+5) | Tidak ada riwayat macet (+7) | Transaksi e-wallet 76/bln (+3),Cancel rate gig 12% (-4)
L1AJN00079,L1NSB00079,PLT004,Multifinance,2024-03-27,Multifinance,Mesin usaha,15000000,36,26,0.99,4,2,0,25.8,66.7,12,65,0,0,0,0,0.0,1,0,0,0,95,Rendah,Setujui,0.029,0,Aktif di platform 26 bulan (+7) | On-time rate 99% (+10) | 2 pinjaman lancar (+10) | Tidak ada riwayat macet (+7),
L1AJN00080,L1NSB00080,PLT001,P2P Lending,2024-09-30,P2P Lending,Pendidikan,5000000,12,36,0.58,0,0,0,0.0,75.0,11,44,0,0,0,0,0.0,1,1,0,0,71,Rendah,Setujui,0.168,0,Aktif di platform 36 bulan (+7) | Listrik 75.0% tepat waktu (+3) | Transaksi e-wallet 44/bln (+3) | Punya rekening bank (+4),
L1AJN00081,L1NSB00081,PLT001,P2P Lending,2024-05-23,P2P Lending,Pendidikan,5000000,6,32,0.63,3,2,0,3.3,79.2,0,0,0,1,7019000,0,0.04,1,1,0,0,88,Rendah,Setujui,0.07,0,Aktif di platform 32 bulan (+7) | 2 pinjaman lancar (+10) | Tidak ada riwayat macet (+7) | Listrik 79.2% tepat waktu (+3),
L1AJN00082,L1NSB00082,PLT004,Multifinance,2024-09-25,Multifinance,Elektronik,7000000,18,27,0.88,2,1,0,27.0,79.2,23,39,0,1,7178000,1,0.13,1,1,0,0,95,Rendah,Setujui,0.029,0,Aktif di platform 27 bulan (+7) | On-time rate 88% (+5) | 1 pinjaman lancar (+5) | Tidak ada riwayat macet (+7),Cancel rate gig 13% (-4)
L1AJN00083,L1NSB00083,PLT001,P2P Lending,2024-03-04,P2P Lending,Modal usaha,2000000,3,30,0.77,1,0,0,76.0,83.3,0,0,0,0,0,0,0.0,1,0,0,0,66,Menengah,Setujui,0.197,0,Aktif di platform 30 bulan (+7) | On-time rate 77% (+5) | Tidak ada riwayat macet (+7) | Listrik 83.3% tepat waktu (+3),Rata-rata telat 76 hari (-10)
L1AJN00084,L1NSB00084,PLT005,P2P Lending,2024-08-24,P2P Lending,Modal usaha,500000,1,14,0.92,1,1,0,3.0,70.8,0,0,0,0,0,0,0.0,1,0,0,0,84,Rendah,Setujui,0.093,0,Aktif di platform 14 bulan (+7) | On-time rate 92% (+10) | 1 pinjaman lancar (+5) | Tidak ada riwayat macet (+7),
L1AJN00085,L1NSB00085,PLT002,P2P Lending,2024-05-06,P2P Lending,Konsumsi,5000000,6,2,0.63,3,2,0,9.3,62.5,10,43,0,1,1957000,1,0.04,1,0,0,0,80,Rendah,Setujui,0.116,0,2 pinjaman lancar (+10) | Tidak ada riwayat macet (+7) | Transaksi e-wallet 43/bln (+3) | Income gig konsisten 6 bulan (+8),
L1AJN00086,L1NSB00086,PLT004,Multifinance,2024-07-30,Multifinance,Motor bekas,7000000,12,7,0.74,2,2,0,3.0,95.8,0,0,0,0,0,0,0.0,1,0,0,0,76,Rendah,Setujui,0.139,0,2 pinjaman lancar (+10) | Tidak ada riwayat macet (+7) | Listrik 95.8% tepat waktu (+7) | Punya rekening bank (+4),
L1AJN00087,L1NSB00087,PLT004,Multifinance,2024-11-11,Multifinance,Motor bekas,20000000,18,31,0.91,3,1,0,10.7,62.5,19,27,0,1,4643000,1,0.02,0,1,0,0,95,Rendah,Setujui,0.029,0,Aktif di platform 31 bulan (+7) | On-time rate 91% (+10) | 1 pinjaman lancar (+5) | Tidak ada riwayat macet (+7),
L1AJN00088,L1NSB00088,PLT005,P2P Lending,2024-07-27,P2P Lending,Pendidikan,2000000,9,34,0.67,0,0,0,0.0,70.8,15,21,0,1,1518000,1,0.03,1,0,0,0,82,Rendah,Setujui,0.104,0,Aktif di platform 34 bulan (+7) | E-wallet aktif 15 bulan (+5) | Transaksi e-wallet 21/bln (+3) | Income gig konsisten 6 bulan (+8),
L1AJN00089,L1NSB00089,PLT004,Multifinance,2024-11-14,Multifinance,Elektronik,3000000,18,22,0.63,0,0,0,0.0,83.3,21,52,0,0,0,0,0.0,1,0,0,0,74,Rendah,Setujui,0.151,0,Aktif di platform 22 bulan (+7) | Listrik 83.3% tepat waktu (+3) | E-wallet aktif 21 bulan (+5) | Transaksi e-wallet 52/bln (+3),
L1AJN00090,L1NSB00090,PLT004,Multifinance,2024-07-21,Multifinance,Mesin usaha,10000000,18,28,0.95,2,2,0,0.5,70.8,13,76,0,1,6042000,1,0.07,1,1,0,0,95,Rendah,Setujui,0.029,0,Aktif di platform 28 bulan (+7) | On-time rate 95% (+10) | 2 pinjaman lancar (+10) | Tidak ada riwayat macet (+7),
L1AJN00091,L1NSB00091,PLT001,P2P Lending,2024-10-31,P2P Lending,Modal usaha,2000000,9,7,0.64,1,1,0,1.0,87.5,0,0,0,0,0,0,0.0,1,0,0,0,67,Menengah,Setujui,0.191,0,1 pinjaman lancar (+5) | Tidak ada riwayat macet (+7) | Listrik 87.5% tepat waktu (+3) | Punya rekening bank (+4),4 tanggungan (-5)
L1AJN00092,L1NSB00092,PLT001,P2P Lending,2024-04-07,P2P Lending,Modal usaha,2000000,12,28,0.8,3,2,1,74.3,91.7,9,65,0,0,0,0,0.0,1,1,0,0,65,Menengah,Setujui,0.203,1,Aktif di platform 28 bulan (+7) | On-time rate 80% (+5) | 2 pinjaman lancar (+10) | Listrik 91.7% tepat waktu (+7),1 pinjaman macet (-12) | Rata-rata telat 74 hari (-10)
L1AJN00093,L1NSB00093,PLT001,P2P Lending,2024-01-16,P2P Lending,Renovasi,1000000,6,22,0.78,2,1,0,14.5,87.5,0,0,0,0,0,0,0.0,0,0,0,0,79,Rendah,Setujui,0.122,0,Aktif di platform 22 bulan (+7) | On-time rate 78% (+5) | 1 pinjaman lancar (+5) | Tidak ada riwayat macet (+7),
L1AJN00094,L1NSB00094,PLT001,P2P Lending,2024-10-15,P2P Lending,Renovasi,1000000,1,27,0.6,2,1,0,11.0,83.3,0,0,0,0,0,0,0.0,0,1,0,0,79,Rendah,Setujui,0.122,0,Aktif di platform 27 bulan (+7) | 1 pinjaman lancar (+5) | Tidak ada riwayat macet (+7) | Listrik 83.3% tepat waktu (+3),
L1AJN00095,L1NSB00095,PLT002,P2P Lending,2024-02-26,P2P Lending,Renovasi,500000,3,6,0.73,0,0,0,0.0,70.8,6,60,0,1,5107000,0,0.14,1,0,0,0,55,Menengah,Setujui,0.261,0,Transaksi e-wallet 60/bln (+3) | Punya rekening bank (+4),Cancel rate gig 14% (-4)
L1AJN00096,L1NSB00096,PLT005,P2P Lending,2024-11-05,P2P Lending,Konsumsi,3000000,3,15,0.85,0,0,0,0.0,62.5,17,58,1,1,0,0,0.0,0,0,0,0,61,Menengah,Setujui,0.226,1,Aktif di platform 15 bulan (+7) | On-time rate 85% (+5) | E-wallet aktif 17 bulan (+5) | Transaksi e-wallet 58/bln (+3),Lonjakan top-up sebelum pengajuan (-8) ⚠️
L1AJN00097,L1NSB00097,PLT001,P2P Lending,2024-03-22,P2P Lending,Konsumsi,3000000,1,9,0.99,2,1,0,14.5,70.8,14,77,0,1,0,0,0.0,1,1,0,0,78,Rendah,Setujui,0.128,0,On-time rate 99% (+10) | 1 pinjaman lancar (+5) | Tidak ada riwayat macet (+7) | E-wallet aktif 14 bulan (+5),4 tanggungan (-5)
L1AJN00098,L1NSB00098,PLT004,Multifinance,2024-04-21,Multifinance,Motor baru,20000000,36,21,0.91,3,3,0,1.7,95.8,14,46,0,1,0,0,0.0,1,0,0,0,95,Rendah,Setujui,0.029,0,Aktif di platform 21 bulan (+7) | On-time rate 91% (+10) | 3 pinjaman lancar (+15) | Tidak ada riwayat macet (+7),
L1AJN00099,L1NSB00099,PLT005,P2P Lending,2024-11-17,P2P Lending,Modal usaha,1000000,9,28,0.61,3,3,0,1.3,83.3,0,0,0,0,0,0,0.0,1,0,0,0,83,Rendah,Setujui,0.099,0,Aktif di platform 28 bulan (+7) | 3 pinjaman lancar (+15) | Tidak ada riwayat macet (+7) | Listrik 83.3% tepat waktu (+3),
L1AJN00100,L1NSB00100,PLT002,P2P Lending,2024-04-01,P2P Lending,Konsumsi,1000000,9,33,0.94,0,0,0,0.0,70.8,7,21,0,0,0,0,0.0,0,1,0,0,71,Rendah,Setujui,0.168,0,Aktif di platform 33 bulan (+7) | On-time rate 94% (+10) | Transaksi e-wallet 21/bln (+3) | BPJS dibayar rutin (+3),5 tanggungan (-5)
L1AJN00101,L1NSB00101,PLT002,P2P Lending,2024-07-23,P2P Lending,Konsumsi,3000000,6,13,0.89,2,2,0,1.0,75.0,0,0,0,0,0,0,0.0,1,1,0,0,85,Rendah,Setujui,0.087,0,Aktif di platform 13 bulan (+7) | On-time rate 89% (+5) | 2 pinjaman lancar (+10) | Tidak ada riwayat macet (+7),
L1AJN00102,L1NSB00102,PLT005,P2P Lending,2024-03-18,P2P Lending,Konsumsi,500000,1,21,0.81,3,2,1,116.0,79.2,19,76,0,0,0,0,0.0,0,1,0,0,61,Menengah,Setujui,0.226,0,Aktif di platform 21 bulan (+7) | On-time rate 81% (+5) | 2 pinjaman lancar (+10) | Listrik 79.2% tepat waktu (+3),1 pinjaman macet (-12) | Rata-rata telat 116 hari (-10)
L1AJN00103,L1NSB00103,PLT005,P2P Lending,2024-11-26,P2P Lending,Renovasi,2000000,1,20,0.94,1,1,0,2.0,100.0,0,0,0,1,6424000,0,0.12,0,1,0,0,85,Rendah,Setujui,0.087,0,Aktif di platform 20 bulan (+7) | On-time rate 94% (+10) | 1 pinjaman lancar (+5) | Tidak ada riwayat macet (+7),Cancel rate gig 12% (-4)
L1AJN00104,L1NSB00104,PLT005,P2P Lending,2024-05-11,P2P Lending,Renovasi,3000000,12,13,0.67,1,0,0,21.0,70.8,21,63,0,1,3271000,1,0.03,0,0,0,0,84,Rendah,Setujui,0.093,0,Aktif di platform 13 bulan (+7) | Tidak ada riwayat macet (+7) | E-wallet aktif 21 bulan (+5) | Transaksi e-wallet 63/bln (+3),
L1AJN00105,L1NSB00105,PLT001,P2P Lending,2024-02-11,P2P Lending,Konsumsi,5000000,12,34,0.62,1,0,0,10.0,91.7,0,0,0,0,0,0,0.0,0,0,0,0,69,Menengah,Setujui,0.18,0,Aktif di platform 34 bulan (+7) | Tidak ada riwayat macet (+7) | Listrik 91.7% tepat waktu (+7),
L1AJN00106,L1NSB00106,PLT003,Multifinance,2024-05-14,Multifinance,Elektronik,10000000,24,25,0.74,0,0,0,0.0,62.5,13,52,1,1,7584000,1,0.04,1,1,0,0,71,Rendah,Setujui,0.168,0,Aktif di platform 25 bulan (+7) | E-wallet aktif 13 bulan (+5) | Transaksi e-wallet 52/bln (+3) | Income gig konsisten 6 bulan (+8),5 tanggungan (-5) | Lonjakan top-up sebelum pengajuan (-8) ⚠️
L1AJN00107,L1NSB00107,PLT004,Multifinance,2024-02-19,Multifinance,Motor bekas,3000000,24,36,0.86,2,2,0,0.5,91.7,10,54,0,1,7206000,1,0.14,1,1,0,0,95,Rendah,Setujui,0.029,0,Aktif di platform 36 bulan (+7) | On-time rate 86% (+5) | 2 pinjaman lancar (+10) | Tidak ada riwayat macet (+7),Cancel rate gig 14% (-4)
L1AJN00108,L1NSB00108,PLT005,P2P Lending,2024-09-24,P2P Lending,Pendidikan,2000000,9,12,0.9,1,1,0,2.0,70.8,13,41,0,0,0,0,0.0,1,1,0,0,94,Rendah,Setujui,0.035,0,Aktif di platform 12 bulan (+7) | On-time rate 90% (+10) | 1 pinjaman lancar (+5) | Tidak ada riwayat macet (+7),
L1AJN00109,L1NSB00109,PLT001,P2P Lending,2024-05-05,P2P Lending,Modal usaha,500000,9,22,0.59,0,0,0,0.0,83.3,21,54,0,1,3672000,0,0.13,1,0,0,0,71,Rendah,Setujui,0.168,0,Aktif di platform 22 bulan (+7) | Listrik 83.3% tepat waktu (+3) | E-wallet aktif 21 bulan (+5) | Transaksi e-wallet 54/bln (+3),Cancel rate gig 13% (-4)
L1AJN00110,L1NSB00110,PLT004,Multifinance,2024-09-06,Multifinance,Mesin usaha,15000000,18,19,0.91,1,0,0,21.0,95.8,16,65,0,0,0,0,0.0,0,1,0,0,89,Rendah,Setujui,0.064,0,Aktif di platform 19 bulan (+7) | On-time rate 91% (+10) | Tidak ada riwayat macet (+7) | Listrik 95.8% tepat waktu (+7),4 tanggungan (-5)
L1AJN00111,L1NSB00111,PLT003,Multifinance,2024-09-28,Multifinance,Elektronik,3000000,18,19,0.74,2,2,0,0.5,75.0,17,55,0,0,0,0,0.0,1,0,0,0,89,Rendah,Setujui,0.064,0,Aktif di platform 19 bulan (+7) | 2 pinjaman lancar (+10) | Tidak ada riwayat macet (+7) | Listrik 75.0% tepat waktu (+3),
L1AJN00112,L1NSB00112,PLT001,P2P Lending,2024-07-06,P2P Lending,Pendidikan,2000000,9,7,0.81,2,2,0,2.0,100.0,13,48,0,1,4871000,1,0.1,0,0,0,0,95,Rendah,Setujui,0.029,0,On-time rate 81% (+5) | 2 pinjaman lancar (+10) | Tidak ada riwayat macet (+7) | Listrik 100.0% tepat waktu (+7),
L1AJN00113,L1NSB00113,PLT004,Multifinance,2024-01-03,Multifinance,Elektronik,5000000,36,4,0.88,1,1,0,2.0,100.0,8,13,0,0,0,0,0.0,0,0,0,0,75,Rendah,Setujui,0.145,0,On-time rate 88% (+5) | 1 pinjaman lancar (+5) | Tidak ada riwayat macet (+7) | Listrik 100.0% tepat waktu (+7),
L1AJN00114,L1NSB00114,PLT003,Multifinance,2024-10-24,Multifinance,Motor bekas,7000000,18,19,0.88,2,2,0,2.0,91.7,16,15,0,0,0,0,0.0,1,1,0,0,95,Rendah,Setujui,0.029,0,Aktif di platform 19 bulan (+7) | On-time rate 88% (+5) | 2 pinjaman lancar (+10) | Tidak ada riwayat macet (+7),
L1AJN00115,L1NSB00115,PLT001,P2P Lending,2024-10-26,P2P Lending,Modal usaha,1000000,6,34,0.74,0,0,0,0.0,100.0,21,62,0,0,0,0,0.0,0,0,0,0,74,Rendah,Setujui,0.151,0,Aktif di platform 34 bulan (+7) | Listrik 100.0% tepat waktu (+7) | E-wallet aktif 21 bulan (+5) | Transaksi e-wallet 62/bln (+3),
L1AJN00116,L1NSB00116,PLT001,P2P Lending,2024-04-25,P2P Lending,Modal usaha,500000,3,35,0.83,0,0,0,0.0,95.8,18,75,1,1,7332000,1,0.06,0,1,0,0,82,Rendah,Setujui,0.104,0,Aktif di platform 35 bulan (+7) | On-time rate 83% (+5) | Listrik 95.8% tepat waktu (+7) | E-wallet aktif 18 bulan (+5),Lonjakan top-up sebelum pengajuan (-8) ⚠️
L1AJN00117,L1NSB00117,PLT001,P2P Lending,2024-05-02,P2P Lending,Konsumsi,500000,3,34,0.93,2,2,0,2.0,66.7,14,26,0,1,0,0,0.0,1,1,0,0,95,Rendah,Setujui,0.029,0,Aktif di platform 34 bulan (+7) | On-time rate 93% (+10) | 2 pinjaman lancar (+10) | Tidak ada riwayat macet (+7),
L1AJN00118,L1NSB00118,PLT003,Multifinance,2024-09-12,Multifinance,Motor bekas,7000000,12,5,0.69,3,2,0,5.0,58.3,13,73,0,0,0,0,0.0,1,1,0,0,83,Rendah,Setujui,0.099,0,2 pinjaman lancar (+10) | Tidak ada riwayat macet (+7) | E-wallet aktif 13 bulan (+5) | Transaksi e-wallet 73/bln (+3),
L1AJN00119,L1NSB00119,PLT003,Multifinance,2024-02-14,Multifinance,Mesin usaha,20000000,12,30,0.97,2,1,0,29.5,75.0,13,32,1,1,7506000,1,0.05,0,1,0,0,95,Rendah,Setujui,0.029,0,Aktif di platform 30 bulan (+7) | On-time rate 97% (+10) | 1 pinjaman lancar (+5) | Tidak ada riwayat macet (+7),Lonjakan top-up sebelum pengajuan (-8) ⚠️
L1AJN00120,L1NSB00120,PLT001,P2P Lending,2024-04-03,P2P Lending,Pendidikan,2000000,3,26,0.97,1,0,1,112.0,62.5,11,33,0,0,0,0,0.0,0,0,0,0,52,Menengah,Setujui,0.278,0,Aktif di platform 26 bulan (+7) | On-time rate 97% (+10) | Transaksi e-wallet 33/bln (+3),1 pinjaman macet (-12) | Rata-rata telat 112 hari (-10)
L1AJN00121,L1NSB00121,PLT003,Multifinance,2024-09-16,Multifinance,Motor baru,3000000,36,26,0.96,3,3,0,0.0,79.2,21,66,1,0,0,0,0.0,0,1,0,0,91,Rendah,Setujui,0.052,0,Aktif di platform 26 bulan (+7) | On-time rate 96% (+10) | 3 pinjaman lancar (+15) | Tidak ada riwayat macet (+7),Lonjakan top-up sebelum pengajuan (-8) ⚠️
L1AJN00122,L1NSB00122,PLT003,Multifinance,2024-02-26,Multifinance,Motor bekas,3000000,18,28,0.82,0,0,0,0.0,95.8,19,45,0,0,0,0,0.0,1,0,0,0,78,Rendah,Setujui,0.128,1,Aktif di platform 28 bulan (+7) | On-time rate 82% (+5) | Listrik 95.8% tepat waktu (+7) | E-wallet aktif 19 bulan (+5),
L1AJN00123,L1NSB00123,PLT004,Multifinance,2024-02-01,Multifinance,Mesin usaha,3000000,18,29,0.8,2,2,0,3.0,95.8,0,0,0,1,4315000,1,0.02,1,1,0,0,95,Rendah,Setujui,0.029,0,Aktif di platform 29 bulan (+7) | On-time rate 80% (+5) | 2 pinjaman lancar (+10) | Tidak ada riwayat macet (+7),
L1AJN00124,L1NSB00124,PLT004,Multifinance,2024-07-06,Multifinance,Mesin usaha,7000000,18,10,0.97,1,1,0,2.0,62.5,18,47,0,0,0,0,0.0,1,0,0,0,83,Rendah,Setujui,0.099,0,On-time rate 97% (+10) | 1 pinjaman lancar (+5) | Tidak ada riwayat macet (+7) | E-wallet aktif 18 bulan (+5),
L1AJN00125,L1NSB00125,PLT004,Multifinance,2024-09-30,Multifinance,Elektronik,15000000,36,10,0.94,2,2,0,1.0,62.5,9,80,0,0,0,0,0.0,0,1,1,7000000,92,Rendah,Setujui,0.046,0,On-time rate 94% (+10) | 2 pinjaman lancar (+10) | Tidak ada riwayat macet (+7) | Transaksi e-wallet 80/bln (+3),
L1AJN00126,L1NSB00126,PLT003,Multifinance,2024-04-02,Multifinance,Motor baru,20000000,18,2,0.88,1,1,0,0.0,79.2,12,38,0,1,4053000,0,0.1,0,0,0,0,82,Rendah,Setujui,0.104,0,On-time rate 88% (+5) | 1 pinjaman lancar (+5) | Tidak ada riwayat macet (+7) | Listrik 79.2% tepat waktu (+3),
L1AJN00127,L1NSB00127,PLT002,P2P Lending,2024-11-16,P2P Lending,Pendidikan,2000000,6,12,0.57,0,0,0,0.0,83.3,9,27,0,1,3082000,0,0.02,0,1,0,0,62,Menengah,Setujui,0.22,0,Aktif di platform 12 bulan (+7) | Listrik 83.3% tepat waktu (+3) | Transaksi e-wallet 27/bln (+3) | BPJS dibayar rutin (+3),
L1AJN00128,L1NSB00128,PLT003,Multifinance,2024-05-01,Multifinance,Motor bekas,3000000,36,24,0.79,3,2,0,29.3,62.5,0,0,0,0,0,0,0.0,0,1,0,0,78,Rendah,Setujui,0.128,0,Aktif di platform 24 bulan (+7) | On-time rate 79% (+5) | 2 pinjaman lancar (+10) | Tidak ada riwayat macet (+7),
L1AJN00129,L1NSB00129,PLT005,P2P Lending,2024-06-26,P2P Lending,Pendidikan,1000000,6,6,0.91,4,2,0,6.2,95.8,9,11,0,0,0,0,0.0,1,1,0,0,94,Rendah,Setujui,0.035,0,On-time rate 91% (+10) | 2 pinjaman lancar (+10) | Tidak ada riwayat macet (+7) | Listrik 95.8% tepat waktu (+7),
L1AJN00130,L1NSB00130,PLT001,P2P Lending,2024-09-10,P2P Lending,Konsumsi,500000,3,5,0.96,2,2,0,1.5,95.8,16,43,0,1,6395000,0,0.07,0,1,0,0,95,Rendah,Setujui,0.029,0,On-time rate 96% (+10) | 2 pinjaman lancar (+10) | Tidak ada riwayat macet (+7) | Listrik 95.8% tepat waktu (+7),
L1AJN00131,L1NSB00131,PLT001,P2P Lending,2024-12-31,P2P Lending,Pendidikan,3000000,12,20,0.66,2,0,1,176.5,83.3,9,7,0,0,0,0,0.0,1,0,0,0,41,Tinggi,Tolak,0.342,1,Aktif di platform 20 bulan (+7) | Listrik 83.3% tepat waktu (+3) | Punya rekening bank (+4),1 pinjaman macet (-12) | Rata-rata telat 176 hari (-10) | 4 tanggungan (-5)
L1AJN00132,L1NSB00132,PLT001,P2P Lending,2024-12-22,P2P Lending,Pendidikan,5000000,3,20,0.83,2,2,0,1.5,62.5,0,0,0,0,0,0,0.0,1,1,0,0,83,Rendah,Setujui,0.099,0,Aktif di platform 20 bulan (+7) | On-time rate 83% (+5) | 2 pinjaman lancar (+10) | Tidak ada riwayat macet (+7),
L1AJN00133,L1NSB00133,PLT005,P2P Lending,2024-11-26,P2P Lending,Modal usaha,2000000,3,2,0.77,1,1,0,1.0,95.8,21,50,0,0,0,0,0.0,1,0,0,0,89,Rendah,Setujui,0.064,0,On-time rate 77% (+5) | 1 pinjaman lancar (+5) | Tidak ada riwayat macet (+7) | Listrik 95.8% tepat waktu (+7),
L1AJN00134,L1NSB00134,PLT004,Multifinance,2024-10-24,Multifinance,Elektronik,3000000,12,20,0.76,2,1,0,11.0,100.0,8,5,0,0,0,0,0.0,1,0,0,0,87,Rendah,Setujui,0.075,0,Aktif di platform 20 bulan (+7) | On-time rate 76% (+5) | 1 pinjaman lancar (+5) | Tidak ada riwayat macet (+7),
L1AJN00135,L1NSB00135,PLT004,Multifinance,2024-09-11,Multifinance,Mesin usaha,3000000,12,10,0.97,2,1,0,20.5,87.5,12,25,0,1,0,0,0.0,1,0,0,0,88,Rendah,Setujui,0.07,0,On-time rate 97% (+10) | 1 pinjaman lancar (+5) | Tidak ada riwayat macet (+7) | Listrik 87.5% tepat waktu (+3),
L1AJN00136,L1NSB00136,PLT001,P2P Lending,2024-03-15,P2P Lending,Pendidikan,3000000,6,18,1.0,2,2,0,0.5,66.7,0,0,0,0,0,0,0.0,0,1,0,0,86,Rendah,Setujui,0.081,0,Aktif di platform 18 bulan (+7) | On-time rate 100% (+10) | 2 pinjaman lancar (+10) | Tidak ada riwayat macet (+7),
L1AJN00137,L1NSB00137,PLT003,Multifinance,2024-09-12,Multifinance,Motor bekas,15000000,18,11,0.74,0,0,0,0.0,83.3,6,23,0,0,0,0,0.0,1,0,0,0,51,Menengah,Setujui,0.284,0,Listrik 83.3% tepat waktu (+3) | Transaksi e-wallet 23/bln (+3) | Punya rekening bank (+4),5 tanggungan (-5)
L1AJN00138,L1NSB00138,PLT004,Multifinance,2024-05-05,Multifinance,Motor bekas,7000000,18,23,0.81,2,2,0,1.5,95.8,17,43,0,0,0,0,0.0,1,1,0,0,95,Rendah,Setujui,0.029,0,Aktif di platform 23 bulan (+7) | On-time rate 81% (+5) | 2 pinjaman lancar (+10) | Tidak ada riwayat macet (+7),
L1AJN00139,L1NSB00139,PLT001,P2P Lending,2024-08-02,P2P Lending,Pendidikan,500000,1,24,0.8,0,0,0,0.0,62.5,16,60,0,0,0,0,0.0,1,0,0,0,78,Rendah,Setujui,0.128,0,Aktif di platform 24 bulan (+7) | On-time rate 80% (+5) | E-wallet aktif 16 bulan (+5) | Transaksi e-wallet 60/bln (+3),
L1AJN00140,L1NSB00140,PLT004,Multifinance,2024-04-13,Multifinance,Elektronik,15000000,24,8,0.73,4,4,0,1.8,83.3,0,0,0,1,5848000,1,0.07,0,1,0,0,82,Rendah,Setujui,0.104,0,4 pinjaman lancar (+15) | Tidak ada riwayat macet (+7) | Listrik 83.3% tepat waktu (+3) | Income gig konsisten 6 bulan (+8),
L1AJN00141,L1NSB00141,PLT001,P2P Lending,2024-12-30,P2P Lending,Modal usaha,3000000,3,22,0.75,2,2,0,1.5,70.8,7,58,0,1,6346000,1,0.15,0,0,0,0,80,Rendah,Setujui,0.116,0,Aktif di platform 22 bulan (+7) | On-time rate 75% (+5) | 2 pinjaman lancar (+10) | Tidak ada riwayat macet (+7),5 tanggungan (-5) | Cancel rate gig 15% (-4)
L1AJN00142,L1NSB00142,PLT003,Multifinance,2024-03-24,Multifinance,Elektronik,20000000,12,33,0.81,2,2,0,0.5,91.7,8,78,0,1,4197000,1,0.11,0,0,0,0,95,Rendah,Setujui,0.029,0,Aktif di platform 33 bulan (+7) | On-time rate 81% (+5) | 2 pinjaman lancar (+10) | Tidak ada riwayat macet (+7),Cancel rate gig 11% (-4)
L1AJN00143,L1NSB00143,PLT001,P2P Lending,2024-07-06,P2P Lending,Renovasi,1000000,6,15,0.84,2,2,0,1.0,87.5,15,14,0,1,6115000,1,0.04,0,0,0,0,94,Rendah,Setujui,0.035,0,Aktif di platform 15 bulan (+7) | On-time rate 84% (+5) | 2 pinjaman lancar (+10) | Tidak ada riwayat macet (+7),
L1AJN00144,L1NSB00144,PLT001,P2P Lending,2024-11-06,P2P Lending,Renovasi,3000000,12,27,0.79,2,1,0,11.0,87.5,24,47,0,0,0,0,0.0,1,1,0,0,84,Rendah,Setujui,0.093,0,Aktif di platform 27 bulan (+7) | On-time rate 79% (+5) | 1 pinjaman lancar (+5) | Tidak ada riwayat macet (+7),4 tanggungan (-5)
L1AJN00145,L1NSB00145,PLT002,P2P Lending,2024-02-15,P2P Lending,Pendidikan,500000,9,31,0.96,1,1,0,2.0,91.7,19,47,0,1,2866000,1,0.14,0,0,0,0,95,Rendah,Setujui,0.029,0,Aktif di platform 31 bulan (+7) | On-time rate 96% (+10) | 1 pinjaman lancar (+5) | Tidak ada riwayat macet (+7),Cancel rate gig 14% (-4)
L1AJN00146,L1NSB00146,PLT005,P2P Lending,2024-12-12,P2P Lending,Modal usaha,1000000,3,36,0.91,1,1,0,1.0,75.0,9,72,0,1,5078000,1,0.07,1,1,0,0,95,Rendah,Setujui,0.029,0,Aktif di platform 36 bulan (+7) | On-time rate 91% (+10) | 1 pinjaman lancar (+5) | Tidak ada riwayat macet (+7),
L1AJN00147,L1NSB00147,PLT003,Multifinance,2024-01-21,Multifinance,Motor bekas,3000000,12,26,0.87,3,3,0,2.3,79.2,13,66,0,1,6209000,1,0.02,1,0,0,0,95,Rendah,Setujui,0.029,0,Aktif di platform 26 bulan (+7) | On-time rate 87% (+5) | 3 pinjaman lancar (+15) | Tidak ada riwayat macet (+7),
L1AJN00148,L1NSB00148,PLT002,P2P Lending,2024-05-09,P2P Lending,Modal usaha,2000000,12,36,0.87,0,0,0,0.0,95.8,0,0,0,0,0,0,0.0,1,0,0,0,70,Rendah,Setujui,0.174,0,Aktif di platform 36 bulan (+7) | On-time rate 87% (+5) | Listrik 95.8% tepat waktu (+7) | Punya rekening bank (+4),
L1AJN00149,L1NSB00149,PLT002,P2P Lending,2024-12-05,P2P Lending,Pendidikan,2000000,3,31,0.7,2,2,0,1.0,83.3,14,16,0,1,4660000,1,0.14,0,1,0,0,92,Rendah,Setujui,0.046,0,Aktif di platform 31 bulan (+7) | 2 pinjaman lancar (+10) | Tidak ada riwayat macet (+7) | Listrik 83.3% tepat waktu (+3),Cancel rate gig 14% (-4)
L1AJN00150,L1NSB00150,PLT003,Multifinance,2024-07-03,Multifinance,Elektronik,7000000,12,6,0.75,1,1,0,3.0,75.0,0,0,0,0,0,0,0.0,1,0,0,0,71,Rendah,Setujui,0.168,1,On-time rate 75% (+5) | 1 pinjaman lancar (+5) | Tidak ada riwayat macet (+7) | Listrik 75.0% tepat waktu (+3),5 tanggungan (-5)
L1AJN00151,L1NSB00151,PLT002,P2P Lending,2024-08-13,P2P Lending,Renovasi,2000000,9,26,0.55,3,1,0,24.7,62.5,0,0,0,0,0,0,0.0,1,0,0,0,72,Rendah,Setujui,0.162,0,Aktif di platform 26 bulan (+7) | 1 pinjaman lancar (+5) | Tidak ada riwayat macet (+7) | Punya rekening bank (+4),
L1AJN00152,L1NSB00152,PLT005,P2P Lending,2024-12-12,P2P Lending,Renovasi,1000000,12,30,0.68,2,2,0,1.5,58.3,7,77,0,1,1999000,1,0.04,1,1,0,0,93,Rendah,Setujui,0.041,0,Aktif di platform 30 bulan (+7) | 2 pinjaman lancar (+10) | Tidak ada riwayat macet (+7) | Transaksi e-wallet 77/bln (+3),
L1AJN00153,L1NSB00153,PLT004,Multifinance,2024-11-06,Multifinance,Motor baru,10000000,12,22,0.91,1,0,0,46.0,83.3,10,72,0,1,4001000,1,0.08,1,1,0,0,87,Rendah,Setujui,0.075,0,Aktif di platform 22 bulan (+7) | On-time rate 91% (+10) | Tidak ada riwayat macet (+7) | Listrik 83.3% tepat waktu (+3),Rata-rata telat 46 hari (-10)
L1AJN00154,L1NSB00154,PLT001,P2P Lending,2024-02-06,P2P Lending,Modal usaha,2000000,12,21,0.58,4,2,1,43.0,91.7,0,0,0,0,0,0,0.0,0,0,0,0,52,Menengah,Setujui,0.278,0,Aktif di platform 21 bulan (+7) | 2 pinjaman lancar (+10) | Listrik 91.7% tepat waktu (+7),1 pinjaman macet (-12) | Rata-rata telat 43 hari (-10)
L1AJN00155,L1NSB00155,PLT005,P2P Lending,2024-11-10,P2P Lending,Konsumsi,1000000,9,16,0.74,0,0,0,0.0,91.7,0,0,0,1,4233000,1,0.04,0,1,0,0,80,Rendah,Setujui,0.116,0,Aktif di platform 16 bulan (+7) | Listrik 91.7% tepat waktu (+7) | Income gig konsisten 6 bulan (+8) | Rating gig 4.6 (+5),
L1AJN00156,L1NSB00156,PLT003,Multifinance,2024-12-10,Multifinance,Motor baru,10000000,24,31,0.86,4,3,0,3.8,83.3,6,49,0,1,6538000,1,0.05,1,1,0,0,95,Rendah,Setujui,0.029,0,Aktif di platform 31 bulan (+7) | On-time rate 86% (+5) | 3 pinjaman lancar (+15) | Tidak ada riwayat macet (+7),4 tanggungan (-5)
L1AJN00157,L1NSB00157,PLT005,P2P Lending,2024-05-14,P2P Lending,Konsumsi,3000000,3,29,0.57,3,3,0,1.0,91.7,15,78,0,0,0,0,0.0,1,1,0,0,95,Rendah,Setujui,0.029,0,Aktif di platform 29 bulan (+7) | 3 pinjaman lancar (+15) | Tidak ada riwayat macet (+7) | Listrik 91.7% tepat waktu (+7),5 tanggungan (-5)
L1AJN00158,L1NSB00158,PLT005,P2P Lending,2024-08-27,P2P Lending,Pendidikan,2000000,6,34,0.74,3,2,0,29.3,100.0,8,50,0,1,6876000,1,0.13,1,0,0,0,94,Rendah,Setujui,0.035,0,Aktif di platform 34 bulan (+7) | 2 pinjaman lancar (+10) | Tidak ada riwayat macet (+7) | Listrik 100.0% tepat waktu (+7),Cancel rate gig 13% (-4)
L1AJN00159,L1NSB00159,PLT005,P2P Lending,2024-10-10,P2P Lending,Renovasi,2000000,9,20,0.59,4,4,0,1.8,83.3,12,52,0,1,0,0,0.0,1,0,0,0,95,Rendah,Setujui,0.029,0,Aktif di platform 20 bulan (+7) | 4 pinjaman lancar (+15) | Tidak ada riwayat macet (+7) | Listrik 83.3% tepat waktu (+3),
L1AJN00160,L1NSB00160,PLT005,P2P Lending,2024-08-19,P2P Lending,Modal usaha,1000000,3,31,0.86,1,1,0,0.0,79.2,24,77,1,0,0,0,0.0,1,1,0,0,88,Rendah,Setujui,0.07,0,Aktif di platform 31 bulan (+7) | On-time rate 86% (+5) | 1 pinjaman lancar (+5) | Tidak ada riwayat macet (+7),Lonjakan top-up sebelum pengajuan (-8) ⚠️
L1AJN00161,L1NSB00161,PLT003,Multifinance,2024-08-09,Multifinance,Mesin usaha,5000000,18,25,0.84,2,2,0,1.0,100.0,15,17,0,0,0,0,0.0,1,1,1,6000000,95,Rendah,Setujui,0.029,0,Aktif di platform 25 bulan (+7) | On-time rate 84% (+5) | 2 pinjaman lancar (+10) | Tidak ada riwayat macet (+7),
L1AJN00162,L1NSB00162,PLT005,P2P Lending,2024-02-01,P2P Lending,Renovasi,5000000,3,15,0.87,1,1,0,2.0,79.2,24,65,0,0,0,0,0.0,1,1,0,0,90,Rendah,Setujui,0.058,0,Aktif di platform 15 bulan (+7) | On-time rate 87% (+5) | 1 pinjaman lancar (+5) | Tidak ada riwayat macet (+7),
L1AJN00163,L1NSB00163,PLT002,P2P Lending,2024-07-01,P2P Lending,Modal usaha,2000000,6,18,0.94,2,2,0,1.5,79.2,15,33,0,0,0,0,0.0,1,1,0,0,95,Rendah,Setujui,0.029,0,Aktif di platform 18 bulan (+7) | On-time rate 94% (+10) | 2 pinjaman lancar (+10) | Tidak ada riwayat macet (+7),
L1AJN00164,L1NSB00164,PLT002,P2P Lending,2024-12-13,P2P Lending,Pendidikan,5000000,1,3,0.85,2,0,0,22.0,62.5,7,67,0,0,0,0,0.0,1,0,0,0,66,Menengah,Setujui,0.197,0,On-time rate 85% (+5) | Tidak ada riwayat macet (+7) | Transaksi e-wallet 67/bln (+3) | Punya rekening bank (+4),
L1AJN00165,L1NSB00165,PLT002,P2P Lending,2024-06-22,P2P Lending,Renovasi,5000000,3,33,0.67,0,0,0,0.0,62.5,0,0,0,0,0,0,0.0,1,1,0,0,58,Menengah,Setujui,0.244,1,Aktif di platform 33 bulan (+7) | Punya rekening bank (+4) | BPJS dibayar rutin (+3),4 tanggungan (-5)
L1AJN00166,L1NSB00166,PLT003,Multifinance,2024-09-05,Multifinance,Motor baru,3000000,18,34,0.88,1,1,0,3.0,79.2,8,38,0,0,0,0,0.0,0,0,0,0,75,Rendah,Setujui,0.145,0,Aktif di platform 34 bulan (+7) | On-time rate 88% (+5) | 1 pinjaman lancar (+5) | Tidak ada riwayat macet (+7),5 tanggungan (-5)
L1AJN00167,L1NSB00167,PLT005,P2P Lending,2024-08-14,P2P Lending,Konsumsi,1000000,1,25,0.85,1,1,0,3.0,66.7,21,44,0,1,4564000,1,0.1,1,1,0,0,95,Rendah,Setujui,0.029,0,Aktif di platform 25 bulan (+7) | On-time rate 85% (+5) | 1 pinjaman lancar (+5) | Tidak ada riwayat macet (+7),
L1AJN00168,L1NSB00168,PLT004,Multifinance,2024-04-10,Multifinance,Elektronik,5000000,18,36,0.96,3,3,0,2.0,79.2,24,49,0,0,0,0,0.0,0,0,0,0,95,Rendah,Setujui,0.029,0,Aktif di platform 36 bulan (+7) | On-time rate 96% (+10) | 3 pinjaman lancar (+15) | Tidak ada riwayat macet (+7),
L1AJN00169,L1NSB00169,PLT001,P2P Lending,2024-03-02,P2P Lending,Konsumsi,2000000,6,18,0.59,1,1,0,1.0,87.5,14,20,0,1,7529000,1,0.1,0,1,0,0,92,Rendah,Setujui,0.046,0,Aktif di platform 18 bulan (+7) | 1 pinjaman lancar (+5) | Tidak ada riwayat macet (+7) | Listrik 87.5% tepat waktu (+3),
L1AJN00170,L1NSB00170,PLT003,Multifinance,2024-06-22,Multifinance,Motor bekas,5000000,18,13,0.71,4,4,0,2.0,87.5,0,0,0,0,0,0,0.0,1,0,1,8000000,87,Rendah,Setujui,0.075,0,Aktif di platform 13 bulan (+7) | 4 pinjaman lancar (+15) | Tidak ada riwayat macet (+7) | Listrik 87.5% tepat waktu (+3),
L1AJN00171,L1NSB00171,PLT004,Multifinance,2024-04-25,Multifinance,Motor baru,5000000,12,19,0.92,4,2,0,8.8,87.5,16,78,0,0,0,0,0.0,0,0,0,0,95,Rendah,Setujui,0.029,0,Aktif di platform 19 bulan (+7) | On-time rate 92% (+10) | 2 pinjaman lancar (+10) | Tidak ada riwayat macet (+7),
L1AJN00172,L1NSB00172,PLT004,Multifinance,2024-05-22,Multifinance,Elektronik,5000000,24,14,0.91,1,1,0,3.0,100.0,9,7,0,0,0,0,0.0,1,0,0,0,90,Rendah,Setujui,0.058,0,Aktif di platform 14 bulan (+7) | On-time rate 91% (+10) | 1 pinjaman lancar (+5) | Tidak ada riwayat macet (+7),
L1AJN00173,L1NSB00173,PLT005,P2P Lending,2024-08-17,P2P Lending,Modal usaha,500000,6,13,0.91,0,0,0,0.0,66.7,14,78,0,0,0,0,0.0,1,1,0,0,81,Rendah,Setujui,0.11,0,Aktif di platform 13 bulan (+7) | On-time rate 91% (+10) | E-wallet aktif 14 bulan (+5) | Transaksi e-wallet 78/bln (+3),
L1AJN00174,L1NSB00174,PLT004,Multifinance,2024-09-27,Multifinance,Motor baru,7000000,36,11,0.77,4,3,0,13.0,83.3,24,35,0,0,0,0,0.0,0,0,0,0,84,Rendah,Setujui,0.093,0,On-time rate 77% (+5) | 3 pinjaman lancar (+15) | Tidak ada riwayat macet (+7) | Listrik 83.3% tepat waktu (+3),4 tanggungan (-5)
L1AJN00175,L1NSB00175,PLT001,P2P Lending,2024-06-17,P2P Lending,Pendidikan,500000,1,4,0.59,3,2,0,5.0,83.3,13,52,0,1,0,0,0.0,1,1,0,0,88,Rendah,Setujui,0.07,0,2 pinjaman lancar (+10) | Tidak ada riwayat macet (+7) | Listrik 83.3% tepat waktu (+3) | E-wallet aktif 13 bulan (+5),
L1AJN00176,L1NSB00176,PLT001,P2P Lending,2024-01-27,P2P Lending,Pendidikan,1000000,12,32,0.84,4,4,0,0.0,87.5,12,34,0,1,1559000,1,0.02,1,1,0,0,95,Rendah,Setujui,0.029,0,Aktif di platform 32 bulan (+7) | On-time rate 84% (+5) | 4 pinjaman lancar (+15) | Tidak ada riwayat macet (+7),4 tanggungan (-5)
L1AJN00177,L1NSB00177,PLT002,P2P Lending,2024-03-12,P2P Lending,Konsumsi,5000000,12,10,0.56,2,1,0,10.5,87.5,13,60,0,1,0,0,0.0,0,0,0,0,67,Menengah,Setujui,0.191,0,1 pinjaman lancar (+5) | Tidak ada riwayat macet (+7) | Listrik 87.5% tepat waktu (+3) | E-wallet aktif 13 bulan (+5),5 tanggungan (-5)
L1AJN00178,L1NSB00178,PLT005,P2P Lending,2024-04-03,P2P Lending,Konsumsi,500000,6,6,0.99,2,2,0,2.5,100.0,6,11,0,0,0,0,0.0,1,1,0,0,89,Rendah,Setujui,0.064,0,On-time rate 99% (+10) | 2 pinjaman lancar (+10) | Tidak ada riwayat macet (+7) | Listrik 100.0% tepat waktu (+7),
L1AJN00179,L1NSB00179,PLT001,P2P Lending,2024-07-31,P2P Lending,Konsumsi,1000000,3,28,0.81,1,1,0,3.0,95.8,16,28,0,0,0,0,0.0,1,1,0,0,87,Rendah,Setujui,0.075,0,Aktif di platform 28 bulan (+7) | On-time rate 81% (+5) | 1 pinjaman lancar (+5) | Tidak ada riwayat macet (+7),5 tanggungan (-5)
L1AJN00180,L1NSB00180,PLT002,P2P Lending,2024-06-28,P2P Lending,Konsumsi,500000,9,3,0.6,2,2,0,2.0,66.7,8,21,0,0,0,0,0.0,0,1,0,0,75,Rendah,Setujui,0.145,0,2 pinjaman lancar (+10) | Tidak ada riwayat macet (+7) | Transaksi e-wallet 21/bln (+3) | BPJS dibayar rutin (+3),
L1AJN00181,L1NSB00181,PLT003,Multifinance,2024-03-05,Multifinance,Motor baru,10000000,12,10,0.63,1,1,0,2.0,79.2,21,74,0,1,6568000,1,0.12,0,0,0,0,85,Rendah,Setujui,0.087,0,1 pinjaman lancar (+5) | Tidak ada riwayat macet (+7) | Listrik 79.2% tepat waktu (+3) | E-wallet aktif 21 bulan (+5),Cancel rate gig 12% (-4)
L1AJN00182,L1NSB00182,PLT003,Multifinance,2024-10-10,Multifinance,Motor baru,20000000,12,6,0.61,4,2,1,72.2,91.7,16,40,0,0,0,0,0.0,0,0,0,0,52,Menengah,Setujui,0.278,0,2 pinjaman lancar (+10) | Listrik 91.7% tepat waktu (+7) | E-wallet aktif 16 bulan (+5) | Transaksi e-wallet 40/bln (+3),1 pinjaman macet (-12) | Rata-rata telat 72 hari (-10)
L1AJN00183,L1NSB00183,PLT005,P2P Lending,2024-03-26,P2P Lending,Modal usaha,2000000,9,21,0.9,2,0,1,158.5,70.8,12,75,0,0,0,0,0.0,1,1,0,0,55,Menengah,Setujui,0.261,1,Aktif di platform 21 bulan (+7) | On-time rate 90% (+10) | E-wallet aktif 12 bulan (+5) | Transaksi e-wallet 75/bln (+3),1 pinjaman macet (-12) | Rata-rata telat 158 hari (-10) | 5 tanggungan (-5)
L1AJN00184,L1NSB00184,PLT002,P2P Lending,2024-01-28,P2P Lending,Konsumsi,3000000,6,19,0.67,1,1,0,2.0,66.7,23,40,0,0,0,0,0.0,0,1,0,0,76,Rendah,Setujui,0.139,0,Aktif di platform 19 bulan (+7) | 1 pinjaman lancar (+5) | Tidak ada riwayat macet (+7) | E-wallet aktif 23 bulan (+5),
L1AJN00185,L1NSB00185,PLT003,Multifinance,2024-04-25,Multifinance,Motor bekas,20000000,18,20,0.77,1,0,1,163.0,83.3,7,17,0,0,0,0,0.0,0,1,0,0,47,Tinggi,Tolak,0.307,0,Aktif di platform 20 bulan (+7) | On-time rate 77% (+5) | Listrik 83.3% tepat waktu (+3) | BPJS dibayar rutin (+3),1 pinjaman macet (-12) | Rata-rata telat 163 hari (-10)
L1AJN00186,L1NSB00186,PLT004,Multifinance,2024-08-24,Multifinance,Motor baru,10000000,18,36,0.63,2,2,0,3.0,95.8,24,6,0,1,5952000,1,0.06,0,0,0,0,90,Rendah,Setujui,0.058,0,Aktif di platform 36 bulan (+7) | 2 pinjaman lancar (+10) | Tidak ada riwayat macet (+7) | Listrik 95.8% tepat waktu (+7),5 tanggungan (-5)
L1AJN00187,L1NSB00187,PLT005,P2P Lending,2024-10-01,P2P Lending,Modal usaha,1000000,9,9,0.85,0,0,0,0.0,62.5,9,68,0,1,5728000,1,0.1,0,0,0,0,70,Rendah,Setujui,0.174,0,On-time rate 85% (+5) | Transaksi e-wallet 68/bln (+3) | Income gig konsisten 6 bulan (+8) | Rating gig 4.7 (+5),
L1AJN00188,L1NSB00188,PLT004,Multifinance,2024-08-01,Multifinance,Mesin usaha,7000000,36,7,0.87,3,2,0,3.3,75.0,0,0,0,1,4671000,1,0.12,0,1,0,0,75,Rendah,Setujui,0.145,0,On-time rate 87% (+5) | 2 pinjaman lancar (+10) | Tidak ada riwayat macet (+7) | Listrik 75.0% tepat waktu (+3),4 tanggungan (-5) | Cancel rate gig 12% (-4)
L1AJN00189,L1NSB00189,PLT005,P2P Lending,2024-01-14,P2P Lending,Konsumsi,500000,3,13,0.61,1,0,0,47.0,75.0,0,0,0,1,7108000,1,0.01,0,1,0,0,72,Rendah,Setujui,0.162,0,Aktif di platform 13 bulan (+7) | Tidak ada riwayat macet (+7) | Listrik 75.0% tepat waktu (+3) | Income gig konsisten 6 bulan (+8),Rata-rata telat 47 hari (-10)
L1AJN00190,L1NSB00190,PLT004,Multifinance,2024-08-12,Multifinance,Elektronik,10000000,18,35,0.55,1,0,0,11.0,79.2,9,62,0,0,0,0,0.0,0,1,0,0,69,Menengah,Setujui,0.18,0,Aktif di platform 35 bulan (+7) | Tidak ada riwayat macet (+7) | Listrik 79.2% tepat waktu (+3) | Transaksi e-wallet 62/bln (+3),
L1AJN00191,L1NSB00191,PLT001,P2P Lending,2024-06-18,P2P Lending,Konsumsi,500000,3,32,0.73,4,3,0,5.5,95.8,14,27,0,0,0,0,0.0,0,1,0,0,94,Rendah,Setujui,0.035,0,Aktif di platform 32 bulan (+7) | 3 pinjaman lancar (+15) | Tidak ada riwayat macet (+7) | Listrik 95.8% tepat waktu (+7),
L1AJN00192,L1NSB00192,PLT005,P2P Lending,2024-06-18,P2P Lending,Modal usaha,500000,12,33,0.93,1,1,0,0.0,58.3,6,22,0,0,0,0,0.0,1,1,0,0,85,Rendah,Setujui,0.087,0,Aktif di platform 33 bulan (+7) | On-time rate 93% (+10) | 1 pinjaman lancar (+5) | Tidak ada riwayat macet (+7),
L1AJN00193,L1NSB00193,PLT005,P2P Lending,2024-10-22,P2P Lending,Renovasi,1000000,1,16,0.7,1,1,0,3.0,62.5,13,30,0,1,3941000,1,0.1,1,1,0,0,85,Rendah,Setujui,0.087,0,Aktif di platform 16 bulan (+7) | 1 pinjaman lancar (+5) | Tidak ada riwayat macet (+7) | E-wallet aktif 13 bulan (+5),5 tanggungan (-5)
L1AJN00194,L1NSB00194,PLT001,P2P Lending,2024-02-26,P2P Lending,Konsumsi,3000000,6,33,0.7,2,1,0,39.0,75.0,14,53,0,1,2500000,1,0.11,1,1,0,0,84,Rendah,Setujui,0.093,0,Aktif di platform 33 bulan (+7) | 1 pinjaman lancar (+5) | Tidak ada riwayat macet (+7) | Listrik 75.0% tepat waktu (+3),Rata-rata telat 39 hari (-10) | Cancel rate gig 11% (-4)
L1AJN00195,L1NSB00195,PLT004,Multifinance,2024-04-09,Multifinance,Elektronik,15000000,36,6,0.71,2,2,0,2.5,87.5,22,79,0,1,3306000,1,0.13,0,1,0,0,85,Rendah,Setujui,0.087,0,2 pinjaman lancar (+10) | Tidak ada riwayat macet (+7) | Listrik 87.5% tepat waktu (+3) | E-wallet aktif 22 bulan (+5),Cancel rate gig 13% (-4)
L1AJN00196,L1NSB00196,PLT004,Multifinance,2024-11-03,Multifinance,Motor baru,5000000,24,8,0.59,1,1,0,1.0,75.0,22,62,0,0,0,0,0.0,0,1,0,0,80,Rendah,Setujui,0.116,1,1 pinjaman lancar (+5) | Tidak ada riwayat macet (+7) | Listrik 75.0% tepat waktu (+3) | E-wallet aktif 22 bulan (+5),
L1AJN00197,L1NSB00197,PLT002,P2P Lending,2024-04-02,P2P Lending,Renovasi,500000,9,28,0.8,0,0,0,0.0,100.0,0,0,0,1,4712000,1,0.04,1,1,0,0,75,Rendah,Setujui,0.145,0,Aktif di platform 28 bulan (+7) | On-time rate 80% (+5) | Listrik 100.0% tepat waktu (+7) | Income gig konsisten 6 bulan (+8),4 tanggungan (-5)
L1AJN00198,L1NSB00198,PLT005,P2P Lending,2024-12-05,P2P Lending,Renovasi,2000000,3,14,0.85,2,1,0,5.0,58.3,18,63,0,0,0,0,0.0,1,0,0,0,78,Rendah,Setujui,0.128,0,Aktif di platform 14 bulan (+7) | On-time rate 85% (+5) | 1 pinjaman lancar (+5) | Tidak ada riwayat macet (+7),4 tanggungan (-5)
L1AJN00199,L1NSB00199,PLT003,Multifinance,2024-07-13,Multifinance,Elektronik,15000000,12,17,0.89,2,2,0,1.0,70.8,13,15,0,0,0,0,0.0,1,1,0,0,95,Rendah,Setujui,0.029,0,Aktif di platform 17 bulan (+7) | On-time rate 89% (+5) | 2 pinjaman lancar (+10) | Tidak ada riwayat macet (+7),
L1AJN00200,L1NSB00200,PLT003,Multifinance,2024-10-24,Multifinance,Mesin usaha,10000000,36,12,0.65,2,2,0,2.5,75.0,21,38,1,0,0,0,0.0,0,0,0,0,74,Rendah,Setujui,0.151,1,Aktif di platform 12 bulan (+7) | 2 pinjaman lancar (+10) | Tidak ada riwayat macet (+7) | Listrik 75.0% tepat waktu (+3),Lonjakan top-up sebelum pengajuan (-8) ⚠️
L1AJN00201,L1NSB00201,PLT002,P2P Lending,2024-03-23,P2P Lending,Konsumsi,500000,12,10,0.87,2,1,0,11.5,79.2,9,74,0,0,0,0,0.0,0,0,0,0,72,Rendah,Setujui,0.162,0,On-time rate 87% (+5) | 1 pinjaman lancar (+5) | Tidak ada riwayat macet (+7) | Listrik 79.2% tepat waktu (+3),
L1AJN00202,L1NSB00202,PLT002,P2P Lending,2024-09-03,P2P Lending,Renovasi,500000,9,9,0.91,1,1,0,1.0,87.5,15,66,0,1,5465000,1,0.05,1,1,0,0,91,Rendah,Setujui,0.052,0,On-time rate 91% (+10) | 1 pinjaman lancar (+5) | Tidak ada riwayat macet (+7) | Listrik 87.5% tepat waktu (+3),5 tanggungan (-5)
L1AJN00203,L1NSB00203,PLT004,Multifinance,2024-03-18,Multifinance,Mesin usaha,5000000,12,29,0.97,1,1,0,3.0,66.7,0,0,0,0,0,0,0.0,0,0,0,0,80,Rendah,Setujui,0.116,0,Aktif di platform 29 bulan (+7) | On-time rate 97% (+10) | 1 pinjaman lancar (+5) | Tidak ada riwayat macet (+7),
L1AJN00204,L1NSB00204,PLT003,Multifinance,2024-02-05,Multifinance,Motor baru,15000000,24,32,0.75,0,0,0,0.0,95.8,0,0,0,1,7073000,1,0.09,0,1,0,0,82,Rendah,Setujui,0.104,0,Aktif di platform 32 bulan (+7) | On-time rate 75% (+5) | Listrik 95.8% tepat waktu (+7) | Income gig konsisten 6 bulan (+8),4 tanggungan (-5)
L1AJN00205,L1NSB00205,PLT005,P2P Lending,2024-01-09,P2P Lending,Konsumsi,2000000,12,16,0.95,2,1,0,13.5,91.7,24,28,0,0,0,0,0.0,1,1,0,0,95,Rendah,Setujui,0.029,0,Aktif di platform 16 bulan (+7) | On-time rate 95% (+10) | 1 pinjaman lancar (+5) | Tidak ada riwayat macet (+7),
L1AJN00206,L1NSB00206,PLT002,P2P Lending,2024-06-16,P2P Lending,Renovasi,500000,3,28,0.95,0,0,0,0.0,87.5,0,0,0,0,0,0,0.0,0,0,0,0,72,Rendah,Setujui,0.162,0,Aktif di platform 28 bulan (+7) | On-time rate 95% (+10) | Listrik 87.5% tepat waktu (+3),
L1AJN00207,L1NSB00207,PLT005,P2P Lending,2024-09-07,P2P Lending,Konsumsi,5000000,1,19,0.61,1,0,0,53.0,87.5,19,23,0,1,0,0,0.0,1,1,0,0,70,Rendah,Setujui,0.174,0,Aktif di platform 19 bulan (+7) | Tidak ada riwayat macet (+7) | Listrik 87.5% tepat waktu (+3) | E-wallet aktif 19 bulan (+5),Rata-rata telat 53 hari (-10) | 5 tanggungan (-5)
L1AJN00208,L1NSB00208,PLT001,P2P Lending,2024-06-26,P2P Lending,Renovasi,3000000,12,9,0.61,1,1,0,2.0,91.7,23,58,0,0,0,0,0.0,1,0,0,0,80,Rendah,Setujui,0.116,1,1 pinjaman lancar (+5) | Tidak ada riwayat macet (+7) | Listrik 91.7% tepat waktu (+7) | E-wallet aktif 23 bulan (+5),
L1AJN00209,L1NSB00209,PLT003,Multifinance,2024-11-24,Multifinance,Mesin usaha,15000000,18,5,0.7,1,1,0,2.0,83.3,24,34,1,1,7302000,1,0.14,0,0,0,0,70,Rendah,Setujui,0.174,0,1 pinjaman lancar (+5) | Tidak ada riwayat macet (+7) | Listrik 83.3% tepat waktu (+3) | E-wallet aktif 24 bulan (+5),Lonjakan top-up sebelum pengajuan (-8) ⚠️ | Cancel rate gig 14% (-4)
L1AJN00210,L1NSB00210,PLT001,P2P Lending,2024-08-29,P2P Lending,Renovasi,5000000,6,23,0.72,2,2,0,2.0,66.7,10,29,0,0,0,0,0.0,0,0,0,0,81,Rendah,Setujui,0.11,0,Aktif di platform 23 bulan (+7) | 2 pinjaman lancar (+10) | Tidak ada riwayat macet (+7) | Transaksi e-wallet 29/bln (+3),
L1AJN00211,L1NSB00211,PLT003,Multifinance,2024-06-07,Multifinance,Motor bekas,20000000,18,32,0.71,0,0,0,0.0,91.7,14,37,0,0,0,0,0.0,1,0,0,0,72,Rendah,Setujui,0.162,0,Aktif di platform 32 bulan (+7) | Listrik 91.7% tepat waktu (+7) | E-wallet aktif 14 bulan (+5) | Transaksi e-wallet 37/bln (+3),4 tanggungan (-5)
L1AJN00212,L1NSB00212,PLT001,P2P Lending,2024-04-07,P2P Lending,Renovasi,1000000,3,30,0.71,2,1,0,27.0,83.3,15,23,0,0,0,0,0.0,0,0,0,0,78,Rendah,Setujui,0.128,0,Aktif di platform 30 bulan (+7) | 1 pinjaman lancar (+5) | Tidak ada riwayat macet (+7) | Listrik 83.3% tepat waktu (+3),
L1AJN00213,L1NSB00213,PLT003,Multifinance,2024-10-22,Multifinance,Elektronik,7000000,12,6,0.66,1,0,0,64.0,58.3,6,66,0,1,5842000,1,0.09,0,0,0,0,56,Menengah,Setujui,0.255,0,Tidak ada riwayat macet (+7) | Transaksi e-wallet 66/bln (+3) | Income gig konsisten 6 bulan (+8),Rata-rata telat 64 hari (-10)
L1AJN00214,L1NSB00214,PLT001,P2P Lending,2024-09-13,P2P Lending,Modal usaha,5000000,1,15,0.76,2,0,0,64.0,79.2,8,66,1,0,0,0,0.0,0,0,0,0,54,Menengah,Setujui,0.267,0,Aktif di platform 15 bulan (+7) | On-time rate 76% (+5) | Tidak ada riwayat macet (+7) | Listrik 79.2% tepat waktu (+3),Rata-rata telat 64 hari (-10) | 4 tanggungan (-5) | Lonjakan top-up sebelum pengajuan (-8) ⚠️
L1AJN00215,L1NSB00215,PLT004,Multifinance,2024-05-01,Multifinance,Motor bekas,20000000,36,7,0.81,2,2,0,0.5,75.0,22,66,0,1,7231000,1,0.03,0,1,0,0,95,Rendah,Setujui,0.029,0,On-time rate 81% (+5) | 2 pinjaman lancar (+10) | Tidak ada riwayat macet (+7) | Listrik 75.0% tepat waktu (+3),
L1AJN00216,L1NSB00216,PLT005,P2P Lending,2024-08-19,P2P Lending,Renovasi,3000000,6,23,0.59,2,2,0,1.0,58.3,15,43,0,1,2997000,1,0.01,0,1,0,0,93,Rendah,Setujui,0.041,0,Aktif di platform 23 bulan (+7) | 2 pinjaman lancar (+10) | Tidak ada riwayat macet (+7) | E-wallet aktif 15 bulan (+5),
L1AJN00217,L1NSB00217,PLT005,P2P Lending,2024-08-26,P2P Lending,Renovasi,1000000,1,21,0.77,2,2,0,1.0,58.3,0,0,0,0,0,0,0.0,1,1,0,0,89,Rendah,Setujui,0.064,0,Aktif di platform 21 bulan (+7) | On-time rate 77% (+5) | 2 pinjaman lancar (+10) | Tidak ada riwayat macet (+7),
L1AJN00218,L1NSB00218,PLT001,P2P Lending,2024-02-11,P2P Lending,Pendidikan,1000000,3,34,0.86,2,2,0,2.0,75.0,0,0,0,0,0,0,0.0,0,1,0,0,78,Rendah,Setujui,0.128,0,Aktif di platform 34 bulan (+7) | On-time rate 86% (+5) | 2 pinjaman lancar (+10) | Tidak ada riwayat macet (+7),4 tanggungan (-5)
L1AJN00219,L1NSB00219,PLT004,Multifinance,2024-10-24,Multifinance,Mesin usaha,15000000,18,5,0.63,4,3,0,13.2,100.0,7,39,0,0,0,0,0.0,1,0,0,0,82,Rendah,Setujui,0.104,0,3 pinjaman lancar (+15) | Tidak ada riwayat macet (+7) | Listrik 100.0% tepat waktu (+7) | Transaksi e-wallet 39/bln (+3),4 tanggungan (-5)
L1AJN00220,L1NSB00220,PLT004,Multifinance,2024-04-25,Multifinance,Motor baru,3000000,12,31,0.81,1,1,0,1.0,79.2,7,34,0,0,0,0,0.0,0,0,0,0,76,Rendah,Setujui,0.139,0,Aktif di platform 31 bulan (+7) | On-time rate 81% (+5) | 1 pinjaman lancar (+5) | Tidak ada riwayat macet (+7),
L1AJN00221,L1NSB00221,PLT004,Multifinance,2024-10-15,Multifinance,Motor baru,15000000,12,27,0.94,2,0,1,146.5,70.8,17,69,0,1,0,0,0.0,1,0,0,0,55,Menengah,Setujui,0.261,1,Aktif di platform 27 bulan (+7) | On-time rate 94% (+10) | E-wallet aktif 17 bulan (+5) | Transaksi e-wallet 69/bln (+3),1 pinjaman macet (-12) | Rata-rata telat 146 hari (-10)
L1AJN00222,L1NSB00222,PLT002,P2P Lending,2024-04-12,P2P Lending,Pendidikan,1000000,6,5,0.6,1,1,0,0.0,91.7,16,62,0,1,2118000,1,0.08,1,0,0,0,91,Rendah,Setujui,0.052,0,1 pinjaman lancar (+5) | Tidak ada riwayat macet (+7) | Listrik 91.7% tepat waktu (+7) | E-wallet aktif 16 bulan (+5),
L1AJN00223,L1NSB00223,PLT002,P2P Lending,2024-10-24,P2P Lending,Renovasi,500000,3,1,0.65,1,1,0,0.0,95.8,19,68,0,1,2583000,1,0.06,1,1,0,0,91,Rendah,Setujui,0.052,0,1 pinjaman lancar (+5) | Tidak ada riwayat macet (+7) | Listrik 95.8% tepat waktu (+7) | E-wallet aktif 19 bulan (+5),
L1AJN00224,L1NSB00224,PLT001,P2P Lending,2024-01-24,P2P Lending,Konsumsi,2000000,12,34,0.98,0,0,0,0.0,100.0,10,77,0,0,0,0,0.0,1,0,0,0,84,Rendah,Setujui,0.093,0,Aktif di platform 34 bulan (+7) | On-time rate 98% (+10) | Listrik 100.0% tepat waktu (+7) | Transaksi e-wallet 77/bln (+3),
L1AJN00225,L1NSB00225,PLT005,P2P Lending,2024-09-26,P2P Lending,Konsumsi,1000000,3,7,0.94,1,0,1,147.0,66.7,17,46,0,1,6450000,1,0.05,0,0,0,0,51,Menengah,Setujui,0.284,1,On-time rate 94% (+10) | E-wallet aktif 17 bulan (+5) | Transaksi e-wallet 46/bln (+3) | Income gig konsisten 6 bulan (+8),1 pinjaman macet (-12) | Rata-rata telat 147 hari (-10)
L1AJN00226,L1NSB00226,PLT002,P2P Lending,2024-09-29,P2P Lending,Modal usaha,1000000,12,27,0.8,4,3,0,6.5,87.5,0,0,0,1,7985000,1,0.05,1,1,0,0,95,Rendah,Setujui,0.029,0,Aktif di platform 27 bulan (+7) | On-time rate 80% (+5) | 3 pinjaman lancar (+15) | Tidak ada riwayat macet (+7),5 tanggungan (-5)
L1AJN00227,L1NSB00227,PLT002,P2P Lending,2024-07-16,P2P Lending,Modal usaha,2000000,1,5,0.95,3,2,0,3.0,87.5,8,27,0,0,0,0,0.0,1,0,0,0,88,Rendah,Setujui,0.07,0,On-time rate 95% (+10) | 2 pinjaman lancar (+10) | Tidak ada riwayat macet (+7) | Listrik 87.5% tepat waktu (+3),
L1AJN00228,L1NSB00228,PLT002,P2P Lending,2024-05-01,P2P Lending,Konsumsi,1000000,12,16,0.94,2,1,0,28.0,79.2,14,43,0,0,0,0,0.0,1,0,0,0,90,Rendah,Setujui,0.058,0,Aktif di platform 16 bulan (+7) | On-time rate 94% (+10) | 1 pinjaman lancar (+5) | Tidak ada riwayat macet (+7),5 tanggungan (-5)
L1AJN00229,L1NSB00229,PLT002,P2P Lending,2024-12-24,P2P Lending,Pendidikan,500000,3,15,0.65,2,2,0,0.0,100.0,17,65,0,1,4018000,1,0.13,1,0,0,0,95,Rendah,Setujui,0.029,0,Aktif di platform 15 bulan (+7) | 2 pinjaman lancar (+10) | Tidak ada riwayat macet (+7) | Listrik 100.0% tepat waktu (+7),Cancel rate gig 13% (-4)
L1AJN00230,L1NSB00230,PLT002,P2P Lending,2024-06-07,P2P Lending,Konsumsi,500000,3,18,0.71,0,0,0,0.0,83.3,23,7,0,0,0,0,0.0,1,1,0,0,68,Menengah,Setujui,0.186,0,Aktif di platform 18 bulan (+7) | Listrik 83.3% tepat waktu (+3) | E-wallet aktif 23 bulan (+5) | Punya rekening bank (+4),
L1AJN00231,L1NSB00231,PLT005,P2P Lending,2024-03-24,P2P Lending,Pendidikan,1000000,3,26,0.59,4,4,0,0.8,66.7,13,66,0,1,4628000,0,0.05,1,0,0,0,88,Rendah,Setujui,0.07,0,Aktif di platform 26 bulan (+7) | 4 pinjaman lancar (+15) | Tidak ada riwayat macet (+7) | E-wallet aktif 13 bulan (+5),
L1AJN00232,L1NSB00232,PLT003,Multifinance,2024-07-15,Multifinance,Motor bekas,7000000,18,13,0.98,1,1,0,1.0,62.5,14,12,0,0,0,0,0.0,0,1,0,0,88,Rendah,Setujui,0.07,0,Aktif di platform 13 bulan (+7) | On-time rate 98% (+10) | 1 pinjaman lancar (+5) | Tidak ada riwayat macet (+7),
L1AJN00233,L1NSB00233,PLT005,P2P Lending,2024-12-24,P2P Lending,Pendidikan,2000000,1,20,0.7,2,2,0,0.5,100.0,16,58,1,0,0,0,0.0,0,0,0,0,85,Rendah,Setujui,0.087,0,Aktif di platform 20 bulan (+7) | 2 pinjaman lancar (+10) | Tidak ada riwayat macet (+7) | Listrik 100.0% tepat waktu (+7),Lonjakan top-up sebelum pengajuan (-8) ⚠️
L1AJN00234,L1NSB00234,PLT001,P2P Lending,2024-12-31,P2P Lending,Pendidikan,2000000,6,6,0.86,4,4,0,1.0,91.7,22,39,0,0,0,0,0.0,0,0,0,0,89,Rendah,Setujui,0.064,0,On-time rate 86% (+5) | 4 pinjaman lancar (+15) | Tidak ada riwayat macet (+7) | Listrik 91.7% tepat waktu (+7),4 tanggungan (-5)
L1AJN00235,L1NSB00235,PLT001,P2P Lending,2024-05-23,P2P Lending,Konsumsi,500000,3,36,0.66,1,0,0,23.0,58.3,21,66,0,0,0,0,0.0,1,0,1,10000000,78,Rendah,Setujui,0.128,0,Aktif di platform 36 bulan (+7) | Tidak ada riwayat macet (+7) | E-wallet aktif 21 bulan (+5) | Transaksi e-wallet 66/bln (+3),4 tanggungan (-5)
L1AJN00236,L1NSB00236,PLT002,P2P Lending,2024-05-05,P2P Lending,Modal usaha,2000000,3,6,0.75,1,1,0,3.0,58.3,16,6,0,0,0,0,0.0,1,0,0,0,72,Rendah,Setujui,0.162,0,On-time rate 75% (+5) | 1 pinjaman lancar (+5) | Tidak ada riwayat macet (+7) | E-wallet aktif 16 bulan (+5),5 tanggungan (-5)
L1AJN00237,L1NSB00237,PLT002,P2P Lending,2024-11-21,P2P Lending,Renovasi,2000000,9,3,0.68,0,0,0,0.0,91.7,0,0,0,1,2053000,1,0.03,1,1,0,0,73,Rendah,Setujui,0.157,0,Listrik 91.7% tepat waktu (+7) | Income gig konsisten 6 bulan (+8) | Punya rekening bank (+4) | BPJS dibayar rutin (+3),
L1AJN00238,L1NSB00238,PLT002,P2P Lending,2024-10-25,P2P Lending,Renovasi,1000000,3,10,0.92,1,0,1,101.0,58.3,13,20,0,0,0,0,0.0,0,1,0,0,48,Tinggi,Tolak,0.302,1,On-time rate 92% (+10) | E-wallet aktif 13 bulan (+5) | Transaksi e-wallet 20/bln (+3) | BPJS dibayar rutin (+3),1 pinjaman macet (-12) | Rata-rata telat 101 hari (-10)
L1AJN00239,L1NSB00239,PLT001,P2P Lending,2024-05-03,P2P Lending,Renovasi,5000000,12,13,0.86,1,1,0,2.0,100.0,14,78,0,0,0,0,0.0,0,1,0,0,88,Rendah,Setujui,0.07,0,Aktif di platform 13 bulan (+7) | On-time rate 86% (+5) | 1 pinjaman lancar (+5) | Tidak ada riwayat macet (+7),
L1AJN00240,L1NSB00240,PLT003,Multifinance,2024-03-19,Multifinance,Mesin usaha,5000000,12,33,0.97,1,0,0,18.0,70.8,11,70,0,0,0,0,0.0,0,0,0,0,69,Menengah,Setujui,0.18,0,Aktif di platform 33 bulan (+7) | On-time rate 97% (+10) | Tidak ada riwayat macet (+7) | Transaksi e-wallet 70/bln (+3),4 tanggungan (-5)
L1AJN00241,L1NSB00241,PLT001,P2P Lending,2024-08-30,P2P Lending,Modal usaha,500000,9,23,0.89,1,1,0,1.0,70.8,13,40,0,0,0,0,0.0,1,0,0,0,86,Rendah,Setujui,0.081,0,Aktif di platform 23 bulan (+7) | On-time rate 89% (+5) | 1 pinjaman lancar (+5) | Tidak ada riwayat macet (+7),
L1AJN00242,L1NSB00242,PLT001,P2P Lending,2024-10-12,P2P Lending,Pendidikan,5000000,9,25,0.61,0,0,0,0.0,87.5,14,7,0,0,0,0,0.0,1,1,0,0,63,Menengah,Setujui,0.215,0,Aktif di platform 25 bulan (+7) | Listrik 87.5% tepat waktu (+3) | E-wallet aktif 14 bulan (+5) | Punya rekening bank (+4),4 tanggungan (-5)
L1AJN00243,L1NSB00243,PLT005,P2P Lending,2024-05-08,P2P Lending,Konsumsi,2000000,3,10,0.86,4,3,0,6.0,62.5,0,0,0,1,2581000,0,0.01,1,0,0,0,84,Rendah,Setujui,0.093,0,On-time rate 86% (+5) | 3 pinjaman lancar (+15) | Tidak ada riwayat macet (+7) | Punya rekening bank (+4),
L1AJN00244,L1NSB00244,PLT002,P2P Lending,2024-08-13,P2P Lending,Pendidikan,500000,9,22,0.72,1,1,0,3.0,100.0,0,0,0,1,3739000,0,0.1,0,1,0,0,75,Rendah,Setujui,0.145,0,Aktif di platform 22 bulan (+7) | 1 pinjaman lancar (+5) | Tidak ada riwayat macet (+7) | Listrik 100.0% tepat waktu (+7),
L1AJN00245,L1NSB00245,PLT002,P2P Lending,2024-02-20,P2P Lending,Renovasi,5000000,3,24,0.71,0,0,0,0.0,87.5,8,21,0,0,0,0,0.0,1,0,0,0,69,Menengah,Setujui,0.18,0,Aktif di platform 24 bulan (+7) | Listrik 87.5% tepat waktu (+3) | Transaksi e-wallet 21/bln (+3) | Punya rekening bank (+4),
L1AJN00246,L1NSB00246,PLT002,P2P Lending,2024-12-01,P2P Lending,Renovasi,3000000,1,32,0.86,3,2,0,2.7,70.8,0,0,0,0,0,0,0.0,1,1,0,0,81,Rendah,Setujui,0.11,0,Aktif di platform 32 bulan (+7) | On-time rate 86% (+5) | 2 pinjaman lancar (+10) | Tidak ada riwayat macet (+7),4 tanggungan (-5)
L1AJN00247,L1NSB00247,PLT005,P2P Lending,2024-02-07,P2P Lending,Konsumsi,3000000,6,19,0.56,1,1,0,0.0,83.3,16,50,0,0,0,0,0.0,1,0,0,0,82,Rendah,Setujui,0.104,0,Aktif di platform 19 bulan (+7) | 1 pinjaman lancar (+5) | Tidak ada riwayat macet (+7) | Listrik 83.3% tepat waktu (+3),5 tanggungan (-5)
L1AJN00248,L1NSB00248,PLT002,P2P Lending,2024-03-08,P2P Lending,Renovasi,3000000,9,7,0.94,1,1,0,3.0,62.5,0,0,0,1,7921000,0,0.07,1,1,0,0,83,Rendah,Setujui,0.099,0,On-time rate 94% (+10) | 1 pinjaman lancar (+5) | Tidak ada riwayat macet (+7) | Rating gig 4.8 (+5),4 tanggungan (-5)
L1AJN00249,L1NSB00249,PLT003,Multifinance,2024-06-22,Multifinance,Motor baru,7000000,12,16,0.85,2,2,0,0.5,66.7,6,63,0,0,0,0,0.0,1,0,0,0,90,Rendah,Setujui,0.058,0,Aktif di platform 16 bulan (+7) | On-time rate 85% (+5) | 2 pinjaman lancar (+10) | Tidak ada riwayat macet (+7),
L1AJN00250,L1NSB00250,PLT002,P2P Lending,2024-02-04,P2P Lending,Renovasi,5000000,12,25,0.59,2,1,0,10.0,70.8,19,62,0,0,0,0,0.0,1,1,0,0,83,Rendah,Setujui,0.099,0,Aktif di platform 25 bulan (+7) | 1 pinjaman lancar (+5) | Tidak ada riwayat macet (+7) | E-wallet aktif 19 bulan (+5),4 tanggungan (-5)
L1AJN00251,L1NSB00251,PLT002,P2P Lending,2024-08-20,P2P Lending,Renovasi,5000000,9,2,0.91,3,2,0,18.7,95.8,15,58,1,0,0,0,0.0,0,1,0,0,87,Rendah,Setujui,0.075,0,On-time rate 91% (+10) | 2 pinjaman lancar (+10) | Tidak ada riwayat macet (+7) | Listrik 95.8% tepat waktu (+7),Lonjakan top-up sebelum pengajuan (-8) ⚠️
L1AJN00252,L1NSB00252,PLT003,Multifinance,2024-08-27,Multifinance,Motor baru,7000000,18,2,0.57,1,1,0,2.0,79.2,18,19,0,1,4839000,1,0.08,1,0,0,0,89,Rendah,Setujui,0.064,0,1 pinjaman lancar (+5) | Tidak ada riwayat macet (+7) | Listrik 79.2% tepat waktu (+3) | E-wallet aktif 18 bulan (+5),
L1AJN00253,L1NSB00253,PLT003,Multifinance,2024-10-18,Multifinance,Motor baru,15000000,36,26,0.62,2,1,1,59.0,91.7,17,9,0,0,0,0,0.0,0,1,0,0,57,Menengah,Setujui,0.249,0,Aktif di platform 26 bulan (+7) | 1 pinjaman lancar (+5) | Listrik 91.7% tepat waktu (+7) | E-wallet aktif 17 bulan (+5),1 pinjaman macet (-12) | Rata-rata telat 59 hari (-10)
L1AJN00254,L1NSB00254,PLT004,Multifinance,2024-05-26,Multifinance,Elektronik,15000000,24,11,0.76,1,0,0,78.0,100.0,21,25,0,0,0,0,0.0,1,0,0,0,68,Menengah,Setujui,0.186,0,On-time rate 76% (+5) | Tidak ada riwayat macet (+7) | Listrik 100.0% tepat waktu (+7) | E-wallet aktif 21 bulan (+5),Rata-rata telat 78 hari (-10)
L1AJN00255,L1NSB00255,PLT003,Multifinance,2024-08-10,Multifinance,Motor bekas,3000000,18,24,0.95,3,3,0,0.3,95.8,13,8,0,1,5132000,1,0.09,1,1,0,0,95,Rendah,Setujui,0.029,0,Aktif di platform 24 bulan (+7) | On-time rate 95% (+10) | 3 pinjaman lancar (+15) | Tidak ada riwayat macet (+7),
L1AJN00256,L1NSB00256,PLT001,P2P Lending,2024-07-27,P2P Lending,Renovasi,1000000,6,35,0.71,0,0,0,0.0,79.2,14,54,1,1,4604000,1,0.07,0,1,0,0,72,Rendah,Setujui,0.162,0,Aktif di platform 35 bulan (+7) | Listrik 79.2% tepat waktu (+3) | E-wallet aktif 14 bulan (+5) | Transaksi e-wallet 54/bln (+3),4 tanggungan (-5) | Lonjakan top-up sebelum pengajuan (-8) ⚠️
L1AJN00257,L1NSB00257,PLT005,P2P Lending,2024-11-14,P2P Lending,Modal usaha,3000000,9,6,0.97,2,2,0,0.0,70.8,7,49,0,0,0,0,0.0,0,0,0,0,78,Rendah,Setujui,0.128,0,On-time rate 97% (+10) | 2 pinjaman lancar (+10) | Tidak ada riwayat macet (+7) | Transaksi e-wallet 49/bln (+3),
L1AJN00258,L1NSB00258,PLT002,P2P Lending,2024-06-11,P2P Lending,Modal usaha,2000000,9,11,0.8,1,1,0,1.0,87.5,6,9,0,1,5010000,1,0.04,0,0,0,0,83,Rendah,Setujui,0.099,0,On-time rate 80% (+5) | 1 pinjaman lancar (+5) | Tidak ada riwayat macet (+7) | Listrik 87.5% tepat waktu (+3),
L1AJN00259,L1NSB00259,PLT003,Multifinance,2024-09-06,Multifinance,Motor baru,7000000,24,25,0.72,0,0,0,0.0,91.7,9,80,0,0,0,0,0.0,1,0,0,0,68,Menengah,Setujui,0.186,0,Aktif di platform 25 bulan (+7) | Listrik 91.7% tepat waktu (+7) | Transaksi e-wallet 80/bln (+3) | Punya rekening bank (+4),
L1AJN00260,L1NSB00260,PLT005,P2P Lending,2024-10-20,P2P Lending,Pendidikan,2000000,6,27,0.81,3,1,0,31.0,75.0,15,48,1,1,0,0,0.0,1,0,0,0,70,Rendah,Setujui,0.174,0,Aktif di platform 27 bulan (+7) | On-time rate 81% (+5) | 1 pinjaman lancar (+5) | Tidak ada riwayat macet (+7),Rata-rata telat 31 hari (-10) | 4 tanggungan (-5) | Lonjakan top-up sebelum pengajuan (-8) ⚠️
L1AJN00261,L1NSB00261,PLT005,P2P Lending,2024-10-30,P2P Lending,Modal usaha,5000000,3,25,0.91,1,0,0,77.0,70.8,23,31,0,0,0,0,0.0,1,0,0,0,77,Rendah,Setujui,0.133,0,Aktif di platform 25 bulan (+7) | On-time rate 91% (+10) | Tidak ada riwayat macet (+7) | E-wallet aktif 23 bulan (+5),Rata-rata telat 77 hari (-10)
L1AJN00262,L1NSB00262,PLT001,P2P Lending,2024-12-27,P2P Lending,Pendidikan,2000000,9,16,0.65,1,1,0,1.0,58.3,15,36,0,0,0,0,0.0,0,0,0,0,74,Rendah,Setujui,0.151,0,Aktif di platform 16 bulan (+7) | 1 pinjaman lancar (+5) | Tidak ada riwayat macet (+7) | E-wallet aktif 15 bulan (+5),4 tanggungan (-5)
L1AJN00263,L1NSB00263,PLT003,Multifinance,2024-01-02,Multifinance,Mesin usaha,15000000,24,15,0.62,2,2,0,2.0,95.8,6,67,0,0,0,0,0.0,1,0,0,0,91,Rendah,Setujui,0.052,0,Aktif di platform 15 bulan (+7) | 2 pinjaman lancar (+10) | Tidak ada riwayat macet (+7) | Listrik 95.8% tepat waktu (+7),
L1AJN00264,L1NSB00264,PLT002,P2P Lending,2024-05-30,P2P Lending,Pendidikan,5000000,6,32,0.62,1,1,0,0.0,66.7,21,29,0,0,0,0,0.0,1,0,0,0,81,Rendah,Setujui,0.11,0,Aktif di platform 32 bulan (+7) | 1 pinjaman lancar (+5) | Tidak ada riwayat macet (+7) | E-wallet aktif 21 bulan (+5),
L1AJN00265,L1NSB00265,PLT004,Multifinance,2024-09-01,Multifinance,Elektronik,5000000,36,2,0.59,1,1,0,3.0,79.2,13,9,0,1,0,0,0.0,0,0,0,0,70,Rendah,Setujui,0.174,0,1 pinjaman lancar (+5) | Tidak ada riwayat macet (+7) | Listrik 79.2% tepat waktu (+3) | E-wallet aktif 13 bulan (+5),
L1AJN00266,L1NSB00266,PLT003,Multifinance,2024-08-30,Multifinance,Motor baru,7000000,36,26,0.78,0,0,0,0.0,79.2,0,0,0,0,0,0,0.0,0,0,0,0,69,Menengah,Setujui,0.18,0,Aktif di platform 26 bulan (+7) | On-time rate 78% (+5) | Listrik 79.2% tepat waktu (+3),
L1AJN00267,L1NSB00267,PLT005,P2P Lending,2024-12-09,P2P Lending,Konsumsi,3000000,12,17,0.57,2,1,0,9.5,66.7,6,48,0,1,5942000,1,0.04,0,0,0,0,89,Rendah,Setujui,0.064,0,Aktif di platform 17 bulan (+7) | 1 pinjaman lancar (+5) | Tidak ada riwayat macet (+7) | Transaksi e-wallet 48/bln (+3),
L1AJN00268,L1NSB00268,PLT003,Multifinance,2024-03-02,Multifinance,Motor baru,20000000,24,1,0.62,0,0,0,0.0,79.2,0,0,0,1,6061000,1,0.07,0,0,0,0,68,Menengah,Setujui,0.186,0,Listrik 79.2% tepat waktu (+3) | Income gig konsisten 6 bulan (+8) | Rating gig 4.9 (+5),
L1AJN00269,L1NSB00269,PLT003,Multifinance,2024-03-14,Multifinance,Mesin usaha,20000000,24,20,0.72,2,2,0,0.5,91.7,10,25,0,0,0,0,0.0,0,1,0,0,89,Rendah,Setujui,0.064,0,Aktif di platform 20 bulan (+7) | 2 pinjaman lancar (+10) | Tidak ada riwayat macet (+7) | Listrik 91.7% tepat waktu (+7),
L1AJN00270,L1NSB00270,PLT003,Multifinance,2024-04-20,Multifinance,Motor baru,15000000,24,7,0.59,2,1,0,14.5,62.5,13,14,1,1,4615000,1,0.09,0,0,0,0,74,Rendah,Setujui,0.151,0,1 pinjaman lancar (+5) | Tidak ada riwayat macet (+7) | E-wallet aktif 13 bulan (+5) | Income gig konsisten 6 bulan (+8),Lonjakan top-up sebelum pengajuan (-8) ⚠️
L1AJN00271,L1NSB00271,PLT005,P2P Lending,2024-05-12,P2P Lending,Renovasi,2000000,1,26,0.72,0,0,0,0.0,62.5,14,63,0,0,0,0,0.0,1,0,0,0,67,Menengah,Setujui,0.191,0,Aktif di platform 26 bulan (+7) | E-wallet aktif 14 bulan (+5) | Transaksi e-wallet 63/bln (+3) | Punya rekening bank (+4),
L1AJN00272,L1NSB00272,PLT004,Multifinance,2024-08-10,Multifinance,Motor baru,10000000,36,13,0.58,2,1,0,22.0,70.8,10,43,0,0,0,0,0.0,1,0,0,0,70,Rendah,Setujui,0.174,0,Aktif di platform 13 bulan (+7) | 1 pinjaman lancar (+5) | Tidak ada riwayat macet (+7) | Transaksi e-wallet 43/bln (+3),5 tanggungan (-5)
L1AJN00273,L1NSB00273,PLT005,P2P Lending,2024-03-30,P2P Lending,Renovasi,3000000,9,36,0.7,1,1,0,2.0,62.5,0,0,0,0,0,0,0.0,0,0,0,0,61,Menengah,Setujui,0.226,0,Aktif di platform 36 bulan (+7) | 1 pinjaman lancar (+5) | Tidak ada riwayat macet (+7),4 tanggungan (-5)
L1AJN00274,L1NSB00274,PLT003,Multifinance,2024-02-27,Multifinance,Motor bekas,3000000,12,15,0.91,0,0,0,0.0,58.3,8,34,0,1,6310000,0,0.05,1,0,0,0,78,Rendah,Setujui,0.128,0,Aktif di platform 15 bulan (+7) | On-time rate 91% (+10) | Transaksi e-wallet 34/bln (+3) | Rating gig 4.8 (+5),
L1AJN00275,L1NSB00275,PLT005,P2P Lending,2024-02-16,P2P Lending,Modal usaha,5000000,3,13,0.73,3,2,1,65.7,91.7,18,63,0,0,0,0,0.0,0,0,0,0,53,Menengah,Setujui,0.273,1,Aktif di platform 13 bulan (+7) | 2 pinjaman lancar (+10) | Listrik 91.7% tepat waktu (+7) | E-wallet aktif 18 bulan (+5),1 pinjaman macet (-12) | Rata-rata telat 66 hari (-10) | 4 tanggungan (-5)
L1AJN00276,L1NSB00276,PLT002,P2P Lending,2024-08-09,P2P Lending,Modal usaha,2000000,6,21,0.91,0,0,0,0.0,79.2,0,0,0,0,0,0,0.0,0,1,0,0,70,Rendah,Setujui,0.174,0,Aktif di platform 21 bulan (+7) | On-time rate 91% (+10) | Listrik 79.2% tepat waktu (+3) | BPJS dibayar rutin (+3),
L1AJN00277,L1NSB00277,PLT001,P2P Lending,2024-01-14,P2P Lending,Pendidikan,1000000,6,11,0.83,4,3,0,7.2,87.5,0,0,0,0,0,0,0.0,1,0,0,0,84,Rendah,Setujui,0.093,1,On-time rate 83% (+5) | 3 pinjaman lancar (+15) | Tidak ada riwayat macet (+7) | Listrik 87.5% tepat waktu (+3),
L1AJN00278,L1NSB00278,PLT004,Multifinance,2024-03-07,Multifinance,Motor bekas,15000000,12,1,0.97,1,1,0,2.0,95.8,0,0,0,0,0,0,0.0,0,0,0,0,77,Rendah,Setujui,0.133,1,On-time rate 97% (+10) | 1 pinjaman lancar (+5) | Tidak ada riwayat macet (+7) | Listrik 95.8% tepat waktu (+7),4 tanggungan (-5)
L1AJN00279,L1NSB00279,PLT001,P2P Lending,2024-06-04,P2P Lending,Konsumsi,2000000,9,23,0.92,0,0,0,0.0,70.8,0,0,0,0,0,0,0.0,1,0,0,0,71,Rendah,Setujui,0.168,1,Aktif di platform 23 bulan (+7) | On-time rate 92% (+10) | Punya rekening bank (+4),
L1AJN00280,L1NSB00280,PLT004,Multifinance,2024-08-01,Multifinance,Elektronik,5000000,12,28,0.97,1,1,0,1.0,66.7,18,43,0,0,0,0,0.0,0,1,0,0,92,Rendah,Setujui,0.046,0,Aktif di platform 28 bulan (+7) | On-time rate 97% (+10) | 1 pinjaman lancar (+5) | Tidak ada riwayat macet (+7),
L1AJN00281,L1NSB00281,PLT001,P2P Lending,2024-04-13,P2P Lending,Modal usaha,500000,6,2,0.82,1,1,0,3.0,83.3,0,0,0,0,0,0,0.0,0,0,0,0,69,Menengah,Setujui,0.18,1,On-time rate 82% (+5) | 1 pinjaman lancar (+5) | Tidak ada riwayat macet (+7) | Listrik 83.3% tepat waktu (+3),4 tanggungan (-5)
L1AJN00282,L1NSB00282,PLT005,P2P Lending,2024-03-29,P2P Lending,Renovasi,500000,1,7,0.68,1,1,0,2.0,66.7,0,0,0,1,6775000,1,0.12,1,1,0,0,76,Rendah,Setujui,0.139,0,1 pinjaman lancar (+5) | Tidak ada riwayat macet (+7) | Income gig konsisten 6 bulan (+8) | Punya rekening bank (+4),Cancel rate gig 12% (-4)
L1AJN00283,L1NSB00283,PLT001,P2P Lending,2024-06-18,P2P Lending,Renovasi,5000000,6,34,0.58,0,0,0,0.0,100.0,22,56,0,0,0,0,0.0,0,0,0,0,71,Rendah,Setujui,0.168,0,Aktif di platform 34 bulan (+7) | Listrik 100.0% tepat waktu (+7) | E-wallet aktif 22 bulan (+5) | Transaksi e-wallet 56/bln (+3),
L1AJN00284,L1NSB00284,PLT003,Multifinance,2024-03-15,Multifinance,Mesin usaha,7000000,24,13,0.92,3,3,0,2.0,87.5,6,36,1,1,5235000,0,0.02,1,1,0,0,94,Rendah,Setujui,0.035,0,Aktif di platform 13 bulan (+7) | On-time rate 92% (+10) | 3 pinjaman lancar (+15) | Tidak ada riwayat macet (+7),Lonjakan top-up sebelum pengajuan (-8) ⚠️
L1AJN00285,L1NSB00285,PLT004,Multifinance,2024-11-03,Multifinance,Motor baru,10000000,12,6,0.68,4,2,0,18.2,87.5,7,61,0,0,0,0,0.0,1,0,0,0,80,Rendah,Setujui,0.116,0,2 pinjaman lancar (+10) | Tidak ada riwayat macet (+7) | Listrik 87.5% tepat waktu (+3) | Transaksi e-wallet 61/bln (+3),
L1AJN00286,L1NSB00286,PLT001,P2P Lending,2024-01-03,P2P Lending,Modal usaha,3000000,1,19,0.82,2,1,0,6.0,58.3,0,0,0,0,0,0,0.0,1,1,0,0,78,Rendah,Setujui,0.128,0,Aktif di platform 19 bulan (+7) | On-time rate 82% (+5) | 1 pinjaman lancar (+5) | Tidak ada riwayat macet (+7),
L1AJN00287,L1NSB00287,PLT004,Multifinance,2024-06-02,Multifinance,Elektronik,15000000,12,3,0.85,2,1,0,24.5,87.5,0,0,0,0,0,0,0.0,1,1,0,0,75,Rendah,Setujui,0.145,0,On-time rate 85% (+5) | 1 pinjaman lancar (+5) | Tidak ada riwayat macet (+7) | Listrik 87.5% tepat waktu (+3),5 tanggungan (-5)
L1AJN00288,L1NSB00288,PLT001,P2P Lending,2024-09-23,P2P Lending,Pendidikan,5000000,1,8,0.88,3,1,0,29.0,79.2,15,77,0,0,0,0,0.0,0,1,0,0,73,Rendah,Setujui,0.157,0,On-time rate 88% (+5) | 1 pinjaman lancar (+5) | Tidak ada riwayat macet (+7) | Listrik 79.2% tepat waktu (+3),4 tanggungan (-5)
L1AJN00289,L1NSB00289,PLT002,P2P Lending,2024-12-25,P2P Lending,Konsumsi,2000000,12,11,0.76,2,2,0,1.5,83.3,17,36,0,1,6556000,1,0.06,1,1,0,0,95,Rendah,Setujui,0.029,0,On-time rate 76% (+5) | 2 pinjaman lancar (+10) | Tidak ada riwayat macet (+7) | Listrik 83.3% tepat waktu (+3),
L1AJN00290,L1NSB00290,PLT002,P2P Lending,2024-03-24,P2P Lending,Modal usaha,500000,3,27,0.64,1,0,0,59.0,75.0,0,0,0,1,2350000,1,0.09,1,1,0,0,75,Rendah,Setujui,0.145,0,Aktif di platform 27 bulan (+7) | Tidak ada riwayat macet (+7) | Listrik 75.0% tepat waktu (+3) | Income gig konsisten 6 bulan (+8),Rata-rata telat 59 hari (-10)
L1AJN00291,L1NSB00291,PLT005,P2P Lending,2024-08-08,P2P Lending,Modal usaha,2000000,12,16,0.64,3,2,1,115.3,83.3,23,49,0,1,3495000,0,0.08,1,0,0,0,57,Menengah,Setujui,0.249,0,Aktif di platform 16 bulan (+7) | 2 pinjaman lancar (+10) | Listrik 83.3% tepat waktu (+3) | E-wallet aktif 23 bulan (+5),1 pinjaman macet (-12) | Rata-rata telat 115 hari (-10)
L1AJN00292,L1NSB00292,PLT005,P2P Lending,2024-07-25,P2P Lending,Pendidikan,5000000,12,11,0.76,1,1,0,0.0,58.3,9,66,0,0,0,0,0.0,0,0,0,0,66,Menengah,Setujui,0.197,0,On-time rate 76% (+5) | 1 pinjaman lancar (+5) | Tidak ada riwayat macet (+7) | Transaksi e-wallet 66/bln (+3),
L1AJN00293,L1NSB00293,PLT004,Multifinance,2024-10-02,Multifinance,Motor bekas,7000000,36,30,0.73,1,1,0,0.0,83.3,10,20,0,0,0,0,0.0,0,0,0,0,67,Menengah,Setujui,0.191,0,Aktif di platform 30 bulan (+7) | 1 pinjaman lancar (+5) | Tidak ada riwayat macet (+7) | Listrik 83.3% tepat waktu (+3),5 tanggungan (-5)
L1AJN00294,L1NSB00294,PLT001,P2P Lending,2024-08-26,P2P Lending,Pendidikan,2000000,1,36,0.61,0,0,0,0.0,79.2,18,31,0,1,2332000,1,0.1,1,1,0,0,84,Rendah,Setujui,0.093,0,Aktif di platform 36 bulan (+7) | Listrik 79.2% tepat waktu (+3) | E-wallet aktif 18 bulan (+5) | Transaksi e-wallet 31/bln (+3),
L1AJN00295,L1NSB00295,PLT003,Multifinance,2024-02-29,Multifinance,Mesin usaha,7000000,18,30,0.63,0,0,0,0.0,79.2,9,74,0,0,0,0,0.0,1,0,0,0,69,Menengah,Setujui,0.18,0,Aktif di platform 30 bulan (+7) | Listrik 79.2% tepat waktu (+3) | Transaksi e-wallet 74/bln (+3) | Punya rekening bank (+4),
L1AJN00296,L1NSB00296,PLT002,P2P Lending,2024-12-27,P2P Lending,Konsumsi,5000000,1,19,0.99,1,0,1,140.0,79.2,7,5,0,1,2410000,1,0.02,0,1,0,0,63,Menengah,Setujui,0.215,0,Aktif di platform 19 bulan (+7) | On-time rate 99% (+10) | Listrik 79.2% tepat waktu (+3) | Income gig konsisten 6 bulan (+8),1 pinjaman macet (-12) | Rata-rata telat 140 hari (-10)
L1AJN00297,L1NSB00297,PLT002,P2P Lending,2024-08-16,P2P Lending,Konsumsi,3000000,12,30,0.64,4,3,0,7.0,62.5,0,0,0,1,7619000,1,0.02,0,0,0,0,91,Rendah,Setujui,0.052,0,Aktif di platform 30 bulan (+7) | 3 pinjaman lancar (+15) | Tidak ada riwayat macet (+7) | Income gig konsisten 6 bulan (+8),4 tanggungan (-5)
L1AJN00298,L1NSB00298,PLT004,Multifinance,2024-10-25,Multifinance,Mesin usaha,15000000,12,32,0.67,2,2,0,2.0,70.8,15,53,0,1,7307000,1,0.08,1,1,0,0,95,Rendah,Setujui,0.029,0,Aktif di platform 32 bulan (+7) | 2 pinjaman lancar (+10) | Tidak ada riwayat macet (+7) | E-wallet aktif 15 bulan (+5),
L1AJN00299,L1NSB00299,PLT002,P2P Lending,2024-03-09,P2P Lending,Konsumsi,2000000,9,25,0.79,4,2,1,77.8,79.2,14,72,0,1,6645000,1,0.07,1,0,0,0,69,Menengah,Setujui,0.18,0,Aktif di platform 25 bulan (+7) | On-time rate 79% (+5) | 2 pinjaman lancar (+10) | Listrik 79.2% tepat waktu (+3),1 pinjaman macet (-12) | Rata-rata telat 78 hari (-10)
L1AJN00300,L1NSB00300,PLT005,P2P Lending,2024-01-18,P2P Lending,Renovasi,5000000,1,36,0.6,0,0,0,0.0,66.7,0,0,0,0,0,0,0.0,1,0,0,0,64,Menengah,Setujui,0.209,0,Aktif di platform 36 bulan (+7) | Punya rekening bank (+4),
L1AJN00301,L1NSB00301,PLT005,P2P Lending,2024-07-22,P2P Lending,Konsumsi,5000000,9,8,0.76,3,2,0,2.3,62.5,18,13,0,1,1738000,0,0.05,1,0,0,0,84,Rendah,Setujui,0.093,0,On-time rate 76% (+5) | 2 pinjaman lancar (+10) | Tidak ada riwayat macet (+7) | E-wallet aktif 18 bulan (+5),
L1AJN00302,L1NSB00302,PLT001,P2P Lending,2024-03-25,P2P Lending,Pendidikan,5000000,12,10,0.95,0,0,0,0.0,95.8,0,0,0,1,3743000,1,0.03,0,0,0,0,74,Rendah,Setujui,0.151,1,On-time rate 95% (+10) | Listrik 95.8% tepat waktu (+7) | Income gig konsisten 6 bulan (+8),
L1AJN00303,L1NSB00303,PLT002,P2P Lending,2024-05-05,P2P Lending,Renovasi,2000000,1,29,0.62,2,2,0,2.5,95.8,10,56,0,0,0,0,0.0,1,1,0,0,87,Rendah,Setujui,0.075,0,Aktif di platform 29 bulan (+7) | 2 pinjaman lancar (+10) | Tidak ada riwayat macet (+7) | Listrik 95.8% tepat waktu (+7),
L1AJN00304,L1NSB00304,PLT005,P2P Lending,2024-02-29,P2P Lending,Pendidikan,3000000,9,4,0.89,3,3,0,2.0,75.0,11,45,0,0,0,0,0.0,1,0,0,0,90,Rendah,Setujui,0.058,1,On-time rate 89% (+5) | 3 pinjaman lancar (+15) | Tidak ada riwayat macet (+7) | Listrik 75.0% tepat waktu (+3),
L1AJN00305,L1NSB00305,PLT003,Multifinance,2024-03-05,Multifinance,Motor bekas,3000000,24,15,0.87,4,2,0,24.8,62.5,19,74,0,0,0,0,0.0,1,0,0,0,92,Rendah,Setujui,0.046,0,Aktif di platform 15 bulan (+7) | On-time rate 87% (+5) | 2 pinjaman lancar (+10) | Tidak ada riwayat macet (+7),
L1AJN00306,L1NSB00306,PLT003,Multifinance,2024-03-03,Multifinance,Mesin usaha,5000000,12,12,0.71,1,0,0,47.0,58.3,0,0,0,0,0,0,0.0,0,0,0,0,54,Menengah,Setujui,0.267,1,Aktif di platform 12 bulan (+7) | Tidak ada riwayat macet (+7),Rata-rata telat 47 hari (-10)
L1AJN00307,L1NSB00307,PLT001,P2P Lending,2024-02-10,P2P Lending,Konsumsi,5000000,9,10,0.88,0,0,0,0.0,87.5,7,54,0,0,0,0,0.0,1,0,0,0,65,Menengah,Setujui,0.203,0,On-time rate 88% (+5) | Listrik 87.5% tepat waktu (+3) | Transaksi e-wallet 54/bln (+3) | Punya rekening bank (+4),
L1AJN00308,L1NSB00308,PLT005,P2P Lending,2024-09-23,P2P Lending,Renovasi,500000,12,15,0.91,0,0,0,0.0,83.3,18,35,0,0,0,0,0.0,1,1,0,0,86,Rendah,Setujui,0.081,0,Aktif di platform 15 bulan (+7) | On-time rate 91% (+10) | Listrik 83.3% tepat waktu (+3) | E-wallet aktif 18 bulan (+5),
L1AJN00309,L1NSB00309,PLT002,P2P Lending,2024-08-01,P2P Lending,Renovasi,3000000,1,24,0.71,1,1,0,2.0,87.5,11,45,0,0,0,0,0.0,1,1,0,0,81,Rendah,Setujui,0.11,0,Aktif di platform 24 bulan (+7) | 1 pinjaman lancar (+5) | Tidak ada riwayat macet (+7) | Listrik 87.5% tepat waktu (+3),4 tanggungan (-5)
L1AJN00310,L1NSB00310,PLT001,P2P Lending,2024-06-13,P2P Lending,Modal usaha,1000000,12,16,0.87,1,1,0,0.0,62.5,21,79,1,1,2696000,1,0.05,1,1,0,0,92,Rendah,Setujui,0.046,0,Aktif di platform 16 bulan (+7) | On-time rate 87% (+5) | 1 pinjaman lancar (+5) | Tidak ada riwayat macet (+7),Lonjakan top-up sebelum pengajuan (-8) ⚠️
L1AJN00311,L1NSB00311,PLT003,Multifinance,2024-12-08,Multifinance,Mesin usaha,10000000,18,24,0.71,3,2,1,38.7,91.7,19,23,0,1,5031000,0,0.06,1,0,0,0,68,Menengah,Setujui,0.186,1,Aktif di platform 24 bulan (+7) | 2 pinjaman lancar (+10) | Listrik 91.7% tepat waktu (+7) | E-wallet aktif 19 bulan (+5),1 pinjaman macet (-12) | Rata-rata telat 39 hari (-10)
L1AJN00312,L1NSB00312,PLT005,P2P Lending,2024-02-14,P2P Lending,Konsumsi,2000000,12,14,0.76,0,0,0,0.0,66.7,13,9,0,1,2860000,1,0.1,0,1,0,0,81,Rendah,Setujui,0.11,0,Aktif di platform 14 bulan (+7) | On-time rate 76% (+5) | E-wallet aktif 13 bulan (+5) | Income gig konsisten 6 bulan (+8),4 tanggungan (-5)
L1AJN00313,L1NSB00313,PLT002,P2P Lending,2024-11-16,P2P Lending,Renovasi,3000000,1,6,0.62,2,2,0,1.0,100.0,0,0,0,1,7366000,1,0.02,0,1,0,0,82,Rendah,Setujui,0.104,0,2 pinjaman lancar (+10) | Tidak ada riwayat macet (+7) | Listrik 100.0% tepat waktu (+7) | Income gig konsisten 6 bulan (+8),
L1AJN00314,L1NSB00314,PLT003,Multifinance,2024-12-15,Multifinance,Motor bekas,7000000,12,1,0.87,1,0,0,41.0,58.3,6,65,0,1,0,0,0.0,1,1,0,0,58,Menengah,Setujui,0.244,1,On-time rate 87% (+5) | Tidak ada riwayat macet (+7) | Transaksi e-wallet 65/bln (+3) | Punya rekening bank (+4),Rata-rata telat 41 hari (-10) | 5 tanggungan (-5)
L1AJN00315,L1NSB00315,PLT003,Multifinance,2024-08-30,Multifinance,Motor bekas,7000000,36,6,0.71,2,2,0,2.5,95.8,21,60,0,0,0,0,0.0,0,0,0,0,78,Rendah,Setujui,0.128,1,2 pinjaman lancar (+10) | Tidak ada riwayat macet (+7) | Listrik 95.8% tepat waktu (+7) | E-wallet aktif 21 bulan (+5),
L1AJN00316,L1NSB00316,PLT002,P2P Lending,2024-04-28,P2P Lending,Pendidikan,2000000,9,10,0.55,1,0,0,50.0,75.0,8,9,0,0,0,0,0.0,1,1,0,0,50,Menengah,Setujui,0.29,1,Tidak ada riwayat macet (+7) | Listrik 75.0% tepat waktu (+3) | Punya rekening bank (+4) | BPJS dibayar rutin (+3),Rata-rata telat 50 hari (-10) | 5 tanggungan (-5)
L1AJN00317,L1NSB00317,PLT005,P2P Lending,2024-06-07,P2P Lending,Konsumsi,2000000,12,3,0.96,1,0,1,295.0,100.0,20,22,1,0,0,0,0.0,1,0,0,0,46,Tinggi,Tolak,0.313,1,On-time rate 96% (+10) | Listrik 100.0% tepat waktu (+7) | E-wallet aktif 20 bulan (+5) | Transaksi e-wallet 22/bln (+3),1 pinjaman macet (-12) | Rata-rata telat 295 hari (-10) | Lonjakan top-up sebelum pengajuan (-8) ⚠️
L1AJN00318,L1NSB00318,PLT003,Multifinance,2024-04-19,Multifinance,Mesin usaha,7000000,12,11,0.6,1,0,0,28.0,70.8,14,23,0,0,0,0,0.0,0,0,0,0,65,Menengah,Setujui,0.203,0,Tidak ada riwayat macet (+7) | E-wallet aktif 14 bulan (+5) | Transaksi e-wallet 23/bln (+3),
L1AJN00319,L1NSB00319,PLT005,P2P Lending,2024-03-18,P2P Lending,Pendidikan,2000000,12,5,0.76,1,1,0,1.0,83.3,0,0,0,0,0,0,0.0,1,1,0,0,79,Rendah,Setujui,0.122,0,On-time rate 76% (+5) | 1 pinjaman lancar (+5) | Tidak ada riwayat macet (+7) | Listrik 83.3% tepat waktu (+3),
L1AJN00320,L1NSB00320,PLT001,P2P Lending,2024-12-19,P2P Lending,Modal usaha,2000000,1,13,0.55,1,0,1,190.0,75.0,15,6,1,0,0,0,0.0,1,1,0,0,41,Tinggi,Tolak,0.342,0,Aktif di platform 13 bulan (+7) | Listrik 75.0% tepat waktu (+3) | E-wallet aktif 15 bulan (+5) | Punya rekening bank (+4),1 pinjaman macet (-12) | Rata-rata telat 190 hari (-10) | Lonjakan top-up sebelum pengajuan (-8) ⚠️
L1AJN00321,L1NSB00321,PLT003,Multifinance,2024-05-26,Multifinance,Elektronik,7000000,36,21,0.59,0,0,0,0.0,100.0,0,0,0,0,0,0,0.0,1,0,1,18000000,75,Rendah,Setujui,0.145,0,Aktif di platform 21 bulan (+7) | Listrik 100.0% tepat waktu (+7) | Punya rekening bank (+4) | Toko online omzet Rp 18 jt (+5),
L1AJN00322,L1NSB00322,PLT003,Multifinance,2024-03-19,Multifinance,Elektronik,15000000,12,23,0.69,3,3,0,0.7,66.7,19,43,0,0,0,0,0.0,0,0,0,0,85,Rendah,Setujui,0.087,0,Aktif di platform 23 bulan (+7) | 3 pinjaman lancar (+15) | Tidak ada riwayat macet (+7) | E-wallet aktif 19 bulan (+5),
L1AJN00323,L1NSB00323,PLT005,P2P Lending,2024-11-21,P2P Lending,Pendidikan,5000000,3,5,0.61,1,1,0,1.0,70.8,6,57,0,0,0,0,0.0,1,1,0,0,71,Rendah,Setujui,0.168,0,1 pinjaman lancar (+5) | Tidak ada riwayat macet (+7) | Transaksi e-wallet 57/bln (+3) | Punya rekening bank (+4),4 tanggungan (-5)
L1AJN00324,L1NSB00324,PLT001,P2P Lending,2024-11-29,P2P Lending,Konsumsi,1000000,3,10,0.67,1,1,0,3.0,91.7,0,0,0,1,7997000,1,0.06,1,0,0,0,83,Rendah,Setujui,0.099,0,1 pinjaman lancar (+5) | Tidak ada riwayat macet (+7) | Listrik 91.7% tepat waktu (+7) | Income gig konsisten 6 bulan (+8),
L1AJN00325,L1NSB00325,PLT002,P2P Lending,2024-06-18,P2P Lending,Konsumsi,5000000,12,33,0.57,3,2,0,5.3,58.3,0,0,0,0,0,0,0.0,1,1,0,0,82,Rendah,Setujui,0.104,0,Aktif di platform 33 bulan (+7) | 2 pinjaman lancar (+10) | Tidak ada riwayat macet (+7) | Punya rekening bank (+4),
L1AJN00326,L1NSB00326,PLT004,Multifinance,2024-05-21,Multifinance,Motor baru,20000000,24,32,0.65,1,1,0,0.0,79.2,9,16,0,0,0,0,0.0,0,1,1,15000000,72,Rendah,Setujui,0.162,0,Aktif di platform 32 bulan (+7) | 1 pinjaman lancar (+5) | Tidak ada riwayat macet (+7) | Listrik 79.2% tepat waktu (+3),4 tanggungan (-5)
L1AJN00327,L1NSB00327,PLT004,Multifinance,2024-05-19,Multifinance,Mesin usaha,20000000,12,21,0.79,2,2,0,1.5,75.0,20,40,0,0,0,0,0.0,1,1,0,0,95,Rendah,Setujui,0.029,0,Aktif di platform 21 bulan (+7) | On-time rate 79% (+5) | 2 pinjaman lancar (+10) | Tidak ada riwayat macet (+7),
L1AJN00328,L1NSB00328,PLT002,P2P Lending,2024-05-25,P2P Lending,Modal usaha,500000,1,5,0.88,2,2,0,1.5,79.2,8,44,0,0,0,0,0.0,1,1,0,0,82,Rendah,Setujui,0.104,0,On-time rate 88% (+5) | 2 pinjaman lancar (+10) | Tidak ada riwayat macet (+7) | Listrik 79.2% tepat waktu (+3),4 tanggungan (-5)
L1AJN00329,L1NSB00329,PLT004,Multifinance,2024-12-05,Multifinance,Motor baru,10000000,12,9,0.63,0,0,0,0.0,79.2,0,0,0,0,0,0,0.0,1,0,0,0,55,Menengah,Setujui,0.261,1,Listrik 79.2% tepat waktu (+3) | Punya rekening bank (+4),
L1AJN00330,L1NSB00330,PLT001,P2P Lending,2024-03-15,P2P Lending,Modal usaha,500000,1,22,0.81,1,1,0,2.0,75.0,20,80,0,1,4214000,1,0.03,1,0,0,0,95,Rendah,Setujui,0.029,0,Aktif di platform 22 bulan (+7) | On-time rate 81% (+5) | 1 pinjaman lancar (+5) | Tidak ada riwayat macet (+7),
L1AJN00331,L1NSB00331,PLT002,P2P Lending,2024-07-19,P2P Lending,Modal usaha,5000000,3,10,0.96,4,3,0,8.8,66.7,17,72,0,1,7697000,1,0.1,0,1,0,0,95,Rendah,Setujui,0.029,0,On-time rate 96% (+10) | 3 pinjaman lancar (+15) | Tidak ada riwayat macet (+7) | E-wallet aktif 17 bulan (+5),4 tanggungan (-5)
L1AJN00332,L1NSB00332,PLT002,P2P Lending,2024-12-01,P2P Lending,Modal usaha,2000000,1,31,0.99,0,0,0,0.0,100.0,12,39,0,0,0,0,0.0,1,1,0,0,88,Rendah,Setujui,0.07,0,Aktif di platform 31 bulan (+7) | On-time rate 99% (+10) | Listrik 100.0% tepat waktu (+7) | E-wallet aktif 12 bulan (+5),
L1AJN00333,L1NSB00333,PLT003,Multifinance,2024-01-20,Multifinance,Motor baru,20000000,36,30,0.94,3,2,1,65.3,62.5,0,0,0,1,5561000,1,0.02,0,0,0,0,71,Rendah,Setujui,0.168,0,Aktif di platform 30 bulan (+7) | On-time rate 94% (+10) | 2 pinjaman lancar (+10) | Income gig konsisten 6 bulan (+8),1 pinjaman macet (-12) | Rata-rata telat 65 hari (-10)
L1AJN00334,L1NSB00334,PLT005,P2P Lending,2024-06-17,P2P Lending,Konsumsi,2000000,12,3,0.62,0,0,0,0.0,70.8,10,64,0,1,4727000,1,0.13,1,1,0,0,57,Menengah,Setujui,0.249,1,Transaksi e-wallet 64/bln (+3) | Income gig konsisten 6 bulan (+8) | Punya rekening bank (+4) | BPJS dibayar rutin (+3),4 tanggungan (-5) | Cancel rate gig 13% (-4)
L1AJN00335,L1NSB00335,PLT004,Multifinance,2024-11-21,Multifinance,Motor bekas,10000000,12,3,0.76,4,4,0,1.0,87.5,17,76,0,1,5973000,1,0.15,1,1,0,0,95,Rendah,Setujui,0.029,0,On-time rate 76% (+5) | 4 pinjaman lancar (+15) | Tidak ada riwayat macet (+7) | Listrik 87.5% tepat waktu (+3),Cancel rate gig 15% (-4)
L1AJN00336,L1NSB00336,PLT003,Multifinance,2024-05-08,Multifinance,Elektronik,15000000,36,6,0.69,0,0,0,0.0,100.0,21,80,0,0,0,0,0.0,1,1,0,0,65,Menengah,Setujui,0.203,0,Listrik 100.0% tepat waktu (+7) | E-wallet aktif 21 bulan (+5) | Transaksi e-wallet 80/bln (+3) | Punya rekening bank (+4),4 tanggungan (-5)
L1AJN00337,L1NSB00337,PLT005,P2P Lending,2024-07-05,P2P Lending,Renovasi,3000000,1,14,0.56,1,1,0,1.0,79.2,9,10,0,1,7593000,0,0.1,0,1,0,0,84,Rendah,Setujui,0.093,0,Aktif di platform 14 bulan (+7) | 1 pinjaman lancar (+5) | Tidak ada riwayat macet (+7) | Listrik 79.2% tepat waktu (+3),
L1AJN00338,L1NSB00338,PLT003,Multifinance,2024-07-09,Multifinance,Elektronik,15000000,24,14,0.87,3,3,0,0.7,95.8,14,36,0,0,0,0,0.0,1,1,1,19000000,95,Rendah,Setujui,0.029,0,Aktif di platform 14 bulan (+7) | On-time rate 87% (+5) | 3 pinjaman lancar (+15) | Tidak ada riwayat macet (+7),
L1AJN00339,L1NSB00339,PLT005,P2P Lending,2024-07-27,P2P Lending,Modal usaha,500000,3,9,0.69,2,1,0,5.5,70.8,24,59,0,0,0,0,0.0,1,1,0,0,75,Rendah,Setujui,0.145,1,1 pinjaman lancar (+5) | Tidak ada riwayat macet (+7) | E-wallet aktif 24 bulan (+5) | Transaksi e-wallet 59/bln (+3),
L1AJN00340,L1NSB00340,PLT005,P2P Lending,2024-02-23,P2P Lending,Modal usaha,2000000,6,36,0.72,0,0,0,0.0,70.8,12,44,0,0,0,0,0.0,0,1,0,0,59,Menengah,Setujui,0.238,0,Aktif di platform 36 bulan (+7) | E-wallet aktif 12 bulan (+5) | Transaksi e-wallet 44/bln (+3) | BPJS dibayar rutin (+3),4 tanggungan (-5)
L1AJN00341,L1NSB00341,PLT004,Multifinance,2024-10-04,Multifinance,Motor bekas,15000000,24,5,0.56,1,1,0,0.0,91.7,12,45,0,0,0,0,0.0,1,0,0,0,77,Rendah,Setujui,0.133,0,1 pinjaman lancar (+5) | Tidak ada riwayat macet (+7) | Listrik 91.7% tepat waktu (+7) | E-wallet aktif 12 bulan (+5),
L1AJN00342,L1NSB00342,PLT005,P2P Lending,2024-05-22,P2P Lending,Modal usaha,2000000,9,12,0.86,3,3,0,1.7,91.7,12,57,0,0,0,0,0.0,0,0,0,0,95,Rendah,Setujui,0.029,0,Aktif di platform 12 bulan (+7) | On-time rate 86% (+5) | 3 pinjaman lancar (+15) | Tidak ada riwayat macet (+7),
L1AJN00343,L1NSB00343,PLT005,P2P Lending,2024-07-17,P2P Lending,Pendidikan,2000000,1,11,0.66,2,2,0,2.0,87.5,18,45,0,1,6996000,1,0.05,1,0,0,0,87,Rendah,Setujui,0.075,0,2 pinjaman lancar (+10) | Tidak ada riwayat macet (+7) | Listrik 87.5% tepat waktu (+3) | E-wallet aktif 18 bulan (+5),
L1AJN00344,L1NSB00344,PLT002,P2P Lending,2024-01-14,P2P Lending,Pendidikan,500000,3,6,0.73,0,0,0,0.0,79.2,21,67,0,1,1773000,1,0.06,1,0,0,0,69,Menengah,Setujui,0.18,0,Listrik 79.2% tepat waktu (+3) | E-wallet aktif 21 bulan (+5) | Transaksi e-wallet 67/bln (+3) | Income gig konsisten 6 bulan (+8),
L1AJN00345,L1NSB00345,PLT005,P2P Lending,2024-01-03,P2P Lending,Renovasi,500000,3,33,0.62,4,3,0,2.8,75.0,0,0,0,1,5352000,0,0.07,0,1,0,0,94,Rendah,Setujui,0.035,0,Aktif di platform 33 bulan (+7) | 3 pinjaman lancar (+15) | Tidak ada riwayat macet (+7) | Listrik 75.0% tepat waktu (+3),
L1AJN00346,L1NSB00346,PLT004,Multifinance,2024-12-16,Multifinance,Mesin usaha,15000000,12,22,0.7,4,3,0,6.2,100.0,23,77,0,1,0,0,0.0,1,0,0,0,95,Rendah,Setujui,0.029,0,Aktif di platform 22 bulan (+7) | 3 pinjaman lancar (+15) | Tidak ada riwayat macet (+7) | Listrik 100.0% tepat waktu (+7),
L1AJN00347,L1NSB00347,PLT002,P2P Lending,2024-12-20,P2P Lending,Konsumsi,2000000,1,21,0.68,2,2,0,1.0,91.7,20,56,0,0,0,0,0.0,1,0,0,0,95,Rendah,Setujui,0.029,0,Aktif di platform 21 bulan (+7) | 2 pinjaman lancar (+10) | Tidak ada riwayat macet (+7) | Listrik 91.7% tepat waktu (+7),
L1AJN00348,L1NSB00348,PLT003,Multifinance,2024-10-20,Multifinance,Mesin usaha,7000000,36,21,0.77,1,1,0,0.0,79.2,23,50,0,1,4528000,1,0.06,0,1,0,0,95,Rendah,Setujui,0.029,0,Aktif di platform 21 bulan (+7) | On-time rate 77% (+5) | 1 pinjaman lancar (+5) | Tidak ada riwayat macet (+7),
L1AJN00349,L1NSB00349,PLT003,Multifinance,2024-03-10,Multifinance,Motor baru,15000000,12,16,0.78,3,1,0,29.0,70.8,23,44,0,0,0,0,0.0,1,0,0,0,77,Rendah,Setujui,0.133,0,Aktif di platform 16 bulan (+7) | On-time rate 78% (+5) | 1 pinjaman lancar (+5) | Tidak ada riwayat macet (+7),5 tanggungan (-5)
L1AJN00350,L1NSB00350,PLT005,P2P Lending,2024-01-22,P2P Lending,Renovasi,5000000,1,31,0.76,1,1,0,3.0,66.7,13,56,0,1,2664000,1,0.09,1,1,0,0,95,Rendah,Setujui,0.029,0,Aktif di platform 31 bulan (+7) | On-time rate 76% (+5) | 1 pinjaman lancar (+5) | Tidak ada riwayat macet (+7),
L1AJN00351,L1NSB00351,PLT005,P2P Lending,2024-10-10,P2P Lending,Konsumsi,5000000,3,28,0.82,3,0,1,144.7,66.7,7,60,0,1,7408000,1,0.1,1,1,0,0,62,Menengah,Setujui,0.22,0,Aktif di platform 28 bulan (+7) | On-time rate 82% (+5) | Transaksi e-wallet 60/bln (+3) | Income gig konsisten 6 bulan (+8),1 pinjaman macet (-12) | Rata-rata telat 145 hari (-10)
L1AJN00352,L1NSB00352,PLT001,P2P Lending,2024-05-31,P2P Lending,Modal usaha,1000000,6,7,0.62,2,2,0,3.0,70.8,11,19,1,0,0,0,0.0,0,0,0,0,63,Menengah,Setujui,0.215,1,2 pinjaman lancar (+10) | Tidak ada riwayat macet (+7),Lonjakan top-up sebelum pengajuan (-8) ⚠️
L1AJN00353,L1NSB00353,PLT003,Multifinance,2024-08-17,Multifinance,Motor baru,3000000,12,14,0.78,2,1,1,164.5,87.5,18,23,0,0,0,0,0.0,0,1,0,0,62,Menengah,Setujui,0.22,1,Aktif di platform 14 bulan (+7) | On-time rate 78% (+5) | 1 pinjaman lancar (+5) | Listrik 87.5% tepat waktu (+3),1 pinjaman macet (-12) | Rata-rata telat 164 hari (-10)
L1AJN00354,L1NSB00354,PLT002,P2P Lending,2024-11-29,P2P Lending,Modal usaha,3000000,6,16,0.95,2,1,0,5.5,79.2,20,61,0,0,0,0,0.0,0,1,0,0,89,Rendah,Setujui,0.064,0,Aktif di platform 16 bulan (+7) | On-time rate 95% (+10) | 1 pinjaman lancar (+5) | Tidak ada riwayat macet (+7),
L1AJN00355,L1NSB00355,PLT002,P2P Lending,2024-04-08,P2P Lending,Renovasi,5000000,1,34,0.67,1,1,0,3.0,91.7,10,12,0,0,0,0,0.0,1,1,0,0,79,Rendah,Setujui,0.122,0,Aktif di platform 34 bulan (+7) | 1 pinjaman lancar (+5) | Tidak ada riwayat macet (+7) | Listrik 91.7% tepat waktu (+7),
L1AJN00356,L1NSB00356,PLT002,P2P Lending,2024-04-09,P2P Lending,Modal usaha,1000000,9,7,0.67,2,1,0,28.0,83.3,19,51,0,1,3717000,1,0.13,0,1,0,0,78,Rendah,Setujui,0.128,0,1 pinjaman lancar (+5) | Tidak ada riwayat macet (+7) | Listrik 83.3% tepat waktu (+3) | E-wallet aktif 19 bulan (+5),Cancel rate gig 13% (-4)
L1AJN00357,L1NSB00357,PLT005,P2P Lending,2024-09-20,P2P Lending,Pendidikan,1000000,9,19,0.86,2,2,0,1.0,75.0,16,27,0,0,0,0,0.0,1,0,0,0,95,Rendah,Setujui,0.029,0,Aktif di platform 19 bulan (+7) | On-time rate 86% (+5) | 2 pinjaman lancar (+10) | Tidak ada riwayat macet (+7),
L1AJN00358,L1NSB00358,PLT004,Multifinance,2024-05-10,Multifinance,Motor bekas,15000000,36,11,0.58,2,2,0,0.5,91.7,14,58,0,1,1933000,0,0.14,1,1,0,0,88,Rendah,Setujui,0.07,0,2 pinjaman lancar (+10) | Tidak ada riwayat macet (+7) | Listrik 91.7% tepat waktu (+7) | E-wallet aktif 14 bulan (+5),Cancel rate gig 14% (-4)
L1AJN00359,L1NSB00359,PLT003,Multifinance,2024-05-24,Multifinance,Mesin usaha,10000000,12,29,0.78,0,0,0,0.0,100.0,10,70,0,0,0,0,0.0,1,1,0,0,77,Rendah,Setujui,0.133,0,Aktif di platform 29 bulan (+7) | On-time rate 78% (+5) | Listrik 100.0% tepat waktu (+7) | Transaksi e-wallet 70/bln (+3),
L1AJN00360,L1NSB00360,PLT001,P2P Lending,2024-10-16,P2P Lending,Pendidikan,3000000,3,17,1.0,3,1,0,10.3,91.7,19,9,0,1,0,0,0.0,0,0,0,0,89,Rendah,Setujui,0.064,0,Aktif di platform 17 bulan (+7) | On-time rate 100% (+10) | 1 pinjaman lancar (+5) | Tidak ada riwayat macet (+7),4 tanggungan (-5)
L1AJN00361,L1NSB00361,PLT001,P2P Lending,2024-06-21,P2P Lending,Renovasi,3000000,12,6,0.73,4,2,1,88.2,75.0,24,52,0,1,3063000,1,0.12,0,1,0,0,59,Menengah,Setujui,0.238,0,2 pinjaman lancar (+10) | Listrik 75.0% tepat waktu (+3) | E-wallet aktif 24 bulan (+5) | Transaksi e-wallet 52/bln (+3),1 pinjaman macet (-12) | Rata-rata telat 88 hari (-10) | Cancel rate gig 12% (-4)
L1AJN00362,L1NSB00362,PLT005,P2P Lending,2024-03-08,P2P Lending,Renovasi,2000000,1,23,0.86,2,2,0,2.0,100.0,6,15,0,0,0,0,0.0,1,1,0,0,95,Rendah,Setujui,0.029,0,Aktif di platform 23 bulan (+7) | On-time rate 86% (+5) | 2 pinjaman lancar (+10) | Tidak ada riwayat macet (+7),
L1AJN00363,L1NSB00363,PLT002,P2P Lending,2024-06-21,P2P Lending,Modal usaha,1000000,9,30,0.74,4,3,0,6.2,100.0,18,67,1,0,0,0,0.0,1,1,0,0,95,Rendah,Setujui,0.029,0,Aktif di platform 30 bulan (+7) | 3 pinjaman lancar (+15) | Tidak ada riwayat macet (+7) | Listrik 100.0% tepat waktu (+7),Lonjakan top-up sebelum pengajuan (-8) ⚠️
L1AJN00364,L1NSB00364,PLT004,Multifinance,2024-11-05,Multifinance,Motor bekas,5000000,18,20,0.76,1,1,0,2.0,62.5,23,79,0,1,7229000,1,0.05,0,1,0,0,90,Rendah,Setujui,0.058,0,Aktif di platform 20 bulan (+7) | On-time rate 76% (+5) | 1 pinjaman lancar (+5) | Tidak ada riwayat macet (+7),
L1AJN00365,L1NSB00365,PLT004,Multifinance,2024-12-31,Multifinance,Motor bekas,15000000,36,1,0.83,0,0,0,0.0,58.3,9,68,1,0,0,0,0.0,1,1,1,19000000,65,Menengah,Setujui,0.203,0,On-time rate 83% (+5) | Transaksi e-wallet 68/bln (+3) | Punya rekening bank (+4) | BPJS dibayar rutin (+3),Lonjakan top-up sebelum pengajuan (-8) ⚠️
L1AJN00366,L1NSB00366,PLT004,Multifinance,2024-10-07,Multifinance,Mesin usaha,3000000,18,25,0.83,0,0,0,0.0,58.3,0,0,0,0,0,0,0.0,1,1,0,0,69,Menengah,Setujui,0.18,0,Aktif di platform 25 bulan (+7) | On-time rate 83% (+5) | Punya rekening bank (+4) | BPJS dibayar rutin (+3),
L1AJN00367,L1NSB00367,PLT003,Multifinance,2024-04-07,Multifinance,Motor bekas,15000000,18,13,0.66,2,2,0,2.5,100.0,0,0,0,1,6440000,1,0.07,0,1,0,0,91,Rendah,Setujui,0.052,0,Aktif di platform 13 bulan (+7) | 2 pinjaman lancar (+10) | Tidak ada riwayat macet (+7) | Listrik 100.0% tepat waktu (+7),
L1AJN00368,L1NSB00368,PLT001,P2P Lending,2024-02-01,P2P Lending,Renovasi,500000,12,7,0.62,0,0,0,0.0,66.7,0,0,0,0,0,0,0.0,1,0,1,20000000,56,Menengah,Setujui,0.255,1,Punya rekening bank (+4) | Toko online omzet Rp 20 jt (+5),
L1AJN00369,L1NSB00369,PLT003,Multifinance,2024-02-23,Multifinance,Elektronik,10000000,24,30,0.57,3,2,0,30.7,75.0,0,0,0,0,0,0,0.0,0,0,0,0,66,Menengah,Setujui,0.197,0,Aktif di platform 30 bulan (+7) | 2 pinjaman lancar (+10) | Tidak ada riwayat macet (+7) | Listrik 75.0% tepat waktu (+3),Rata-rata telat 31 hari (-10)
L1AJN00370,L1NSB00370,PLT001,P2P Lending,2024-10-04,P2P Lending,Renovasi,3000000,6,17,0.88,3,3,0,1.3,83.3,17,16,0,1,7786000,1,0.12,0,0,0,0,95,Rendah,Setujui,0.029,0,Aktif di platform 17 bulan (+7) | On-time rate 88% (+5) | 3 pinjaman lancar (+15) | Tidak ada riwayat macet (+7),Cancel rate gig 12% (-4)
L1AJN00371,L1NSB00371,PLT005,P2P Lending,2024-05-25,P2P Lending,Renovasi,2000000,9,25,0.67,3,3,0,1.3,79.2,18,5,0,1,5250000,1,0.02,0,0,0,0,92,Rendah,Setujui,0.046,0,Aktif di platform 25 bulan (+7) | 3 pinjaman lancar (+15) | Tidak ada riwayat macet (+7) | Listrik 79.2% tepat waktu (+3),
L1AJN00372,L1NSB00372,PLT002,P2P Lending,2024-11-08,P2P Lending,Pendidikan,3000000,1,14,0.68,0,0,0,0.0,95.8,0,0,0,0,0,0,0.0,1,1,0,0,70,Rendah,Setujui,0.174,0,Aktif di platform 14 bulan (+7) | Listrik 95.8% tepat waktu (+7) | Punya rekening bank (+4) | BPJS dibayar rutin (+3),
L1AJN00373,L1NSB00373,PLT002,P2P Lending,2024-09-07,P2P Lending,Renovasi,2000000,1,31,0.66,3,2,0,16.3,79.2,0,0,0,1,1869000,1,0.05,1,0,0,0,86,Rendah,Setujui,0.081,0,Aktif di platform 31 bulan (+7) | 2 pinjaman lancar (+10) | Tidak ada riwayat macet (+7) | Listrik 79.2% tepat waktu (+3),
L1AJN00374,L1NSB00374,PLT002,P2P Lending,2024-05-08,P2P Lending,Modal usaha,1000000,6,32,0.74,3,2,0,8.3,62.5,10,61,1,0,0,0,0.0,1,1,0,0,77,Rendah,Setujui,0.133,0,Aktif di platform 32 bulan (+7) | 2 pinjaman lancar (+10) | Tidak ada riwayat macet (+7) | Transaksi e-wallet 61/bln (+3),Lonjakan top-up sebelum pengajuan (-8) ⚠️
L1AJN00375,L1NSB00375,PLT001,P2P Lending,2024-04-25,P2P Lending,Konsumsi,3000000,9,9,0.71,0,0,0,0.0,91.7,0,0,0,0,0,0,0.0,1,1,0,0,63,Menengah,Setujui,0.215,0,Listrik 91.7% tepat waktu (+7) | Punya rekening bank (+4) | BPJS dibayar rutin (+3),
L1AJN00376,L1NSB00376,PLT002,P2P Lending,2024-04-20,P2P Lending,Renovasi,1000000,3,30,0.94,2,2,0,0.0,75.0,24,57,0,1,6899000,1,0.04,1,0,0,0,95,Rendah,Setujui,0.029,0,Aktif di platform 30 bulan (+7) | On-time rate 94% (+10) | 2 pinjaman lancar (+10) | Tidak ada riwayat macet (+7),
L1AJN00377,L1NSB00377,PLT001,P2P Lending,2024-07-15,P2P Lending,Renovasi,2000000,6,12,0.78,3,3,0,2.0,66.7,14,24,0,0,0,0,0.0,0,0,0,0,92,Rendah,Setujui,0.046,0,Aktif di platform 12 bulan (+7) | On-time rate 78% (+5) | 3 pinjaman lancar (+15) | Tidak ada riwayat macet (+7),
L1AJN00378,L1NSB00378,PLT004,Multifinance,2024-07-09,Multifinance,Motor baru,10000000,12,36,0.72,1,1,0,1.0,75.0,21,75,0,0,0,0,0.0,1,0,0,0,85,Rendah,Setujui,0.087,0,Aktif di platform 36 bulan (+7) | 1 pinjaman lancar (+5) | Tidak ada riwayat macet (+7) | Listrik 75.0% tepat waktu (+3),
L1AJN00379,L1NSB00379,PLT002,P2P Lending,2024-02-03,P2P Lending,Modal usaha,3000000,3,7,0.74,0,0,0,0.0,62.5,0,0,0,1,3914000,1,0.14,1,1,0,0,65,Menengah,Setujui,0.203,0,Income gig konsisten 6 bulan (+8) | Rating gig 4.6 (+5) | Punya rekening bank (+4) | BPJS dibayar rutin (+3),Cancel rate gig 14% (-4)
L1AJN00380,L1NSB00380,PLT005,P2P Lending,2024-01-26,P2P Lending,Pendidikan,3000000,1,14,0.78,1,0,0,6.0,79.2,20,28,1,0,0,0,0.0,1,1,0,0,81,Rendah,Setujui,0.11,0,Aktif di platform 14 bulan (+7) | On-time rate 78% (+5) | Tidak ada riwayat macet (+7) | Listrik 79.2% tepat waktu (+3),Lonjakan top-up sebelum pengajuan (-8) ⚠️
L1AJN00381,L1NSB00381,PLT003,Multifinance,2024-02-09,Multifinance,Motor baru,20000000,36,18,0.66,0,0,0,0.0,75.0,20,80,0,0,0,0,0.0,1,0,0,0,73,Rendah,Setujui,0.157,0,Aktif di platform 18 bulan (+7) | Listrik 75.0% tepat waktu (+3) | E-wallet aktif 20 bulan (+5) | Transaksi e-wallet 80/bln (+3),
L1AJN00382,L1NSB00382,PLT002,P2P Lending,2024-03-28,P2P Lending,Renovasi,2000000,3,34,0.81,4,3,1,61.5,58.3,6,19,0,1,6261000,1,0.13,1,1,0,0,72,Rendah,Setujui,0.162,0,Aktif di platform 34 bulan (+7) | On-time rate 81% (+5) | 3 pinjaman lancar (+15) | Income gig konsisten 6 bulan (+8),1 pinjaman macet (-12) | Rata-rata telat 62 hari (-10) | Cancel rate gig 13% (-4)
L1AJN00383,L1NSB00383,PLT004,Multifinance,2024-06-19,Multifinance,Elektronik,10000000,18,12,0.96,1,1,0,3.0,75.0,14,53,1,0,0,0,0.0,1,0,0,0,81,Rendah,Setujui,0.11,1,Aktif di platform 12 bulan (+7) | On-time rate 96% (+10) | 1 pinjaman lancar (+5) | Tidak ada riwayat macet (+7),5 tanggungan (-5) | Lonjakan top-up sebelum pengajuan (-8) ⚠️
L1AJN00384,L1NSB00384,PLT005,P2P Lending,2024-03-28,P2P Lending,Modal usaha,3000000,1,24,0.7,2,1,0,34.5,66.7,8,51,0,0,0,0,0.0,1,0,1,15000000,70,Rendah,Setujui,0.174,0,Aktif di platform 24 bulan (+7) | 1 pinjaman lancar (+5) | Tidak ada riwayat macet (+7) | Transaksi e-wallet 51/bln (+3),Rata-rata telat 34 hari (-10)
L1AJN00385,L1NSB00385,PLT005,P2P Lending,2024-05-19,P2P Lending,Konsumsi,2000000,12,29,0.65,4,4,0,1.5,83.3,14,71,0,0,0,0,0.0,1,1,0,0,95,Rendah,Setujui,0.029,0,Aktif di platform 29 bulan (+7) | 4 pinjaman lancar (+15) | Tidak ada riwayat macet (+7) | Listrik 83.3% tepat waktu (+3),
L1AJN00386,L1NSB00386,PLT001,P2P Lending,2024-07-29,P2P Lending,Modal usaha,2000000,9,21,0.76,2,2,0,0.5,91.7,20,27,0,0,0,0,0.0,1,1,0,0,95,Rendah,Setujui,0.029,0,Aktif di platform 21 bulan (+7) | On-time rate 76% (+5) | 2 pinjaman lancar (+10) | Tidak ada riwayat macet (+7),
L1AJN00387,L1NSB00387,PLT002,P2P Lending,2024-03-08,P2P Lending,Modal usaha,5000000,12,10,0.77,0,0,0,0.0,66.7,17,58,0,1,0,0,0.0,1,1,0,0,70,Rendah,Setujui,0.174,0,On-time rate 77% (+5) | E-wallet aktif 17 bulan (+5) | Transaksi e-wallet 58/bln (+3) | Punya rekening bank (+4),
L1AJN00388,L1NSB00388,PLT001,P2P Lending,2024-07-24,P2P Lending,Pendidikan,2000000,1,32,0.87,3,2,0,8.0,79.2,7,55,0,0,0,0,0.0,1,1,0,0,94,Rendah,Setujui,0.035,0,Aktif di platform 32 bulan (+7) | On-time rate 87% (+5) | 2 pinjaman lancar (+10) | Tidak ada riwayat macet (+7),
L1AJN00389,L1NSB00389,PLT001,P2P Lending,2024-02-27,P2P Lending,Modal usaha,500000,9,28,0.57,2,2,0,2.0,91.7,15,15,0,0,0,0,0.0,1,0,0,0,89,Rendah,Setujui,0.064,0,Aktif di platform 28 bulan (+7) | 2 pinjaman lancar (+10) | Tidak ada riwayat macet (+7) | Listrik 91.7% tepat waktu (+7),
L1AJN00390,L1NSB00390,PLT004,Multifinance,2024-07-18,Multifinance,Motor baru,7000000,36,21,0.93,3,2,0,6.3,95.8,0,0,0,1,4089000,1,0.09,1,0,0,0,95,Rendah,Setujui,0.029,0,Aktif di platform 21 bulan (+7) | On-time rate 93% (+10) | 2 pinjaman lancar (+10) | Tidak ada riwayat macet (+7),4 tanggungan (-5)
L1AJN00391,L1NSB00391,PLT005,P2P Lending,2024-12-22,P2P Lending,Renovasi,1000000,1,26,0.62,2,2,0,2.0,95.8,15,62,1,1,6987000,1,0.03,1,1,0,0,87,Rendah,Setujui,0.075,0,Aktif di platform 26 bulan (+7) | 2 pinjaman lancar (+10) | Tidak ada riwayat macet (+7) | Listrik 95.8% tepat waktu (+7),4 tanggungan (-5) | Lonjakan top-up sebelum pengajuan (-8) ⚠️
L1AJN00392,L1NSB00392,PLT002,P2P Lending,2024-03-06,P2P Lending,Konsumsi,3000000,1,26,0.61,0,0,0,0.0,58.3,0,0,0,1,0,0,0.0,1,0,0,0,53,Menengah,Setujui,0.273,1,Aktif di platform 26 bulan (+7) | Punya rekening bank (+4),4 tanggungan (-5)
L1AJN00393,L1NSB00393,PLT005,P2P Lending,2024-07-13,P2P Lending,Renovasi,5000000,12,24,0.78,3,2,0,8.7,66.7,20,66,0,1,7254000,1,0.04,1,0,0,0,95,Rendah,Setujui,0.029,0,Aktif di platform 24 bulan (+7) | On-time rate 78% (+5) | 2 pinjaman lancar (+10) | Tidak ada riwayat macet (+7),
L1AJN00394,L1NSB00394,PLT001,P2P Lending,2024-02-10,P2P Lending,Pendidikan,5000000,3,24,0.83,2,1,0,14.0,58.3,21,62,0,0,0,0,0.0,0,0,0,0,79,Rendah,Setujui,0.122,0,Aktif di platform 24 bulan (+7) | On-time rate 83% (+5) | 1 pinjaman lancar (+5) | Tidak ada riwayat macet (+7),
L1AJN00395,L1NSB00395,PLT003,Multifinance,2024-02-09,Multifinance,Elektronik,5000000,18,29,0.71,4,4,0,2.0,87.5,17,66,0,1,6827000,1,0.13,1,1,0,0,95,Rendah,Setujui,0.029,0,Aktif di platform 29 bulan (+7) | 4 pinjaman lancar (+15) | Tidak ada riwayat macet (+7) | Listrik 87.5% tepat waktu (+3),Cancel rate gig 13% (-4)
L1AJN00396,L1NSB00396,PLT001,P2P Lending,2024-04-08,P2P Lending,Renovasi,5000000,3,17,0.91,0,0,0,0.0,70.8,24,65,0,0,0,0,0.0,1,0,0,0,78,Rendah,Setujui,0.128,0,Aktif di platform 17 bulan (+7) | On-time rate 91% (+10) | E-wallet aktif 24 bulan (+5) | Transaksi e-wallet 65/bln (+3),
L1AJN00397,L1NSB00397,PLT001,P2P Lending,2024-06-26,P2P Lending,Modal usaha,500000,12,24,0.7,2,0,1,169.5,58.3,0,0,0,0,0,0,0.0,1,0,0,0,41,Tinggi,Tolak,0.342,0,Aktif di platform 24 bulan (+7) | Punya rekening bank (+4),1 pinjaman macet (-12) | Rata-rata telat 170 hari (-10)
L1AJN00398,L1NSB00398,PLT001,P2P Lending,2024-01-03,P2P Lending,Konsumsi,5000000,3,35,0.99,2,1,0,7.0,83.3,0,0,0,0,0,0,0.0,1,0,0,0,90,Rendah,Setujui,0.058,0,Aktif di platform 35 bulan (+7) | On-time rate 99% (+10) | 1 pinjaman lancar (+5) | Tidak ada riwayat macet (+7),
L1AJN00399,L1NSB00399,PLT003,Multifinance,2024-09-28,Multifinance,Mesin usaha,3000000,24,11,0.81,1,1,0,3.0,91.7,7,42,0,0,0,0,0.0,0,1,0,0,74,Rendah,Setujui,0.151,0,On-time rate 81% (+5) | 1 pinjaman lancar (+5) | Tidak ada riwayat macet (+7) | Listrik 91.7% tepat waktu (+7),5 tanggungan (-5)
L1AJN00400,L1NSB00400,PLT001,P2P Lending,2024-11-28,P2P Lending,Renovasi,500000,12,2,0.74,2,1,1,123.5,79.2,15,56,0,1,0,0,0.0,0,1,0,0,48,Tinggi,Tolak,0.302,0,1 pinjaman lancar (+5) | Listrik 79.2% tepat waktu (+3) | E-wallet aktif 15 bulan (+5) | Transaksi e-wallet 56/bln (+3),1 pinjaman macet (-12) | Rata-rata telat 124 hari (-10)
L1AJN00401,L1NSB00401,PLT004,Multifinance,2024-10-09,Multifinance,Motor baru,20000000,36,20,0.75,2,2,0,1.5,66.7,13,31,0,0,0,0,0.0,1,0,0,0,93,Rendah,Setujui,0.041,0,Aktif di platform 20 bulan (+7) | On-time rate 75% (+5) | 2 pinjaman lancar (+10) | Tidak ada riwayat macet (+7),
L1AJN00402,L1NSB00402,PLT002,P2P Lending,2024-10-10,P2P Lending,Pendidikan,5000000,1,34,0.77,1,1,0,3.0,79.2,6,59,0,0,0,0,0.0,1,1,0,0,83,Rendah,Setujui,0.099,0,Aktif di platform 34 bulan (+7) | On-time rate 77% (+5) | 1 pinjaman lancar (+5) | Tidak ada riwayat macet (+7),
L1AJN00403,L1NSB00403,PLT003,Multifinance,2024-04-13,Multifinance,Motor baru,15000000,18,21,0.56,3,3,0,2.3,58.3,0,0,0,1,1696000,1,0.06,0,1,0,0,83,Rendah,Setujui,0.099,0,Aktif di platform 21 bulan (+7) | 3 pinjaman lancar (+15) | Tidak ada riwayat macet (+7) | Income gig konsisten 6 bulan (+8),5 tanggungan (-5)
L1AJN00404,L1NSB00404,PLT002,P2P Lending,2024-08-07,P2P Lending,Konsumsi,500000,12,12,0.74,1,0,0,7.0,83.3,9,35,0,0,0,0,0.0,1,0,0,0,77,Rendah,Setujui,0.133,0,Aktif di platform 12 bulan (+7) | Tidak ada riwayat macet (+7) | Listrik 83.3% tepat waktu (+3) | Transaksi e-wallet 35/bln (+3),
L1AJN00405,L1NSB00405,PLT001,P2P Lending,2024-07-10,P2P Lending,Pendidikan,1000000,9,33,0.76,2,2,0,2.0,100.0,7,46,1,0,0,0,0.0,1,1,0,0,90,Rendah,Setujui,0.058,0,Aktif di platform 33 bulan (+7) | On-time rate 76% (+5) | 2 pinjaman lancar (+10) | Tidak ada riwayat macet (+7),Lonjakan top-up sebelum pengajuan (-8) ⚠️
L1AJN00406,L1NSB00406,PLT002,P2P Lending,2024-04-02,P2P Lending,Renovasi,3000000,12,1,0.96,0,0,0,0.0,79.2,10,62,0,0,0,0,0.0,0,0,0,0,67,Menengah,Setujui,0.191,0,On-time rate 96% (+10) | Listrik 79.2% tepat waktu (+3) | Transaksi e-wallet 62/bln (+3),
L1AJN00407,L1NSB00407,PLT004,Multifinance,2024-06-11,Multifinance,Motor bekas,3000000,24,21,0.87,0,0,0,0.0,79.2,15,50,0,0,0,0,0.0,1,1,0,0,73,Rendah,Setujui,0.157,0,Aktif di platform 21 bulan (+7) | On-time rate 87% (+5) | Listrik 79.2% tepat waktu (+3) | E-wallet aktif 15 bulan (+5),4 tanggungan (-5)
L1AJN00408,L1NSB00408,PLT003,Multifinance,2024-07-14,Multifinance,Elektronik,3000000,24,3,0.93,4,4,0,1.2,75.0,8,61,0,0,0,0,0.0,1,0,0,0,94,Rendah,Setujui,0.035,0,On-time rate 93% (+10) | 4 pinjaman lancar (+15) | Tidak ada riwayat macet (+7) | Listrik 75.0% tepat waktu (+3),
L1AJN00409,L1NSB00409,PLT001,P2P Lending,2024-12-09,P2P Lending,Modal usaha,3000000,1,4,0.92,0,0,0,0.0,62.5,17,23,0,1,5838000,1,0.03,1,0,0,0,82,Rendah,Setujui,0.104,0,On-time rate 92% (+10) | E-wallet aktif 17 bulan (+5) | Transaksi e-wallet 23/bln (+3) | Income gig konsisten 6 bulan (+8),
L1AJN00410,L1NSB00410,PLT002,P2P Lending,2024-12-07,P2P Lending,Pendidikan,5000000,12,33,0.95,1,1,0,2.0,70.8,17,67,0,0,0,0,0.0,1,0,0,0,95,Rendah,Setujui,0.029,0,Aktif di platform 33 bulan (+7) | On-time rate 95% (+10) | 1 pinjaman lancar (+5) | Tidak ada riwayat macet (+7),
L1AJN00411,L1NSB00411,PLT001,P2P Lending,2024-06-01,P2P Lending,Pendidikan,500000,9,30,0.68,2,2,0,1.0,100.0,20,30,0,1,3959000,0,0.11,1,0,0,0,93,Rendah,Setujui,0.041,0,Aktif di platform 30 bulan (+7) | 2 pinjaman lancar (+10) | Tidak ada riwayat macet (+7) | Listrik 100.0% tepat waktu (+7),Cancel rate gig 11% (-4)
L1AJN00412,L1NSB00412,PLT005,P2P Lending,2024-09-26,P2P Lending,Pendidikan,5000000,1,11,0.91,4,4,0,1.5,83.3,15,6,0,0,0,0,0.0,1,0,0,0,94,Rendah,Setujui,0.035,0,On-time rate 91% (+10) | 4 pinjaman lancar (+15) | Tidak ada riwayat macet (+7) | Listrik 83.3% tepat waktu (+3),
L1AJN00413,L1NSB00413,PLT002,P2P Lending,2024-08-13,P2P Lending,Pendidikan,3000000,1,4,0.77,1,1,0,2.0,79.2,8,75,0,0,0,0,0.0,1,1,0,0,78,Rendah,Setujui,0.128,0,On-time rate 77% (+5) | 1 pinjaman lancar (+5) | Tidak ada riwayat macet (+7) | Listrik 79.2% tepat waktu (+3),
L1AJN00414,L1NSB00414,PLT002,P2P Lending,2024-09-22,P2P Lending,Pendidikan,1000000,6,30,0.88,2,2,0,2.0,91.7,14,16,0,1,2760000,1,0.01,1,0,0,0,95,Rendah,Setujui,0.029,0,Aktif di platform 30 bulan (+7) | On-time rate 88% (+5) | 2 pinjaman lancar (+10) | Tidak ada riwayat macet (+7),
L1AJN00415,L1NSB00415,PLT005,P2P Lending,2024-12-29,P2P Lending,Konsumsi,1000000,12,36,0.74,2,2,0,0.0,70.8,13,38,0,1,0,0,0.0,1,0,0,0,86,Rendah,Setujui,0.081,0,Aktif di platform 36 bulan (+7) | 2 pinjaman lancar (+10) | Tidak ada riwayat macet (+7) | E-wallet aktif 13 bulan (+5),
L1AJN00416,L1NSB00416,PLT001,P2P Lending,2024-05-11,P2P Lending,Modal usaha,5000000,1,6,0.82,0,0,0,0.0,95.8,19,16,0,1,2450000,0,0.12,0,1,0,0,63,Menengah,Setujui,0.215,0,On-time rate 82% (+5) | Listrik 95.8% tepat waktu (+7) | E-wallet aktif 19 bulan (+5) | BPJS dibayar rutin (+3),Cancel rate gig 12% (-4)
L1AJN00417,L1NSB00417,PLT005,P2P Lending,2024-04-11,P2P Lending,Modal usaha,1000000,3,20,0.71,1,0,0,71.0,58.3,15,76,0,0,0,0,0.0,1,1,0,0,73,Rendah,Setujui,0.157,0,Aktif di platform 20 bulan (+7) | Tidak ada riwayat macet (+7) | E-wallet aktif 15 bulan (+5) | Transaksi e-wallet 76/bln (+3),Rata-rata telat 71 hari (-10)
L1AJN00418,L1NSB00418,PLT002,P2P Lending,2024-09-13,P2P Lending,Modal usaha,1000000,3,34,0.8,1,0,0,86.0,95.8,0,0,0,1,3042000,1,0.03,0,0,0,0,77,Rendah,Setujui,0.133,0,Aktif di platform 34 bulan (+7) | On-time rate 80% (+5) | Tidak ada riwayat macet (+7) | Listrik 95.8% tepat waktu (+7),Rata-rata telat 86 hari (-10)
L1AJN00419,L1NSB00419,PLT004,Multifinance,2024-12-05,Multifinance,Elektronik,10000000,24,34,0.95,0,0,0,0.0,62.5,12,17,0,1,6628000,1,0.15,1,1,0,0,77,Rendah,Setujui,0.133,0,Aktif di platform 34 bulan (+7) | On-time rate 95% (+10) | E-wallet aktif 12 bulan (+5) | Income gig konsisten 6 bulan (+8),4 tanggungan (-5) | Cancel rate gig 15% (-4)
L1AJN00420,L1NSB00420,PLT003,Multifinance,2024-08-26,Multifinance,Motor baru,20000000,12,2,0.74,1,1,0,0.0,70.8,21,42,0,0,0,0,0.0,1,1,1,8000000,78,Rendah,Setujui,0.128,0,1 pinjaman lancar (+5) | Tidak ada riwayat macet (+7) | E-wallet aktif 21 bulan (+5) | Transaksi e-wallet 42/bln (+3),
L1AJN00421,L1NSB00421,PLT003,Multifinance,2024-07-09,Multifinance,Motor baru,20000000,24,13,0.94,2,2,0,1.0,79.2,21,14,0,0,0,0,0.0,0,1,0,0,88,Rendah,Setujui,0.07,0,Aktif di platform 13 bulan (+7) | On-time rate 94% (+10) | 2 pinjaman lancar (+10) | Tidak ada riwayat macet (+7),4 tanggungan (-5)
L1AJN00422,L1NSB00422,PLT003,Multifinance,2024-10-03,Multifinance,Elektronik,10000000,18,12,0.59,3,3,0,2.0,70.8,20,24,0,0,0,0,0.0,1,1,0,0,95,Rendah,Setujui,0.029,0,Aktif di platform 12 bulan (+7) | 3 pinjaman lancar (+15) | Tidak ada riwayat macet (+7) | E-wallet aktif 20 bulan (+5),
L1AJN00423,L1NSB00423,PLT004,Multifinance,2024-08-01,Multifinance,Mesin usaha,3000000,24,35,0.82,1,1,0,2.0,70.8,7,45,0,1,3039000,1,0.13,1,0,0,0,87,Rendah,Setujui,0.075,0,Aktif di platform 35 bulan (+7) | On-time rate 82% (+5) | 1 pinjaman lancar (+5) | Tidak ada riwayat macet (+7),Cancel rate gig 13% (-4)
L1AJN00424,L1NSB00424,PLT001,P2P Lending,2024-07-11,P2P Lending,Konsumsi,2000000,12,23,0.61,0,0,0,0.0,83.3,0,0,0,0,0,0,0.0,1,1,0,0,65,Menengah,Setujui,0.203,0,Aktif di platform 23 bulan (+7) | Listrik 83.3% tepat waktu (+3) | Punya rekening bank (+4) | BPJS dibayar rutin (+3),
L1AJN00425,L1NSB00425,PLT005,P2P Lending,2024-11-28,P2P Lending,Renovasi,2000000,12,8,0.64,2,2,0,1.0,58.3,13,32,1,1,7580000,1,0.12,1,0,0,0,75,Rendah,Setujui,0.145,0,2 pinjaman lancar (+10) | Tidak ada riwayat macet (+7) | E-wallet aktif 13 bulan (+5) | Transaksi e-wallet 32/bln (+3),Lonjakan top-up sebelum pengajuan (-8) ⚠️ | Cancel rate gig 12% (-4)
L1AJN00426,L1NSB00426,PLT003,Multifinance,2024-11-06,Multifinance,Mesin usaha,3000000,12,8,0.9,3,3,0,2.3,66.7,0,0,0,0,0,0,0.0,0,1,0,0,78,Rendah,Setujui,0.128,0,On-time rate 90% (+10) | 3 pinjaman lancar (+15) | Tidak ada riwayat macet (+7) | BPJS dibayar rutin (+3),4 tanggungan (-5)
L1AJN00427,L1NSB00427,PLT002,P2P Lending,2024-07-24,P2P Lending,Renovasi,5000000,6,34,0.79,0,0,0,0.0,95.8,15,41,0,0,0,0,0.0,1,1,0,0,88,Rendah,Setujui,0.07,1,Aktif di platform 34 bulan (+7) | On-time rate 79% (+5) | Listrik 95.8% tepat waktu (+7) | E-wallet aktif 15 bulan (+5),
L1AJN00428,L1NSB00428,PLT002,P2P Lending,2024-09-21,P2P Lending,Pendidikan,3000000,9,34,0.98,2,1,1,118.5,79.2,16,74,0,0,0,0,0.0,0,0,0,0,62,Menengah,Setujui,0.22,1,Aktif di platform 34 bulan (+7) | On-time rate 98% (+10) | 1 pinjaman lancar (+5) | Listrik 79.2% tepat waktu (+3),1 pinjaman macet (-12) | Rata-rata telat 118 hari (-10)
L1AJN00429,L1NSB00429,PLT001,P2P Lending,2024-08-06,P2P Lending,Konsumsi,5000000,6,20,0.77,0,0,0,0.0,91.7,0,0,0,1,7903000,1,0.14,0,1,0,0,77,Rendah,Setujui,0.133,0,Aktif di platform 20 bulan (+7) | On-time rate 77% (+5) | Listrik 91.7% tepat waktu (+7) | Income gig konsisten 6 bulan (+8),Cancel rate gig 14% (-4)
L1AJN00430,L1NSB00430,PLT001,P2P Lending,2024-01-28,P2P Lending,Renovasi,5000000,9,14,0.88,0,0,0,0.0,75.0,18,77,0,1,1639000,1,0.04,0,1,0,0,83,Rendah,Setujui,0.099,1,Aktif di platform 14 bulan (+7) | On-time rate 88% (+5) | Listrik 75.0% tepat waktu (+3) | E-wallet aktif 18 bulan (+5),
L1AJN00431,L1NSB00431,PLT005,P2P Lending,2024-11-26,P2P Lending,Pendidikan,500000,1,31,0.76,1,0,0,5.0,75.0,0,0,0,0,0,0,0.0,0,0,0,0,71,Rendah,Setujui,0.168,0,Aktif di platform 31 bulan (+7) | On-time rate 76% (+5) | Tidak ada riwayat macet (+7) | Listrik 75.0% tepat waktu (+3),
L1AJN00432,L1NSB00432,PLT004,Multifinance,2024-04-03,Multifinance,Motor bekas,10000000,36,13,0.6,1,1,0,1.0,62.5,17,26,0,1,3631000,1,0.01,1,0,0,0,92,Rendah,Setujui,0.046,0,Aktif di platform 13 bulan (+7) | 1 pinjaman lancar (+5) | Tidak ada riwayat macet (+7) | E-wallet aktif 17 bulan (+5),
L1AJN00433,L1NSB00433,PLT004,Multifinance,2024-03-11,Multifinance,Mesin usaha,10000000,36,17,0.58,1,0,0,42.0,91.7,15,32,1,0,0,0,0.0,1,0,0,0,57,Menengah,Setujui,0.249,0,Aktif di platform 17 bulan (+7) | Tidak ada riwayat macet (+7) | Listrik 91.7% tepat waktu (+7) | E-wallet aktif 15 bulan (+5),Rata-rata telat 42 hari (-10) | 4 tanggungan (-5) | Lonjakan top-up sebelum pengajuan (-8) ⚠️
L1AJN00434,L1NSB00434,PLT004,Multifinance,2024-07-07,Multifinance,Elektronik,15000000,24,23,0.97,0,0,0,0.0,79.2,22,26,1,1,4299000,1,0.05,0,0,0,0,75,Rendah,Setujui,0.145,0,Aktif di platform 23 bulan (+7) | On-time rate 97% (+10) | Listrik 79.2% tepat waktu (+3) | E-wallet aktif 22 bulan (+5),Lonjakan top-up sebelum pengajuan (-8) ⚠️
L1AJN00435,L1NSB00435,PLT001,P2P Lending,2024-10-09,P2P Lending,Renovasi,1000000,3,27,0.94,1,1,0,3.0,70.8,0,0,0,0,0,0,0.0,0,0,0,0,75,Rendah,Setujui,0.145,0,Aktif di platform 27 bulan (+7) | On-time rate 94% (+10) | 1 pinjaman lancar (+5) | Tidak ada riwayat macet (+7),
L1AJN00436,L1NSB00436,PLT004,Multifinance,2024-09-10,Multifinance,Mesin usaha,10000000,12,16,0.98,1,1,0,3.0,100.0,14,45,0,1,0,0,0.0,1,1,0,0,95,Rendah,Setujui,0.029,0,Aktif di platform 16 bulan (+7) | On-time rate 98% (+10) | 1 pinjaman lancar (+5) | Tidak ada riwayat macet (+7),
L1AJN00437,L1NSB00437,PLT005,P2P Lending,2024-05-18,P2P Lending,Konsumsi,5000000,9,20,0.84,2,2,0,1.5,70.8,0,0,0,1,6771000,0,0.12,0,1,0,0,79,Rendah,Setujui,0.122,0,Aktif di platform 20 bulan (+7) | On-time rate 84% (+5) | 2 pinjaman lancar (+10) | Tidak ada riwayat macet (+7),Cancel rate gig 12% (-4)
L1AJN00438,L1NSB00438,PLT002,P2P Lending,2024-12-08,P2P Lending,Konsumsi,2000000,9,10,0.9,3,2,0,17.3,100.0,20,31,0,0,0,0,0.0,0,1,0,0,95,Rendah,Setujui,0.029,0,On-time rate 90% (+10) | 2 pinjaman lancar (+10) | Tidak ada riwayat macet (+7) | Listrik 100.0% tepat waktu (+7),
L1AJN00439,L1NSB00439,PLT003,Multifinance,2024-08-06,Multifinance,Elektronik,7000000,18,28,0.89,2,2,0,0.5,75.0,24,15,0,1,5953000,0,0.07,1,1,0,0,95,Rendah,Setujui,0.029,0,Aktif di platform 28 bulan (+7) | On-time rate 89% (+5) | 2 pinjaman lancar (+10) | Tidak ada riwayat macet (+7),
L1AJN00440,L1NSB00440,PLT001,P2P Lending,2024-09-07,P2P Lending,Renovasi,1000000,1,19,0.7,0,0,0,0.0,87.5,0,0,0,0,0,0,0.0,1,0,0,0,66,Menengah,Setujui,0.197,0,Aktif di platform 19 bulan (+7) | Listrik 87.5% tepat waktu (+3) | Punya rekening bank (+4),
L1AJN00441,L1NSB00441,PLT004,Multifinance,2024-09-28,Multifinance,Mesin usaha,5000000,24,9,0.86,1,1,0,0.0,83.3,24,47,0,1,4411000,1,0.11,1,0,0,0,92,Rendah,Setujui,0.046,0,On-time rate 86% (+5) | 1 pinjaman lancar (+5) | Tidak ada riwayat macet (+7) | Listrik 83.3% tepat waktu (+3),Cancel rate gig 11% (-4)
L1AJN00442,L1NSB00442,PLT001,P2P Lending,2024-09-12,P2P Lending,Modal usaha,5000000,12,28,0.75,1,0,0,9.0,91.7,0,0,0,1,4397000,0,0.06,0,1,0,0,80,Rendah,Setujui,0.116,0,Aktif di platform 28 bulan (+7) | On-time rate 75% (+5) | Tidak ada riwayat macet (+7) | Listrik 91.7% tepat waktu (+7),
L1AJN00443,L1NSB00443,PLT005,P2P Lending,2024-11-18,P2P Lending,Renovasi,3000000,12,23,0.92,0,0,0,0.0,79.2,14,44,0,0,0,0,0.0,0,1,0,0,83,Rendah,Setujui,0.099,0,Aktif di platform 23 bulan (+7) | On-time rate 92% (+10) | Listrik 79.2% tepat waktu (+3) | E-wallet aktif 14 bulan (+5),
L1AJN00444,L1NSB00444,PLT004,Multifinance,2024-04-12,Multifinance,Elektronik,10000000,12,3,0.87,2,2,0,0.5,100.0,19,40,0,0,0,0,0.0,0,1,0,0,92,Rendah,Setujui,0.046,0,On-time rate 87% (+5) | 2 pinjaman lancar (+10) | Tidak ada riwayat macet (+7) | Listrik 100.0% tepat waktu (+7),
L1AJN00445,L1NSB00445,PLT005,P2P Lending,2024-08-18,P2P Lending,Pendidikan,500000,9,34,0.96,1,1,0,3.0,70.8,15,48,1,0,0,0,0.0,0,1,1,19000000,80,Rendah,Setujui,0.116,0,Aktif di platform 34 bulan (+7) | On-time rate 96% (+10) | 1 pinjaman lancar (+5) | Tidak ada riwayat macet (+7),5 tanggungan (-5) | Lonjakan top-up sebelum pengajuan (-8) ⚠️
L1AJN00446,L1NSB00446,PLT005,P2P Lending,2024-10-14,P2P Lending,Renovasi,5000000,9,4,0.77,0,0,0,0.0,70.8,15,27,0,0,0,0,0.0,0,1,0,0,68,Menengah,Setujui,0.186,0,On-time rate 77% (+5) | E-wallet aktif 15 bulan (+5) | Transaksi e-wallet 27/bln (+3) | BPJS dibayar rutin (+3),
L1AJN00447,L1NSB00447,PLT004,Multifinance,2024-02-18,Multifinance,Motor baru,3000000,12,11,0.57,3,2,0,10.7,95.8,23,65,0,0,0,0,0.0,1,1,0,0,87,Rendah,Setujui,0.075,0,2 pinjaman lancar (+10) | Tidak ada riwayat macet (+7) | Listrik 95.8% tepat waktu (+7) | E-wallet aktif 23 bulan (+5),
L1AJN00448,L1NSB00448,PLT005,P2P Lending,2024-02-06,P2P Lending,Konsumsi,1000000,9,19,0.85,2,1,0,5.5,91.7,10,58,0,1,7324000,0,0.02,0,0,0,0,86,Rendah,Setujui,0.081,0,Aktif di platform 19 bulan (+7) | On-time rate 85% (+5) | 1 pinjaman lancar (+5) | Tidak ada riwayat macet (+7),
L1AJN00449,L1NSB00449,PLT003,Multifinance,2024-11-12,Multifinance,Elektronik,5000000,24,12,0.59,0,0,0,0.0,62.5,22,40,0,1,7461000,0,0.15,1,0,0,0,64,Menengah,Setujui,0.209,0,Aktif di platform 12 bulan (+7) | E-wallet aktif 22 bulan (+5) | Transaksi e-wallet 40/bln (+3) | Punya rekening bank (+4),4 tanggungan (-5) | Cancel rate gig 15% (-4)
L1AJN00450,L1NSB00450,PLT003,Multifinance,2024-11-18,Multifinance,Elektronik,15000000,18,10,0.92,2,2,0,1.5,79.2,9,79,0,0,0,0,0.0,1,1,0,0,88,Rendah,Setujui,0.07,0,On-time rate 92% (+10) | 2 pinjaman lancar (+10) | Tidak ada riwayat macet (+7) | Listrik 79.2% tepat waktu (+3),
L1AJN00451,L1NSB00451,PLT002,P2P Lending,2024-01-31,P2P Lending,Modal usaha,500000,3,17,0.8,3,2,0,12.3,79.2,0,0,0,1,6992000,1,0.13,0,0,0,0,88,Rendah,Setujui,0.07,0,Aktif di platform 17 bulan (+7) | On-time rate 80% (+5) | 2 pinjaman lancar (+10) | Tidak ada riwayat macet (+7),Cancel rate gig 13% (-4)
L1AJN00452,L1NSB00452,PLT004,Multifinance,2024-08-12,Multifinance,Motor bekas,10000000,24,28,0.7,2,1,0,45.0,62.5,21,63,0,0,0,0,0.0,1,1,0,0,76,Rendah,Setujui,0.139,0,Aktif di platform 28 bulan (+7) | 1 pinjaman lancar (+5) | Tidak ada riwayat macet (+7) | E-wallet aktif 21 bulan (+5),Rata-rata telat 45 hari (-10)
L1AJN00453,L1NSB00453,PLT001,P2P Lending,2024-12-03,P2P Lending,Pendidikan,3000000,12,28,0.85,2,0,0,18.0,58.3,9,25,0,0,0,0,0.0,0,1,0,0,75,Rendah,Setujui,0.145,0,Aktif di platform 28 bulan (+7) | On-time rate 85% (+5) | Tidak ada riwayat macet (+7) | Transaksi e-wallet 25/bln (+3),
L1AJN00454,L1NSB00454,PLT004,Multifinance,2024-01-20,Multifinance,Motor bekas,10000000,24,13,0.73,3,3,0,0.3,70.8,19,7,0,0,0,0,0.0,1,0,0,0,84,Rendah,Setujui,0.093,0,Aktif di platform 13 bulan (+7) | 3 pinjaman lancar (+15) | Tidak ada riwayat macet (+7) | E-wallet aktif 19 bulan (+5),
L1AJN00455,L1NSB00455,PLT001,P2P Lending,2024-07-12,P2P Lending,Konsumsi,1000000,1,29,0.91,0,0,0,0.0,58.3,18,72,0,0,0,0,0.0,0,1,0,0,81,Rendah,Setujui,0.11,0,Aktif di platform 29 bulan (+7) | On-time rate 91% (+10) | E-wallet aktif 18 bulan (+5) | Transaksi e-wallet 72/bln (+3),
L1AJN00456,L1NSB00456,PLT002,P2P Lending,2024-09-02,P2P Lending,Modal usaha,5000000,3,8,0.91,1,1,0,1.0,83.3,21,71,0,0,0,0,0.0,0,0,0,0,75,Rendah,Setujui,0.145,0,On-time rate 91% (+10) | 1 pinjaman lancar (+5) | Tidak ada riwayat macet (+7) | Listrik 83.3% tepat waktu (+3),4 tanggungan (-5)
L1AJN00457,L1NSB00457,PLT001,P2P Lending,2024-10-21,P2P Lending,Modal usaha,3000000,1,30,0.69,1,1,0,0.0,58.3,0,0,0,0,0,0,0.0,1,1,0,0,80,Rendah,Setujui,0.116,0,Aktif di platform 30 bulan (+7) | 1 pinjaman lancar (+5) | Tidak ada riwayat macet (+7) | Punya rekening bank (+4),
L1AJN00458,L1NSB00458,PLT003,Multifinance,2024-01-29,Multifinance,Motor bekas,7000000,36,4,0.61,1,1,0,1.0,87.5,20,57,0,0,0,0,0.0,0,0,0,0,77,Rendah,Setujui,0.133,0,1 pinjaman lancar (+5) | Tidak ada riwayat macet (+7) | Listrik 87.5% tepat waktu (+3) | E-wallet aktif 20 bulan (+5),
L1AJN00459,L1NSB00459,PLT002,P2P Lending,2024-10-05,P2P Lending,Konsumsi,1000000,12,32,0.7,1,1,0,2.0,95.8,21,55,1,1,5676000,1,0.07,1,0,0,0,86,Rendah,Setujui,0.081,0,Aktif di platform 32 bulan (+7) | 1 pinjaman lancar (+5) | Tidak ada riwayat macet (+7) | Listrik 95.8% tepat waktu (+7),Lonjakan top-up sebelum pengajuan (-8) ⚠️
L1AJN00460,L1NSB00460,PLT004,Multifinance,2024-09-20,Multifinance,Elektronik,3000000,36,1,0.83,1,1,0,1.0,83.3,10,24,0,1,6509000,0,0.03,0,1,0,0,74,Rendah,Setujui,0.151,0,On-time rate 83% (+5) | 1 pinjaman lancar (+5) | Tidak ada riwayat macet (+7) | Listrik 83.3% tepat waktu (+3),
L1AJN00461,L1NSB00461,PLT001,P2P Lending,2024-01-13,P2P Lending,Modal usaha,3000000,12,31,0.73,1,1,0,2.0,70.8,7,64,1,1,0,0,0.0,1,0,0,0,62,Menengah,Setujui,0.22,1,Aktif di platform 31 bulan (+7) | 1 pinjaman lancar (+5) | Tidak ada riwayat macet (+7) | Transaksi e-wallet 64/bln (+3),5 tanggungan (-5) | Lonjakan top-up sebelum pengajuan (-8) ⚠️
L1AJN00462,L1NSB00462,PLT001,P2P Lending,2024-08-14,P2P Lending,Modal usaha,2000000,6,30,0.95,1,1,0,0.0,87.5,21,52,0,0,0,0,0.0,0,1,0,0,91,Rendah,Setujui,0.052,0,Aktif di platform 30 bulan (+7) | On-time rate 95% (+10) | 1 pinjaman lancar (+5) | Tidak ada riwayat macet (+7),
L1AJN00463,L1NSB00463,PLT004,Multifinance,2024-02-08,Multifinance,Mesin usaha,15000000,12,6,0.62,2,1,0,18.5,83.3,18,57,0,0,0,0,0.0,0,0,0,0,71,Rendah,Setujui,0.168,1,1 pinjaman lancar (+5) | Tidak ada riwayat macet (+7) | Listrik 83.3% tepat waktu (+3) | E-wallet aktif 18 bulan (+5),5 tanggungan (-5)
L1AJN00464,L1NSB00464,PLT004,Multifinance,2024-03-03,Multifinance,Motor baru,5000000,36,35,0.65,3,3,0,1.3,70.8,22,34,0,0,0,0,0.0,1,0,0,0,88,Rendah,Setujui,0.07,0,Aktif di platform 35 bulan (+7) | 3 pinjaman lancar (+15) | Tidak ada riwayat macet (+7) | E-wallet aktif 22 bulan (+5),
L1AJN00465,L1NSB00465,PLT004,Multifinance,2024-06-27,Multifinance,Mesin usaha,3000000,12,35,0.95,1,1,0,3.0,75.0,13,65,0,1,5950000,1,0.1,1,0,0,0,95,Rendah,Setujui,0.029,0,Aktif di platform 35 bulan (+7) | On-time rate 95% (+10) | 1 pinjaman lancar (+5) | Tidak ada riwayat macet (+7),
L1AJN00466,L1NSB00466,PLT002,P2P Lending,2024-03-14,P2P Lending,Pendidikan,1000000,9,20,0.84,4,2,0,14.5,91.7,0,0,0,1,3110000,0,0.1,1,0,0,0,86,Rendah,Setujui,0.081,0,Aktif di platform 20 bulan (+7) | On-time rate 84% (+5) | 2 pinjaman lancar (+10) | Tidak ada riwayat macet (+7),4 tanggungan (-5)
L1AJN00467,L1NSB00467,PLT001,P2P Lending,2024-12-25,P2P Lending,Modal usaha,3000000,1,26,0.81,0,0,0,0.0,91.7,23,6,0,0,0,0,0.0,1,1,0,0,77,Rendah,Setujui,0.133,0,Aktif di platform 26 bulan (+7) | On-time rate 81% (+5) | Listrik 91.7% tepat waktu (+7) | E-wallet aktif 23 bulan (+5),4 tanggungan (-5)
L1AJN00468,L1NSB00468,PLT005,P2P Lending,2024-12-12,P2P Lending,Konsumsi,1000000,12,18,0.85,0,0,0,0.0,75.0,18,74,0,1,3923000,1,0.06,1,1,0,0,83,Rendah,Setujui,0.099,0,Aktif di platform 18 bulan (+7) | On-time rate 85% (+5) | Listrik 75.0% tepat waktu (+3) | E-wallet aktif 18 bulan (+5),4 tanggungan (-5)
L1AJN00469,L1NSB00469,PLT002,P2P Lending,2024-11-07,P2P Lending,Renovasi,5000000,9,1,0.71,2,2,0,1.5,95.8,19,42,0,1,5188000,1,0.15,1,0,0,0,95,Rendah,Setujui,0.029,0,2 pinjaman lancar (+10) | Tidak ada riwayat macet (+7) | Listrik 95.8% tepat waktu (+7) | E-wallet aktif 19 bulan (+5),Cancel rate gig 15% (-4)
L1AJN00470,L1NSB00470,PLT002,P2P Lending,2024-08-15,P2P Lending,Pendidikan,2000000,1,27,0.85,4,1,1,95.0,91.7,0,0,0,1,3172000,1,0.03,1,1,0,0,69,Menengah,Setujui,0.18,0,Aktif di platform 27 bulan (+7) | On-time rate 85% (+5) | 1 pinjaman lancar (+5) | Listrik 91.7% tepat waktu (+7),1 pinjaman macet (-12) | Rata-rata telat 95 hari (-10)
L1AJN00471,L1NSB00471,PLT005,P2P Lending,2024-07-27,P2P Lending,Renovasi,5000000,1,7,0.91,2,1,0,14.5,70.8,22,32,0,0,0,0,0.0,1,1,0,0,91,Rendah,Setujui,0.052,0,On-time rate 91% (+10) | 1 pinjaman lancar (+5) | Tidak ada riwayat macet (+7) | E-wallet aktif 22 bulan (+5),
L1AJN00472,L1NSB00472,PLT003,Multifinance,2024-05-07,Multifinance,Mesin usaha,5000000,24,10,0.68,0,0,0,0.0,100.0,8,8,0,1,0,0,0.0,1,1,0,0,67,Menengah,Setujui,0.191,1,Listrik 100.0% tepat waktu (+7) | Punya rekening bank (+4) | BPJS dibayar rutin (+3),
L1AJN00473,L1NSB00473,PLT002,P2P Lending,2024-09-18,P2P Lending,Renovasi,1000000,6,30,0.55,1,1,0,1.0,100.0,19,65,0,0,0,0,0.0,1,1,0,0,88,Rendah,Setujui,0.07,0,Aktif di platform 30 bulan (+7) | 1 pinjaman lancar (+5) | Tidak ada riwayat macet (+7) | Listrik 100.0% tepat waktu (+7),
L1AJN00474,L1NSB00474,PLT001,P2P Lending,2024-12-13,P2P Lending,Renovasi,5000000,1,21,0.85,1,1,0,2.0,66.7,22,47,0,0,0,0,0.0,1,0,0,0,89,Rendah,Setujui,0.064,0,Aktif di platform 21 bulan (+7) | On-time rate 85% (+5) | 1 pinjaman lancar (+5) | Tidak ada riwayat macet (+7),
L1AJN00475,L1NSB00475,PLT004,Multifinance,2024-08-10,Multifinance,Motor baru,20000000,18,15,0.8,0,0,0,0.0,95.8,15,31,0,0,0,0,0.0,0,0,0,0,76,Rendah,Setujui,0.139,0,Aktif di platform 15 bulan (+7) | On-time rate 80% (+5) | Listrik 95.8% tepat waktu (+7) | E-wallet aktif 15 bulan (+5),
L1AJN00476,L1NSB00476,PLT004,Multifinance,2024-05-31,Multifinance,Motor baru,7000000,12,13,0.93,0,0,0,0.0,79.2,16,41,0,0,0,0,0.0,0,0,0,0,82,Rendah,Setujui,0.104,0,Aktif di platform 13 bulan (+7) | On-time rate 93% (+10) | Listrik 79.2% tepat waktu (+3) | E-wallet aktif 16 bulan (+5),
L1AJN00477,L1NSB00477,PLT001,P2P Lending,2024-10-19,P2P Lending,Renovasi,3000000,6,11,0.88,4,4,0,1.0,58.3,0,0,0,0,0,0,0.0,0,0,0,0,69,Menengah,Setujui,0.18,0,On-time rate 88% (+5) | 4 pinjaman lancar (+15) | Tidak ada riwayat macet (+7),5 tanggungan (-5)
L1AJN00478,L1NSB00478,PLT005,P2P Lending,2024-09-06,P2P Lending,Renovasi,1000000,12,27,0.58,2,2,0,2.0,66.7,11,49,0,0,0,0,0.0,1,1,1,15000000,93,Rendah,Setujui,0.041,0,Aktif di platform 27 bulan (+7) | 2 pinjaman lancar (+10) | Tidak ada riwayat macet (+7) | Transaksi e-wallet 49/bln (+3),
L1AJN00479,L1NSB00479,PLT002,P2P Lending,2024-07-18,P2P Lending,Konsumsi,5000000,9,15,0.64,1,1,0,3.0,75.0,18,5,1,0,0,0,0.0,0,0,0,0,68,Menengah,Setujui,0.186,1,Aktif di platform 15 bulan (+7) | 1 pinjaman lancar (+5) | Tidak ada riwayat macet (+7) | Listrik 75.0% tepat waktu (+3),5 tanggungan (-5) | Lonjakan top-up sebelum pengajuan (-8) ⚠️
L1AJN00480,L1NSB00480,PLT004,Multifinance,2024-06-28,Multifinance,Motor baru,15000000,36,28,0.68,0,0,0,0.0,91.7,10,57,0,0,0,0,0.0,1,1,0,0,76,Rendah,Setujui,0.139,0,Aktif di platform 28 bulan (+7) | Listrik 91.7% tepat waktu (+7) | Transaksi e-wallet 57/bln (+3) | Punya rekening bank (+4),
L1AJN00481,L1NSB00481,PLT004,Multifinance,2024-12-14,Multifinance,Motor baru,3000000,18,19,0.8,1,0,0,5.0,95.8,21,60,0,0,0,0,0.0,0,0,0,0,82,Rendah,Setujui,0.104,0,Aktif di platform 19 bulan (+7) | On-time rate 80% (+5) | Tidak ada riwayat macet (+7) | Listrik 95.8% tepat waktu (+7),
L1AJN00482,L1NSB00482,PLT004,Multifinance,2024-03-06,Multifinance,Motor baru,10000000,18,26,0.91,1,1,0,2.0,75.0,6,41,0,0,0,0,0.0,1,0,0,0,90,Rendah,Setujui,0.058,0,Aktif di platform 26 bulan (+7) | On-time rate 91% (+10) | 1 pinjaman lancar (+5) | Tidak ada riwayat macet (+7),
L1AJN00483,L1NSB00483,PLT003,Multifinance,2024-04-08,Multifinance,Elektronik,15000000,12,18,0.91,1,1,0,0.0,58.3,13,74,0,1,7815000,0,0.14,1,0,0,0,83,Rendah,Setujui,0.099,0,Aktif di platform 18 bulan (+7) | On-time rate 91% (+10) | 1 pinjaman lancar (+5) | Tidak ada riwayat macet (+7),Cancel rate gig 14% (-4)
L1AJN00484,L1NSB00484,PLT001,P2P Lending,2024-12-21,P2P Lending,Konsumsi,3000000,1,3,0.92,2,2,0,1.5,91.7,0,0,0,1,3981000,1,0.09,1,1,0,0,95,Rendah,Setujui,0.029,0,On-time rate 92% (+10) | 2 pinjaman lancar (+10) | Tidak ada riwayat macet (+7) | Listrik 91.7% tepat waktu (+7),
L1AJN00485,L1NSB00485,PLT004,Multifinance,2024-12-13,Multifinance,Motor bekas,3000000,36,15,0.91,4,4,0,1.5,79.2,22,45,1,0,0,0,0.0,1,0,0,0,95,Rendah,Setujui,0.029,0,Aktif di platform 15 bulan (+7) | On-time rate 91% (+10) | 4 pinjaman lancar (+15) | Tidak ada riwayat macet (+7),Lonjakan top-up sebelum pengajuan (-8) ⚠️
L1AJN00486,L1NSB00486,PLT004,Multifinance,2024-09-13,Multifinance,Motor baru,5000000,24,35,0.58,2,2,0,1.0,62.5,11,38,0,1,3557000,1,0.06,0,0,0,0,89,Rendah,Setujui,0.064,0,Aktif di platform 35 bulan (+7) | 2 pinjaman lancar (+10) | Tidak ada riwayat macet (+7) | Transaksi e-wallet 38/bln (+3),
L1AJN00487,L1NSB00487,PLT001,P2P Lending,2024-02-21,P2P Lending,Modal usaha,5000000,12,5,0.88,1,1,0,1.0,75.0,22,74,0,1,6594000,1,0.01,1,1,0,0,95,Rendah,Setujui,0.029,0,On-time rate 88% (+5) | 1 pinjaman lancar (+5) | Tidak ada riwayat macet (+7) | Listrik 75.0% tepat waktu (+3),
L1AJN00488,L1NSB00488,PLT005,P2P Lending,2024-09-27,P2P Lending,Renovasi,500000,6,27,0.99,1,1,0,1.0,66.7,24,20,1,0,0,0,0.0,0,1,0,0,80,Rendah,Setujui,0.116,0,Aktif di platform 27 bulan (+7) | On-time rate 99% (+10) | 1 pinjaman lancar (+5) | Tidak ada riwayat macet (+7),Lonjakan top-up sebelum pengajuan (-8) ⚠️
L1AJN00489,L1NSB00489,PLT003,Multifinance,2024-01-28,Multifinance,Elektronik,20000000,18,21,0.65,1,1,0,0.0,100.0,23,57,0,0,0,0,0.0,1,1,0,0,90,Rendah,Setujui,0.058,0,Aktif di platform 21 bulan (+7) | 1 pinjaman lancar (+5) | Tidak ada riwayat macet (+7) | Listrik 100.0% tepat waktu (+7),
L1AJN00490,L1NSB00490,PLT003,Multifinance,2024-09-07,Multifinance,Mesin usaha,20000000,36,31,0.7,1,0,0,40.0,91.7,12,52,0,1,6919000,0,0.12,1,0,0,0,69,Menengah,Setujui,0.18,1,Aktif di platform 31 bulan (+7) | Tidak ada riwayat macet (+7) | Listrik 91.7% tepat waktu (+7) | E-wallet aktif 12 bulan (+5),Rata-rata telat 40 hari (-10) | Cancel rate gig 12% (-4)
L1AJN00491,L1NSB00491,PLT002,P2P Lending,2024-02-22,P2P Lending,Konsumsi,500000,3,16,0.8,0,0,0,0.0,58.3,21,29,0,0,0,0,0.0,1,0,1,15000000,83,Rendah,Setujui,0.099,0,Aktif di platform 16 bulan (+7) | On-time rate 80% (+5) | E-wallet aktif 21 bulan (+5) | Transaksi e-wallet 29/bln (+3),
L1AJN00492,L1NSB00492,PLT003,Multifinance,2024-09-19,Multifinance,Mesin usaha,5000000,36,29,0.73,0,0,0,0.0,83.3,0,0,0,0,0,0,0.0,0,1,0,0,67,Menengah,Setujui,0.191,0,Aktif di platform 29 bulan (+7) | Listrik 83.3% tepat waktu (+3) | BPJS dibayar rutin (+3),
L1AJN00493,L1NSB00493,PLT004,Multifinance,2024-09-09,Multifinance,Motor bekas,15000000,36,35,0.74,1,1,0,3.0,95.8,17,9,0,0,0,0,0.0,1,0,0,0,80,Rendah,Setujui,0.116,0,Aktif di platform 35 bulan (+7) | 1 pinjaman lancar (+5) | Tidak ada riwayat macet (+7) | Listrik 95.8% tepat waktu (+7),5 tanggungan (-5)
L1AJN00494,L1NSB00494,PLT002,P2P Lending,2024-06-21,P2P Lending,Konsumsi,1000000,6,8,0.96,1,1,0,1.0,95.8,21,14,1,0,0,0,0.0,0,0,0,0,78,Rendah,Setujui,0.128,0,On-time rate 96% (+10) | 1 pinjaman lancar (+5) | Tidak ada riwayat macet (+7) | Listrik 95.8% tepat waktu (+7),Lonjakan top-up sebelum pengajuan (-8) ⚠️
L1AJN00495,L1NSB00495,PLT004,Multifinance,2024-08-27,Multifinance,Elektronik,5000000,18,13,0.61,3,2,0,10.7,62.5,0,0,0,0,0,0,0.0,1,0,0,0,80,Rendah,Setujui,0.116,0,Aktif di platform 13 bulan (+7) | 2 pinjaman lancar (+10) | Tidak ada riwayat macet (+7) | Punya rekening bank (+4),
L1AJN00496,L1NSB00496,PLT001,P2P Lending,2024-06-24,P2P Lending,Renovasi,500000,1,32,0.76,4,4,0,1.5,95.8,12,40,0,0,0,0,0.0,1,1,1,7000000,95,Rendah,Setujui,0.029,0,Aktif di platform 32 bulan (+7) | On-time rate 76% (+5) | 4 pinjaman lancar (+15) | Tidak ada riwayat macet (+7),
L1AJN00497,L1NSB00497,PLT003,Multifinance,2024-12-06,Multifinance,Motor baru,20000000,36,23,0.91,0,0,0,0.0,75.0,17,71,0,0,0,0,0.0,1,1,0,0,84,Rendah,Setujui,0.093,0,Aktif di platform 23 bulan (+7) | On-time rate 91% (+10) | Listrik 75.0% tepat waktu (+3) | E-wallet aktif 17 bulan (+5),
L1AJN00498,L1NSB00498,PLT004,Multifinance,2024-10-21,Multifinance,Motor bekas,3000000,24,27,0.74,1,1,0,0.0,95.8,10,9,1,0,0,0,0.0,0,0,0,0,63,Menengah,Setujui,0.215,0,Aktif di platform 27 bulan (+7) | 1 pinjaman lancar (+5) | Tidak ada riwayat macet (+7) | Listrik 95.8% tepat waktu (+7),4 tanggungan (-5) | Lonjakan top-up sebelum pengajuan (-8) ⚠️
L1AJN00499,L1NSB00499,PLT001,P2P Lending,2024-08-21,P2P Lending,Pendidikan,2000000,3,1,0.7,0,0,0,0.0,100.0,8,74,0,0,0,0,0.0,1,1,1,20000000,66,Menengah,Setujui,0.197,1,Listrik 100.0% tepat waktu (+7) | Transaksi e-wallet 74/bln (+3) | Punya rekening bank (+4) | BPJS dibayar rutin (+3),4 tanggungan (-5)
L1AJN00500,L1NSB00500,PLT002,P2P Lending,2024-07-12,P2P Lending,Modal usaha,3000000,3,36,0.86,4,3,0,3.2,83.3,24,70,0,0,0,0,0.0,0,1,0,0,95,Rendah,Setujui,0.029,0,Aktif di platform 36 bulan (+7) | On-time rate 86% (+5) | 3 pinjaman lancar (+15) | Tidak ada riwayat macet (+7),
L1AJN00501,L1NSB00501,PLT001,P2P Lending,2024-09-19,P2P Lending,Pendidikan,1000000,6,20,0.89,3,1,0,39.0,83.3,9,7,0,0,0,0,0.0,1,1,0,0,77,Rendah,Setujui,0.133,0,Aktif di platform 20 bulan (+7) | On-time rate 89% (+5) | 1 pinjaman lancar (+5) | Tidak ada riwayat macet (+7),Rata-rata telat 39 hari (-10)
L1AJN00502,L1NSB00502,PLT002,P2P Lending,2024-04-20,P2P Lending,Konsumsi,2000000,12,5,0.87,2,2,0,2.0,58.3,12,59,0,1,7856000,1,0.13,1,0,0,0,95,Rendah,Setujui,0.029,0,On-time rate 87% (+5) | 2 pinjaman lancar (+10) | Tidak ada riwayat macet (+7) | E-wallet aktif 12 bulan (+5),Cancel rate gig 13% (-4)
L1AJN00503,L1NSB00503,PLT005,P2P Lending,2024-05-13,P2P Lending,Modal usaha,2000000,3,4,0.92,3,3,0,2.3,75.0,21,18,0,1,3434000,1,0.06,1,0,0,0,95,Rendah,Setujui,0.029,0,On-time rate 92% (+10) | 3 pinjaman lancar (+15) | Tidak ada riwayat macet (+7) | Listrik 75.0% tepat waktu (+3),
L1AJN00504,L1NSB00504,PLT005,P2P Lending,2024-04-25,P2P Lending,Konsumsi,3000000,12,13,0.8,0,0,0,0.0,58.3,0,0,0,1,7563000,1,0.14,0,1,0,0,72,Rendah,Setujui,0.162,0,Aktif di platform 13 bulan (+7) | On-time rate 80% (+5) | Income gig konsisten 6 bulan (+8) | Rating gig 4.7 (+5),4 tanggungan (-5) | Cancel rate gig 14% (-4)
L1AJN00505,L1NSB00505,PLT003,Multifinance,2024-09-07,Multifinance,Motor baru,10000000,12,10,0.71,1,1,0,0.0,95.8,23,49,0,1,6483000,0,0.03,0,0,0,0,75,Rendah,Setujui,0.145,0,1 pinjaman lancar (+5) | Tidak ada riwayat macet (+7) | Listrik 95.8% tepat waktu (+7) | E-wallet aktif 23 bulan (+5),
L1AJN00506,L1NSB00506,PLT005,P2P Lending,2024-09-17,P2P Lending,Modal usaha,500000,1,35,0.59,0,0,0,0.0,100.0,20,60,0,1,0,0,0.0,1,1,0,0,75,Rendah,Setujui,0.145,0,Aktif di platform 35 bulan (+7) | Listrik 100.0% tepat waktu (+7) | E-wallet aktif 20 bulan (+5) | Transaksi e-wallet 60/bln (+3),
L1AJN00507,L1NSB00507,PLT004,Multifinance,2024-10-28,Multifinance,Motor bekas,5000000,18,29,0.9,3,2,0,4.7,87.5,15,68,0,0,0,0,0.0,1,1,0,0,95,Rendah,Setujui,0.029,0,Aktif di platform 29 bulan (+7) | On-time rate 90% (+10) | 2 pinjaman lancar (+10) | Tidak ada riwayat macet (+7),
L1AJN00508,L1NSB00508,PLT001,P2P Lending,2024-06-22,P2P Lending,Renovasi,3000000,12,15,0.72,0,0,0,0.0,100.0,0,0,0,0,0,0,0.0,1,1,0,0,71,Rendah,Setujui,0.168,0,Aktif di platform 15 bulan (+7) | Listrik 100.0% tepat waktu (+7) | Punya rekening bank (+4) | BPJS dibayar rutin (+3),
L1AJN00509,L1NSB00509,PLT004,Multifinance,2024-12-16,Multifinance,Mesin usaha,5000000,36,7,0.82,4,3,0,20.5,91.7,23,56,0,0,0,0,0.0,1,0,0,0,95,Rendah,Setujui,0.029,0,On-time rate 82% (+5) | 3 pinjaman lancar (+15) | Tidak ada riwayat macet (+7) | Listrik 91.7% tepat waktu (+7),
L1AJN00510,L1NSB00510,PLT001,P2P Lending,2024-09-07,P2P Lending,Konsumsi,1000000,6,14,0.93,3,2,0,23.0,100.0,0,0,0,0,0,0,0.0,1,0,0,0,95,Rendah,Setujui,0.029,0,Aktif di platform 14 bulan (+7) | On-time rate 93% (+10) | 2 pinjaman lancar (+10) | Tidak ada riwayat macet (+7),
L1AJN00511,L1NSB00511,PLT005,P2P Lending,2024-05-07,P2P Lending,Konsumsi,3000000,9,33,0.64,0,0,0,0.0,87.5,21,42,0,0,0,0,0.0,1,1,0,0,73,Rendah,Setujui,0.157,0,Aktif di platform 33 bulan (+7) | Listrik 87.5% tepat waktu (+3) | E-wallet aktif 21 bulan (+5) | Transaksi e-wallet 42/bln (+3),4 tanggungan (-5)
L1AJN00512,L1NSB00512,PLT002,P2P Lending,2024-02-22,P2P Lending,Modal usaha,500000,3,35,0.95,2,2,0,1.5,79.2,10,48,1,0,0,0,0.0,1,1,0,0,91,Rendah,Setujui,0.052,0,Aktif di platform 35 bulan (+7) | On-time rate 95% (+10) | 2 pinjaman lancar (+10) | Tidak ada riwayat macet (+7),Lonjakan top-up sebelum pengajuan (-8) ⚠️
L1AJN00513,L1NSB00513,PLT005,P2P Lending,2024-10-15,P2P Lending,Renovasi,1000000,3,23,0.63,0,0,0,0.0,66.7,20,28,0,0,0,0,0.0,1,0,0,0,73,Rendah,Setujui,0.157,0,Aktif di platform 23 bulan (+7) | E-wallet aktif 20 bulan (+5) | Transaksi e-wallet 28/bln (+3) | Punya rekening bank (+4),
L1AJN00514,L1NSB00514,PLT001,P2P Lending,2024-08-07,P2P Lending,Konsumsi,2000000,3,24,0.95,2,1,1,73.0,70.8,9,70,0,1,6518000,1,0.1,0,0,0,0,65,Menengah,Setujui,0.203,1,Aktif di platform 24 bulan (+7) | On-time rate 95% (+10) | 1 pinjaman lancar (+5) | Transaksi e-wallet 70/bln (+3),1 pinjaman macet (-12) | Rata-rata telat 73 hari (-10)
L1AJN00515,L1NSB00515,PLT002,P2P Lending,2024-05-05,P2P Lending,Pendidikan,2000000,6,28,0.56,0,0,0,0.0,70.8,0,0,0,1,6240000,1,0.13,1,1,0,0,77,Rendah,Setujui,0.133,0,Aktif di platform 28 bulan (+7) | Income gig konsisten 6 bulan (+8) | Rating gig 5.0 (+5) | Punya rekening bank (+4),Cancel rate gig 13% (-4)
L1AJN00516,L1NSB00516,PLT004,Multifinance,2024-11-29,Multifinance,Elektronik,20000000,24,10,0.6,2,2,0,2.5,87.5,23,67,0,1,3112000,1,0.08,1,1,0,0,95,Rendah,Setujui,0.029,0,2 pinjaman lancar (+10) | Tidak ada riwayat macet (+7) | Listrik 87.5% tepat waktu (+3) | E-wallet aktif 23 bulan (+5),
L1AJN00517,L1NSB00517,PLT004,Multifinance,2024-09-22,Multifinance,Mesin usaha,3000000,36,32,0.69,2,2,0,0.5,91.7,22,23,0,1,6135000,1,0.08,1,1,0,0,95,Rendah,Setujui,0.029,0,Aktif di platform 32 bulan (+7) | 2 pinjaman lancar (+10) | Tidak ada riwayat macet (+7) | Listrik 91.7% tepat waktu (+7),
L1AJN00518,L1NSB00518,PLT004,Multifinance,2024-03-24,Multifinance,Motor baru,10000000,12,30,0.9,2,1,0,38.0,83.3,19,49,0,1,0,0,0.0,1,0,0,0,88,Rendah,Setujui,0.07,0,Aktif di platform 30 bulan (+7) | On-time rate 90% (+10) | 1 pinjaman lancar (+5) | Tidak ada riwayat macet (+7),Rata-rata telat 38 hari (-10)
L1AJN00519,L1NSB00519,PLT004,Multifinance,2024-06-27,Multifinance,Motor bekas,20000000,36,21,0.68,3,2,1,70.3,91.7,17,21,0,0,0,0,0.0,0,1,0,0,56,Menengah,Setujui,0.255,0,Aktif di platform 21 bulan (+7) | 2 pinjaman lancar (+10) | Listrik 91.7% tepat waktu (+7) | E-wallet aktif 17 bulan (+5),1 pinjaman macet (-12) | Rata-rata telat 70 hari (-10) | 4 tanggungan (-5)
L1AJN00520,L1NSB00520,PLT004,Multifinance,2024-06-24,Multifinance,Elektronik,15000000,12,33,0.66,2,2,0,1.0,87.5,11,21,0,0,0,0,0.0,1,0,0,0,87,Rendah,Setujui,0.075,0,Aktif di platform 33 bulan (+7) | 2 pinjaman lancar (+10) | Tidak ada riwayat macet (+7) | Listrik 87.5% tepat waktu (+3),
L1AJN00521,L1NSB00521,PLT001,P2P Lending,2024-12-22,P2P Lending,Konsumsi,2000000,9,25,0.67,3,0,0,69.0,79.2,0,0,0,0,0,0,0.0,0,1,0,0,53,Menengah,Setujui,0.273,0,Aktif di platform 25 bulan (+7) | Tidak ada riwayat macet (+7) | Listrik 79.2% tepat waktu (+3) | BPJS dibayar rutin (+3),Rata-rata telat 69 hari (-10) | 4 tanggungan (-5)
L1AJN00522,L1NSB00522,PLT004,Multifinance,2024-09-13,Multifinance,Elektronik,7000000,18,25,0.99,1,1,0,2.0,83.3,0,0,0,0,0,0,0.0,1,0,0,0,90,Rendah,Setujui,0.058,0,Aktif di platform 25 bulan (+7) | On-time rate 99% (+10) | 1 pinjaman lancar (+5) | Tidak ada riwayat macet (+7),
L1AJN00523,L1NSB00523,PLT005,P2P Lending,2024-12-02,P2P Lending,Konsumsi,5000000,6,26,0.73,0,0,0,0.0,100.0,15,46,0,0,0,0,0.0,0,0,0,0,69,Menengah,Setujui,0.18,0,Aktif di platform 26 bulan (+7) | Listrik 100.0% tepat waktu (+7) | E-wallet aktif 15 bulan (+5) | Transaksi e-wallet 46/bln (+3),
L1AJN00524,L1NSB00524,PLT001,P2P Lending,2024-05-08,P2P Lending,Konsumsi,2000000,1,24,0.97,4,4,0,2.2,83.3,17,29,0,1,0,0,0.0,0,0,0,0,95,Rendah,Setujui,0.029,0,Aktif di platform 24 bulan (+7) | On-time rate 97% (+10) | 4 pinjaman lancar (+15) | Tidak ada riwayat macet (+7),
L1AJN00525,L1NSB00525,PLT004,Multifinance,2024-02-14,Multifinance,Motor baru,3000000,24,16,0.71,0,0,0,0.0,83.3,14,38,0,0,0,0,0.0,1,0,0,0,76,Rendah,Setujui,0.139,0,Aktif di platform 16 bulan (+7) | Listrik 83.3% tepat waktu (+3) | E-wallet aktif 14 bulan (+5) | Transaksi e-wallet 38/bln (+3),
L1AJN00526,L1NSB00526,PLT005,P2P Lending,2024-06-20,P2P Lending,Modal usaha,1000000,3,28,0.95,4,3,0,21.2,95.8,20,44,0,0,0,0,0.0,0,1,0,0,95,Rendah,Setujui,0.029,0,Aktif di platform 28 bulan (+7) | On-time rate 95% (+10) | 3 pinjaman lancar (+15) | Tidak ada riwayat macet (+7),5 tanggungan (-5)
L1AJN00527,L1NSB00527,PLT005,P2P Lending,2024-05-10,P2P Lending,Modal usaha,3000000,12,32,0.69,0,0,0,0.0,58.3,24,62,0,0,0,0,0.0,0,1,0,0,70,Rendah,Setujui,0.174,0,Aktif di platform 32 bulan (+7) | E-wallet aktif 24 bulan (+5) | Transaksi e-wallet 62/bln (+3) | BPJS dibayar rutin (+3),
L1AJN00528,L1NSB00528,PLT003,Multifinance,2024-05-29,Multifinance,Mesin usaha,15000000,18,5,0.57,1,1,0,0.0,91.7,21,51,0,0,0,0,0.0,0,1,0,0,81,Rendah,Setujui,0.11,0,1 pinjaman lancar (+5) | Tidak ada riwayat macet (+7) | Listrik 91.7% tepat waktu (+7) | E-wallet aktif 21 bulan (+5),
L1AJN00529,L1NSB00529,PLT005,P2P Lending,2024-12-05,P2P Lending,Renovasi,2000000,6,7,0.81,2,0,1,166.0,75.0,10,19,0,0,0,0,0.0,1,1,0,0,39,Tinggi,Tolak,0.354,1,On-time rate 81% (+5) | Listrik 75.0% tepat waktu (+3) | Punya rekening bank (+4) | BPJS dibayar rutin (+3),1 pinjaman macet (-12) | Rata-rata telat 166 hari (-10)
L1AJN00530,L1NSB00530,PLT003,Multifinance,2024-04-18,Multifinance,Mesin usaha,10000000,18,35,0.8,3,3,0,1.3,87.5,7,31,0,1,6432000,1,0.02,0,1,0,0,95,Rendah,Setujui,0.029,0,Aktif di platform 35 bulan (+7) | On-time rate 80% (+5) | 3 pinjaman lancar (+15) | Tidak ada riwayat macet (+7),
L1AJN00531,L1NSB00531,PLT005,P2P Lending,2024-06-21,P2P Lending,Renovasi,5000000,12,35,0.55,1,1,0,0.0,87.5,15,63,0,1,0,0,0.0,1,1,0,0,87,Rendah,Setujui,0.075,0,Aktif di platform 35 bulan (+7) | 1 pinjaman lancar (+5) | Tidak ada riwayat macet (+7) | Listrik 87.5% tepat waktu (+3),
L1AJN00532,L1NSB00532,PLT002,P2P Lending,2024-11-03,P2P Lending,Renovasi,3000000,3,28,0.92,3,2,0,8.3,66.7,20,53,0,0,0,0,0.0,1,1,0,0,95,Rendah,Setujui,0.029,0,Aktif di platform 28 bulan (+7) | On-time rate 92% (+10) | 2 pinjaman lancar (+10) | Tidak ada riwayat macet (+7),
L1AJN00533,L1NSB00533,PLT002,P2P Lending,2024-02-29,P2P Lending,Renovasi,1000000,12,16,0.61,2,2,0,1.0,70.8,0,0,0,0,0,0,0.0,0,1,0,0,77,Rendah,Setujui,0.133,0,Aktif di platform 16 bulan (+7) | 2 pinjaman lancar (+10) | Tidak ada riwayat macet (+7) | BPJS dibayar rutin (+3),
L1AJN00534,L1NSB00534,PLT004,Multifinance,2024-10-25,Multifinance,Motor baru,15000000,12,11,0.85,2,2,0,1.0,58.3,0,0,0,1,3641000,1,0.04,1,1,0,0,79,Rendah,Setujui,0.122,0,On-time rate 85% (+5) | 2 pinjaman lancar (+10) | Tidak ada riwayat macet (+7) | Income gig konsisten 6 bulan (+8),4 tanggungan (-5)
L1AJN00535,L1NSB00535,PLT001,P2P Lending,2024-10-17,P2P Lending,Konsumsi,500000,1,5,0.96,1,1,0,2.0,75.0,7,56,0,0,0,0,0.0,0,0,0,0,70,Rendah,Setujui,0.174,1,On-time rate 96% (+10) | 1 pinjaman lancar (+5) | Tidak ada riwayat macet (+7) | Listrik 75.0% tepat waktu (+3),5 tanggungan (-5)
L1AJN00536,L1NSB00536,PLT002,P2P Lending,2024-03-09,P2P Lending,Renovasi,3000000,3,8,0.62,4,2,0,5.5,91.7,12,48,0,0,0,0,0.0,1,0,0,0,83,Rendah,Setujui,0.099,0,2 pinjaman lancar (+10) | Tidak ada riwayat macet (+7) | Listrik 91.7% tepat waktu (+7) | E-wallet aktif 12 bulan (+5),4 tanggungan (-5)
L1AJN00537,L1NSB00537,PLT005,P2P Lending,2024-11-03,P2P Lending,Modal usaha,500000,6,25,0.98,2,2,0,1.0,58.3,14,28,0,1,5331000,1,0.08,1,0,0,0,95,Rendah,Setujui,0.029,0,Aktif di platform 25 bulan (+7) | On-time rate 98% (+10) | 2 pinjaman lancar (+10) | Tidak ada riwayat macet (+7),
L1AJN00538,L1NSB00538,PLT001,P2P Lending,2024-06-30,P2P Lending,Konsumsi,1000000,3,8,0.64,2,1,0,18.5,95.8,9,15,0,1,4460000,1,0.11,1,1,0,0,72,Rendah,Setujui,0.162,0,1 pinjaman lancar (+5) | Tidak ada riwayat macet (+7) | Listrik 95.8% tepat waktu (+7) | Income gig konsisten 6 bulan (+8),4 tanggungan (-5) | Cancel rate gig 11% (-4)
L1AJN00539,L1NSB00539,PLT005,P2P Lending,2024-01-14,P2P Lending,Pendidikan,1000000,12,16,0.9,2,2,0,0.0,87.5,19,29,0,1,5504000,1,0.08,1,1,0,0,95,Rendah,Setujui,0.029,0,Aktif di platform 16 bulan (+7) | On-time rate 90% (+10) | 2 pinjaman lancar (+10) | Tidak ada riwayat macet (+7),4 tanggungan (-5)
L1AJN00540,L1NSB00540,PLT001,P2P Lending,2024-03-09,P2P Lending,Modal usaha,1000000,12,17,0.77,2,1,0,10.5,70.8,8,67,1,0,0,0,0.0,1,1,0,0,75,Rendah,Setujui,0.145,0,Aktif di platform 17 bulan (+7) | On-time rate 77% (+5) | 1 pinjaman lancar (+5) | Tidak ada riwayat macet (+7),Lonjakan top-up sebelum pengajuan (-8) ⚠️
L1AJN00541,L1NSB00541,PLT003,Multifinance,2024-10-04,Multifinance,Motor bekas,15000000,18,3,0.94,0,0,0,0.0,66.7,0,0,0,0,0,0,0.0,1,1,0,0,66,Menengah,Setujui,0.197,0,On-time rate 94% (+10) | Punya rekening bank (+4) | BPJS dibayar rutin (+3),5 tanggungan (-5)
L1AJN00542,L1NSB00542,PLT004,Multifinance,2024-08-03,Multifinance,Elektronik,20000000,24,11,0.62,3,2,0,6.7,75.0,7,17,0,0,0,0,0.0,0,0,0,0,73,Rendah,Setujui,0.157,0,2 pinjaman lancar (+10) | Tidak ada riwayat macet (+7) | Listrik 75.0% tepat waktu (+3),
L1AJN00543,L1NSB00543,PLT001,P2P Lending,2024-03-22,P2P Lending,Renovasi,3000000,12,29,0.97,1,1,0,1.0,62.5,0,0,0,0,0,0,0.0,1,0,0,0,82,Rendah,Setujui,0.104,0,Aktif di platform 29 bulan (+7) | On-time rate 97% (+10) | 1 pinjaman lancar (+5) | Tidak ada riwayat macet (+7),
L1AJN00544,L1NSB00544,PLT002,P2P Lending,2024-01-03,P2P Lending,Renovasi,1000000,6,27,0.81,2,0,1,182.5,87.5,14,63,0,1,6895000,1,0.02,1,0,0,0,64,Menengah,Setujui,0.209,1,Aktif di platform 27 bulan (+7) | On-time rate 81% (+5) | Listrik 87.5% tepat waktu (+3) | E-wallet aktif 14 bulan (+5),1 pinjaman macet (-12) | Rata-rata telat 182 hari (-10)
L1AJN00545,L1NSB00545,PLT003,Multifinance,2024-03-14,Multifinance,Mesin usaha,3000000,24,15,0.63,1,1,0,2.0,87.5,0,0,0,0,0,0,0.0,1,0,0,0,80,Rendah,Setujui,0.116,0,Aktif di platform 15 bulan (+7) | 1 pinjaman lancar (+5) | Tidak ada riwayat macet (+7) | Listrik 87.5% tepat waktu (+3),
L1AJN00546,L1NSB00546,PLT002,P2P Lending,2024-07-02,P2P Lending,Pendidikan,2000000,1,26,0.78,1,1,0,2.0,70.8,7,79,1,0,0,0,0.0,0,0,0,0,65,Menengah,Setujui,0.203,0,Aktif di platform 26 bulan (+7) | On-time rate 78% (+5) | 1 pinjaman lancar (+5) | Tidak ada riwayat macet (+7),Lonjakan top-up sebelum pengajuan (-8) ⚠️
L1AJN00547,L1NSB00547,PLT005,P2P Lending,2024-02-27,P2P Lending,Konsumsi,1000000,3,32,0.75,2,1,0,6.0,79.2,18,77,0,0,0,0,0.0,0,1,0,0,89,Rendah,Setujui,0.064,0,Aktif di platform 32 bulan (+7) | On-time rate 75% (+5) | 1 pinjaman lancar (+5) | Tidak ada riwayat macet (+7),
L1AJN00548,L1NSB00548,PLT004,Multifinance,2024-03-11,Multifinance,Mesin usaha,15000000,12,14,0.91,0,0,0,0.0,79.2,12,25,0,1,0,0,0.0,1,1,0,0,86,Rendah,Setujui,0.081,1,Aktif di platform 14 bulan (+7) | On-time rate 91% (+10) | Listrik 79.2% tepat waktu (+3) | E-wallet aktif 12 bulan (+5),
L1AJN00549,L1NSB00549,PLT002,P2P Lending,2024-06-27,P2P Lending,Modal usaha,5000000,12,30,0.71,3,3,0,1.7,83.3,19,5,0,1,6020000,1,0.11,1,1,0,0,95,Rendah,Setujui,0.029,0,Aktif di platform 30 bulan (+7) | 3 pinjaman lancar (+15) | Tidak ada riwayat macet (+7) | Listrik 83.3% tepat waktu (+3),Cancel rate gig 11% (-4)
L1AJN00550,L1NSB00550,PLT001,P2P Lending,2024-01-17,P2P Lending,Konsumsi,500000,6,22,0.89,0,0,0,0.0,58.3,18,66,0,1,3093000,1,0.13,0,1,0,0,85,Rendah,Setujui,0.087,0,Aktif di platform 22 bulan (+7) | On-time rate 89% (+5) | E-wallet aktif 18 bulan (+5) | Transaksi e-wallet 66/bln (+3),Cancel rate gig 13% (-4)
L1AJN00551,L1NSB00551,PLT005,P2P Lending,2024-02-28,P2P Lending,Renovasi,500000,3,24,0.89,1,0,0,6.0,83.3,17,55,0,0,0,0,0.0,0,0,0,0,80,Rendah,Setujui,0.116,1,Aktif di platform 24 bulan (+7) | On-time rate 89% (+5) | Tidak ada riwayat macet (+7) | Listrik 83.3% tepat waktu (+3),
L1AJN00552,L1NSB00552,PLT004,Multifinance,2024-05-16,Multifinance,Mesin usaha,5000000,36,34,0.55,2,2,0,2.0,100.0,17,50,0,1,5131000,1,0.1,0,1,0,0,95,Rendah,Setujui,0.029,0,Aktif di platform 34 bulan (+7) | 2 pinjaman lancar (+10) | Tidak ada riwayat macet (+7) | Listrik 100.0% tepat waktu (+7),5 tanggungan (-5)
L1AJN00553,L1NSB00553,PLT003,Multifinance,2024-02-13,Multifinance,Elektronik,15000000,24,21,0.91,2,2,0,3.0,95.8,0,0,0,1,7438000,1,0.11,1,1,0,0,95,Rendah,Setujui,0.029,0,Aktif di platform 21 bulan (+7) | On-time rate 91% (+10) | 2 pinjaman lancar (+10) | Tidak ada riwayat macet (+7),4 tanggungan (-5) | Cancel rate gig 11% (-4)
L1AJN00554,L1NSB00554,PLT002,P2P Lending,2024-03-18,P2P Lending,Konsumsi,5000000,3,3,0.81,2,2,0,1.0,87.5,0,0,0,1,4362000,1,0.14,1,0,0,0,83,Rendah,Setujui,0.099,0,On-time rate 81% (+5) | 2 pinjaman lancar (+10) | Tidak ada riwayat macet (+7) | Listrik 87.5% tepat waktu (+3),Cancel rate gig 14% (-4)
L1AJN00555,L1NSB00555,PLT001,P2P Lending,2024-09-24,P2P Lending,Konsumsi,1000000,1,23,0.57,1,1,0,2.0,91.7,11,20,0,0,0,0,0.0,0,0,0,0,77,Rendah,Setujui,0.133,0,Aktif di platform 23 bulan (+7) | 1 pinjaman lancar (+5) | Tidak ada riwayat macet (+7) | Listrik 91.7% tepat waktu (+7),
L1AJN00556,L1NSB00556,PLT005,P2P Lending,2024-10-27,P2P Lending,Renovasi,500000,9,12,0.69,1,1,0,3.0,75.0,0,0,0,0,0,0,0.0,1,0,0,0,73,Rendah,Setujui,0.157,0,Aktif di platform 12 bulan (+7) | 1 pinjaman lancar (+5) | Tidak ada riwayat macet (+7) | Listrik 75.0% tepat waktu (+3),
L1AJN00557,L1NSB00557,PLT001,P2P Lending,2024-04-25,P2P Lending,Modal usaha,1000000,9,21,0.95,2,2,0,2.0,58.3,0,0,0,0,0,0,0.0,1,1,0,0,88,Rendah,Setujui,0.07,0,Aktif di platform 21 bulan (+7) | On-time rate 95% (+10) | 2 pinjaman lancar (+10) | Tidak ada riwayat macet (+7),5 tanggungan (-5)
L1AJN00558,L1NSB00558,PLT001,P2P Lending,2024-02-12,P2P Lending,Modal usaha,3000000,9,29,0.64,3,3,0,0.7,83.3,18,64,0,0,0,0,0.0,1,1,0,0,95,Rendah,Setujui,0.029,0,Aktif di platform 29 bulan (+7) | 3 pinjaman lancar (+15) | Tidak ada riwayat macet (+7) | Listrik 83.3% tepat waktu (+3),
L1AJN00559,L1NSB00559,PLT003,Multifinance,2024-11-02,Multifinance,Motor bekas,3000000,18,5,0.83,1,0,0,30.0,58.3,24,65,0,0,0,0,0.0,0,0,0,0,68,Menengah,Setujui,0.186,0,On-time rate 83% (+5) | Tidak ada riwayat macet (+7) | E-wallet aktif 24 bulan (+5) | Transaksi e-wallet 65/bln (+3),4 tanggungan (-5)
L1AJN00560,L1NSB00560,PLT001,P2P Lending,2024-09-24,P2P Lending,Modal usaha,1000000,12,25,0.64,0,0,0,0.0,91.7,19,10,0,1,6385000,0,0.05,1,0,0,0,68,Menengah,Setujui,0.186,0,Aktif di platform 25 bulan (+7) | Listrik 91.7% tepat waktu (+7) | E-wallet aktif 19 bulan (+5) | Punya rekening bank (+4),5 tanggungan (-5)
L1AJN00561,L1NSB00561,PLT002,P2P Lending,2024-06-21,P2P Lending,Konsumsi,500000,3,24,0.56,3,2,0,10.0,79.2,13,7,0,0,0,0,0.0,1,1,0,0,93,Rendah,Setujui,0.041,0,Aktif di platform 24 bulan (+7) | 2 pinjaman lancar (+10) | Tidak ada riwayat macet (+7) | Listrik 79.2% tepat waktu (+3),
L1AJN00562,L1NSB00562,PLT003,Multifinance,2024-05-17,Multifinance,Elektronik,20000000,36,28,0.82,3,2,0,8.3,83.3,17,28,0,1,7449000,1,0.08,1,1,0,0,95,Rendah,Setujui,0.029,0,Aktif di platform 28 bulan (+7) | On-time rate 82% (+5) | 2 pinjaman lancar (+10) | Tidak ada riwayat macet (+7),
L1AJN00563,L1NSB00563,PLT003,Multifinance,2024-09-29,Multifinance,Elektronik,3000000,18,31,0.6,2,2,0,2.5,70.8,13,56,0,0,0,0,0.0,1,0,0,0,82,Rendah,Setujui,0.104,0,Aktif di platform 31 bulan (+7) | 2 pinjaman lancar (+10) | Tidak ada riwayat macet (+7) | E-wallet aktif 13 bulan (+5),
L1AJN00564,L1NSB00564,PLT001,P2P Lending,2024-12-06,P2P Lending,Konsumsi,2000000,3,7,0.56,1,1,0,3.0,95.8,12,36,0,1,4239000,1,0.01,1,1,0,0,91,Rendah,Setujui,0.052,0,1 pinjaman lancar (+5) | Tidak ada riwayat macet (+7) | Listrik 95.8% tepat waktu (+7) | E-wallet aktif 12 bulan (+5),
L1AJN00565,L1NSB00565,PLT004,Multifinance,2024-03-28,Multifinance,Elektronik,3000000,12,26,0.74,3,3,0,1.7,91.7,19,39,0,1,3179000,1,0.05,1,0,0,0,95,Rendah,Setujui,0.029,0,Aktif di platform 26 bulan (+7) | 3 pinjaman lancar (+15) | Tidak ada riwayat macet (+7) | Listrik 91.7% tepat waktu (+7),
L1AJN00566,L1NSB00566,PLT002,P2P Lending,2024-12-25,P2P Lending,Konsumsi,3000000,1,7,0.78,3,2,0,2.3,79.2,0,0,0,0,0,0,0.0,0,1,0,0,78,Rendah,Setujui,0.128,0,On-time rate 78% (+5) | 2 pinjaman lancar (+10) | Tidak ada riwayat macet (+7) | Listrik 79.2% tepat waktu (+3),
L1AJN00567,L1NSB00567,PLT005,P2P Lending,2024-05-24,P2P Lending,Pendidikan,2000000,3,24,0.98,3,3,0,2.0,91.7,6,29,0,0,0,0,0.0,1,0,0,0,95,Rendah,Setujui,0.029,0,Aktif di platform 24 bulan (+7) | On-time rate 98% (+10) | 3 pinjaman lancar (+15) | Tidak ada riwayat macet (+7),
L1AJN00568,L1NSB00568,PLT001,P2P Lending,2024-02-08,P2P Lending,Konsumsi,3000000,3,2,0.81,0,0,0,0.0,75.0,19,68,0,0,0,0,0.0,1,1,0,0,66,Menengah,Setujui,0.197,1,On-time rate 81% (+5) | Listrik 75.0% tepat waktu (+3) | E-wallet aktif 19 bulan (+5) | Transaksi e-wallet 68/bln (+3),4 tanggungan (-5)
L1AJN00569,L1NSB00569,PLT001,P2P Lending,2024-02-06,P2P Lending,Renovasi,5000000,6,31,0.93,3,2,0,14.0,58.3,0,0,0,0,0,0,0.0,1,1,0,0,87,Rendah,Setujui,0.075,1,Aktif di platform 31 bulan (+7) | On-time rate 93% (+10) | 2 pinjaman lancar (+10) | Tidak ada riwayat macet (+7),
L1AJN00570,L1NSB00570,PLT004,Multifinance,2024-11-22,Multifinance,Motor bekas,10000000,18,26,0.82,1,1,0,3.0,58.3,0,0,0,1,4303000,1,0.1,1,1,0,0,95,Rendah,Setujui,0.029,0,Aktif di platform 26 bulan (+7) | On-time rate 82% (+5) | 1 pinjaman lancar (+5) | Tidak ada riwayat macet (+7),
L1AJN00571,L1NSB00571,PLT001,P2P Lending,2024-12-21,P2P Lending,Modal usaha,500000,12,32,0.99,1,1,0,3.0,70.8,0,0,0,1,6399000,1,0.06,0,0,0,0,89,Rendah,Setujui,0.064,0,Aktif di platform 32 bulan (+7) | On-time rate 99% (+10) | 1 pinjaman lancar (+5) | Tidak ada riwayat macet (+7),
L1AJN00572,L1NSB00572,PLT004,Multifinance,2024-09-08,Multifinance,Mesin usaha,20000000,12,19,0.62,0,0,0,0.0,79.2,13,8,0,0,0,0,0.0,1,0,0,0,71,Rendah,Setujui,0.168,1,Aktif di platform 19 bulan (+7) | Listrik 79.2% tepat waktu (+3) | E-wallet aktif 13 bulan (+5) | Punya rekening bank (+4),
L1AJN00573,L1NSB00573,PLT002,P2P Lending,2024-03-28,P2P Lending,Pendidikan,5000000,6,24,0.89,1,1,0,3.0,79.2,9,23,0,0,0,0,0.0,1,0,0,0,86,Rendah,Setujui,0.081,0,Aktif di platform 24 bulan (+7) | On-time rate 89% (+5) | 1 pinjaman lancar (+5) | Tidak ada riwayat macet (+7),
L1AJN00574,L1NSB00574,PLT004,Multifinance,2024-06-06,Multifinance,Motor baru,5000000,12,32,0.68,3,3,0,1.3,62.5,18,71,1,1,0,0,0.0,1,0,0,0,85,Rendah,Setujui,0.087,0,Aktif di platform 32 bulan (+7) | 3 pinjaman lancar (+15) | Tidak ada riwayat macet (+7) | E-wallet aktif 18 bulan (+5),Lonjakan top-up sebelum pengajuan (-8) ⚠️
L1AJN00575,L1NSB00575,PLT003,Multifinance,2024-01-15,Multifinance,Motor bekas,5000000,12,33,0.71,2,2,0,1.5,87.5,0,0,0,0,0,0,0.0,1,0,0,0,78,Rendah,Setujui,0.128,0,Aktif di platform 33 bulan (+7) | 2 pinjaman lancar (+10) | Tidak ada riwayat macet (+7) | Listrik 87.5% tepat waktu (+3),
L1AJN00576,L1NSB00576,PLT003,Multifinance,2024-08-19,Multifinance,Motor bekas,10000000,36,36,0.87,4,3,0,2.5,87.5,0,0,0,0,0,0,0.0,1,1,0,0,92,Rendah,Setujui,0.046,0,Aktif di platform 36 bulan (+7) | On-time rate 87% (+5) | 3 pinjaman lancar (+15) | Tidak ada riwayat macet (+7),
L1AJN00577,L1NSB00577,PLT004,Multifinance,2024-03-19,Multifinance,Elektronik,5000000,24,7,0.94,2,2,0,2.0,100.0,0,0,0,0,0,0,0.0,0,1,0,0,86,Rendah,Setujui,0.081,0,On-time rate 94% (+10) | 2 pinjaman lancar (+10) | Tidak ada riwayat macet (+7) | Listrik 100.0% tepat waktu (+7),5 tanggungan (-5)
L1AJN00578,L1NSB00578,PLT003,Multifinance,2024-03-05,Multifinance,Elektronik,15000000,36,7,0.71,2,2,0,0.5,95.8,12,70,0,0,0,0,0.0,1,0,0,0,83,Rendah,Setujui,0.099,0,2 pinjaman lancar (+10) | Tidak ada riwayat macet (+7) | Listrik 95.8% tepat waktu (+7) | E-wallet aktif 12 bulan (+5),5 tanggungan (-5)
L1AJN00579,L1NSB00579,PLT001,P2P Lending,2024-07-29,P2P Lending,Konsumsi,3000000,9,19,0.82,0,0,0,0.0,87.5,0,0,0,0,0,0,0.0,0,1,0,0,64,Menengah,Setujui,0.209,0,Aktif di platform 19 bulan (+7) | On-time rate 82% (+5) | Listrik 87.5% tepat waktu (+3) | BPJS dibayar rutin (+3),
L1AJN00580,L1NSB00580,PLT005,P2P Lending,2024-04-22,P2P Lending,Konsumsi,5000000,3,28,0.7,3,1,1,105.7,95.8,13,11,0,0,0,0,0.0,1,1,0,0,63,Menengah,Setujui,0.215,1,Aktif di platform 28 bulan (+7) | 1 pinjaman lancar (+5) | Listrik 95.8% tepat waktu (+7) | E-wallet aktif 13 bulan (+5),1 pinjaman macet (-12) | Rata-rata telat 106 hari (-10)
L1AJN00581,L1NSB00581,PLT004,Multifinance,2024-08-09,Multifinance,Mesin usaha,3000000,36,34,0.78,1,0,0,29.0,75.0,0,0,0,1,0,0,0.0,0,0,0,0,70,Rendah,Setujui,0.174,0,Aktif di platform 34 bulan (+7) | On-time rate 78% (+5) | Tidak ada riwayat macet (+7) | Listrik 75.0% tepat waktu (+3),4 tanggungan (-5)
L1AJN00582,L1NSB00582,PLT005,P2P Lending,2024-05-13,P2P Lending,Konsumsi,2000000,12,27,0.7,0,0,0,0.0,95.8,10,37,0,1,4223000,1,0.13,1,1,0,0,72,Rendah,Setujui,0.162,0,Aktif di platform 27 bulan (+7) | Listrik 95.8% tepat waktu (+7) | Transaksi e-wallet 37/bln (+3) | Income gig konsisten 6 bulan (+8),5 tanggungan (-5) | Cancel rate gig 13% (-4)
L1AJN00583,L1NSB00583,PLT004,Multifinance,2024-06-24,Multifinance,Mesin usaha,10000000,12,35,0.97,4,3,0,18.0,66.7,22,14,0,0,0,0,0.0,1,1,0,0,95,Rendah,Setujui,0.029,0,Aktif di platform 35 bulan (+7) | On-time rate 97% (+10) | 3 pinjaman lancar (+15) | Tidak ada riwayat macet (+7),
L1AJN00584,L1NSB00584,PLT003,Multifinance,2024-07-12,Multifinance,Mesin usaha,10000000,24,9,0.83,1,1,0,3.0,66.7,14,52,0,1,7300000,0,0.08,0,0,0,0,84,Rendah,Setujui,0.093,1,On-time rate 83% (+5) | 1 pinjaman lancar (+5) | Tidak ada riwayat macet (+7) | E-wallet aktif 14 bulan (+5),
L1AJN00585,L1NSB00585,PLT005,P2P Lending,2024-07-18,P2P Lending,Renovasi,5000000,9,20,0.61,0,0,0,0.0,75.0,6,68,0,1,4483000,1,0.09,0,1,0,0,65,Menengah,Setujui,0.203,0,Aktif di platform 20 bulan (+7) | Listrik 75.0% tepat waktu (+3) | Transaksi e-wallet 68/bln (+3) | Income gig konsisten 6 bulan (+8),4 tanggungan (-5)
L1AJN00586,L1NSB00586,PLT001,P2P Lending,2024-08-02,P2P Lending,Modal usaha,5000000,6,22,0.67,1,1,0,3.0,79.2,24,48,0,0,0,0,0.0,1,1,0,0,90,Rendah,Setujui,0.058,0,Aktif di platform 22 bulan (+7) | 1 pinjaman lancar (+5) | Tidak ada riwayat macet (+7) | Listrik 79.2% tepat waktu (+3),
L1AJN00587,L1NSB00587,PLT005,P2P Lending,2024-09-30,P2P Lending,Renovasi,1000000,12,9,0.92,0,0,0,0.0,66.7,6,53,0,0,0,0,0.0,0,0,0,0,56,Menengah,Setujui,0.255,1,On-time rate 92% (+10) | Transaksi e-wallet 53/bln (+3),4 tanggungan (-5)
L1AJN00588,L1NSB00588,PLT004,Multifinance,2024-02-06,Multifinance,Motor baru,15000000,24,27,0.71,0,0,0,0.0,100.0,0,0,0,1,2427000,1,0.02,1,1,0,0,75,Rendah,Setujui,0.145,0,Aktif di platform 27 bulan (+7) | Listrik 100.0% tepat waktu (+7) | Income gig konsisten 6 bulan (+8) | Punya rekening bank (+4),
L1AJN00589,L1NSB00589,PLT003,Multifinance,2024-07-08,Multifinance,Motor baru,10000000,24,32,0.9,3,2,0,9.0,100.0,16,51,0,1,6073000,1,0.06,0,1,0,0,95,Rendah,Setujui,0.029,0,Aktif di platform 32 bulan (+7) | On-time rate 90% (+10) | 2 pinjaman lancar (+10) | Tidak ada riwayat macet (+7),4 tanggungan (-5)
L1AJN00590,L1NSB00590,PLT002,P2P Lending,2024-12-25,P2P Lending,Modal usaha,3000000,9,11,0.96,1,1,0,2.0,58.3,17,5,0,0,0,0,0.0,1,0,0,0,80,Rendah,Setujui,0.116,0,On-time rate 96% (+10) | 1 pinjaman lancar (+5) | Tidak ada riwayat macet (+7) | E-wallet aktif 17 bulan (+5),
L1AJN00591,L1NSB00591,PLT003,Multifinance,2024-06-14,Multifinance,Motor baru,5000000,18,24,0.85,0,0,0,0.0,91.7,21,76,1,1,6243000,1,0.04,0,0,0,0,70,Rendah,Setujui,0.174,0,Aktif di platform 24 bulan (+7) | On-time rate 85% (+5) | Listrik 91.7% tepat waktu (+7) | E-wallet aktif 21 bulan (+5),4 tanggungan (-5) | Lonjakan top-up sebelum pengajuan (-8) ⚠️
L1AJN00592,L1NSB00592,PLT002,P2P Lending,2024-07-25,P2P Lending,Modal usaha,2000000,9,8,0.84,2,0,1,88.5,83.3,0,0,0,0,0,0,0.0,0,0,0,0,39,Tinggi,Tolak,0.354,0,On-time rate 84% (+5) | Listrik 83.3% tepat waktu (+3),1 pinjaman macet (-12) | Rata-rata telat 88 hari (-10)
L1AJN00593,L1NSB00593,PLT004,Multifinance,2024-12-04,Multifinance,Elektronik,5000000,18,9,0.68,4,3,0,5.0,70.8,6,16,0,0,0,0,0.0,1,0,0,0,73,Rendah,Setujui,0.157,0,3 pinjaman lancar (+15) | Tidak ada riwayat macet (+7) | Punya rekening bank (+4),
L1AJN00594,L1NSB00594,PLT005,P2P Lending,2024-11-29,P2P Lending,Pendidikan,3000000,9,15,0.97,2,1,0,4.5,66.7,7,29,0,1,6174000,1,0.09,0,1,0,0,95,Rendah,Setujui,0.029,0,Aktif di platform 15 bulan (+7) | On-time rate 97% (+10) | 1 pinjaman lancar (+5) | Tidak ada riwayat macet (+7),
L1AJN00595,L1NSB00595,PLT003,Multifinance,2024-07-24,Multifinance,Mesin usaha,5000000,18,36,0.79,2,2,0,1.0,87.5,8,76,0,1,5184000,0,0.12,1,1,0,0,89,Rendah,Setujui,0.064,0,Aktif di platform 36 bulan (+7) | On-time rate 79% (+5) | 2 pinjaman lancar (+10) | Tidak ada riwayat macet (+7),4 tanggungan (-5) | Cancel rate gig 12% (-4)
L1AJN00596,L1NSB00596,PLT005,P2P Lending,2024-05-13,P2P Lending,Modal usaha,500000,12,14,0.89,3,2,0,8.3,66.7,15,70,0,1,7774000,1,0.08,1,1,0,0,95,Rendah,Setujui,0.029,0,Aktif di platform 14 bulan (+7) | On-time rate 89% (+5) | 2 pinjaman lancar (+10) | Tidak ada riwayat macet (+7),
L1AJN00597,L1NSB00597,PLT003,Multifinance,2024-02-16,Multifinance,Motor bekas,20000000,36,34,0.69,0,0,0,0.0,79.2,21,60,0,0,0,0,0.0,0,0,0,0,68,Menengah,Setujui,0.186,0,Aktif di platform 34 bulan (+7) | Listrik 79.2% tepat waktu (+3) | E-wallet aktif 21 bulan (+5) | Transaksi e-wallet 60/bln (+3),
L1AJN00598,L1NSB00598,PLT001,P2P Lending,2024-11-05,P2P Lending,Pendidikan,3000000,9,11,0.91,0,0,0,0.0,75.0,24,26,0,1,0,0,0.0,0,0,0,0,74,Rendah,Setujui,0.151,0,On-time rate 91% (+10) | Listrik 75.0% tepat waktu (+3) | E-wallet aktif 24 bulan (+5) | Transaksi e-wallet 26/bln (+3),
L1AJN00599,L1NSB00599,PLT003,Multifinance,2024-05-15,Multifinance,Motor bekas,15000000,24,13,0.97,4,4,0,0.5,75.0,16,60,0,0,0,0,0.0,0,1,0,0,95,Rendah,Setujui,0.029,0,Aktif di platform 13 bulan (+7) | On-time rate 97% (+10) | 4 pinjaman lancar (+15) | Tidak ada riwayat macet (+7),5 tanggungan (-5)
L1AJN00600,L1NSB00600,PLT001,P2P Lending,2024-02-03,P2P Lending,Modal usaha,5000000,3,31,0.79,3,3,0,1.7,91.7,18,39,0,0,0,0,0.0,1,0,0,0,95,Rendah,Setujui,0.029,0,Aktif di platform 31 bulan (+7) | On-time rate 79% (+5) | 3 pinjaman lancar (+15) | Tidak ada riwayat macet (+7),
L1AJN00601,L1NSB00601,PLT002,P2P Lending,2024-07-09,P2P Lending,Modal usaha,500000,12,27,0.65,2,1,0,13.0,100.0,10,78,0,0,0,0,0.0,1,0,0,0,83,Rendah,Setujui,0.099,0,Aktif di platform 27 bulan (+7) | 1 pinjaman lancar (+5) | Tidak ada riwayat macet (+7) | Listrik 100.0% tepat waktu (+7),
L1AJN00602,L1NSB00602,PLT002,P2P Lending,2024-10-26,P2P Lending,Modal usaha,500000,9,36,0.69,0,0,0,0.0,75.0,0,0,0,1,3202000,1,0.09,1,0,0,0,76,Rendah,Setujui,0.139,0,Aktif di platform 36 bulan (+7) | Listrik 75.0% tepat waktu (+3) | Income gig konsisten 6 bulan (+8) | Punya rekening bank (+4),
L1AJN00603,L1NSB00603,PLT004,Multifinance,2024-12-27,Multifinance,Elektronik,10000000,18,33,0.7,1,0,0,35.0,91.7,0,0,0,0,0,0,0.0,1,0,0,0,65,Menengah,Setujui,0.203,1,Aktif di platform 33 bulan (+7) | Tidak ada riwayat macet (+7) | Listrik 91.7% tepat waktu (+7) | Punya rekening bank (+4),Rata-rata telat 35 hari (-10)
L1AJN00604,L1NSB00604,PLT005,P2P Lending,2024-10-29,P2P Lending,Konsumsi,500000,12,33,0.71,0,0,0,0.0,100.0,18,46,0,0,0,0,0.0,1,0,0,0,71,Rendah,Setujui,0.168,0,Aktif di platform 33 bulan (+7) | Listrik 100.0% tepat waktu (+7) | E-wallet aktif 18 bulan (+5) | Transaksi e-wallet 46/bln (+3),4 tanggungan (-5)
L1AJN00605,L1NSB00605,PLT003,Multifinance,2024-04-15,Multifinance,Motor bekas,5000000,18,14,0.57,2,1,0,14.5,75.0,8,21,0,0,0,0,0.0,0,1,0,0,81,Rendah,Setujui,0.11,0,Aktif di platform 14 bulan (+7) | 1 pinjaman lancar (+5) | Tidak ada riwayat macet (+7) | Listrik 75.0% tepat waktu (+3),
L1AJN00606,L1NSB00606,PLT001,P2P Lending,2024-03-30,P2P Lending,Modal usaha,500000,12,36,0.66,4,3,0,8.0,75.0,19,18,0,0,0,0,0.0,1,0,0,0,94,Rendah,Setujui,0.035,0,Aktif di platform 36 bulan (+7) | 3 pinjaman lancar (+15) | Tidak ada riwayat macet (+7) | Listrik 75.0% tepat waktu (+3),
L1AJN00607,L1NSB00607,PLT005,P2P Lending,2024-12-30,P2P Lending,Konsumsi,1000000,12,8,0.69,2,2,0,1.5,100.0,9,52,0,1,6205000,1,0.08,1,0,0,0,95,Rendah,Setujui,0.029,0,2 pinjaman lancar (+10) | Tidak ada riwayat macet (+7) | Listrik 100.0% tepat waktu (+7) | Transaksi e-wallet 52/bln (+3),
L1AJN00608,L1NSB00608,PLT002,P2P Lending,2024-03-23,P2P Lending,Pendidikan,500000,12,2,1.0,1,0,0,25.0,66.7,23,45,0,0,0,0,0.0,1,1,0,0,83,Rendah,Setujui,0.099,0,On-time rate 100% (+10) | Tidak ada riwayat macet (+7) | E-wallet aktif 23 bulan (+5) | Transaksi e-wallet 45/bln (+3),
L1AJN00609,L1NSB00609,PLT002,P2P Lending,2024-07-09,P2P Lending,Renovasi,3000000,9,18,0.58,1,1,0,2.0,75.0,11,67,0,0,0,0,0.0,1,1,0,0,85,Rendah,Setujui,0.087,1,Aktif di platform 18 bulan (+7) | 1 pinjaman lancar (+5) | Tidak ada riwayat macet (+7) | Listrik 75.0% tepat waktu (+3),
L1AJN00610,L1NSB00610,PLT003,Multifinance,2024-10-01,Multifinance,Motor bekas,20000000,12,36,0.61,1,1,0,3.0,100.0,21,10,0,1,5831000,1,0.14,1,0,0,0,95,Rendah,Setujui,0.029,0,Aktif di platform 36 bulan (+7) | 1 pinjaman lancar (+5) | Tidak ada riwayat macet (+7) | Listrik 100.0% tepat waktu (+7),Cancel rate gig 14% (-4)
L1AJN00611,L1NSB00611,PLT005,P2P Lending,2024-12-21,P2P Lending,Renovasi,500000,12,2,0.94,0,0,0,0.0,62.5,6,28,0,0,0,0,0.0,1,1,0,0,68,Menengah,Setujui,0.186,0,On-time rate 94% (+10) | Transaksi e-wallet 28/bln (+3) | Punya rekening bank (+4) | BPJS dibayar rutin (+3),
L1AJN00612,L1NSB00612,PLT001,P2P Lending,2024-01-04,P2P Lending,Renovasi,3000000,9,27,0.8,2,1,0,6.5,70.8,21,66,0,0,0,0,0.0,1,0,0,0,82,Rendah,Setujui,0.104,0,Aktif di platform 27 bulan (+7) | On-time rate 80% (+5) | 1 pinjaman lancar (+5) | Tidak ada riwayat macet (+7),4 tanggungan (-5)
L1AJN00613,L1NSB00613,PLT001,P2P Lending,2024-08-12,P2P Lending,Pendidikan,2000000,3,29,0.61,2,1,0,22.0,62.5,20,41,0,0,0,0,0.0,0,0,0,0,75,Rendah,Setujui,0.145,0,Aktif di platform 29 bulan (+7) | 1 pinjaman lancar (+5) | Tidak ada riwayat macet (+7) | E-wallet aktif 20 bulan (+5),5 tanggungan (-5)
L1AJN00614,L1NSB00614,PLT004,Multifinance,2024-11-19,Multifinance,Elektronik,7000000,24,11,0.63,0,0,0,0.0,75.0,0,0,0,0,0,0,0.0,1,1,0,0,57,Menengah,Setujui,0.249,1,Listrik 75.0% tepat waktu (+3) | Punya rekening bank (+4) | BPJS dibayar rutin (+3),
L1AJN00615,L1NSB00615,PLT003,Multifinance,2024-05-08,Multifinance,Elektronik,20000000,24,31,0.76,2,2,0,1.0,91.7,12,56,0,0,0,0,0.0,0,1,0,0,93,Rendah,Setujui,0.041,0,Aktif di platform 31 bulan (+7) | On-time rate 76% (+5) | 2 pinjaman lancar (+10) | Tidak ada riwayat macet (+7),5 tanggungan (-5)
L1AJN00616,L1NSB00616,PLT005,P2P Lending,2024-02-05,P2P Lending,Konsumsi,2000000,9,29,0.61,3,2,0,5.7,66.7,0,0,0,0,0,0,0.0,0,0,0,0,68,Menengah,Setujui,0.186,1,Aktif di platform 29 bulan (+7) | 2 pinjaman lancar (+10) | Tidak ada riwayat macet (+7),4 tanggungan (-5)
L1AJN00617,L1NSB00617,PLT002,P2P Lending,2024-12-11,P2P Lending,Modal usaha,3000000,12,20,0.99,1,0,0,57.0,58.3,16,19,0,1,7630000,1,0.09,0,0,0,0,72,Rendah,Setujui,0.162,0,Aktif di platform 20 bulan (+7) | On-time rate 99% (+10) | Tidak ada riwayat macet (+7) | E-wallet aktif 16 bulan (+5),Rata-rata telat 57 hari (-10) | 4 tanggungan (-5)
L1AJN00618,L1NSB00618,PLT005,P2P Lending,2024-06-25,P2P Lending,Renovasi,500000,1,25,0.65,2,2,0,2.0,95.8,8,71,0,0,0,0,0.0,1,1,0,0,91,Rendah,Setujui,0.052,0,Aktif di platform 25 bulan (+7) | 2 pinjaman lancar (+10) | Tidak ada riwayat macet (+7) | Listrik 95.8% tepat waktu (+7),
L1AJN00619,L1NSB00619,PLT004,Multifinance,2024-01-08,Multifinance,Motor baru,20000000,36,7,0.74,2,2,0,1.0,95.8,13,7,0,1,0,0,0.0,1,1,0,0,88,Rendah,Setujui,0.07,0,2 pinjaman lancar (+10) | Tidak ada riwayat macet (+7) | Listrik 95.8% tepat waktu (+7) | E-wallet aktif 13 bulan (+5),
L1AJN00620,L1NSB00620,PLT004,Multifinance,2024-01-29,Multifinance,Motor bekas,5000000,36,16,0.86,0,0,0,0.0,70.8,0,0,0,1,5375000,1,0.09,0,0,0,0,68,Menengah,Setujui,0.186,0,Aktif di platform 16 bulan (+7) | On-time rate 86% (+5) | Income gig konsisten 6 bulan (+8),4 tanggungan (-5)
L1AJN00621,L1NSB00621,PLT002,P2P Lending,2024-12-15,P2P Lending,Pendidikan,1000000,12,24,0.84,3,1,0,27.7,62.5,19,72,0,0,0,0,0.0,1,0,0,0,82,Rendah,Setujui,0.104,0,Aktif di platform 24 bulan (+7) | On-time rate 84% (+5) | 1 pinjaman lancar (+5) | Tidak ada riwayat macet (+7),4 tanggungan (-5)
L1AJN00622,L1NSB00622,PLT001,P2P Lending,2024-05-15,P2P Lending,Renovasi,2000000,9,13,0.65,3,1,0,11.3,79.2,8,46,0,0,0,0,0.0,1,1,0,0,80,Rendah,Setujui,0.116,0,Aktif di platform 13 bulan (+7) | 1 pinjaman lancar (+5) | Tidak ada riwayat macet (+7) | Listrik 79.2% tepat waktu (+3),
L1AJN00623,L1NSB00623,PLT005,P2P Lending,2024-11-12,P2P Lending,Pendidikan,1000000,6,20,0.92,4,3,1,66.8,87.5,0,0,0,1,4913000,1,0.01,1,0,0,0,79,Rendah,Setujui,0.122,0,Aktif di platform 20 bulan (+7) | On-time rate 92% (+10) | 3 pinjaman lancar (+15) | Listrik 87.5% tepat waktu (+3),1 pinjaman macet (-12) | Rata-rata telat 67 hari (-10)
L1AJN00624,L1NSB00624,PLT005,P2P Lending,2024-03-23,P2P Lending,Renovasi,2000000,1,22,0.98,1,0,1,203.0,87.5,15,20,0,0,0,0,0.0,1,0,0,0,61,Menengah,Setujui,0.226,0,Aktif di platform 22 bulan (+7) | On-time rate 98% (+10) | Listrik 87.5% tepat waktu (+3) | E-wallet aktif 15 bulan (+5),1 pinjaman macet (-12) | Rata-rata telat 203 hari (-10)
L1AJN00625,L1NSB00625,PLT001,P2P Lending,2024-11-24,P2P Lending,Renovasi,1000000,1,29,0.93,4,3,1,35.8,70.8,14,61,0,1,7234000,0,0.14,1,0,0,0,65,Menengah,Setujui,0.203,0,Aktif di platform 29 bulan (+7) | On-time rate 93% (+10) | 3 pinjaman lancar (+15) | E-wallet aktif 14 bulan (+5),1 pinjaman macet (-12) | Rata-rata telat 36 hari (-10) | Cancel rate gig 14% (-4)
L1AJN00626,L1NSB00626,PLT005,P2P Lending,2024-06-27,P2P Lending,Pendidikan,3000000,12,12,0.9,1,1,0,2.0,87.5,23,52,0,0,0,0,0.0,0,1,0,0,88,Rendah,Setujui,0.07,0,Aktif di platform 12 bulan (+7) | On-time rate 90% (+10) | 1 pinjaman lancar (+5) | Tidak ada riwayat macet (+7),4 tanggungan (-5)
L1AJN00627,L1NSB00627,PLT003,Multifinance,2024-05-07,Multifinance,Mesin usaha,7000000,12,16,0.65,2,2,0,2.0,79.2,13,8,1,0,0,0,0.0,0,0,1,18000000,78,Rendah,Setujui,0.128,0,Aktif di platform 16 bulan (+7) | 2 pinjaman lancar (+10) | Tidak ada riwayat macet (+7) | Listrik 79.2% tepat waktu (+3),Lonjakan top-up sebelum pengajuan (-8) ⚠️
L1AJN00628,L1NSB00628,PLT001,P2P Lending,2024-10-06,P2P Lending,Konsumsi,2000000,3,13,0.72,1,1,0,0.0,100.0,18,41,0,1,3611000,0,0.06,0,1,0,0,91,Rendah,Setujui,0.052,0,Aktif di platform 13 bulan (+7) | 1 pinjaman lancar (+5) | Tidak ada riwayat macet (+7) | Listrik 100.0% tepat waktu (+7),
L1AJN00629,L1NSB00629,PLT003,Multifinance,2024-05-09,Multifinance,Elektronik,15000000,18,4,0.97,0,0,0,0.0,83.3,6,68,1,0,0,0,0.0,0,1,0,0,63,Menengah,Setujui,0.215,0,On-time rate 97% (+10) | Listrik 83.3% tepat waktu (+3) | Transaksi e-wallet 68/bln (+3) | BPJS dibayar rutin (+3),Lonjakan top-up sebelum pengajuan (-8) ⚠️
L1AJN00630,L1NSB00630,PLT001,P2P Lending,2024-12-24,P2P Lending,Konsumsi,3000000,9,33,0.75,1,1,0,2.0,58.3,11,62,0,0,0,0,0.0,1,1,0,0,87,Rendah,Setujui,0.075,0,Aktif di platform 33 bulan (+7) | On-time rate 75% (+5) | 1 pinjaman lancar (+5) | Tidak ada riwayat macet (+7),
L1AJN00631,L1NSB00631,PLT003,Multifinance,2024-11-26,Multifinance,Mesin usaha,15000000,18,32,0.94,0,0,0,0.0,62.5,6,20,0,1,3304000,1,0.09,1,1,0,0,85,Rendah,Setujui,0.087,0,Aktif di platform 32 bulan (+7) | On-time rate 94% (+10) | Transaksi e-wallet 20/bln (+3) | Income gig konsisten 6 bulan (+8),4 tanggungan (-5)
L1AJN00632,L1NSB00632,PLT002,P2P Lending,2024-05-05,P2P Lending,Pendidikan,1000000,6,11,0.59,1,1,0,3.0,79.2,10,68,0,0,0,0,0.0,1,0,0,0,71,Rendah,Setujui,0.168,0,1 pinjaman lancar (+5) | Tidak ada riwayat macet (+7) | Listrik 79.2% tepat waktu (+3) | Transaksi e-wallet 68/bln (+3),
L1AJN00633,L1NSB00633,PLT002,P2P Lending,2024-09-16,P2P Lending,Modal usaha,2000000,12,22,0.84,2,1,0,7.5,100.0,24,64,0,1,2323000,1,0.07,1,0,0,0,95,Rendah,Setujui,0.029,0,Aktif di platform 22 bulan (+7) | On-time rate 84% (+5) | 1 pinjaman lancar (+5) | Tidak ada riwayat macet (+7),
L1AJN00634,L1NSB00634,PLT003,Multifinance,2024-07-15,Multifinance,Elektronik,3000000,24,33,0.72,0,0,0,0.0,66.7,17,54,0,0,0,0,0.0,1,0,0,0,72,Rendah,Setujui,0.162,0,Aktif di platform 33 bulan (+7) | E-wallet aktif 17 bulan (+5) | Transaksi e-wallet 54/bln (+3) | Punya rekening bank (+4),
L1AJN00635,L1NSB00635,PLT005,P2P Lending,2024-05-14,P2P Lending,Konsumsi,1000000,9,22,0.76,2,2,0,2.0,91.7,13,77,0,0,0,0,0.0,1,0,0,0,95,Rendah,Setujui,0.029,0,Aktif di platform 22 bulan (+7) | On-time rate 76% (+5) | 2 pinjaman lancar (+10) | Tidak ada riwayat macet (+7),
L1AJN00636,L1NSB00636,PLT005,P2P Lending,2024-10-28,P2P Lending,Renovasi,5000000,12,20,0.99,0,0,0,0.0,62.5,14,72,0,0,0,0,0.0,1,1,0,0,76,Rendah,Setujui,0.139,0,Aktif di platform 20 bulan (+7) | On-time rate 99% (+10) | E-wallet aktif 14 bulan (+5) | Transaksi e-wallet 72/bln (+3),4 tanggungan (-5)
L1AJN00637,L1NSB00637,PLT004,Multifinance,2024-10-22,Multifinance,Motor baru,5000000,18,26,0.63,2,1,1,163.5,91.7,21,62,0,1,6603000,1,0.06,0,1,0,0,68,Menengah,Setujui,0.186,0,Aktif di platform 26 bulan (+7) | 1 pinjaman lancar (+5) | Listrik 91.7% tepat waktu (+7) | E-wallet aktif 21 bulan (+5),1 pinjaman macet (-12) | Rata-rata telat 164 hari (-10)
L1AJN00638,L1NSB00638,PLT003,Multifinance,2024-11-22,Multifinance,Mesin usaha,5000000,18,27,0.81,1,1,0,3.0,75.0,10,9,1,0,0,0,0.0,1,1,0,0,77,Rendah,Setujui,0.133,0,Aktif di platform 27 bulan (+7) | On-time rate 81% (+5) | 1 pinjaman lancar (+5) | Tidak ada riwayat macet (+7),Lonjakan top-up sebelum pengajuan (-8) ⚠️
L1AJN00639,L1NSB00639,PLT004,Multifinance,2024-07-19,Multifinance,Motor baru,5000000,36,15,0.73,2,1,0,32.5,70.8,24,78,0,0,0,0,0.0,1,1,0,0,74,Rendah,Setujui,0.151,0,Aktif di platform 15 bulan (+7) | 1 pinjaman lancar (+5) | Tidak ada riwayat macet (+7) | E-wallet aktif 24 bulan (+5),Rata-rata telat 32 hari (-10)
L1AJN00640,L1NSB00640,PLT005,P2P Lending,2024-08-04,P2P Lending,Pendidikan,5000000,12,22,0.67,4,3,0,4.5,70.8,10,70,0,0,0,0,0.0,1,0,0,0,85,Rendah,Setujui,0.087,0,Aktif di platform 22 bulan (+7) | 3 pinjaman lancar (+15) | Tidak ada riwayat macet (+7) | Transaksi e-wallet 70/bln (+3),
L1AJN00641,L1NSB00641,PLT001,P2P Lending,2024-12-16,P2P Lending,Konsumsi,5000000,12,7,0.62,3,2,0,7.0,95.8,23,67,0,1,6075000,1,0.13,1,0,0,0,90,Rendah,Setujui,0.058,1,2 pinjaman lancar (+10) | Tidak ada riwayat macet (+7) | Listrik 95.8% tepat waktu (+7) | E-wallet aktif 23 bulan (+5),Cancel rate gig 13% (-4)
L1AJN00642,L1NSB00642,PLT002,P2P Lending,2024-03-24,P2P Lending,Pendidikan,500000,12,14,0.84,3,2,0,16.3,70.8,10,22,0,1,5683000,1,0.14,0,1,0,0,91,Rendah,Setujui,0.052,0,Aktif di platform 14 bulan (+7) | On-time rate 84% (+5) | 2 pinjaman lancar (+10) | Tidak ada riwayat macet (+7),Cancel rate gig 14% (-4)
L1AJN00643,L1NSB00643,PLT002,P2P Lending,2024-05-11,P2P Lending,Pendidikan,5000000,6,5,0.84,1,1,0,3.0,87.5,7,45,0,1,7437000,1,0.09,0,0,0,0,89,Rendah,Setujui,0.064,1,On-time rate 84% (+5) | 1 pinjaman lancar (+5) | Tidak ada riwayat macet (+7) | Listrik 87.5% tepat waktu (+3),
L1AJN00644,L1NSB00644,PLT005,P2P Lending,2024-04-04,P2P Lending,Konsumsi,5000000,12,13,0.58,2,1,0,35.0,70.8,0,0,0,0,0,0,0.0,0,1,0,0,59,Menengah,Setujui,0.238,0,Aktif di platform 13 bulan (+7) | 1 pinjaman lancar (+5) | Tidak ada riwayat macet (+7) | BPJS dibayar rutin (+3),Rata-rata telat 35 hari (-10)
L1AJN00645,L1NSB00645,PLT004,Multifinance,2024-09-15,Multifinance,Motor bekas,10000000,24,6,0.87,1,0,0,6.0,87.5,16,68,0,0,0,0,0.0,1,1,0,0,84,Rendah,Setujui,0.093,0,On-time rate 87% (+5) | Tidak ada riwayat macet (+7) | Listrik 87.5% tepat waktu (+3) | E-wallet aktif 16 bulan (+5),
L1AJN00646,L1NSB00646,PLT002,P2P Lending,2024-11-13,P2P Lending,Renovasi,1000000,1,28,0.91,0,0,0,0.0,95.8,17,62,0,0,0,0,0.0,0,1,0,0,80,Rendah,Setujui,0.116,0,Aktif di platform 28 bulan (+7) | On-time rate 91% (+10) | Listrik 95.8% tepat waktu (+7) | E-wallet aktif 17 bulan (+5),5 tanggungan (-5)
L1AJN00647,L1NSB00647,PLT002,P2P Lending,2024-10-20,P2P Lending,Renovasi,2000000,6,5,0.62,0,0,0,0.0,70.8,23,45,0,0,0,0,0.0,0,0,0,0,61,Menengah,Setujui,0.226,1,E-wallet aktif 23 bulan (+5) | Transaksi e-wallet 45/bln (+3),
L1AJN00648,L1NSB00648,PLT001,P2P Lending,2024-07-19,P2P Lending,Modal usaha,1000000,1,21,0.62,0,0,0,0.0,87.5,0,0,0,0,0,0,0.0,0,0,0,0,58,Menengah,Setujui,0.244,1,Aktif di platform 21 bulan (+7) | Listrik 87.5% tepat waktu (+3),
L1AJN00649,L1NSB00649,PLT004,Multifinance,2024-01-07,Multifinance,Motor bekas,3000000,36,13,0.97,0,0,0,0.0,58.3,0,0,0,0,0,0,0.0,0,0,0,0,63,Menengah,Setujui,0.215,1,Aktif di platform 13 bulan (+7) | On-time rate 97% (+10),
L1AJN00650,L1NSB00650,PLT004,Multifinance,2024-03-09,Multifinance,Mesin usaha,5000000,18,29,0.95,0,0,0,0.0,70.8,9,32,0,1,0,0,0.0,1,0,0,0,71,Rendah,Setujui,0.168,0,Aktif di platform 29 bulan (+7) | On-time rate 95% (+10) | Transaksi e-wallet 32/bln (+3) | Punya rekening bank (+4),
L1AJN00651,L1NSB00651,PLT004,Multifinance,2024-09-08,Multifinance,Elektronik,20000000,12,18,0.69,2,1,0,31.0,100.0,8,17,0,1,3045000,1,0.07,0,1,0,0,77,Rendah,Setujui,0.133,0,Aktif di platform 18 bulan (+7) | 1 pinjaman lancar (+5) | Tidak ada riwayat macet (+7) | Listrik 100.0% tepat waktu (+7),Rata-rata telat 31 hari (-10) | 4 tanggungan (-5)
L1AJN00652,L1NSB00652,PLT004,Multifinance,2024-05-17,Multifinance,Mesin usaha,7000000,12,1,0.66,3,3,0,1.3,66.7,16,46,0,0,0,0,0.0,0,1,0,0,84,Rendah,Setujui,0.093,1,3 pinjaman lancar (+15) | Tidak ada riwayat macet (+7) | E-wallet aktif 16 bulan (+5) | Transaksi e-wallet 46/bln (+3),
L1AJN00653,L1NSB00653,PLT004,Multifinance,2024-02-25,Multifinance,Motor bekas,10000000,12,13,0.91,0,0,0,0.0,87.5,0,0,0,1,3830000,1,0.13,1,1,0,0,84,Rendah,Setujui,0.093,0,Aktif di platform 13 bulan (+7) | On-time rate 91% (+10) | Listrik 87.5% tepat waktu (+3) | Income gig konsisten 6 bulan (+8),Cancel rate gig 13% (-4)
L1AJN00654,L1NSB00654,PLT003,Multifinance,2024-11-09,Multifinance,Motor baru,7000000,12,14,0.81,2,2,0,1.5,83.3,16,38,0,0,0,0,0.0,1,0,0,0,95,Rendah,Setujui,0.029,0,Aktif di platform 14 bulan (+7) | On-time rate 81% (+5) | 2 pinjaman lancar (+10) | Tidak ada riwayat macet (+7),
L1AJN00655,L1NSB00655,PLT004,Multifinance,2024-09-12,Multifinance,Elektronik,20000000,36,14,0.55,0,0,0,0.0,79.2,0,0,0,1,0,0,0.0,1,1,0,0,68,Menengah,Setujui,0.186,1,Aktif di platform 14 bulan (+7) | Listrik 79.2% tepat waktu (+3) | Punya rekening bank (+4) | BPJS dibayar rutin (+3),
L1AJN00656,L1NSB00656,PLT005,P2P Lending,2024-02-26,P2P Lending,Pendidikan,3000000,1,35,0.64,3,2,0,25.0,79.2,11,26,0,1,2051000,1,0.14,1,0,0,0,90,Rendah,Setujui,0.058,0,Aktif di platform 35 bulan (+7) | 2 pinjaman lancar (+10) | Tidak ada riwayat macet (+7) | Listrik 79.2% tepat waktu (+3),Cancel rate gig 14% (-4)
L1AJN00657,L1NSB00657,PLT002,P2P Lending,2024-10-19,P2P Lending,Renovasi,500000,9,31,0.82,1,0,0,25.0,100.0,0,0,0,0,0,0,0.0,1,0,0,0,82,Rendah,Setujui,0.104,0,Aktif di platform 31 bulan (+7) | On-time rate 82% (+5) | Tidak ada riwayat macet (+7) | Listrik 100.0% tepat waktu (+7),
L1AJN00658,L1NSB00658,PLT005,P2P Lending,2024-11-08,P2P Lending,Konsumsi,3000000,12,2,0.87,4,4,0,1.5,62.5,8,47,0,0,0,0,0.0,0,1,0,0,80,Rendah,Setujui,0.116,1,On-time rate 87% (+5) | 4 pinjaman lancar (+15) | Tidak ada riwayat macet (+7) | Transaksi e-wallet 47/bln (+3),
L1AJN00659,L1NSB00659,PLT002,P2P Lending,2024-04-07,P2P Lending,Konsumsi,5000000,12,10,0.68,2,2,0,1.5,62.5,11,43,1,0,0,0,0.0,0,1,0,0,68,Menengah,Setujui,0.186,0,2 pinjaman lancar (+10) | Tidak ada riwayat macet (+7) | Transaksi e-wallet 43/bln (+3) | BPJS dibayar rutin (+3),Lonjakan top-up sebelum pengajuan (-8) ⚠️
L1AJN00660,L1NSB00660,PLT002,P2P Lending,2024-07-28,P2P Lending,Konsumsi,5000000,6,27,0.62,2,0,0,29.0,83.3,15,5,0,0,0,0,0.0,0,0,0,0,75,Rendah,Setujui,0.145,0,Aktif di platform 27 bulan (+7) | Tidak ada riwayat macet (+7) | Listrik 83.3% tepat waktu (+3) | E-wallet aktif 15 bulan (+5),
L1AJN00661,L1NSB00661,PLT001,P2P Lending,2024-05-18,P2P Lending,Modal usaha,3000000,6,15,0.75,1,1,0,0.0,58.3,9,25,0,0,0,0,0.0,0,0,0,0,71,Rendah,Setujui,0.168,1,Aktif di platform 15 bulan (+7) | On-time rate 75% (+5) | 1 pinjaman lancar (+5) | Tidak ada riwayat macet (+7),4 tanggungan (-5)
L1AJN00662,L1NSB00662,PLT002,P2P Lending,2024-05-20,P2P Lending,Pendidikan,2000000,1,9,0.72,1,0,1,167.0,91.7,22,70,0,1,0,0,0.0,1,0,0,0,50,Menengah,Setujui,0.29,1,Listrik 91.7% tepat waktu (+7) | E-wallet aktif 22 bulan (+5) | Transaksi e-wallet 70/bln (+3) | Punya rekening bank (+4),1 pinjaman macet (-12) | Rata-rata telat 167 hari (-10)
L1AJN00663,L1NSB00663,PLT002,P2P Lending,2024-08-14,P2P Lending,Konsumsi,1000000,6,12,0.56,0,0,0,0.0,95.8,16,18,0,0,0,0,0.0,1,0,0,0,72,Rendah,Setujui,0.162,0,Aktif di platform 12 bulan (+7) | Listrik 95.8% tepat waktu (+7) | E-wallet aktif 16 bulan (+5) | Punya rekening bank (+4),4 tanggungan (-5)
L1AJN00664,L1NSB00664,PLT001,P2P Lending,2024-03-03,P2P Lending,Modal usaha,1000000,12,25,0.79,2,1,1,143.5,70.8,9,17,0,0,0,0,0.0,1,1,1,6000000,48,Tinggi,Tolak,0.302,0,Aktif di platform 25 bulan (+7) | On-time rate 79% (+5) | 1 pinjaman lancar (+5) | Punya rekening bank (+4),1 pinjaman macet (-12) | Rata-rata telat 144 hari (-10) | 4 tanggungan (-5)
L1AJN00665,L1NSB00665,PLT001,P2P Lending,2024-01-29,P2P Lending,Pendidikan,1000000,9,6,0.62,3,3,0,1.3,75.0,6,21,0,0,0,0,0.0,1,0,0,0,79,Rendah,Setujui,0.122,0,3 pinjaman lancar (+15) | Tidak ada riwayat macet (+7) | Listrik 75.0% tepat waktu (+3) | Transaksi e-wallet 21/bln (+3),
L1AJN00666,L1NSB00666,PLT003,Multifinance,2024-05-12,Multifinance,Motor bekas,10000000,12,31,0.79,2,2,0,2.5,66.7,0,0,0,0,0,0,0.0,1,0,0,0,84,Rendah,Setujui,0.093,0,Aktif di platform 31 bulan (+7) | On-time rate 79% (+5) | 2 pinjaman lancar (+10) | Tidak ada riwayat macet (+7),
L1AJN00667,L1NSB00667,PLT003,Multifinance,2024-02-27,Multifinance,Elektronik,15000000,36,24,0.96,1,1,0,1.0,100.0,20,10,1,1,2602000,1,0.04,1,1,0,0,95,Rendah,Setujui,0.029,0,Aktif di platform 24 bulan (+7) | On-time rate 96% (+10) | 1 pinjaman lancar (+5) | Tidak ada riwayat macet (+7),Lonjakan top-up sebelum pengajuan (-8) ⚠️
L1AJN00668,L1NSB00668,PLT003,Multifinance,2024-07-02,Multifinance,Motor bekas,3000000,36,32,0.57,0,0,0,0.0,87.5,15,11,0,0,0,0,0.0,0,0,0,0,64,Menengah,Setujui,0.209,0,Aktif di platform 32 bulan (+7) | Listrik 87.5% tepat waktu (+3) | E-wallet aktif 15 bulan (+5),
L1AJN00669,L1NSB00669,PLT001,P2P Lending,2024-03-25,P2P Lending,Pendidikan,5000000,6,2,0.62,3,2,0,17.0,62.5,13,32,0,0,0,0,0.0,0,1,1,20000000,80,Rendah,Setujui,0.116,1,2 pinjaman lancar (+10) | Tidak ada riwayat macet (+7) | E-wallet aktif 13 bulan (+5) | Transaksi e-wallet 32/bln (+3),
L1AJN00670,L1NSB00670,PLT001,P2P Lending,2024-03-26,P2P Lending,Pendidikan,2000000,6,25,0.98,1,0,0,28.0,91.7,20,22,0,1,2030000,1,0.1,1,0,0,0,95,Rendah,Setujui,0.029,0,Aktif di platform 25 bulan (+7) | On-time rate 98% (+10) | Tidak ada riwayat macet (+7) | Listrik 91.7% tepat waktu (+7),
L1AJN00671,L1NSB00671,PLT005,P2P Lending,2024-06-06,P2P Lending,Konsumsi,3000000,12,20,0.76,3,3,0,1.0,91.7,13,79,0,1,6886000,1,0.03,1,0,0,0,95,Rendah,Setujui,0.029,0,Aktif di platform 20 bulan (+7) | On-time rate 76% (+5) | 3 pinjaman lancar (+15) | Tidak ada riwayat macet (+7),
L1AJN00672,L1NSB00672,PLT004,Multifinance,2024-12-04,Multifinance,Motor bekas,10000000,36,32,0.99,1,1,0,0.0,100.0,0,0,0,0,0,0,0.0,1,1,0,0,91,Rendah,Setujui,0.052,0,Aktif di platform 32 bulan (+7) | On-time rate 99% (+10) | 1 pinjaman lancar (+5) | Tidak ada riwayat macet (+7),
L1AJN00673,L1NSB00673,PLT002,P2P Lending,2024-01-08,P2P Lending,Konsumsi,5000000,12,32,0.58,1,0,0,29.0,87.5,7,40,0,0,0,0,0.0,1,0,0,0,74,Rendah,Setujui,0.151,0,Aktif di platform 32 bulan (+7) | Tidak ada riwayat macet (+7) | Listrik 87.5% tepat waktu (+3) | Transaksi e-wallet 40/bln (+3),
L1AJN00674,L1NSB00674,PLT002,P2P Lending,2024-08-06,P2P Lending,Modal usaha,1000000,1,7,0.69,1,1,0,0.0,62.5,0,0,0,0,0,0,0.0,0,0,0,0,66,Menengah,Setujui,0.197,0,1 pinjaman lancar (+5) | Tidak ada riwayat macet (+7),
L1AJN00675,L1NSB00675,PLT002,P2P Lending,2024-06-09,P2P Lending,Pendidikan,500000,9,4,0.85,3,3,0,0.0,100.0,15,64,1,0,0,0,0.0,1,0,0,0,86,Rendah,Setujui,0.081,0,On-time rate 85% (+5) | 3 pinjaman lancar (+15) | Tidak ada riwayat macet (+7) | Listrik 100.0% tepat waktu (+7),Lonjakan top-up sebelum pengajuan (-8) ⚠️
L1AJN00676,L1NSB00676,PLT001,P2P Lending,2024-12-09,P2P Lending,Konsumsi,5000000,12,18,0.71,2,2,0,0.5,83.3,18,30,0,0,0,0,0.0,0,0,0,0,84,Rendah,Setujui,0.093,0,Aktif di platform 18 bulan (+7) | 2 pinjaman lancar (+10) | Tidak ada riwayat macet (+7) | Listrik 83.3% tepat waktu (+3),4 tanggungan (-5)
L1AJN00677,L1NSB00677,PLT002,P2P Lending,2024-11-30,P2P Lending,Pendidikan,3000000,12,4,0.88,0,0,0,0.0,66.7,14,75,0,0,0,0,0.0,1,1,0,0,74,Rendah,Setujui,0.151,0,On-time rate 88% (+5) | E-wallet aktif 14 bulan (+5) | Transaksi e-wallet 75/bln (+3) | Punya rekening bank (+4),
L1AJN00678,L1NSB00678,PLT002,P2P Lending,2024-07-20,P2P Lending,Modal usaha,1000000,12,34,0.91,3,3,0,0.7,62.5,8,49,0,1,7142000,0,0.11,1,0,0,0,95,Rendah,Setujui,0.029,0,Aktif di platform 34 bulan (+7) | On-time rate 91% (+10) | 3 pinjaman lancar (+15) | Tidak ada riwayat macet (+7),Cancel rate gig 11% (-4)
L1AJN00679,L1NSB00679,PLT003,Multifinance,2024-06-15,Multifinance,Motor bekas,10000000,36,3,0.9,0,0,0,0.0,87.5,19,34,0,1,4245000,1,0.08,1,1,0,0,94,Rendah,Setujui,0.035,0,On-time rate 90% (+10) | Listrik 87.5% tepat waktu (+3) | E-wallet aktif 19 bulan (+5) | Transaksi e-wallet 34/bln (+3),
L1AJN00680,L1NSB00680,PLT004,Multifinance,2024-06-26,Multifinance,Elektronik,3000000,12,25,0.59,4,4,0,1.8,87.5,0,0,0,0,0,0,0.0,0,0,1,6000000,84,Rendah,Setujui,0.093,0,Aktif di platform 25 bulan (+7) | 4 pinjaman lancar (+15) | Tidak ada riwayat macet (+7) | Listrik 87.5% tepat waktu (+3),4 tanggungan (-5)
L1AJN00681,L1NSB00681,PLT001,P2P Lending,2024-10-29,P2P Lending,Modal usaha,5000000,1,36,0.74,3,1,1,102.0,79.2,8,72,0,1,4394000,1,0.11,1,1,0,0,53,Menengah,Setujui,0.273,0,Aktif di platform 36 bulan (+7) | 1 pinjaman lancar (+5) | Listrik 79.2% tepat waktu (+3) | Transaksi e-wallet 72/bln (+3),1 pinjaman macet (-12) | Rata-rata telat 102 hari (-10) | 4 tanggungan (-5)
L1AJN00682,L1NSB00682,PLT001,P2P Lending,2024-04-02,P2P Lending,Konsumsi,500000,9,21,0.57,0,0,0,0.0,70.8,21,32,0,0,0,0,0.0,0,1,0,0,62,Menengah,Setujui,0.22,0,Aktif di platform 21 bulan (+7) | E-wallet aktif 21 bulan (+5) | Transaksi e-wallet 32/bln (+3) | BPJS dibayar rutin (+3),4 tanggungan (-5)
L1AJN00683,L1NSB00683,PLT002,P2P Lending,2024-03-28,P2P Lending,Modal usaha,5000000,3,22,0.68,2,1,0,4.5,58.3,19,47,0,0,0,0,0.0,1,1,0,0,81,Rendah,Setujui,0.11,0,Aktif di platform 22 bulan (+7) | 1 pinjaman lancar (+5) | Tidak ada riwayat macet (+7) | E-wallet aktif 19 bulan (+5),
L1AJN00684,L1NSB00684,PLT004,Multifinance,2024-09-15,Multifinance,Motor baru,7000000,18,15,0.61,1,0,0,89.0,66.7,0,0,0,1,4549000,1,0.14,0,1,0,0,63,Menengah,Setujui,0.215,1,Aktif di platform 15 bulan (+7) | Tidak ada riwayat macet (+7) | Income gig konsisten 6 bulan (+8) | Rating gig 4.6 (+5),Rata-rata telat 89 hari (-10) | Cancel rate gig 14% (-4)
L1AJN00685,L1NSB00685,PLT003,Multifinance,2024-01-19,Multifinance,Mesin usaha,3000000,18,4,0.58,0,0,0,0.0,75.0,0,0,0,0,0,0,0.0,0,1,0,0,52,Menengah,Setujui,0.278,1,Listrik 75.0% tepat waktu (+3) | BPJS dibayar rutin (+3),4 tanggungan (-5)
L1AJN00686,L1NSB00686,PLT002,P2P Lending,2024-09-11,P2P Lending,Renovasi,3000000,9,26,0.67,2,0,0,9.5,100.0,24,78,0,1,6945000,1,0.05,0,0,0,0,93,Rendah,Setujui,0.041,0,Aktif di platform 26 bulan (+7) | Tidak ada riwayat macet (+7) | Listrik 100.0% tepat waktu (+7) | E-wallet aktif 24 bulan (+5),
L1AJN00687,L1NSB00687,PLT001,P2P Lending,2024-11-22,P2P Lending,Pendidikan,2000000,1,8,0.7,0,0,0,0.0,83.3,12,44,1,1,2043000,1,0.05,1,0,0,0,63,Menengah,Setujui,0.215,1,Listrik 83.3% tepat waktu (+3) | E-wallet aktif 12 bulan (+5) | Transaksi e-wallet 44/bln (+3) | Income gig konsisten 6 bulan (+8),5 tanggungan (-5) | Lonjakan top-up sebelum pengajuan (-8) ⚠️
L1AJN00688,L1NSB00688,PLT002,P2P Lending,2024-07-30,P2P Lending,Modal usaha,500000,6,15,0.61,3,2,1,116.0,79.2,0,0,0,0,0,0,0.0,1,1,0,0,51,Menengah,Setujui,0.284,0,Aktif di platform 15 bulan (+7) | 2 pinjaman lancar (+10) | Listrik 79.2% tepat waktu (+3) | Punya rekening bank (+4),1 pinjaman macet (-12) | Rata-rata telat 116 hari (-10)
L1AJN00689,L1NSB00689,PLT001,P2P Lending,2024-08-11,P2P Lending,Konsumsi,1000000,3,31,0.96,0,0,0,0.0,62.5,13,50,0,1,2568000,0,0.06,0,0,0,0,76,Rendah,Setujui,0.139,0,Aktif di platform 31 bulan (+7) | On-time rate 96% (+10) | E-wallet aktif 13 bulan (+5) | Transaksi e-wallet 50/bln (+3),
L1AJN00690,L1NSB00690,PLT003,Multifinance,2024-12-29,Multifinance,Motor bekas,3000000,18,20,0.65,1,1,0,2.0,87.5,0,0,0,0,0,0,0.0,0,0,0,0,71,Rendah,Setujui,0.168,0,Aktif di platform 20 bulan (+7) | 1 pinjaman lancar (+5) | Tidak ada riwayat macet (+7) | Listrik 87.5% tepat waktu (+3),
L1AJN00691,L1NSB00691,PLT002,P2P Lending,2024-07-04,P2P Lending,Pendidikan,3000000,12,7,0.78,3,1,0,33.7,91.7,21,64,0,0,0,0,0.0,0,1,0,0,71,Rendah,Setujui,0.168,0,On-time rate 78% (+5) | 1 pinjaman lancar (+5) | Tidak ada riwayat macet (+7) | Listrik 91.7% tepat waktu (+7),Rata-rata telat 34 hari (-10) | 4 tanggungan (-5)
L1AJN00692,L1NSB00692,PLT001,P2P Lending,2024-03-08,P2P Lending,Pendidikan,2000000,12,4,0.91,1,1,0,0.0,79.2,13,9,0,0,0,0,0.0,0,0,0,0,78,Rendah,Setujui,0.128,0,On-time rate 91% (+10) | 1 pinjaman lancar (+5) | Tidak ada riwayat macet (+7) | Listrik 79.2% tepat waktu (+3),
L1AJN00693,L1NSB00693,PLT001,P2P Lending,2024-11-28,P2P Lending,Renovasi,2000000,12,20,0.78,2,0,1,117.0,100.0,13,40,0,1,5584000,1,0.12,1,1,0,0,69,Menengah,Setujui,0.18,0,Aktif di platform 20 bulan (+7) | On-time rate 78% (+5) | Listrik 100.0% tepat waktu (+7) | E-wallet aktif 13 bulan (+5),1 pinjaman macet (-12) | Rata-rata telat 117 hari (-10) | 4 tanggungan (-5)
L1AJN00694,L1NSB00694,PLT004,Multifinance,2024-09-15,Multifinance,Motor bekas,7000000,18,1,0.87,3,1,0,6.3,95.8,0,0,0,0,0,0,0.0,1,1,0,0,77,Rendah,Setujui,0.133,0,On-time rate 87% (+5) | 1 pinjaman lancar (+5) | Tidak ada riwayat macet (+7) | Listrik 95.8% tepat waktu (+7),
L1AJN00695,L1NSB00695,PLT003,Multifinance,2024-06-27,Multifinance,Mesin usaha,7000000,18,12,0.97,2,1,0,7.0,70.8,7,51,0,0,0,0,0.0,1,0,0,0,89,Rendah,Setujui,0.064,0,Aktif di platform 12 bulan (+7) | On-time rate 97% (+10) | 1 pinjaman lancar (+5) | Tidak ada riwayat macet (+7),
L1AJN00696,L1NSB00696,PLT005,P2P Lending,2024-04-27,P2P Lending,Modal usaha,500000,3,36,0.85,0,0,0,0.0,66.7,13,71,0,0,0,0,0.0,1,1,0,0,76,Rendah,Setujui,0.139,0,Aktif di platform 36 bulan (+7) | On-time rate 85% (+5) | E-wallet aktif 13 bulan (+5) | Transaksi e-wallet 71/bln (+3),
L1AJN00697,L1NSB00697,PLT002,P2P Lending,2024-02-15,P2P Lending,Renovasi,1000000,12,12,0.67,1,1,0,2.0,79.2,11,12,0,0,0,0,0.0,0,1,0,0,73,Rendah,Setujui,0.157,0,Aktif di platform 12 bulan (+7) | 1 pinjaman lancar (+5) | Tidak ada riwayat macet (+7) | Listrik 79.2% tepat waktu (+3),
L1AJN00698,L1NSB00698,PLT005,P2P Lending,2024-09-16,P2P Lending,Konsumsi,2000000,1,8,0.95,3,2,0,3.3,87.5,7,62,0,0,0,0,0.0,1,1,0,0,88,Rendah,Setujui,0.07,0,On-time rate 95% (+10) | 2 pinjaman lancar (+10) | Tidak ada riwayat macet (+7) | Listrik 87.5% tepat waktu (+3),
L1AJN00699,L1NSB00699,PLT001,P2P Lending,2024-05-06,P2P Lending,Modal usaha,500000,12,19,0.9,1,1,0,0.0,100.0,10,18,0,0,0,0,0.0,1,1,1,10000000,93,Rendah,Setujui,0.041,0,Aktif di platform 19 bulan (+7) | On-time rate 90% (+10) | 1 pinjaman lancar (+5) | Tidak ada riwayat macet (+7),5 tanggungan (-5)
L1AJN00700,L1NSB00700,PLT005,P2P Lending,2024-08-07,P2P Lending,Modal usaha,2000000,6,7,0.99,0,0,0,0.0,100.0,0,0,0,1,3917000,0,0.07,0,1,0,0,72,Rendah,Setujui,0.162,0,On-time rate 99% (+10) | Listrik 100.0% tepat waktu (+7) | BPJS dibayar rutin (+3),
L1AJN00701,L1NSB00701,PLT003,Multifinance,2024-09-04,Multifinance,Elektronik,10000000,24,36,0.74,3,1,0,14.3,75.0,23,59,0,1,3739000,1,0.03,1,0,0,0,88,Rendah,Setujui,0.07,0,Aktif di platform 36 bulan (+7) | 1 pinjaman lancar (+5) | Tidak ada riwayat macet (+7) | Listrik 75.0% tepat waktu (+3),
L1AJN00702,L1NSB00702,PLT003,Multifinance,2024-01-14,Multifinance,Motor bekas,15000000,12,24,0.65,2,2,0,1.5,58.3,8,19,0,0,0,0,0.0,1,0,0,0,81,Rendah,Setujui,0.11,0,Aktif di platform 24 bulan (+7) | 2 pinjaman lancar (+10) | Tidak ada riwayat macet (+7) | Punya rekening bank (+4),
L1AJN00703,L1NSB00703,PLT004,Multifinance,2024-04-28,Multifinance,Motor baru,7000000,36,18,0.91,2,0,0,14.5,83.3,0,0,0,1,7682000,1,0.03,1,1,0,0,89,Rendah,Setujui,0.064,0,Aktif di platform 18 bulan (+7) | On-time rate 91% (+10) | Tidak ada riwayat macet (+7) | Listrik 83.3% tepat waktu (+3),
L1AJN00704,L1NSB00704,PLT003,Multifinance,2024-08-05,Multifinance,Motor bekas,5000000,36,25,0.56,3,3,0,1.3,95.8,7,32,0,1,5705000,1,0.07,0,1,0,0,95,Rendah,Setujui,0.029,0,Aktif di platform 25 bulan (+7) | 3 pinjaman lancar (+15) | Tidak ada riwayat macet (+7) | Listrik 95.8% tepat waktu (+7),
L1AJN00705,L1NSB00705,PLT003,Multifinance,2024-04-04,Multifinance,Elektronik,10000000,18,4,0.59,1,0,0,41.0,70.8,22,20,0,1,2263000,1,0.15,0,1,0,0,60,Menengah,Setujui,0.232,0,Tidak ada riwayat macet (+7) | E-wallet aktif 22 bulan (+5) | Transaksi e-wallet 20/bln (+3) | Income gig konsisten 6 bulan (+8),Rata-rata telat 41 hari (-10) | 4 tanggungan (-5) | Cancel rate gig 15% (-4)
L1AJN00706,L1NSB00706,PLT004,Multifinance,2024-06-27,Multifinance,Mesin usaha,20000000,12,33,0.76,0,0,0,0.0,87.5,9,26,1,1,5388000,0,0.05,0,0,0,0,69,Menengah,Setujui,0.18,0,Aktif di platform 33 bulan (+7) | On-time rate 76% (+5) | Listrik 87.5% tepat waktu (+3) | Transaksi e-wallet 26/bln (+3),Lonjakan top-up sebelum pengajuan (-8) ⚠️
L1AJN00707,L1NSB00707,PLT005,P2P Lending,2024-02-20,P2P Lending,Pendidikan,3000000,6,29,0.93,1,0,0,61.0,100.0,6,47,0,0,0,0,0.0,1,1,0,0,74,Rendah,Setujui,0.151,1,Aktif di platform 29 bulan (+7) | On-time rate 93% (+10) | Tidak ada riwayat macet (+7) | Listrik 100.0% tepat waktu (+7),Rata-rata telat 61 hari (-10) | 5 tanggungan (-5)
L1AJN00708,L1NSB00708,PLT002,P2P Lending,2024-04-14,P2P Lending,Konsumsi,1000000,3,27,0.63,3,3,0,2.3,83.3,6,22,0,0,0,0,0.0,1,0,0,0,85,Rendah,Setujui,0.087,0,Aktif di platform 27 bulan (+7) | 3 pinjaman lancar (+15) | Tidak ada riwayat macet (+7) | Listrik 83.3% tepat waktu (+3),
L1AJN00709,L1NSB00709,PLT001,P2P Lending,2024-01-17,P2P Lending,Pendidikan,3000000,1,1,0.69,4,3,1,49.0,87.5,15,38,0,0,0,0,0.0,1,0,0,0,54,Menengah,Setujui,0.267,1,3 pinjaman lancar (+15) | Listrik 87.5% tepat waktu (+3) | E-wallet aktif 15 bulan (+5) | Transaksi e-wallet 38/bln (+3),1 pinjaman macet (-12) | Rata-rata telat 49 hari (-10)
L1AJN00710,L1NSB00710,PLT004,Multifinance,2024-08-29,Multifinance,Motor bekas,10000000,12,1,0.7,3,3,0,1.3,95.8,19,20,0,1,4061000,1,0.09,1,1,0,0,95,Rendah,Setujui,0.029,0,3 pinjaman lancar (+15) | Tidak ada riwayat macet (+7) | Listrik 95.8% tepat waktu (+7) | E-wallet aktif 19 bulan (+5),
L1AJN00711,L1NSB00711,PLT005,P2P Lending,2024-05-09,P2P Lending,Modal usaha,3000000,1,34,0.61,0,0,0,0.0,70.8,0,0,0,0,0,0,0.0,0,1,0,0,56,Menengah,Setujui,0.255,1,Aktif di platform 34 bulan (+7) | BPJS dibayar rutin (+3),
L1AJN00712,L1NSB00712,PLT004,Multifinance,2024-12-02,Multifinance,Motor baru,20000000,36,16,0.86,2,2,0,1.5,70.8,17,12,0,1,6881000,1,0.04,1,0,0,0,95,Rendah,Setujui,0.029,0,Aktif di platform 16 bulan (+7) | On-time rate 86% (+5) | 2 pinjaman lancar (+10) | Tidak ada riwayat macet (+7),
L1AJN00713,L1NSB00713,PLT003,Multifinance,2024-07-19,Multifinance,Motor baru,15000000,18,3,0.95,2,2,0,1.5,87.5,16,26,0,0,0,0,0.0,1,0,1,17000000,95,Rendah,Setujui,0.029,0,On-time rate 95% (+10) | 2 pinjaman lancar (+10) | Tidak ada riwayat macet (+7) | Listrik 87.5% tepat waktu (+3),
L1AJN00714,L1NSB00714,PLT003,Multifinance,2024-05-07,Multifinance,Elektronik,7000000,36,12,0.68,3,2,0,4.0,75.0,0,0,0,1,6664000,1,0.06,1,1,0,0,93,Rendah,Setujui,0.041,0,Aktif di platform 12 bulan (+7) | 2 pinjaman lancar (+10) | Tidak ada riwayat macet (+7) | Listrik 75.0% tepat waktu (+3),
L1AJN00715,L1NSB00715,PLT003,Multifinance,2024-04-15,Multifinance,Mesin usaha,20000000,18,20,0.73,1,1,0,0.0,75.0,14,77,0,0,0,0,0.0,1,0,0,0,86,Rendah,Setujui,0.081,0,Aktif di platform 20 bulan (+7) | 1 pinjaman lancar (+5) | Tidak ada riwayat macet (+7) | Listrik 75.0% tepat waktu (+3),
L1AJN00716,L1NSB00716,PLT002,P2P Lending,2024-10-09,P2P Lending,Konsumsi,500000,3,23,0.6,0,0,0,0.0,91.7,23,60,0,1,4490000,1,0.09,0,0,0,0,79,Rendah,Setujui,0.122,0,Aktif di platform 23 bulan (+7) | Listrik 91.7% tepat waktu (+7) | E-wallet aktif 23 bulan (+5) | Transaksi e-wallet 60/bln (+3),
L1AJN00717,L1NSB00717,PLT004,Multifinance,2024-01-15,Multifinance,Motor baru,7000000,24,27,0.93,3,2,0,21.7,75.0,9,7,0,0,0,0,0.0,1,0,0,0,83,Rendah,Setujui,0.099,1,Aktif di platform 27 bulan (+7) | On-time rate 93% (+10) | 2 pinjaman lancar (+10) | Tidak ada riwayat macet (+7),4 tanggungan (-5)
L1AJN00718,L1NSB00718,PLT005,P2P Lending,2024-02-29,P2P Lending,Renovasi,5000000,12,8,0.68,2,1,1,110.5,95.8,13,23,0,0,0,0,0.0,0,0,0,0,46,Tinggi,Tolak,0.313,0,1 pinjaman lancar (+5) | Listrik 95.8% tepat waktu (+7) | E-wallet aktif 13 bulan (+5) | Transaksi e-wallet 23/bln (+3),1 pinjaman macet (-12) | Rata-rata telat 110 hari (-10)
L1AJN00719,L1NSB00719,PLT003,Multifinance,2024-03-13,Multifinance,Elektronik,10000000,24,31,0.67,4,4,0,1.5,70.8,9,55,0,0,0,0,0.0,1,0,0,0,84,Rendah,Setujui,0.093,1,Aktif di platform 31 bulan (+7) | 4 pinjaman lancar (+15) | Tidak ada riwayat macet (+7) | Transaksi e-wallet 55/bln (+3),
L1AJN00720,L1NSB00720,PLT003,Multifinance,2024-06-08,Multifinance,Motor bekas,10000000,12,16,0.88,3,3,0,1.3,70.8,14,24,0,0,0,0,0.0,1,0,0,0,94,Rendah,Setujui,0.035,0,Aktif di platform 16 bulan (+7) | On-time rate 88% (+5) | 3 pinjaman lancar (+15) | Tidak ada riwayat macet (+7),
L1AJN00721,L1NSB00721,PLT002,P2P Lending,2024-09-12,P2P Lending,Pendidikan,2000000,12,8,0.94,0,0,0,0.0,79.2,0,0,0,0,0,0,0.0,1,1,1,20000000,74,Rendah,Setujui,0.151,0,On-time rate 94% (+10) | Listrik 79.2% tepat waktu (+3) | Punya rekening bank (+4) | BPJS dibayar rutin (+3),
L1AJN00722,L1NSB00722,PLT001,P2P Lending,2024-12-19,P2P Lending,Konsumsi,1000000,9,15,0.97,3,2,0,24.7,75.0,11,62,0,0,0,0,0.0,0,0,0,0,87,Rendah,Setujui,0.075,0,Aktif di platform 15 bulan (+7) | On-time rate 97% (+10) | 2 pinjaman lancar (+10) | Tidak ada riwayat macet (+7),
L1AJN00723,L1NSB00723,PLT003,Multifinance,2024-02-14,Multifinance,Mesin usaha,20000000,24,21,0.6,0,0,0,0.0,75.0,0,0,0,0,0,0,0.0,0,0,1,13000000,68,Menengah,Setujui,0.186,0,Aktif di platform 21 bulan (+7) | Listrik 75.0% tepat waktu (+3) | Toko online omzet Rp 13 jt (+5),
L1AJN00724,L1NSB00724,PLT005,P2P Lending,2024-09-13,P2P Lending,Modal usaha,5000000,3,32,0.97,2,1,0,27.0,62.5,19,39,0,1,3778000,1,0.06,0,1,0,0,95,Rendah,Setujui,0.029,0,Aktif di platform 32 bulan (+7) | On-time rate 97% (+10) | 1 pinjaman lancar (+5) | Tidak ada riwayat macet (+7),
L1AJN00725,L1NSB00725,PLT005,P2P Lending,2024-11-29,P2P Lending,Modal usaha,2000000,6,25,0.7,1,1,0,3.0,66.7,0,0,0,0,0,0,0.0,1,0,0,0,71,Rendah,Setujui,0.168,1,Aktif di platform 25 bulan (+7) | 1 pinjaman lancar (+5) | Tidak ada riwayat macet (+7) | Punya rekening bank (+4),5 tanggungan (-5)
L1AJN00726,L1NSB00726,PLT002,P2P Lending,2024-07-12,P2P Lending,Pendidikan,2000000,6,7,0.65,1,1,0,3.0,83.3,17,26,0,0,0,0,0.0,0,1,0,0,75,Rendah,Setujui,0.145,0,1 pinjaman lancar (+5) | Tidak ada riwayat macet (+7) | Listrik 83.3% tepat waktu (+3) | E-wallet aktif 17 bulan (+5),
L1AJN00727,L1NSB00727,PLT002,P2P Lending,2024-04-07,P2P Lending,Modal usaha,500000,12,36,0.77,2,1,0,40.5,95.8,13,63,0,1,5760000,1,0.12,1,0,0,0,90,Rendah,Setujui,0.058,0,Aktif di platform 36 bulan (+7) | On-time rate 77% (+5) | 1 pinjaman lancar (+5) | Tidak ada riwayat macet (+7),Rata-rata telat 40 hari (-10) | Cancel rate gig 12% (-4)
L1AJN00728,L1NSB00728,PLT001,P2P Lending,2024-10-31,P2P Lending,Konsumsi,500000,6,33,0.81,0,0,0,0.0,100.0,0,0,0,1,7697000,0,0.04,0,0,0,0,68,Menengah,Setujui,0.186,0,Aktif di platform 33 bulan (+7) | On-time rate 81% (+5) | Listrik 100.0% tepat waktu (+7),
L1AJN00729,L1NSB00729,PLT004,Multifinance,2024-07-07,Multifinance,Motor bekas,5000000,36,11,0.75,2,2,0,1.5,79.2,18,48,1,0,0,0,0.0,1,0,0,0,81,Rendah,Setujui,0.11,0,On-time rate 75% (+5) | 2 pinjaman lancar (+10) | Tidak ada riwayat macet (+7) | Listrik 79.2% tepat waktu (+3),Lonjakan top-up sebelum pengajuan (-8) ⚠️
L1AJN00730,L1NSB00730,PLT002,P2P Lending,2024-01-08,P2P Lending,Modal usaha,500000,12,33,0.88,2,1,0,16.5,70.8,6,77,0,1,3408000,1,0.13,1,0,0,0,84,Rendah,Setujui,0.093,0,Aktif di platform 33 bulan (+7) | On-time rate 88% (+5) | 1 pinjaman lancar (+5) | Tidak ada riwayat macet (+7),Cancel rate gig 13% (-4)
L1AJN00731,L1NSB00731,PLT002,P2P Lending,2024-09-08,P2P Lending,Pendidikan,2000000,12,18,0.74,2,2,0,1.5,87.5,22,48,0,0,0,0,0.0,1,0,0,0,83,Rendah,Setujui,0.099,0,Aktif di platform 18 bulan (+7) | 2 pinjaman lancar (+10) | Tidak ada riwayat macet (+7) | Listrik 87.5% tepat waktu (+3),4 tanggungan (-5)
L1AJN00732,L1NSB00732,PLT001,P2P Lending,2024-09-25,P2P Lending,Pendidikan,2000000,12,24,0.66,1,1,0,2.0,66.7,6,5,0,1,6093000,1,0.02,1,0,0,0,85,Rendah,Setujui,0.087,1,Aktif di platform 24 bulan (+7) | 1 pinjaman lancar (+5) | Tidak ada riwayat macet (+7) | Income gig konsisten 6 bulan (+8),
L1AJN00733,L1NSB00733,PLT003,Multifinance,2024-04-10,Multifinance,Mesin usaha,5000000,36,17,0.6,3,3,0,1.7,62.5,16,77,0,0,0,0,0.0,1,1,0,0,94,Rendah,Setujui,0.035,0,Aktif di platform 17 bulan (+7) | 3 pinjaman lancar (+15) | Tidak ada riwayat macet (+7) | E-wallet aktif 16 bulan (+5),
L1AJN00734,L1NSB00734,PLT003,Multifinance,2024-11-03,Multifinance,Mesin usaha,20000000,18,29,0.76,0,0,0,0.0,91.7,17,62,0,0,0,0,0.0,1,0,0,0,80,Rendah,Setujui,0.116,0,Aktif di platform 29 bulan (+7) | On-time rate 76% (+5) | Listrik 91.7% tepat waktu (+7) | E-wallet aktif 17 bulan (+5),
L1AJN00735,L1NSB00735,PLT004,Multifinance,2024-10-13,Multifinance,Mesin usaha,3000000,24,32,0.78,0,0,0,0.0,58.3,0,0,0,0,0,0,0.0,1,0,0,0,64,Menengah,Setujui,0.209,1,Aktif di platform 32 bulan (+7) | On-time rate 78% (+5) | Punya rekening bank (+4),
L1AJN00736,L1NSB00736,PLT001,P2P Lending,2024-04-26,P2P Lending,Modal usaha,500000,12,26,0.79,3,2,1,53.3,91.7,0,0,0,0,0,0,0.0,0,1,0,0,58,Menengah,Setujui,0.244,0,Aktif di platform 26 bulan (+7) | On-time rate 79% (+5) | 2 pinjaman lancar (+10) | Listrik 91.7% tepat waktu (+7),1 pinjaman macet (-12) | Rata-rata telat 53 hari (-10)
L1AJN00737,L1NSB00737,PLT001,P2P Lending,2024-07-26,P2P Lending,Konsumsi,3000000,12,1,0.68,0,0,0,0.0,58.3,6,80,1,0,0,0,0.0,0,1,0,0,45,Tinggi,Tolak,0.319,1,Transaksi e-wallet 80/bln (+3) | BPJS dibayar rutin (+3),Lonjakan top-up sebelum pengajuan (-8) ⚠️
L1AJN00738,L1NSB00738,PLT002,P2P Lending,2024-01-17,P2P Lending,Konsumsi,3000000,3,10,0.67,4,3,1,66.0,62.5,18,21,0,0,0,0,0.0,1,0,0,0,59,Menengah,Setujui,0.238,0,3 pinjaman lancar (+15) | E-wallet aktif 18 bulan (+5) | Transaksi e-wallet 21/bln (+3) | Punya rekening bank (+4),1 pinjaman macet (-12) | Rata-rata telat 66 hari (-10)
L1AJN00739,L1NSB00739,PLT001,P2P Lending,2024-08-29,P2P Lending,Pendidikan,3000000,9,29,0.64,1,1,0,0.0,66.7,16,10,0,0,0,0,0.0,1,0,0,0,76,Rendah,Setujui,0.139,0,Aktif di platform 29 bulan (+7) | 1 pinjaman lancar (+5) | Tidak ada riwayat macet (+7) | E-wallet aktif 16 bulan (+5),
L1AJN00740,L1NSB00740,PLT001,P2P Lending,2024-06-09,P2P Lending,Pendidikan,500000,6,35,0.88,2,2,0,2.0,83.3,24,41,0,1,0,0,0.0,1,1,0,0,95,Rendah,Setujui,0.029,0,Aktif di platform 35 bulan (+7) | On-time rate 88% (+5) | 2 pinjaman lancar (+10) | Tidak ada riwayat macet (+7),
L1AJN00741,L1NSB00741,PLT003,Multifinance,2024-08-05,Multifinance,Mesin usaha,5000000,24,25,0.66,2,1,1,157.0,83.3,17,73,0,1,7655000,0,0.1,1,1,0,0,64,Menengah,Setujui,0.209,1,Aktif di platform 25 bulan (+7) | 1 pinjaman lancar (+5) | Listrik 83.3% tepat waktu (+3) | E-wallet aktif 17 bulan (+5),1 pinjaman macet (-12) | Rata-rata telat 157 hari (-10)
L1AJN00742,L1NSB00742,PLT003,Multifinance,2024-06-09,Multifinance,Elektronik,10000000,12,3,0.6,2,1,0,11.0,70.8,0,0,0,1,6243000,1,0.13,1,1,0,0,77,Rendah,Setujui,0.133,0,1 pinjaman lancar (+5) | Tidak ada riwayat macet (+7) | Income gig konsisten 6 bulan (+8) | Rating gig 4.5 (+5),Cancel rate gig 13% (-4)
L1AJN00743,L1NSB00743,PLT003,Multifinance,2024-05-10,Multifinance,Elektronik,7000000,36,32,0.77,0,0,0,0.0,75.0,14,50,0,0,0,0,0.0,1,0,0,0,73,Rendah,Setujui,0.157,0,Aktif di platform 32 bulan (+7) | On-time rate 77% (+5) | Listrik 75.0% tepat waktu (+3) | E-wallet aktif 14 bulan (+5),
L1AJN00744,L1NSB00744,PLT002,P2P Lending,2024-01-23,P2P Lending,Konsumsi,5000000,12,31,0.9,2,1,0,27.0,95.8,0,0,0,0,0,0,0.0,1,0,0,0,93,Rendah,Setujui,0.041,0,Aktif di platform 31 bulan (+7) | On-time rate 90% (+10) | 1 pinjaman lancar (+5) | Tidak ada riwayat macet (+7),
L1AJN00745,L1NSB00745,PLT002,P2P Lending,2024-10-21,P2P Lending,Renovasi,5000000,3,32,0.71,2,1,0,33.5,70.8,11,60,0,0,0,0,0.0,1,0,0,0,57,Menengah,Setujui,0.249,0,Aktif di platform 32 bulan (+7) | 1 pinjaman lancar (+5) | Tidak ada riwayat macet (+7) | Transaksi e-wallet 60/bln (+3),Rata-rata telat 34 hari (-10) | 4 tanggungan (-5)
L1AJN00746,L1NSB00746,PLT004,Multifinance,2024-09-22,Multifinance,Elektronik,20000000,12,35,0.61,0,0,0,0.0,91.7,21,28,0,0,0,0,0.0,0,1,0,0,72,Rendah,Setujui,0.162,0,Aktif di platform 35 bulan (+7) | Listrik 91.7% tepat waktu (+7) | E-wallet aktif 21 bulan (+5) | Transaksi e-wallet 28/bln (+3),
L1AJN00747,L1NSB00747,PLT002,P2P Lending,2024-07-05,P2P Lending,Renovasi,3000000,6,1,0.92,1,1,0,3.0,95.8,15,28,0,0,0,0,0.0,0,0,0,0,90,Rendah,Setujui,0.058,0,On-time rate 92% (+10) | 1 pinjaman lancar (+5) | Tidak ada riwayat macet (+7) | Listrik 95.8% tepat waktu (+7),
L1AJN00748,L1NSB00748,PLT003,Multifinance,2024-12-07,Multifinance,Motor baru,10000000,24,30,0.73,3,0,1,121.3,58.3,12,57,0,0,0,0,0.0,1,0,0,0,38,Tinggi,Tolak,0.36,0,Aktif di platform 30 bulan (+7) | E-wallet aktif 12 bulan (+5) | Transaksi e-wallet 57/bln (+3) | Punya rekening bank (+4),1 pinjaman macet (-12) | Rata-rata telat 121 hari (-10) | 4 tanggungan (-5)
L1AJN00749,L1NSB00749,PLT002,P2P Lending,2024-04-21,P2P Lending,Konsumsi,1000000,6,2,0.77,4,4,0,1.8,87.5,12,21,0,1,5891000,1,0.11,0,1,0,0,91,Rendah,Setujui,0.052,0,On-time rate 77% (+5) | 4 pinjaman lancar (+15) | Tidak ada riwayat macet (+7) | Listrik 87.5% tepat waktu (+3),Cancel rate gig 11% (-4)
L1AJN00750,L1NSB00750,PLT002,P2P Lending,2024-07-31,P2P Lending,Pendidikan,1000000,1,27,0.85,1,1,0,0.0,70.8,0,0,0,1,4591000,1,0.12,1,1,0,0,87,Rendah,Setujui,0.075,0,Aktif di platform 27 bulan (+7) | On-time rate 85% (+5) | 1 pinjaman lancar (+5) | Tidak ada riwayat macet (+7),Cancel rate gig 12% (-4)
L1AJN00751,L1NSB00751,PLT003,Multifinance,2024-06-27,Multifinance,Motor baru,3000000,24,3,0.94,1,1,0,0.0,62.5,0,0,0,1,4030000,0,0.09,0,1,0,0,68,Menengah,Setujui,0.186,0,On-time rate 94% (+10) | 1 pinjaman lancar (+5) | Tidak ada riwayat macet (+7) | BPJS dibayar rutin (+3),5 tanggungan (-5)
L1AJN00752,L1NSB00752,PLT003,Multifinance,2024-06-01,Multifinance,Mesin usaha,20000000,12,11,0.72,0,0,0,0.0,79.2,0,0,0,0,0,0,0.0,0,0,0,0,50,Menengah,Setujui,0.29,0,Listrik 79.2% tepat waktu (+3),
L1AJN00753,L1NSB00753,PLT002,P2P Lending,2024-04-30,P2P Lending,Pendidikan,5000000,6,30,0.66,2,2,0,0.5,91.7,22,60,0,0,0,0,0.0,1,0,0,0,91,Rendah,Setujui,0.052,0,Aktif di platform 30 bulan (+7) | 2 pinjaman lancar (+10) | Tidak ada riwayat macet (+7) | Listrik 91.7% tepat waktu (+7),
L1AJN00754,L1NSB00754,PLT002,P2P Lending,2024-07-29,P2P Lending,Konsumsi,500000,6,24,0.61,1,1,0,2.0,87.5,8,37,0,0,0,0,0.0,0,1,0,0,77,Rendah,Setujui,0.133,0,Aktif di platform 24 bulan (+7) | 1 pinjaman lancar (+5) | Tidak ada riwayat macet (+7) | Listrik 87.5% tepat waktu (+3),
L1AJN00755,L1NSB00755,PLT001,P2P Lending,2024-03-05,P2P Lending,Modal usaha,500000,1,36,0.99,0,0,0,0.0,66.7,13,78,0,0,0,0,0.0,0,1,0,0,79,Rendah,Setujui,0.122,0,Aktif di platform 36 bulan (+7) | On-time rate 99% (+10) | E-wallet aktif 13 bulan (+5) | Transaksi e-wallet 78/bln (+3),
L1AJN00756,L1NSB00756,PLT001,P2P Lending,2024-10-16,P2P Lending,Pendidikan,1000000,9,1,0.76,2,2,0,2.0,87.5,6,42,0,1,7894000,1,0.14,1,0,0,0,85,Rendah,Setujui,0.087,0,On-time rate 76% (+5) | 2 pinjaman lancar (+10) | Tidak ada riwayat macet (+7) | Listrik 87.5% tepat waktu (+3),Cancel rate gig 14% (-4)
L1AJN00757,L1NSB00757,PLT003,Multifinance,2024-06-07,Multifinance,Mesin usaha,20000000,24,33,0.95,4,4,0,0.8,83.3,0,0,0,0,0,0,0.0,1,1,0,0,95,Rendah,Setujui,0.029,0,Aktif di platform 33 bulan (+7) | On-time rate 95% (+10) | 4 pinjaman lancar (+15) | Tidak ada riwayat macet (+7),4 tanggungan (-5)
L1AJN00758,L1NSB00758,PLT002,P2P Lending,2024-04-02,P2P Lending,Renovasi,2000000,3,6,0.72,3,2,0,7.3,87.5,0,0,0,1,4792000,1,0.1,0,0,0,0,82,Rendah,Setujui,0.104,0,2 pinjaman lancar (+10) | Tidak ada riwayat macet (+7) | Listrik 87.5% tepat waktu (+3) | Income gig konsisten 6 bulan (+8),
L1AJN00759,L1NSB00759,PLT005,P2P Lending,2024-05-28,P2P Lending,Konsumsi,2000000,1,9,0.71,1,1,0,2.0,100.0,14,66,0,1,5597000,1,0.06,1,1,0,0,85,Rendah,Setujui,0.087,0,1 pinjaman lancar (+5) | Tidak ada riwayat macet (+7) | Listrik 100.0% tepat waktu (+7) | E-wallet aktif 14 bulan (+5),5 tanggungan (-5)
L1AJN00760,L1NSB00760,PLT001,P2P Lending,2024-03-04,P2P Lending,Renovasi,3000000,9,1,0.55,1,1,0,0.0,95.8,15,78,0,0,0,0,0.0,1,1,0,0,88,Rendah,Setujui,0.07,0,1 pinjaman lancar (+5) | Tidak ada riwayat macet (+7) | Listrik 95.8% tepat waktu (+7) | E-wallet aktif 15 bulan (+5),
L1AJN00761,L1NSB00761,PLT004,Multifinance,2024-07-07,Multifinance,Motor bekas,10000000,18,5,0.67,0,0,0,0.0,66.7,8,75,0,0,0,0,0.0,0,0,0,0,51,Menengah,Setujui,0.284,0,Transaksi e-wallet 75/bln (+3),
L1AJN00762,L1NSB00762,PLT003,Multifinance,2024-09-04,Multifinance,Motor baru,10000000,12,9,0.58,3,3,0,1.0,70.8,7,53,0,0,0,0,0.0,1,0,0,0,79,Rendah,Setujui,0.122,1,3 pinjaman lancar (+15) | Tidak ada riwayat macet (+7) | Transaksi e-wallet 53/bln (+3) | Punya rekening bank (+4),
L1AJN00763,L1NSB00763,PLT002,P2P Lending,2024-06-06,P2P Lending,Renovasi,1000000,6,21,0.56,1,1,0,3.0,70.8,8,74,0,0,0,0,0.0,1,1,0,0,82,Rendah,Setujui,0.104,0,Aktif di platform 21 bulan (+7) | 1 pinjaman lancar (+5) | Tidak ada riwayat macet (+7) | Transaksi e-wallet 74/bln (+3),
L1AJN00764,L1NSB00764,PLT001,P2P Lending,2024-06-07,P2P Lending,Pendidikan,1000000,9,36,0.81,0,0,0,0.0,79.2,17,37,0,0,0,0,0.0,0,1,0,0,79,Rendah,Setujui,0.122,0,Aktif di platform 36 bulan (+7) | On-time rate 81% (+5) | Listrik 79.2% tepat waktu (+3) | E-wallet aktif 17 bulan (+5),
L1AJN00765,L1NSB00765,PLT004,Multifinance,2024-02-20,Multifinance,Motor bekas,5000000,36,30,0.76,2,2,0,0.0,70.8,9,48,0,1,3572000,1,0.14,1,1,0,0,94,Rendah,Setujui,0.035,0,Aktif di platform 30 bulan (+7) | On-time rate 76% (+5) | 2 pinjaman lancar (+10) | Tidak ada riwayat macet (+7),Cancel rate gig 14% (-4)
L1AJN00766,L1NSB00766,PLT001,P2P Lending,2024-10-13,P2P Lending,Pendidikan,500000,1,31,0.89,1,1,0,1.0,95.8,8,35,0,0,0,0,0.0,1,0,0,0,86,Rendah,Setujui,0.081,0,Aktif di platform 31 bulan (+7) | On-time rate 89% (+5) | 1 pinjaman lancar (+5) | Tidak ada riwayat macet (+7),
L1AJN00767,L1NSB00767,PLT001,P2P Lending,2024-07-13,P2P Lending,Konsumsi,500000,12,24,0.96,3,3,0,1.7,79.2,19,37,0,0,0,0,0.0,0,0,1,19000000,95,Rendah,Setujui,0.029,0,Aktif di platform 24 bulan (+7) | On-time rate 96% (+10) | 3 pinjaman lancar (+15) | Tidak ada riwayat macet (+7),4 tanggungan (-5)
L1AJN00768,L1NSB00768,PLT003,Multifinance,2024-03-04,Multifinance,Elektronik,3000000,18,10,0.79,0,0,0,0.0,100.0,19,21,0,0,0,0,0.0,0,0,0,0,72,Rendah,Setujui,0.162,0,On-time rate 79% (+5) | Listrik 100.0% tepat waktu (+7) | E-wallet aktif 19 bulan (+5) | Transaksi e-wallet 21/bln (+3),
L1AJN00769,L1NSB00769,PLT003,Multifinance,2024-09-08,Multifinance,Motor bekas,10000000,12,28,0.99,2,2,0,2.5,87.5,17,19,0,0,0,0,0.0,0,0,0,0,91,Rendah,Setujui,0.052,0,Aktif di platform 28 bulan (+7) | On-time rate 99% (+10) | 2 pinjaman lancar (+10) | Tidak ada riwayat macet (+7),
L1AJN00770,L1NSB00770,PLT004,Multifinance,2024-08-06,Multifinance,Motor bekas,5000000,36,1,0.61,1,1,0,0.0,79.2,21,14,0,0,0,0,0.0,0,1,0,0,75,Rendah,Setujui,0.145,0,1 pinjaman lancar (+5) | Tidak ada riwayat macet (+7) | Listrik 79.2% tepat waktu (+3) | E-wallet aktif 21 bulan (+5),
L1AJN00771,L1NSB00771,PLT001,P2P Lending,2024-01-19,P2P Lending,Renovasi,5000000,1,10,0.73,3,2,0,8.0,75.0,17,14,0,1,7488000,0,0.05,1,0,0,0,88,Rendah,Setujui,0.07,0,2 pinjaman lancar (+10) | Tidak ada riwayat macet (+7) | Listrik 75.0% tepat waktu (+3) | E-wallet aktif 17 bulan (+5),
L1AJN00772,L1NSB00772,PLT005,P2P Lending,2024-10-02,P2P Lending,Renovasi,500000,1,13,0.69,0,0,0,0.0,100.0,13,32,0,1,3045000,1,0.06,0,0,0,0,80,Rendah,Setujui,0.116,0,Aktif di platform 13 bulan (+7) | Listrik 100.0% tepat waktu (+7) | E-wallet aktif 13 bulan (+5) | Transaksi e-wallet 32/bln (+3),5 tanggungan (-5)
L1AJN00773,L1NSB00773,PLT003,Multifinance,2024-11-14,Multifinance,Motor bekas,20000000,18,8,0.66,2,1,1,105.5,79.2,22,41,0,1,2656000,1,0.04,1,1,0,0,57,Menengah,Setujui,0.249,0,1 pinjaman lancar (+5) | Listrik 79.2% tepat waktu (+3) | E-wallet aktif 22 bulan (+5) | Transaksi e-wallet 41/bln (+3),1 pinjaman macet (-12) | Rata-rata telat 106 hari (-10)
L1AJN00774,L1NSB00774,PLT004,Multifinance,2024-03-15,Multifinance,Motor baru,10000000,24,11,0.64,0,0,0,0.0,95.8,11,70,0,0,0,0,0.0,1,1,0,0,65,Menengah,Setujui,0.203,0,Listrik 95.8% tepat waktu (+7) | Transaksi e-wallet 70/bln (+3) | Punya rekening bank (+4) | BPJS dibayar rutin (+3),
L1AJN00775,L1NSB00775,PLT001,P2P Lending,2024-04-22,P2P Lending,Renovasi,1000000,1,2,0.84,0,0,0,0.0,70.8,6,6,0,0,0,0,0.0,1,1,1,5000000,67,Menengah,Setujui,0.191,0,On-time rate 84% (+5) | Punya rekening bank (+4) | BPJS dibayar rutin (+3) | Toko online omzet Rp 5 jt (+5),
L1AJN00776,L1NSB00776,PLT005,P2P Lending,2024-09-19,P2P Lending,Modal usaha,2000000,12,19,0.69,1,1,0,2.0,83.3,0,0,0,1,5510000,1,0.05,1,0,0,0,81,Rendah,Setujui,0.11,0,Aktif di platform 19 bulan (+7) | 1 pinjaman lancar (+5) | Tidak ada riwayat macet (+7) | Listrik 83.3% tepat waktu (+3),5 tanggungan (-5)
L1AJN00777,L1NSB00777,PLT004,Multifinance,2024-06-27,Multifinance,Motor bekas,3000000,12,24,0.81,2,0,0,55.0,83.3,9,41,0,0,0,0,0.0,0,0,0,0,57,Menengah,Setujui,0.249,0,Aktif di platform 24 bulan (+7) | On-time rate 81% (+5) | Tidak ada riwayat macet (+7) | Listrik 83.3% tepat waktu (+3),Rata-rata telat 55 hari (-10) | 5 tanggungan (-5)
L1AJN00778,L1NSB00778,PLT002,P2P Lending,2024-03-25,P2P Lending,Pendidikan,500000,3,1,0.81,0,0,0,0.0,70.8,10,39,1,1,2065000,0,0.1,1,1,0,0,51,Menengah,Setujui,0.284,0,On-time rate 81% (+5) | Transaksi e-wallet 39/bln (+3) | Punya rekening bank (+4) | BPJS dibayar rutin (+3),5 tanggungan (-5) | Lonjakan top-up sebelum pengajuan (-8) ⚠️
L1AJN00779,L1NSB00779,PLT005,P2P Lending,2024-08-12,P2P Lending,Pendidikan,500000,6,26,0.95,0,0,0,0.0,100.0,19,25,0,0,0,0,0.0,1,1,0,0,86,Rendah,Setujui,0.081,0,Aktif di platform 26 bulan (+7) | On-time rate 95% (+10) | Listrik 100.0% tepat waktu (+7) | E-wallet aktif 19 bulan (+5),5 tanggungan (-5)
L1AJN00780,L1NSB00780,PLT004,Multifinance,2024-12-22,Multifinance,Elektronik,15000000,24,28,0.81,1,1,0,1.0,70.8,24,13,0,0,0,0,0.0,0,1,0,0,81,Rendah,Setujui,0.11,0,Aktif di platform 28 bulan (+7) | On-time rate 81% (+5) | 1 pinjaman lancar (+5) | Tidak ada riwayat macet (+7),
L1AJN00781,L1NSB00781,PLT005,P2P Lending,2024-03-26,P2P Lending,Pendidikan,3000000,6,6,0.87,1,1,0,2.0,100.0,17,45,1,1,2980000,1,0.02,1,0,0,0,92,Rendah,Setujui,0.046,0,On-time rate 87% (+5) | 1 pinjaman lancar (+5) | Tidak ada riwayat macet (+7) | Listrik 100.0% tepat waktu (+7),Lonjakan top-up sebelum pengajuan (-8) ⚠️
L1AJN00782,L1NSB00782,PLT002,P2P Lending,2024-06-09,P2P Lending,Modal usaha,500000,12,16,0.73,2,2,0,1.5,79.2,0,0,0,0,0,0,0.0,0,0,1,9000000,81,Rendah,Setujui,0.11,0,Aktif di platform 16 bulan (+7) | 2 pinjaman lancar (+10) | Tidak ada riwayat macet (+7) | Listrik 79.2% tepat waktu (+3),4 tanggungan (-5)
L1AJN00783,L1NSB00783,PLT003,Multifinance,2024-04-30,Multifinance,Elektronik,15000000,24,10,0.78,1,1,0,2.0,58.3,15,37,0,1,4927000,0,0.03,1,1,0,0,82,Rendah,Setujui,0.104,0,On-time rate 78% (+5) | 1 pinjaman lancar (+5) | Tidak ada riwayat macet (+7) | E-wallet aktif 15 bulan (+5),
L1AJN00784,L1NSB00784,PLT001,P2P Lending,2024-04-02,P2P Lending,Renovasi,2000000,12,14,0.89,4,3,0,11.2,87.5,16,25,0,1,0,0,0.0,0,1,0,0,95,Rendah,Setujui,0.029,0,Aktif di platform 14 bulan (+7) | On-time rate 89% (+5) | 3 pinjaman lancar (+15) | Tidak ada riwayat macet (+7),
L1AJN00785,L1NSB00785,PLT003,Multifinance,2024-09-29,Multifinance,Motor baru,15000000,24,11,0.99,4,1,0,42.8,70.8,0,0,0,1,0,0,0.0,0,0,0,0,59,Menengah,Setujui,0.238,0,On-time rate 99% (+10) | 1 pinjaman lancar (+5) | Tidak ada riwayat macet (+7),Rata-rata telat 43 hari (-10) | 5 tanggungan (-5)
L1AJN00786,L1NSB00786,PLT004,Multifinance,2024-06-15,Multifinance,Motor baru,20000000,12,34,0.8,4,4,0,1.5,87.5,16,70,0,0,0,0,0.0,0,0,0,0,95,Rendah,Setujui,0.029,0,Aktif di platform 34 bulan (+7) | On-time rate 80% (+5) | 4 pinjaman lancar (+15) | Tidak ada riwayat macet (+7),
L1AJN00787,L1NSB00787,PLT002,P2P Lending,2024-12-26,P2P Lending,Renovasi,1000000,9,14,0.66,3,1,1,50.7,75.0,0,0,0,0,0,0,0.0,0,0,0,0,40,Tinggi,Tolak,0.348,0,Aktif di platform 14 bulan (+7) | 1 pinjaman lancar (+5) | Listrik 75.0% tepat waktu (+3),1 pinjaman macet (-12) | Rata-rata telat 51 hari (-10)
L1AJN00788,L1NSB00788,PLT001,P2P Lending,2024-03-20,P2P Lending,Modal usaha,5000000,12,32,0.79,2,0,0,54.0,83.3,14,58,0,0,0,0,0.0,1,0,0,0,67,Menengah,Setujui,0.191,0,Aktif di platform 32 bulan (+7) | On-time rate 79% (+5) | Tidak ada riwayat macet (+7) | Listrik 83.3% tepat waktu (+3),Rata-rata telat 54 hari (-10) | 4 tanggungan (-5)
L1AJN00789,L1NSB00789,PLT004,Multifinance,2024-09-26,Multifinance,Motor bekas,10000000,24,14,0.72,1,1,0,2.0,62.5,8,47,0,1,2491000,1,0.04,1,1,0,0,87,Rendah,Setujui,0.075,0,Aktif di platform 14 bulan (+7) | 1 pinjaman lancar (+5) | Tidak ada riwayat macet (+7) | Transaksi e-wallet 47/bln (+3),
L1AJN00790,L1NSB00790,PLT005,P2P Lending,2024-01-10,P2P Lending,Pendidikan,2000000,3,11,0.81,1,1,0,3.0,58.3,24,51,0,0,0,0,0.0,0,0,0,0,69,Menengah,Setujui,0.18,0,On-time rate 81% (+5) | 1 pinjaman lancar (+5) | Tidak ada riwayat macet (+7) | E-wallet aktif 24 bulan (+5),4 tanggungan (-5)
L1AJN00791,L1NSB00791,PLT003,Multifinance,2024-11-02,Multifinance,Elektronik,7000000,12,21,0.95,2,1,0,14.5,83.3,0,0,0,0,0,0,0.0,0,0,0,0,86,Rendah,Setujui,0.081,0,Aktif di platform 21 bulan (+7) | On-time rate 95% (+10) | 1 pinjaman lancar (+5) | Tidak ada riwayat macet (+7),
L1AJN00792,L1NSB00792,PLT001,P2P Lending,2024-10-29,P2P Lending,Konsumsi,3000000,12,22,0.68,2,1,0,8.0,87.5,16,16,0,1,6315000,1,0.11,0,0,0,0,78,Rendah,Setujui,0.128,0,Aktif di platform 22 bulan (+7) | 1 pinjaman lancar (+5) | Tidak ada riwayat macet (+7) | Listrik 87.5% tepat waktu (+3),Cancel rate gig 11% (-4)
L1AJN00793,L1NSB00793,PLT005,P2P Lending,2024-09-06,P2P Lending,Konsumsi,1000000,6,27,0.61,1,1,0,1.0,58.3,19,44,0,0,0,0,0.0,1,0,0,0,81,Rendah,Setujui,0.11,0,Aktif di platform 27 bulan (+7) | 1 pinjaman lancar (+5) | Tidak ada riwayat macet (+7) | E-wallet aktif 19 bulan (+5),
L1AJN00794,L1NSB00794,PLT003,Multifinance,2024-08-11,Multifinance,Mesin usaha,5000000,24,11,0.87,2,2,0,1.0,100.0,6,30,0,0,0,0,0.0,0,0,0,0,80,Rendah,Setujui,0.116,0,On-time rate 87% (+5) | 2 pinjaman lancar (+10) | Tidak ada riwayat macet (+7) | Listrik 100.0% tepat waktu (+7),4 tanggungan (-5)
L1AJN00795,L1NSB00795,PLT001,P2P Lending,2024-07-14,P2P Lending,Pendidikan,1000000,12,26,0.85,0,0,0,0.0,87.5,15,77,0,0,0,0,0.0,1,0,0,0,78,Rendah,Setujui,0.128,0,Aktif di platform 26 bulan (+7) | On-time rate 85% (+5) | Listrik 87.5% tepat waktu (+3) | E-wallet aktif 15 bulan (+5),
L1AJN00796,L1NSB00796,PLT003,Multifinance,2024-06-05,Multifinance,Motor baru,3000000,12,6,0.75,2,2,0,2.0,70.8,16,30,0,0,0,0,0.0,1,1,0,0,89,Rendah,Setujui,0.064,0,On-time rate 75% (+5) | 2 pinjaman lancar (+10) | Tidak ada riwayat macet (+7) | E-wallet aktif 16 bulan (+5),
L1AJN00797,L1NSB00797,PLT001,P2P Lending,2024-07-11,P2P Lending,Renovasi,1000000,6,15,0.65,0,0,0,0.0,66.7,0,0,0,0,0,0,0.0,0,1,0,0,63,Menengah,Setujui,0.215,0,Aktif di platform 15 bulan (+7) | BPJS dibayar rutin (+3),
L1AJN00798,L1NSB00798,PLT001,P2P Lending,2024-10-17,P2P Lending,Renovasi,1000000,6,35,0.74,3,3,0,1.3,66.7,6,77,0,0,0,0,0.0,1,1,0,0,91,Rendah,Setujui,0.052,0,Aktif di platform 35 bulan (+7) | 3 pinjaman lancar (+15) | Tidak ada riwayat macet (+7) | Transaksi e-wallet 77/bln (+3),
L1AJN00799,L1NSB00799,PLT001,P2P Lending,2024-02-16,P2P Lending,Konsumsi,3000000,12,11,0.62,1,1,0,2.0,66.7,24,66,0,0,0,0,0.0,0,0,0,0,70,Rendah,Setujui,0.174,0,1 pinjaman lancar (+5) | Tidak ada riwayat macet (+7) | E-wallet aktif 24 bulan (+5) | Transaksi e-wallet 66/bln (+3),
L1AJN00800,L1NSB00800,PLT004,Multifinance,2024-07-04,Multifinance,Elektronik,15000000,18,16,0.94,2,1,0,41.0,58.3,13,43,0,1,7378000,1,0.08,1,1,0,0,93,Rendah,Setujui,0.041,0,Aktif di platform 16 bulan (+7) | On-time rate 94% (+10) | 1 pinjaman lancar (+5) | Tidak ada riwayat macet (+7),Rata-rata telat 41 hari (-10)
L1AJN00801,L1NSB00801,PLT005,P2P Lending,2024-01-20,P2P Lending,Konsumsi,1000000,9,14,0.88,4,3,1,82.0,83.3,0,0,0,0,0,0,0.0,1,1,0,0,65,Menengah,Setujui,0.203,0,Aktif di platform 14 bulan (+7) | On-time rate 88% (+5) | 3 pinjaman lancar (+15) | Listrik 83.3% tepat waktu (+3),1 pinjaman macet (-12) | Rata-rata telat 82 hari (-10)
L1AJN00802,L1NSB00802,PLT002,P2P Lending,2024-12-03,P2P Lending,Konsumsi,500000,12,34,0.99,2,2,0,2.5,91.7,8,74,0,1,2882000,1,0.06,1,0,0,0,95,Rendah,Setujui,0.029,0,Aktif di platform 34 bulan (+7) | On-time rate 99% (+10) | 2 pinjaman lancar (+10) | Tidak ada riwayat macet (+7),
L1AJN00803,L1NSB00803,PLT004,Multifinance,2024-01-20,Multifinance,Motor bekas,15000000,24,26,0.65,4,3,0,2.2,95.8,6,36,0,0,0,0,0.0,0,1,0,0,95,Rendah,Setujui,0.029,1,Aktif di platform 26 bulan (+7) | 3 pinjaman lancar (+15) | Tidak ada riwayat macet (+7) | Listrik 95.8% tepat waktu (+7),
L1AJN00804,L1NSB00804,PLT004,Multifinance,2024-06-23,Multifinance,Motor baru,10000000,36,2,0.8,1,1,0,3.0,75.0,0,0,0,0,0,0,0.0,0,0,0,0,74,Rendah,Setujui,0.151,0,On-time rate 80% (+5) | 1 pinjaman lancar (+5) | Tidak ada riwayat macet (+7) | Listrik 75.0% tepat waktu (+3),
L1AJN00805,L1NSB00805,PLT003,Multifinance,2024-10-27,Multifinance,Motor bekas,15000000,24,33,0.77,2,2,0,2.0,87.5,23,8,0,0,0,0,0.0,1,0,0,0,89,Rendah,Setujui,0.064,0,Aktif di platform 33 bulan (+7) | On-time rate 77% (+5) | 2 pinjaman lancar (+10) | Tidak ada riwayat macet (+7),
L1AJN00806,L1NSB00806,PLT002,P2P Lending,2024-07-02,P2P Lending,Renovasi,1000000,6,18,0.83,1,1,0,2.0,66.7,13,75,0,0,0,0,0.0,1,1,0,0,82,Rendah,Setujui,0.104,0,Aktif di platform 18 bulan (+7) | On-time rate 83% (+5) | 1 pinjaman lancar (+5) | Tidak ada riwayat macet (+7),5 tanggungan (-5)
L1AJN00807,L1NSB00807,PLT001,P2P Lending,2024-04-08,P2P Lending,Renovasi,5000000,1,18,0.77,4,3,0,3.0,100.0,13,79,0,1,3096000,1,0.07,0,1,0,0,95,Rendah,Setujui,0.029,0,Aktif di platform 18 bulan (+7) | On-time rate 77% (+5) | 3 pinjaman lancar (+15) | Tidak ada riwayat macet (+7),
L1AJN00808,L1NSB00808,PLT004,Multifinance,2024-12-04,Multifinance,Mesin usaha,7000000,36,19,0.9,3,2,0,26.7,66.7,11,36,0,0,0,0,0.0,0,1,0,0,86,Rendah,Setujui,0.081,0,Aktif di platform 19 bulan (+7) | On-time rate 90% (+10) | 2 pinjaman lancar (+10) | Tidak ada riwayat macet (+7),
L1AJN00809,L1NSB00809,PLT002,P2P Lending,2024-03-18,P2P Lending,Konsumsi,3000000,3,12,0.72,0,0,0,0.0,58.3,21,45,0,1,0,0,0.0,1,1,0,0,64,Menengah,Setujui,0.209,0,Aktif di platform 12 bulan (+7) | E-wallet aktif 21 bulan (+5) | Transaksi e-wallet 45/bln (+3) | Punya rekening bank (+4),5 tanggungan (-5)
L1AJN00810,L1NSB00810,PLT002,P2P Lending,2024-01-17,P2P Lending,Modal usaha,5000000,1,23,0.96,0,0,0,0.0,70.8,16,32,0,0,0,0,0.0,1,0,0,0,70,Rendah,Setujui,0.174,1,Aktif di platform 23 bulan (+7) | On-time rate 96% (+10) | E-wallet aktif 16 bulan (+5) | Transaksi e-wallet 32/bln (+3),4 tanggungan (-5)
L1AJN00811,L1NSB00811,PLT003,Multifinance,2024-01-08,Multifinance,Motor baru,3000000,18,11,0.77,1,1,0,3.0,62.5,16,41,0,0,0,0,0.0,0,0,0,0,76,Rendah,Setujui,0.139,0,On-time rate 77% (+5) | 1 pinjaman lancar (+5) | Tidak ada riwayat macet (+7) | E-wallet aktif 16 bulan (+5),
L1AJN00812,L1NSB00812,PLT005,P2P Lending,2024-05-19,P2P Lending,Pendidikan,3000000,3,24,0.81,2,2,0,1.5,70.8,23,28,1,0,0,0,0.0,0,1,0,0,85,Rendah,Setujui,0.087,0,Aktif di platform 24 bulan (+7) | On-time rate 81% (+5) | 2 pinjaman lancar (+10) | Tidak ada riwayat macet (+7),Lonjakan top-up sebelum pengajuan (-8) ⚠️
L1AJN00813,L1NSB00813,PLT004,Multifinance,2024-12-26,Multifinance,Elektronik,5000000,24,2,0.8,1,1,0,0.0,58.3,9,27,0,1,0,0,0.0,0,0,0,0,66,Menengah,Setujui,0.197,0,On-time rate 80% (+5) | 1 pinjaman lancar (+5) | Tidak ada riwayat macet (+7) | Transaksi e-wallet 27/bln (+3),
L1AJN00814,L1NSB00814,PLT003,Multifinance,2024-08-15,Multifinance,Motor bekas,15000000,12,25,0.8,1,1,0,1.0,66.7,10,49,0,0,0,0,0.0,1,0,0,0,78,Rendah,Setujui,0.128,0,Aktif di platform 25 bulan (+7) | On-time rate 80% (+5) | 1 pinjaman lancar (+5) | Tidak ada riwayat macet (+7),
L1AJN00815,L1NSB00815,PLT002,P2P Lending,2024-09-04,P2P Lending,Renovasi,1000000,1,22,0.78,1,0,0,90.0,83.3,15,26,0,0,0,0,0.0,1,0,0,0,74,Rendah,Setujui,0.151,0,Aktif di platform 22 bulan (+7) | On-time rate 78% (+5) | Tidak ada riwayat macet (+7) | Listrik 83.3% tepat waktu (+3),Rata-rata telat 90 hari (-10)
L1AJN00816,L1NSB00816,PLT005,P2P Lending,2024-05-06,P2P Lending,Renovasi,1000000,3,23,0.66,0,0,0,0.0,79.2,9,60,0,1,7536000,1,0.01,1,1,0,0,85,Rendah,Setujui,0.087,0,Aktif di platform 23 bulan (+7) | Listrik 79.2% tepat waktu (+3) | Transaksi e-wallet 60/bln (+3) | Income gig konsisten 6 bulan (+8),
L1AJN00817,L1NSB00817,PLT003,Multifinance,2024-10-14,Multifinance,Motor baru,15000000,12,19,0.91,2,2,0,1.0,75.0,0,0,0,1,1628000,0,0.1,0,0,0,0,85,Rendah,Setujui,0.087,0,Aktif di platform 19 bulan (+7) | On-time rate 91% (+10) | 2 pinjaman lancar (+10) | Tidak ada riwayat macet (+7),4 tanggungan (-5)
L1AJN00818,L1NSB00818,PLT003,Multifinance,2024-09-30,Multifinance,Elektronik,5000000,36,33,0.91,1,1,0,0.0,91.7,16,31,0,1,1597000,1,0.02,0,0,0,0,94,Rendah,Setujui,0.035,0,Aktif di platform 33 bulan (+7) | On-time rate 91% (+10) | 1 pinjaman lancar (+5) | Tidak ada riwayat macet (+7),5 tanggungan (-5)
L1AJN00819,L1NSB00819,PLT002,P2P Lending,2024-05-10,P2P Lending,Renovasi,1000000,12,25,0.8,3,2,0,8.3,87.5,6,72,0,1,4882000,1,0.04,0,0,0,0,84,Rendah,Setujui,0.093,0,Aktif di platform 25 bulan (+7) | On-time rate 80% (+5) | 2 pinjaman lancar (+10) | Tidak ada riwayat macet (+7),4 tanggungan (-5)
L1AJN00820,L1NSB00820,PLT002,P2P Lending,2024-09-11,P2P Lending,Pendidikan,5000000,6,9,0.78,2,2,0,2.0,70.8,0,0,0,0,0,0,0.0,0,1,0,0,74,Rendah,Setujui,0.151,0,On-time rate 78% (+5) | 2 pinjaman lancar (+10) | Tidak ada riwayat macet (+7) | BPJS dibayar rutin (+3),
L1AJN00821,L1NSB00821,PLT004,Multifinance,2024-08-09,Multifinance,Motor bekas,15000000,36,9,0.8,3,3,0,1.7,66.7,16,46,1,0,0,0,0.0,1,1,0,0,86,Rendah,Setujui,0.081,0,On-time rate 80% (+5) | 3 pinjaman lancar (+15) | Tidak ada riwayat macet (+7) | E-wallet aktif 16 bulan (+5),Lonjakan top-up sebelum pengajuan (-8) ⚠️
L1AJN00822,L1NSB00822,PLT004,Multifinance,2024-08-16,Multifinance,Motor baru,15000000,36,36,0.74,2,0,0,19.5,66.7,9,75,0,0,0,0,0.0,0,0,0,0,64,Menengah,Setujui,0.209,0,Aktif di platform 36 bulan (+7) | Tidak ada riwayat macet (+7) | Transaksi e-wallet 75/bln (+3),4 tanggungan (-5)
L1AJN00823,L1NSB00823,PLT002,P2P Lending,2024-05-30,P2P Lending,Pendidikan,3000000,6,26,0.76,0,0,0,0.0,83.3,12,54,0,1,1823000,0,0.05,1,1,0,0,72,Rendah,Setujui,0.162,1,Aktif di platform 26 bulan (+7) | On-time rate 76% (+5) | Listrik 83.3% tepat waktu (+3) | E-wallet aktif 12 bulan (+5),4 tanggungan (-5)
L1AJN00824,L1NSB00824,PLT003,Multifinance,2024-12-01,Multifinance,Mesin usaha,20000000,36,31,0.75,2,2,0,1.5,91.7,8,16,0,1,4380000,1,0.14,0,1,0,0,95,Rendah,Setujui,0.029,0,Aktif di platform 31 bulan (+7) | On-time rate 75% (+5) | 2 pinjaman lancar (+10) | Tidak ada riwayat macet (+7),Cancel rate gig 14% (-4)
L1AJN00825,L1NSB00825,PLT002,P2P Lending,2024-02-17,P2P Lending,Pendidikan,2000000,12,20,0.89,2,2,0,0.0,70.8,6,44,0,0,0,0,0.0,1,0,0,0,89,Rendah,Setujui,0.064,0,Aktif di platform 20 bulan (+7) | On-time rate 89% (+5) | 2 pinjaman lancar (+10) | Tidak ada riwayat macet (+7),
L1AJN00826,L1NSB00826,PLT005,P2P Lending,2024-01-01,P2P Lending,Renovasi,3000000,1,16,0.8,3,3,0,1.7,87.5,14,47,0,0,0,0,0.0,1,0,0,0,95,Rendah,Setujui,0.029,0,Aktif di platform 16 bulan (+7) | On-time rate 80% (+5) | 3 pinjaman lancar (+15) | Tidak ada riwayat macet (+7),
L1AJN00827,L1NSB00827,PLT004,Multifinance,2024-01-08,Multifinance,Mesin usaha,5000000,36,35,0.57,3,3,0,1.3,87.5,6,17,0,0,0,0,0.0,1,0,1,16000000,90,Rendah,Setujui,0.058,0,Aktif di platform 35 bulan (+7) | 3 pinjaman lancar (+15) | Tidak ada riwayat macet (+7) | Listrik 87.5% tepat waktu (+3),
L1AJN00828,L1NSB00828,PLT002,P2P Lending,2024-01-06,P2P Lending,Modal usaha,5000000,1,33,0.71,2,1,0,6.5,87.5,10,31,0,1,3384000,1,0.13,1,1,0,0,87,Rendah,Setujui,0.075,0,Aktif di platform 33 bulan (+7) | 1 pinjaman lancar (+5) | Tidak ada riwayat macet (+7) | Listrik 87.5% tepat waktu (+3),Cancel rate gig 13% (-4)
L1AJN00829,L1NSB00829,PLT001,P2P Lending,2024-10-28,P2P Lending,Konsumsi,2000000,6,2,0.71,1,1,0,3.0,95.8,0,0,0,0,0,0,0.0,0,0,0,0,68,Menengah,Setujui,0.186,0,1 pinjaman lancar (+5) | Tidak ada riwayat macet (+7) | Listrik 95.8% tepat waktu (+7),
L1AJN00830,L1NSB00830,PLT001,P2P Lending,2024-06-09,P2P Lending,Pendidikan,500000,3,30,0.96,2,2,0,0.5,95.8,22,68,0,0,0,0,0.0,0,1,0,0,95,Rendah,Setujui,0.029,0,Aktif di platform 30 bulan (+7) | On-time rate 96% (+10) | 2 pinjaman lancar (+10) | Tidak ada riwayat macet (+7),4 tanggungan (-5)
L1AJN00831,L1NSB00831,PLT003,Multifinance,2024-07-13,Multifinance,Mesin usaha,10000000,24,33,0.85,0,0,0,0.0,95.8,6,36,0,0,0,0,0.0,0,0,0,0,75,Rendah,Setujui,0.145,0,Aktif di platform 33 bulan (+7) | On-time rate 85% (+5) | Listrik 95.8% tepat waktu (+7) | Transaksi e-wallet 36/bln (+3),
L1AJN00832,L1NSB00832,PLT002,P2P Lending,2024-09-30,P2P Lending,Konsumsi,2000000,6,26,0.73,0,0,0,0.0,100.0,13,79,0,0,0,0,0.0,1,1,0,0,75,Rendah,Setujui,0.145,0,Aktif di platform 26 bulan (+7) | Listrik 100.0% tepat waktu (+7) | E-wallet aktif 13 bulan (+5) | Transaksi e-wallet 79/bln (+3),
L1AJN00833,L1NSB00833,PLT005,P2P Lending,2024-01-31,P2P Lending,Renovasi,3000000,9,23,0.64,1,1,0,1.0,70.8,10,65,0,0,0,0,0.0,0,0,0,0,72,Rendah,Setujui,0.162,0,Aktif di platform 23 bulan (+7) | 1 pinjaman lancar (+5) | Tidak ada riwayat macet (+7) | Transaksi e-wallet 65/bln (+3),
L1AJN00834,L1NSB00834,PLT001,P2P Lending,2024-09-19,P2P Lending,Renovasi,3000000,1,15,0.65,4,2,1,91.8,79.2,14,12,0,1,4567000,1,0.05,1,1,0,0,67,Menengah,Setujui,0.191,1,Aktif di platform 15 bulan (+7) | 2 pinjaman lancar (+10) | Listrik 79.2% tepat waktu (+3) | E-wallet aktif 14 bulan (+5),1 pinjaman macet (-12) | Rata-rata telat 92 hari (-10) | 5 tanggungan (-5)
L1AJN00835,L1NSB00835,PLT005,P2P Lending,2024-03-22,P2P Lending,Pendidikan,500000,6,5,0.6,2,2,0,1.5,62.5,17,63,0,0,0,0,0.0,1,0,0,0,77,Rendah,Setujui,0.133,1,2 pinjaman lancar (+10) | Tidak ada riwayat macet (+7) | E-wallet aktif 17 bulan (+5) | Transaksi e-wallet 63/bln (+3),
L1AJN00836,L1NSB00836,PLT004,Multifinance,2024-05-27,Multifinance,Motor baru,20000000,12,17,0.78,3,2,1,50.0,62.5,16,38,0,1,5416000,1,0.12,0,1,0,0,67,Menengah,Setujui,0.191,0,Aktif di platform 17 bulan (+7) | On-time rate 78% (+5) | 2 pinjaman lancar (+10) | E-wallet aktif 16 bulan (+5),1 pinjaman macet (-12) | Rata-rata telat 50 hari (-10) | Cancel rate gig 12% (-4)
L1AJN00837,L1NSB00837,PLT002,P2P Lending,2024-06-15,P2P Lending,Renovasi,2000000,3,1,0.63,0,0,0,0.0,66.7,17,14,0,1,4841000,1,0.1,1,0,0,0,69,Menengah,Setujui,0.18,0,E-wallet aktif 17 bulan (+5) | Income gig konsisten 6 bulan (+8) | Rating gig 4.9 (+5) | Punya rekening bank (+4),
L1AJN00838,L1NSB00838,PLT002,P2P Lending,2024-05-31,P2P Lending,Pendidikan,1000000,12,23,0.99,2,1,1,126.0,62.5,20,31,0,1,5827000,1,0.1,1,1,0,0,82,Rendah,Setujui,0.104,0,Aktif di platform 23 bulan (+7) | On-time rate 99% (+10) | 1 pinjaman lancar (+5) | E-wallet aktif 20 bulan (+5),1 pinjaman macet (-12) | Rata-rata telat 126 hari (-10)
L1AJN00839,L1NSB00839,PLT005,P2P Lending,2024-10-23,P2P Lending,Pendidikan,500000,9,15,0.88,4,3,0,8.5,66.7,8,72,0,0,0,0,0.0,0,0,0,0,86,Rendah,Setujui,0.081,0,Aktif di platform 15 bulan (+7) | On-time rate 88% (+5) | 3 pinjaman lancar (+15) | Tidak ada riwayat macet (+7),4 tanggungan (-5)
L1AJN00840,L1NSB00840,PLT003,Multifinance,2024-03-12,Multifinance,Motor baru,20000000,18,5,0.86,3,3,0,1.0,75.0,0,0,0,1,2124000,1,0.02,1,0,0,0,91,Rendah,Setujui,0.052,0,On-time rate 86% (+5) | 3 pinjaman lancar (+15) | Tidak ada riwayat macet (+7) | Listrik 75.0% tepat waktu (+3),
L1AJN00841,L1NSB00841,PLT003,Multifinance,2024-01-21,Multifinance,Motor bekas,7000000,36,27,0.94,1,1,0,2.0,58.3,18,26,1,1,6707000,1,0.1,1,0,0,0,91,Rendah,Setujui,0.052,0,Aktif di platform 27 bulan (+7) | On-time rate 94% (+10) | 1 pinjaman lancar (+5) | Tidak ada riwayat macet (+7),5 tanggungan (-5) | Lonjakan top-up sebelum pengajuan (-8) ⚠️
L1AJN00842,L1NSB00842,PLT002,P2P Lending,2024-06-18,P2P Lending,Renovasi,1000000,1,5,0.71,2,1,0,12.0,100.0,19,36,0,1,2704000,1,0.08,1,1,0,0,95,Rendah,Setujui,0.029,0,1 pinjaman lancar (+5) | Tidak ada riwayat macet (+7) | Listrik 100.0% tepat waktu (+7) | E-wallet aktif 19 bulan (+5),
L1AJN00843,L1NSB00843,PLT005,P2P Lending,2024-10-24,P2P Lending,Konsumsi,1000000,12,31,0.99,3,3,0,1.7,70.8,6,18,0,0,0,0,0.0,1,0,0,0,90,Rendah,Setujui,0.058,0,Aktif di platform 31 bulan (+7) | On-time rate 99% (+10) | 3 pinjaman lancar (+15) | Tidak ada riwayat macet (+7),4 tanggungan (-5)
L1AJN00844,L1NSB00844,PLT005,P2P Lending,2024-04-02,P2P Lending,Modal usaha,3000000,9,2,0.67,1,0,0,28.0,83.3,0,0,0,1,2852000,1,0.1,1,0,0,0,68,Menengah,Setujui,0.186,0,Tidak ada riwayat macet (+7) | Listrik 83.3% tepat waktu (+3) | Income gig konsisten 6 bulan (+8) | Punya rekening bank (+4),
L1AJN00845,L1NSB00845,PLT003,Multifinance,2024-10-20,Multifinance,Motor baru,20000000,18,4,0.83,4,1,0,30.2,95.8,0,0,0,0,0,0,0.0,0,1,0,0,66,Menengah,Setujui,0.197,0,On-time rate 83% (+5) | 1 pinjaman lancar (+5) | Tidak ada riwayat macet (+7) | Listrik 95.8% tepat waktu (+7),Rata-rata telat 30 hari (-10) | 4 tanggungan (-5)
L1AJN00846,L1NSB00846,PLT005,P2P Lending,2024-12-26,P2P Lending,Konsumsi,2000000,12,16,0.73,4,2,0,9.2,58.3,0,0,0,1,6715000,1,0.05,0,0,0,0,83,Rendah,Setujui,0.099,1,Aktif di platform 16 bulan (+7) | 2 pinjaman lancar (+10) | Tidak ada riwayat macet (+7) | Income gig konsisten 6 bulan (+8),5 tanggungan (-5)
L1AJN00847,L1NSB00847,PLT005,P2P Lending,2024-10-19,P2P Lending,Modal usaha,2000000,12,5,0.87,0,0,0,0.0,83.3,21,33,0,0,0,0,0.0,0,0,0,0,61,Menengah,Setujui,0.226,0,On-time rate 87% (+5) | Listrik 83.3% tepat waktu (+3) | E-wallet aktif 21 bulan (+5) | Transaksi e-wallet 33/bln (+3),4 tanggungan (-5)
L1AJN00848,L1NSB00848,PLT002,P2P Lending,2024-06-19,P2P Lending,Konsumsi,1000000,6,36,0.76,3,0,1,98.0,87.5,14,63,0,0,0,0,0.0,1,1,0,0,58,Menengah,Setujui,0.244,0,Aktif di platform 36 bulan (+7) | On-time rate 76% (+5) | Listrik 87.5% tepat waktu (+3) | E-wallet aktif 14 bulan (+5),1 pinjaman macet (-12) | Rata-rata telat 98 hari (-10)
L1AJN00849,L1NSB00849,PLT003,Multifinance,2024-07-29,Multifinance,Motor baru,15000000,12,6,0.87,3,3,0,1.0,95.8,0,0,0,0,0,0,0.0,1,1,0,0,92,Rendah,Setujui,0.046,0,On-time rate 87% (+5) | 3 pinjaman lancar (+15) | Tidak ada riwayat macet (+7) | Listrik 95.8% tepat waktu (+7),
L1AJN00850,L1NSB00850,PLT002,P2P Lending,2024-06-01,P2P Lending,Renovasi,500000,3,29,0.94,3,2,0,5.7,75.0,9,10,0,1,7010000,0,0.01,0,0,0,0,90,Rendah,Setujui,0.058,0,Aktif di platform 29 bulan (+7) | On-time rate 94% (+10) | 2 pinjaman lancar (+10) | Tidak ada riwayat macet (+7),
L1AJN00851,L1NSB00851,PLT005,P2P Lending,2024-07-01,P2P Lending,Pendidikan,1000000,6,25,0.56,1,1,0,1.0,91.7,0,0,0,0,0,0,0.0,0,1,0,0,76,Rendah,Setujui,0.139,0,Aktif di platform 25 bulan (+7) | 1 pinjaman lancar (+5) | Tidak ada riwayat macet (+7) | Listrik 91.7% tepat waktu (+7),
L1AJN00852,L1NSB00852,PLT001,P2P Lending,2024-08-04,P2P Lending,Pendidikan,1000000,9,2,0.85,2,2,0,2.0,62.5,19,32,0,1,4717000,1,0.06,0,0,0,0,92,Rendah,Setujui,0.046,0,On-time rate 85% (+5) | 2 pinjaman lancar (+10) | Tidak ada riwayat macet (+7) | E-wallet aktif 19 bulan (+5),
L1AJN00853,L1NSB00853,PLT004,Multifinance,2024-05-17,Multifinance,Motor bekas,20000000,24,7,0.72,0,0,0,0.0,66.7,18,44,0,0,0,0,0.0,1,1,0,0,64,Menengah,Setujui,0.209,1,E-wallet aktif 18 bulan (+5) | Transaksi e-wallet 44/bln (+3) | Punya rekening bank (+4) | BPJS dibayar rutin (+3),
L1AJN00854,L1NSB00854,PLT005,P2P Lending,2024-01-30,P2P Lending,Konsumsi,2000000,12,11,0.7,4,4,0,1.8,95.8,16,25,0,0,0,0,0.0,1,1,0,0,92,Rendah,Setujui,0.046,0,4 pinjaman lancar (+15) | Tidak ada riwayat macet (+7) | Listrik 95.8% tepat waktu (+7) | E-wallet aktif 16 bulan (+5),
L1AJN00855,L1NSB00855,PLT003,Multifinance,2024-04-10,Multifinance,Mesin usaha,20000000,36,35,0.77,3,3,0,1.3,79.2,13,67,0,1,4388000,1,0.03,0,0,0,0,95,Rendah,Setujui,0.029,0,Aktif di platform 35 bulan (+7) | On-time rate 77% (+5) | 3 pinjaman lancar (+15) | Tidak ada riwayat macet (+7),
L1AJN00856,L1NSB00856,PLT005,P2P Lending,2024-06-14,P2P Lending,Pendidikan,5000000,6,12,0.62,1,1,0,3.0,95.8,0,0,0,1,4159000,1,0.13,0,1,0,0,79,Rendah,Setujui,0.122,0,Aktif di platform 12 bulan (+7) | 1 pinjaman lancar (+5) | Tidak ada riwayat macet (+7) | Listrik 95.8% tepat waktu (+7),Cancel rate gig 13% (-4)
L1AJN00857,L1NSB00857,PLT003,Multifinance,2024-02-16,Multifinance,Motor baru,3000000,36,29,0.75,1,1,0,3.0,95.8,18,68,0,0,0,0,0.0,0,0,0,0,93,Rendah,Setujui,0.041,0,Aktif di platform 29 bulan (+7) | On-time rate 75% (+5) | 1 pinjaman lancar (+5) | Tidak ada riwayat macet (+7),
L1AJN00858,L1NSB00858,PLT005,P2P Lending,2024-04-10,P2P Lending,Pendidikan,2000000,6,3,0.82,0,0,0,0.0,79.2,7,76,0,1,2172000,1,0.07,1,1,0,0,80,Rendah,Setujui,0.116,0,On-time rate 82% (+5) | Listrik 79.2% tepat waktu (+3) | Transaksi e-wallet 76/bln (+3) | Income gig konsisten 6 bulan (+8),5 tanggungan (-5)
L1AJN00859,L1NSB00859,PLT003,Multifinance,2024-07-10,Multifinance,Motor baru,15000000,36,16,0.56,0,0,0,0.0,95.8,0,0,0,1,5449000,1,0.06,1,0,0,0,78,Rendah,Setujui,0.128,0,Aktif di platform 16 bulan (+7) | Listrik 95.8% tepat waktu (+7) | Income gig konsisten 6 bulan (+8) | Punya rekening bank (+4),
L1AJN00860,L1NSB00860,PLT003,Multifinance,2024-09-27,Multifinance,Motor baru,3000000,18,24,0.96,2,2,0,2.0,91.7,7,70,0,1,3175000,1,0.02,1,0,0,0,95,Rendah,Setujui,0.029,0,Aktif di platform 24 bulan (+7) | On-time rate 96% (+10) | 2 pinjaman lancar (+10) | Tidak ada riwayat macet (+7),
L1AJN00861,L1NSB00861,PLT005,P2P Lending,2024-05-07,P2P Lending,Renovasi,2000000,1,21,0.92,1,1,0,2.0,83.3,12,32,0,1,6521000,1,0.12,1,0,0,0,95,Rendah,Setujui,0.029,0,Aktif di platform 21 bulan (+7) | On-time rate 92% (+10) | 1 pinjaman lancar (+5) | Tidak ada riwayat macet (+7),Cancel rate gig 12% (-4)
L1AJN00862,L1NSB00862,PLT004,Multifinance,2024-03-31,Multifinance,Elektronik,20000000,12,15,0.76,3,2,1,73.0,100.0,15,41,0,0,0,0,0.0,1,1,0,0,68,Menengah,Setujui,0.186,0,Aktif di platform 15 bulan (+7) | On-time rate 76% (+5) | 2 pinjaman lancar (+10) | Listrik 100.0% tepat waktu (+7),1 pinjaman macet (-12) | Rata-rata telat 73 hari (-10)
L1AJN00863,L1NSB00863,PLT001,P2P Lending,2024-03-04,P2P Lending,Konsumsi,2000000,3,29,0.76,0,0,0,0.0,62.5,0,0,0,1,6032000,0,0.03,1,0,0,0,73,Rendah,Setujui,0.157,0,Aktif di platform 29 bulan (+7) | On-time rate 76% (+5) | Rating gig 5.0 (+5) | Punya rekening bank (+4),
L1AJN00864,L1NSB00864,PLT001,P2P Lending,2024-03-30,P2P Lending,Renovasi,3000000,1,27,0.95,2,0,0,46.5,87.5,20,63,0,0,0,0,0.0,1,1,0,0,81,Rendah,Setujui,0.11,1,Aktif di platform 27 bulan (+7) | On-time rate 95% (+10) | Tidak ada riwayat macet (+7) | Listrik 87.5% tepat waktu (+3),Rata-rata telat 46 hari (-10)
L1AJN00865,L1NSB00865,PLT004,Multifinance,2024-03-17,Multifinance,Mesin usaha,7000000,18,35,0.64,1,0,0,7.0,70.8,22,19,0,0,0,0,0.0,1,1,0,0,73,Rendah,Setujui,0.157,0,Aktif di platform 35 bulan (+7) | Tidak ada riwayat macet (+7) | E-wallet aktif 22 bulan (+5) | Punya rekening bank (+4),4 tanggungan (-5)
L1AJN00866,L1NSB00866,PLT003,Multifinance,2024-04-17,Multifinance,Motor baru,20000000,24,33,0.9,0,0,0,0.0,100.0,16,52,1,1,7493000,0,0.04,1,0,0,0,80,Rendah,Setujui,0.116,0,Aktif di platform 33 bulan (+7) | On-time rate 90% (+10) | Listrik 100.0% tepat waktu (+7) | E-wallet aktif 16 bulan (+5),Lonjakan top-up sebelum pengajuan (-8) ⚠️
L1AJN00867,L1NSB00867,PLT005,P2P Lending,2024-02-03,P2P Lending,Pendidikan,5000000,3,7,0.75,1,1,0,2.0,87.5,0,0,0,0,0,0,0.0,1,0,0,0,76,Rendah,Setujui,0.139,0,On-time rate 75% (+5) | 1 pinjaman lancar (+5) | Tidak ada riwayat macet (+7) | Listrik 87.5% tepat waktu (+3),
L1AJN00868,L1NSB00868,PLT004,Multifinance,2024-08-14,Multifinance,Elektronik,3000000,36,26,0.62,0,0,0,0.0,62.5,0,0,0,0,0,0,0.0,0,1,0,0,61,Menengah,Setujui,0.226,0,Aktif di platform 26 bulan (+7) | BPJS dibayar rutin (+3),
L1AJN00869,L1NSB00869,PLT005,P2P Lending,2024-04-16,P2P Lending,Renovasi,3000000,9,23,0.96,4,3,0,4.8,95.8,19,41,0,1,6914000,1,0.13,1,0,0,0,95,Rendah,Setujui,0.029,0,Aktif di platform 23 bulan (+7) | On-time rate 96% (+10) | 3 pinjaman lancar (+15) | Tidak ada riwayat macet (+7),Cancel rate gig 13% (-4)
L1AJN00870,L1NSB00870,PLT005,P2P Lending,2024-12-11,P2P Lending,Konsumsi,1000000,1,24,0.95,3,2,0,13.0,87.5,17,26,0,1,7848000,1,0.04,0,1,0,0,95,Rendah,Setujui,0.029,0,Aktif di platform 24 bulan (+7) | On-time rate 95% (+10) | 2 pinjaman lancar (+10) | Tidak ada riwayat macet (+7),
L1AJN00871,L1NSB00871,PLT001,P2P Lending,2024-08-20,P2P Lending,Modal usaha,2000000,9,33,0.92,1,1,0,3.0,79.2,24,43,1,1,0,0,0.0,0,0,0,0,81,Rendah,Setujui,0.11,1,Aktif di platform 33 bulan (+7) | On-time rate 92% (+10) | 1 pinjaman lancar (+5) | Tidak ada riwayat macet (+7),4 tanggungan (-5) | Lonjakan top-up sebelum pengajuan (-8) ⚠️
L1AJN00872,L1NSB00872,PLT002,P2P Lending,2024-05-25,P2P Lending,Renovasi,5000000,3,21,0.95,1,0,1,218.0,95.8,15,43,0,0,0,0,0.0,0,0,0,0,57,Menengah,Setujui,0.249,1,Aktif di platform 21 bulan (+7) | On-time rate 95% (+10) | Listrik 95.8% tepat waktu (+7) | E-wallet aktif 15 bulan (+5),1 pinjaman macet (-12) | Rata-rata telat 218 hari (-10) | 4 tanggungan (-5)
L1AJN00873,L1NSB00873,PLT003,Multifinance,2024-01-28,Multifinance,Motor baru,3000000,24,15,0.78,1,0,0,25.0,91.7,0,0,0,0,0,0,0.0,0,1,0,0,83,Rendah,Setujui,0.099,0,Aktif di platform 15 bulan (+7) | On-time rate 78% (+5) | Tidak ada riwayat macet (+7) | Listrik 91.7% tepat waktu (+7),
L1AJN00874,L1NSB00874,PLT005,P2P Lending,2024-06-13,P2P Lending,Modal usaha,1000000,6,32,0.61,1,1,0,2.0,58.3,0,0,0,1,5349000,1,0.06,0,0,0,0,80,Rendah,Setujui,0.116,0,Aktif di platform 32 bulan (+7) | 1 pinjaman lancar (+5) | Tidak ada riwayat macet (+7) | Income gig konsisten 6 bulan (+8),
L1AJN00875,L1NSB00875,PLT001,P2P Lending,2024-04-03,P2P Lending,Konsumsi,1000000,9,17,0.69,3,2,0,3.0,100.0,0,0,0,0,0,0,0.0,0,1,0,0,78,Rendah,Setujui,0.128,0,Aktif di platform 17 bulan (+7) | 2 pinjaman lancar (+10) | Tidak ada riwayat macet (+7) | Listrik 100.0% tepat waktu (+7),4 tanggungan (-5)
L1AJN00876,L1NSB00876,PLT001,P2P Lending,2024-12-09,P2P Lending,Renovasi,500000,9,18,0.65,1,0,0,56.0,87.5,8,64,1,0,0,0,0.0,1,1,0,0,52,Menengah,Setujui,0.278,0,Aktif di platform 18 bulan (+7) | Tidak ada riwayat macet (+7) | Listrik 87.5% tepat waktu (+3) | Transaksi e-wallet 64/bln (+3),Rata-rata telat 56 hari (-10) | 4 tanggungan (-5) | Lonjakan top-up sebelum pengajuan (-8) ⚠️
L1AJN00877,L1NSB00877,PLT004,Multifinance,2024-07-31,Multifinance,Mesin usaha,15000000,18,13,0.68,1,1,0,3.0,100.0,15,6,0,1,0,0,0.0,1,1,0,0,92,Rendah,Setujui,0.046,0,Aktif di platform 13 bulan (+7) | 1 pinjaman lancar (+5) | Tidak ada riwayat macet (+7) | Listrik 100.0% tepat waktu (+7),
L1AJN00878,L1NSB00878,PLT002,P2P Lending,2024-06-01,P2P Lending,Renovasi,5000000,9,10,0.95,2,2,0,1.5,66.7,0,0,0,0,0,0,0.0,1,1,0,0,86,Rendah,Setujui,0.081,0,On-time rate 95% (+10) | 2 pinjaman lancar (+10) | Tidak ada riwayat macet (+7) | Punya rekening bank (+4),
L1AJN00879,L1NSB00879,PLT002,P2P Lending,2024-10-09,P2P Lending,Konsumsi,5000000,12,36,0.74,3,2,1,118.7,79.2,16,16,0,1,4705000,1,0.02,0,1,0,0,68,Menengah,Setujui,0.186,0,Aktif di platform 36 bulan (+7) | 2 pinjaman lancar (+10) | Listrik 79.2% tepat waktu (+3) | E-wallet aktif 16 bulan (+5),1 pinjaman macet (-12) | Rata-rata telat 119 hari (-10)
L1AJN00880,L1NSB00880,PLT003,Multifinance,2024-03-20,Multifinance,Mesin usaha,15000000,36,32,0.86,2,2,0,1.5,70.8,23,79,0,0,0,0,0.0,1,0,0,0,90,Rendah,Setujui,0.058,0,Aktif di platform 32 bulan (+7) | On-time rate 86% (+5) | 2 pinjaman lancar (+10) | Tidak ada riwayat macet (+7),
L1AJN00881,L1NSB00881,PLT004,Multifinance,2024-09-08,Multifinance,Mesin usaha,15000000,24,28,0.58,3,2,1,104.7,66.7,9,14,0,0,0,0,0.0,0,0,1,17000000,51,Menengah,Setujui,0.284,0,Aktif di platform 28 bulan (+7) | 2 pinjaman lancar (+10) | Toko online omzet Rp 17 jt (+5),1 pinjaman macet (-12) | Rata-rata telat 105 hari (-10)
L1AJN00882,L1NSB00882,PLT004,Multifinance,2024-03-06,Multifinance,Motor bekas,10000000,12,19,0.8,3,2,0,3.7,83.3,0,0,0,1,2553000,1,0.1,1,1,0,0,95,Rendah,Setujui,0.029,0,Aktif di platform 19 bulan (+7) | On-time rate 80% (+5) | 2 pinjaman lancar (+10) | Tidak ada riwayat macet (+7),
L1AJN00883,L1NSB00883,PLT004,Multifinance,2024-12-04,Multifinance,Motor baru,7000000,36,32,0.57,1,0,0,27.0,83.3,22,66,0,0,0,0,0.0,1,0,0,0,77,Rendah,Setujui,0.133,0,Aktif di platform 32 bulan (+7) | Tidak ada riwayat macet (+7) | Listrik 83.3% tepat waktu (+3) | E-wallet aktif 22 bulan (+5),
L1AJN00884,L1NSB00884,PLT005,P2P Lending,2024-01-05,P2P Lending,Modal usaha,3000000,12,22,0.68,1,1,0,3.0,79.2,12,54,0,0,0,0,0.0,1,0,0,0,81,Rendah,Setujui,0.11,0,Aktif di platform 22 bulan (+7) | 1 pinjaman lancar (+5) | Tidak ada riwayat macet (+7) | Listrik 79.2% tepat waktu (+3),4 tanggungan (-5)
L1AJN00885,L1NSB00885,PLT003,Multifinance,2024-10-30,Multifinance,Elektronik,3000000,36,4,0.71,4,1,0,40.2,95.8,24,6,0,0,0,0,0.0,0,0,0,0,63,Menengah,Setujui,0.215,0,1 pinjaman lancar (+5) | Tidak ada riwayat macet (+7) | Listrik 95.8% tepat waktu (+7) | E-wallet aktif 24 bulan (+5),Rata-rata telat 40 hari (-10) | 4 tanggungan (-5)
L1AJN00886,L1NSB00886,PLT003,Multifinance,2024-04-04,Multifinance,Motor baru,20000000,12,27,0.71,1,1,0,0.0,70.8,17,33,0,0,0,0,0.0,1,0,0,0,75,Rendah,Setujui,0.145,1,Aktif di platform 27 bulan (+7) | 1 pinjaman lancar (+5) | Tidak ada riwayat macet (+7) | E-wallet aktif 17 bulan (+5),5 tanggungan (-5)
L1AJN00887,L1NSB00887,PLT005,P2P Lending,2024-02-01,P2P Lending,Konsumsi,5000000,9,11,0.55,2,2,0,2.0,87.5,0,0,0,0,0,0,0.0,1,0,0,0,73,Rendah,Setujui,0.157,0,2 pinjaman lancar (+10) | Tidak ada riwayat macet (+7) | Listrik 87.5% tepat waktu (+3) | Punya rekening bank (+4),
L1AJN00888,L1NSB00888,PLT004,Multifinance,2024-12-19,Multifinance,Motor baru,10000000,36,6,0.91,0,0,0,0.0,75.0,15,6,0,1,5340000,0,0.12,1,0,0,0,68,Menengah,Setujui,0.186,0,On-time rate 91% (+10) | Listrik 75.0% tepat waktu (+3) | E-wallet aktif 15 bulan (+5) | Punya rekening bank (+4),Cancel rate gig 12% (-4)
L1AJN00889,L1NSB00889,PLT004,Multifinance,2024-07-29,Multifinance,Motor bekas,10000000,12,21,0.74,2,1,0,8.5,91.7,10,34,1,0,0,0,0.0,0,0,0,0,63,Menengah,Setujui,0.215,1,Aktif di platform 21 bulan (+7) | 1 pinjaman lancar (+5) | Tidak ada riwayat macet (+7) | Listrik 91.7% tepat waktu (+7),5 tanggungan (-5) | Lonjakan top-up sebelum pengajuan (-8) ⚠️
L1AJN00890,L1NSB00890,PLT004,Multifinance,2024-09-10,Multifinance,Motor bekas,15000000,12,15,0.59,0,0,0,0.0,100.0,24,47,0,0,0,0,0.0,1,1,0,0,77,Rendah,Setujui,0.133,1,Aktif di platform 15 bulan (+7) | Listrik 100.0% tepat waktu (+7) | E-wallet aktif 24 bulan (+5) | Transaksi e-wallet 47/bln (+3),
L1AJN00891,L1NSB00891,PLT004,Multifinance,2024-09-19,Multifinance,Motor bekas,20000000,24,35,0.78,0,0,0,0.0,70.8,11,69,0,0,0,0,0.0,1,1,0,0,73,Rendah,Setujui,0.157,0,Aktif di platform 35 bulan (+7) | On-time rate 78% (+5) | Transaksi e-wallet 69/bln (+3) | Punya rekening bank (+4),
L1AJN00892,L1NSB00892,PLT005,P2P Lending,2024-04-04,P2P Lending,Renovasi,2000000,3,10,0.56,1,1,0,3.0,100.0,13,25,0,1,3792000,0,0.04,0,1,0,0,79,Rendah,Setujui,0.122,0,1 pinjaman lancar (+5) | Tidak ada riwayat macet (+7) | Listrik 100.0% tepat waktu (+7) | E-wallet aktif 13 bulan (+5),
L1AJN00893,L1NSB00893,PLT005,P2P Lending,2024-12-08,P2P Lending,Modal usaha,1000000,3,32,0.86,1,1,0,2.0,100.0,13,67,0,0,0,0,0.0,0,0,0,0,92,Rendah,Setujui,0.046,0,Aktif di platform 32 bulan (+7) | On-time rate 86% (+5) | 1 pinjaman lancar (+5) | Tidak ada riwayat macet (+7),
L1AJN00894,L1NSB00894,PLT001,P2P Lending,2024-10-10,P2P Lending,Renovasi,2000000,1,36,0.58,2,1,0,13.5,58.3,16,58,0,0,0,0,0.0,0,0,0,0,78,Rendah,Setujui,0.128,0,Aktif di platform 36 bulan (+7) | 1 pinjaman lancar (+5) | Tidak ada riwayat macet (+7) | E-wallet aktif 16 bulan (+5),
L1AJN00895,L1NSB00895,PLT001,P2P Lending,2024-07-12,P2P Lending,Renovasi,500000,6,9,0.62,1,1,0,2.0,83.3,0,0,0,0,0,0,0.0,1,1,0,0,67,Menengah,Setujui,0.191,1,1 pinjaman lancar (+5) | Tidak ada riwayat macet (+7) | Listrik 83.3% tepat waktu (+3) | Punya rekening bank (+4),5 tanggungan (-5)
L1AJN00896,L1NSB00896,PLT004,Multifinance,2024-04-30,Multifinance,Mesin usaha,7000000,18,9,0.71,2,2,0,1.0,87.5,22,35,0,1,7341000,1,0.05,0,0,0,0,94,Rendah,Setujui,0.035,0,2 pinjaman lancar (+10) | Tidak ada riwayat macet (+7) | Listrik 87.5% tepat waktu (+3) | E-wallet aktif 22 bulan (+5),
L1AJN00897,L1NSB00897,PLT005,P2P Lending,2024-02-01,P2P Lending,Renovasi,1000000,9,19,0.81,1,1,0,2.0,83.3,0,0,0,0,0,0,0.0,1,1,0,0,86,Rendah,Setujui,0.081,0,Aktif di platform 19 bulan (+7) | On-time rate 81% (+5) | 1 pinjaman lancar (+5) | Tidak ada riwayat macet (+7),
L1AJN00898,L1NSB00898,PLT002,P2P Lending,2024-12-27,P2P Lending,Renovasi,500000,9,34,0.89,0,0,0,0.0,66.7,16,39,0,0,0,0,0.0,0,1,0,0,65,Menengah,Setujui,0.203,0,Aktif di platform 34 bulan (+7) | On-time rate 89% (+5) | E-wallet aktif 16 bulan (+5) | Transaksi e-wallet 39/bln (+3),5 tanggungan (-5)
L1AJN00899,L1NSB00899,PLT003,Multifinance,2024-02-14,Multifinance,Mesin usaha,7000000,36,7,0.7,1,0,0,58.0,83.3,14,45,0,0,0,0,0.0,0,0,0,0,56,Menengah,Setujui,0.255,1,Tidak ada riwayat macet (+7) | Listrik 83.3% tepat waktu (+3) | E-wallet aktif 14 bulan (+5) | Transaksi e-wallet 45/bln (+3),Rata-rata telat 58 hari (-10)
L1AJN00900,L1NSB00900,PLT002,P2P Lending,2024-10-21,P2P Lending,Modal usaha,2000000,9,13,0.89,1,0,0,38.0,83.3,7,79,0,0,0,0,0.0,1,0,0,0,66,Menengah,Setujui,0.197,0,Aktif di platform 13 bulan (+7) | On-time rate 89% (+5) | Tidak ada riwayat macet (+7) | Listrik 83.3% tepat waktu (+3),Rata-rata telat 38 hari (-10)
L1AJN00901,L1NSB00901,PLT003,Multifinance,2024-04-12,Multifinance,Mesin usaha,7000000,18,10,0.72,2,2,0,2.5,62.5,0,0,0,1,7698000,1,0.01,0,0,0,0,82,Rendah,Setujui,0.104,0,2 pinjaman lancar (+10) | Tidak ada riwayat macet (+7) | Income gig konsisten 6 bulan (+8) | Rating gig 4.5 (+5),
L1AJN00902,L1NSB00902,PLT005,P2P Lending,2024-11-13,P2P Lending,Renovasi,500000,9,11,0.87,2,2,0,1.5,91.7,0,0,0,1,0,0,0.0,0,1,0,0,85,Rendah,Setujui,0.087,0,On-time rate 87% (+5) | 2 pinjaman lancar (+10) | Tidak ada riwayat macet (+7) | Listrik 91.7% tepat waktu (+7),
L1AJN00903,L1NSB00903,PLT003,Multifinance,2024-06-19,Multifinance,Elektronik,20000000,24,33,0.89,1,0,0,28.0,70.8,21,73,0,1,6979000,0,0.13,1,0,0,0,77,Rendah,Setujui,0.133,0,Aktif di platform 33 bulan (+7) | On-time rate 89% (+5) | Tidak ada riwayat macet (+7) | E-wallet aktif 21 bulan (+5),Cancel rate gig 13% (-4)
L1AJN00904,L1NSB00904,PLT003,Multifinance,2024-05-12,Multifinance,Motor bekas,7000000,36,6,0.99,0,0,0,0.0,87.5,24,59,0,0,0,0,0.0,1,1,0,0,79,Rendah,Setujui,0.122,0,On-time rate 99% (+10) | Listrik 87.5% tepat waktu (+3) | E-wallet aktif 24 bulan (+5) | Transaksi e-wallet 59/bln (+3),
L1AJN00905,L1NSB00905,PLT004,Multifinance,2024-10-14,Multifinance,Mesin usaha,5000000,36,17,0.77,0,0,0,0.0,100.0,18,51,0,1,6245000,1,0.06,1,0,0,0,86,Rendah,Setujui,0.081,0,Aktif di platform 17 bulan (+7) | On-time rate 77% (+5) | Listrik 100.0% tepat waktu (+7) | E-wallet aktif 18 bulan (+5),
L1AJN00906,L1NSB00906,PLT002,P2P Lending,2024-08-27,P2P Lending,Modal usaha,2000000,6,24,0.74,2,2,0,1.5,70.8,7,45,0,1,0,0,0.0,0,1,0,0,82,Rendah,Setujui,0.104,0,Aktif di platform 24 bulan (+7) | 2 pinjaman lancar (+10) | Tidak ada riwayat macet (+7) | Transaksi e-wallet 45/bln (+3),
L1AJN00907,L1NSB00907,PLT003,Multifinance,2024-05-19,Multifinance,Motor baru,10000000,12,1,0.78,2,1,0,10.5,91.7,0,0,0,0,0,0,0.0,0,0,0,0,71,Rendah,Setujui,0.168,0,On-time rate 78% (+5) | 1 pinjaman lancar (+5) | Tidak ada riwayat macet (+7) | Listrik 91.7% tepat waktu (+7),
L1AJN00908,L1NSB00908,PLT003,Multifinance,2024-11-16,Multifinance,Elektronik,15000000,24,31,0.95,2,2,0,0.5,66.7,22,59,0,1,3239000,0,0.09,1,1,0,0,95,Rendah,Setujui,0.029,0,Aktif di platform 31 bulan (+7) | On-time rate 95% (+10) | 2 pinjaman lancar (+10) | Tidak ada riwayat macet (+7),
L1AJN00909,L1NSB00909,PLT002,P2P Lending,2024-08-05,P2P Lending,Konsumsi,5000000,1,9,0.58,3,3,0,1.0,62.5,7,77,0,0,0,0,0.0,0,1,0,0,79,Rendah,Setujui,0.122,0,3 pinjaman lancar (+15) | Tidak ada riwayat macet (+7) | Transaksi e-wallet 77/bln (+3) | BPJS dibayar rutin (+3),
L1AJN00910,L1NSB00910,PLT003,Multifinance,2024-01-29,Multifinance,Elektronik,3000000,12,2,0.68,2,1,1,60.0,79.2,24,12,0,0,0,0,0.0,1,0,1,8000000,47,Tinggi,Tolak,0.307,1,1 pinjaman lancar (+5) | Listrik 79.2% tepat waktu (+3) | E-wallet aktif 24 bulan (+5) | Punya rekening bank (+4),1 pinjaman macet (-12) | Rata-rata telat 60 hari (-10) | 5 tanggungan (-5)
L1AJN00911,L1NSB00911,PLT005,P2P Lending,2024-03-24,P2P Lending,Renovasi,2000000,12,4,0.61,2,2,0,0.5,95.8,18,78,0,1,6042000,1,0.04,1,0,0,0,93,Rendah,Setujui,0.041,0,2 pinjaman lancar (+10) | Tidak ada riwayat macet (+7) | Listrik 95.8% tepat waktu (+7) | E-wallet aktif 18 bulan (+5),
L1AJN00912,L1NSB00912,PLT002,P2P Lending,2024-02-28,P2P Lending,Konsumsi,1000000,6,18,0.58,3,2,0,8.7,100.0,0,0,0,1,3147000,1,0.03,1,0,0,0,95,Rendah,Setujui,0.029,0,Aktif di platform 18 bulan (+7) | 2 pinjaman lancar (+10) | Tidak ada riwayat macet (+7) | Listrik 100.0% tepat waktu (+7),
L1AJN00913,L1NSB00913,PLT002,P2P Lending,2024-04-26,P2P Lending,Renovasi,5000000,1,11,0.62,0,0,0,0.0,62.5,0,0,0,0,0,0,0.0,0,1,0,0,52,Menengah,Setujui,0.278,1,BPJS dibayar rutin (+3),
L1AJN00914,L1NSB00914,PLT002,P2P Lending,2024-07-24,P2P Lending,Modal usaha,500000,12,4,0.79,1,0,0,5.0,95.8,24,41,0,0,0,0,0.0,0,1,0,0,73,Rendah,Setujui,0.157,1,On-time rate 79% (+5) | Tidak ada riwayat macet (+7) | Listrik 95.8% tepat waktu (+7) | E-wallet aktif 24 bulan (+5),4 tanggungan (-5)
L1AJN00915,L1NSB00915,PLT002,P2P Lending,2024-03-07,P2P Lending,Konsumsi,5000000,1,29,0.92,1,1,0,2.0,79.2,20,58,0,1,4672000,1,0.08,1,0,0,0,95,Rendah,Setujui,0.029,0,Aktif di platform 29 bulan (+7) | On-time rate 92% (+10) | 1 pinjaman lancar (+5) | Tidak ada riwayat macet (+7),
L1AJN00916,L1NSB00916,PLT005,P2P Lending,2024-09-09,P2P Lending,Renovasi,2000000,12,28,0.81,3,2,0,31.3,100.0,21,75,0,0,0,0,0.0,1,1,0,0,88,Rendah,Setujui,0.07,0,Aktif di platform 28 bulan (+7) | On-time rate 81% (+5) | 2 pinjaman lancar (+10) | Tidak ada riwayat macet (+7),Rata-rata telat 31 hari (-10)
L1AJN00917,L1NSB00917,PLT001,P2P Lending,2024-01-24,P2P Lending,Renovasi,1000000,12,14,0.89,1,0,0,39.0,70.8,0,0,0,1,0,0,0.0,0,0,0,0,57,Menengah,Setujui,0.249,0,Aktif di platform 14 bulan (+7) | On-time rate 89% (+5) | Tidak ada riwayat macet (+7),Rata-rata telat 39 hari (-10)
L1AJN00918,L1NSB00918,PLT005,P2P Lending,2024-01-04,P2P Lending,Pendidikan,500000,3,7,0.6,1,0,1,143.0,75.0,13,70,0,0,0,0,0.0,0,0,0,0,38,Tinggi,Tolak,0.36,1,Listrik 75.0% tepat waktu (+3) | E-wallet aktif 13 bulan (+5) | Transaksi e-wallet 70/bln (+3),1 pinjaman macet (-12) | Rata-rata telat 143 hari (-10)
L1AJN00919,L1NSB00919,PLT002,P2P Lending,2024-09-29,P2P Lending,Pendidikan,2000000,1,30,0.94,1,1,0,3.0,83.3,21,70,0,0,0,0,0.0,1,1,0,0,94,Rendah,Setujui,0.035,0,Aktif di platform 30 bulan (+7) | On-time rate 94% (+10) | 1 pinjaman lancar (+5) | Tidak ada riwayat macet (+7),
L1AJN00920,L1NSB00920,PLT004,Multifinance,2024-10-19,Multifinance,Motor baru,3000000,12,24,0.56,0,0,0,0.0,87.5,7,24,0,0,0,0,0.0,1,1,0,0,69,Menengah,Setujui,0.18,0,Aktif di platform 24 bulan (+7) | Listrik 87.5% tepat waktu (+3) | Transaksi e-wallet 24/bln (+3) | Punya rekening bank (+4),
L1AJN00921,L1NSB00921,PLT001,P2P Lending,2024-05-10,P2P Lending,Pendidikan,3000000,3,26,0.82,0,0,0,0.0,83.3,0,0,0,0,0,0,0.0,0,0,0,0,62,Menengah,Setujui,0.22,0,Aktif di platform 26 bulan (+7) | On-time rate 82% (+5) | Listrik 83.3% tepat waktu (+3),
L1AJN00922,L1NSB00922,PLT002,P2P Lending,2024-09-30,P2P Lending,Renovasi,1000000,3,22,0.73,0,0,0,0.0,100.0,0,0,0,0,0,0,0.0,0,0,1,15000000,70,Rendah,Setujui,0.174,0,Aktif di platform 22 bulan (+7) | Listrik 100.0% tepat waktu (+7) | Toko online omzet Rp 15 jt (+5),
L1AJN00923,L1NSB00923,PLT002,P2P Lending,2024-03-05,P2P Lending,Modal usaha,2000000,1,12,0.69,1,1,0,2.0,95.8,0,0,0,0,0,0,0.0,0,0,0,0,73,Rendah,Setujui,0.157,1,Aktif di platform 12 bulan (+7) | 1 pinjaman lancar (+5) | Tidak ada riwayat macet (+7) | Listrik 95.8% tepat waktu (+7),
L1AJN00924,L1NSB00924,PLT005,P2P Lending,2024-01-21,P2P Lending,Konsumsi,500000,1,31,0.68,1,0,0,13.0,70.8,0,0,0,0,0,0,0.0,1,0,0,0,67,Menengah,Setujui,0.191,0,Aktif di platform 31 bulan (+7) | Tidak ada riwayat macet (+7) | Punya rekening bank (+4),
L1AJN00925,L1NSB00925,PLT004,Multifinance,2024-07-22,Multifinance,Elektronik,10000000,12,9,0.92,2,2,0,3.0,83.3,22,73,0,0,0,0,0.0,0,0,0,0,86,Rendah,Setujui,0.081,0,On-time rate 92% (+10) | 2 pinjaman lancar (+10) | Tidak ada riwayat macet (+7) | Listrik 83.3% tepat waktu (+3),
L1AJN00926,L1NSB00926,PLT005,P2P Lending,2024-05-15,P2P Lending,Renovasi,1000000,3,32,0.74,2,2,0,1.0,87.5,17,18,0,0,0,0,0.0,0,0,0,0,83,Rendah,Setujui,0.099,0,Aktif di platform 32 bulan (+7) | 2 pinjaman lancar (+10) | Tidak ada riwayat macet (+7) | Listrik 87.5% tepat waktu (+3),
L1AJN00927,L1NSB00927,PLT003,Multifinance,2024-06-15,Multifinance,Elektronik,15000000,36,26,0.7,3,1,0,34.7,70.8,19,68,1,1,7651000,0,0.1,0,0,0,0,60,Menengah,Setujui,0.232,0,Aktif di platform 26 bulan (+7) | 1 pinjaman lancar (+5) | Tidak ada riwayat macet (+7) | E-wallet aktif 19 bulan (+5),Rata-rata telat 35 hari (-10) | Lonjakan top-up sebelum pengajuan (-8) ⚠️
L1AJN00928,L1NSB00928,PLT003,Multifinance,2024-11-19,Multifinance,Mesin usaha,20000000,24,17,0.9,2,1,0,10.0,70.8,7,27,0,0,0,0,0.0,0,1,0,0,89,Rendah,Setujui,0.064,0,Aktif di platform 17 bulan (+7) | On-time rate 90% (+10) | 1 pinjaman lancar (+5) | Tidak ada riwayat macet (+7),
L1AJN00929,L1NSB00929,PLT003,Multifinance,2024-09-24,Multifinance,Motor bekas,20000000,36,26,0.75,1,1,0,2.0,95.8,0,0,0,0,0,0,0.0,0,1,0,0,82,Rendah,Setujui,0.104,0,Aktif di platform 26 bulan (+7) | On-time rate 75% (+5) | 1 pinjaman lancar (+5) | Tidak ada riwayat macet (+7),
L1AJN00930,L1NSB00930,PLT004,Multifinance,2024-08-21,Multifinance,Elektronik,10000000,36,28,0.98,1,0,1,250.0,87.5,16,14,0,0,0,0,0.0,1,1,0,0,58,Menengah,Setujui,0.244,0,Aktif di platform 28 bulan (+7) | On-time rate 98% (+10) | Listrik 87.5% tepat waktu (+3) | E-wallet aktif 16 bulan (+5),1 pinjaman macet (-12) | Rata-rata telat 250 hari (-10)
L1AJN00931,L1NSB00931,PLT003,Multifinance,2024-02-15,Multifinance,Motor bekas,20000000,24,12,0.72,2,1,1,146.5,100.0,10,64,0,0,0,0,0.0,0,0,0,0,48,Tinggi,Tolak,0.302,1,Aktif di platform 12 bulan (+7) | 1 pinjaman lancar (+5) | Listrik 100.0% tepat waktu (+7) | Transaksi e-wallet 64/bln (+3),1 pinjaman macet (-12) | Rata-rata telat 146 hari (-10)
L1AJN00932,L1NSB00932,PLT005,P2P Lending,2024-08-26,P2P Lending,Konsumsi,3000000,6,30,0.89,3,2,0,13.3,70.8,20,37,0,0,0,0,0.0,0,1,0,0,92,Rendah,Setujui,0.046,0,Aktif di platform 30 bulan (+7) | On-time rate 89% (+5) | 2 pinjaman lancar (+10) | Tidak ada riwayat macet (+7),
L1AJN00933,L1NSB00933,PLT003,Multifinance,2024-01-04,Multifinance,Mesin usaha,7000000,18,19,0.62,3,2,0,4.7,66.7,0,0,0,0,0,0,0.0,0,0,0,0,72,Rendah,Setujui,0.162,0,Aktif di platform 19 bulan (+7) | 2 pinjaman lancar (+10) | Tidak ada riwayat macet (+7),
L1AJN00934,L1NSB00934,PLT001,P2P Lending,2024-02-02,P2P Lending,Konsumsi,1000000,9,3,0.66,0,0,0,0.0,70.8,24,40,0,1,0,0,0.0,0,0,0,0,59,Menengah,Setujui,0.238,0,E-wallet aktif 24 bulan (+5) | Transaksi e-wallet 40/bln (+3),
L1AJN00935,L1NSB00935,PLT003,Multifinance,2024-07-08,Multifinance,Motor baru,3000000,36,16,0.89,2,2,0,0.5,79.2,24,37,0,0,0,0,0.0,1,0,0,0,92,Rendah,Setujui,0.046,0,Aktif di platform 16 bulan (+7) | On-time rate 89% (+5) | 2 pinjaman lancar (+10) | Tidak ada riwayat macet (+7),
L1AJN00936,L1NSB00936,PLT003,Multifinance,2024-09-04,Multifinance,Motor baru,10000000,36,33,0.74,0,0,0,0.0,58.3,0,0,0,1,0,0,0.0,1,1,0,0,62,Menengah,Setujui,0.22,0,Aktif di platform 33 bulan (+7) | Punya rekening bank (+4) | BPJS dibayar rutin (+3),5 tanggungan (-5)
L1AJN00937,L1NSB00937,PLT001,P2P Lending,2024-05-12,P2P Lending,Modal usaha,500000,3,13,0.91,2,2,0,2.5,87.5,12,46,0,0,0,0,0.0,1,1,0,0,95,Rendah,Setujui,0.029,0,Aktif di platform 13 bulan (+7) | On-time rate 91% (+10) | 2 pinjaman lancar (+10) | Tidak ada riwayat macet (+7),
L1AJN00938,L1NSB00938,PLT003,Multifinance,2024-10-10,Multifinance,Motor baru,7000000,24,28,0.72,3,3,0,2.0,91.7,24,60,0,1,7555000,0,0.07,0,0,0,0,91,Rendah,Setujui,0.052,0,Aktif di platform 28 bulan (+7) | 3 pinjaman lancar (+15) | Tidak ada riwayat macet (+7) | Listrik 91.7% tepat waktu (+7),
L1AJN00939,L1NSB00939,PLT002,P2P Lending,2024-10-15,P2P Lending,Pendidikan,1000000,3,9,0.59,0,0,0,0.0,100.0,22,73,0,1,4461000,1,0.08,1,0,0,0,85,Rendah,Setujui,0.087,0,Listrik 100.0% tepat waktu (+7) | E-wallet aktif 22 bulan (+5) | Transaksi e-wallet 73/bln (+3) | Income gig konsisten 6 bulan (+8),
L1AJN00940,L1NSB00940,PLT005,P2P Lending,2024-08-13,P2P Lending,Pendidikan,1000000,1,22,0.56,2,2,0,0.5,62.5,12,36,0,0,0,0,0.0,1,0,0,0,82,Rendah,Setujui,0.104,0,Aktif di platform 22 bulan (+7) | 2 pinjaman lancar (+10) | Tidak ada riwayat macet (+7) | E-wallet aktif 12 bulan (+5),4 tanggungan (-5)
L1AJN00941,L1NSB00941,PLT004,Multifinance,2024-08-07,Multifinance,Motor bekas,7000000,24,35,0.84,2,1,0,16.5,75.0,12,56,0,0,0,0,0.0,0,1,0,0,80,Rendah,Setujui,0.116,0,Aktif di platform 35 bulan (+7) | On-time rate 84% (+5) | 1 pinjaman lancar (+5) | Tidak ada riwayat macet (+7),5 tanggungan (-5)
L1AJN00942,L1NSB00942,PLT004,Multifinance,2024-08-05,Multifinance,Mesin usaha,10000000,18,14,0.69,0,0,0,0.0,83.3,13,9,1,1,7149000,1,0.04,0,1,0,0,71,Rendah,Setujui,0.168,0,Aktif di platform 14 bulan (+7) | Listrik 83.3% tepat waktu (+3) | E-wallet aktif 13 bulan (+5) | Income gig konsisten 6 bulan (+8),Lonjakan top-up sebelum pengajuan (-8) ⚠️
L1AJN00943,L1NSB00943,PLT005,P2P Lending,2024-08-21,P2P Lending,Renovasi,500000,9,19,0.78,3,3,0,0.7,83.3,15,5,0,0,0,0,0.0,0,0,0,0,95,Rendah,Setujui,0.029,0,Aktif di platform 19 bulan (+7) | On-time rate 78% (+5) | 3 pinjaman lancar (+15) | Tidak ada riwayat macet (+7),
L1AJN00944,L1NSB00944,PLT001,P2P Lending,2024-12-30,P2P Lending,Konsumsi,5000000,12,19,0.91,3,3,0,0.3,91.7,0,0,0,0,0,0,0.0,1,1,0,0,95,Rendah,Setujui,0.029,0,Aktif di platform 19 bulan (+7) | On-time rate 91% (+10) | 3 pinjaman lancar (+15) | Tidak ada riwayat macet (+7),
L1AJN00945,L1NSB00945,PLT004,Multifinance,2024-01-19,Multifinance,Elektronik,3000000,18,24,0.87,0,0,0,0.0,62.5,11,54,0,0,0,0,0.0,1,1,0,0,71,Rendah,Setujui,0.168,0,Aktif di platform 24 bulan (+7) | On-time rate 87% (+5) | Transaksi e-wallet 54/bln (+3) | Punya rekening bank (+4),
L1AJN00946,L1NSB00946,PLT004,Multifinance,2024-11-28,Multifinance,Elektronik,3000000,24,30,0.62,3,2,0,1.3,100.0,10,44,1,0,0,0,0.0,0,1,0,0,78,Rendah,Setujui,0.128,1,Aktif di platform 30 bulan (+7) | 2 pinjaman lancar (+10) | Tidak ada riwayat macet (+7) | Listrik 100.0% tepat waktu (+7),Lonjakan top-up sebelum pengajuan (-8) ⚠️
L1AJN00947,L1NSB00947,PLT004,Multifinance,2024-10-15,Multifinance,Elektronik,10000000,12,27,0.91,1,1,0,0.0,95.8,8,60,0,1,3743000,1,0.12,1,0,0,0,95,Rendah,Setujui,0.029,0,Aktif di platform 27 bulan (+7) | On-time rate 91% (+10) | 1 pinjaman lancar (+5) | Tidak ada riwayat macet (+7),Cancel rate gig 12% (-4)
L1AJN00948,L1NSB00948,PLT001,P2P Lending,2024-12-02,P2P Lending,Konsumsi,1000000,3,31,0.66,2,2,0,1.5,70.8,6,64,0,0,0,0,0.0,0,1,0,0,80,Rendah,Setujui,0.116,1,Aktif di platform 31 bulan (+7) | 2 pinjaman lancar (+10) | Tidak ada riwayat macet (+7) | Transaksi e-wallet 64/bln (+3),
L1AJN00949,L1NSB00949,PLT002,P2P Lending,2024-07-26,P2P Lending,Renovasi,3000000,9,24,0.66,3,3,0,1.0,79.2,0,0,0,0,0,0,0.0,1,0,0,0,82,Rendah,Setujui,0.104,0,Aktif di platform 24 bulan (+7) | 3 pinjaman lancar (+15) | Tidak ada riwayat macet (+7) | Listrik 79.2% tepat waktu (+3),
L1AJN00950,L1NSB00950,PLT001,P2P Lending,2024-08-26,P2P Lending,Renovasi,2000000,1,16,0.9,2,0,0,26.0,95.8,24,45,0,0,0,0,0.0,0,1,0,0,92,Rendah,Setujui,0.046,0,Aktif di platform 16 bulan (+7) | On-time rate 90% (+10) | Tidak ada riwayat macet (+7) | Listrik 95.8% tepat waktu (+7),
L1AJN00951,L1NSB00951,PLT002,P2P Lending,2024-01-06,P2P Lending,Renovasi,5000000,12,3,0.8,2,1,1,165.0,91.7,22,75,0,0,0,0,0.0,1,0,0,0,54,Menengah,Setujui,0.267,1,On-time rate 80% (+5) | 1 pinjaman lancar (+5) | Listrik 91.7% tepat waktu (+7) | E-wallet aktif 22 bulan (+5),1 pinjaman macet (-12) | Rata-rata telat 165 hari (-10) | 4 tanggungan (-5)
L1AJN00952,L1NSB00952,PLT003,Multifinance,2024-08-29,Multifinance,Motor bekas,3000000,18,35,0.82,0,0,0,0.0,79.2,9,25,0,0,0,0,0.0,1,0,0,0,64,Menengah,Setujui,0.209,1,Aktif di platform 35 bulan (+7) | On-time rate 82% (+5) | Listrik 79.2% tepat waktu (+3) | Transaksi e-wallet 25/bln (+3),4 tanggungan (-5)
L1AJN00953,L1NSB00953,PLT003,Multifinance,2024-08-15,Multifinance,Motor baru,7000000,36,29,0.63,3,3,0,0.0,70.8,0,0,0,0,0,0,0.0,0,0,0,0,77,Rendah,Setujui,0.133,0,Aktif di platform 29 bulan (+7) | 3 pinjaman lancar (+15) | Tidak ada riwayat macet (+7),4 tanggungan (-5)
L1AJN00954,L1NSB00954,PLT002,P2P Lending,2024-12-15,P2P Lending,Konsumsi,3000000,6,16,0.78,0,0,0,0.0,75.0,0,0,0,0,0,0,0.0,0,0,0,0,57,Menengah,Setujui,0.249,1,Aktif di platform 16 bulan (+7) | On-time rate 78% (+5) | Listrik 75.0% tepat waktu (+3),4 tanggungan (-5)
L1AJN00955,L1NSB00955,PLT002,P2P Lending,2024-06-20,P2P Lending,Renovasi,500000,3,29,0.88,2,2,0,1.5,70.8,15,42,0,0,0,0,0.0,0,0,0,0,91,Rendah,Setujui,0.052,0,Aktif di platform 29 bulan (+7) | On-time rate 88% (+5) | 2 pinjaman lancar (+10) | Tidak ada riwayat macet (+7),
L1AJN00956,L1NSB00956,PLT003,Multifinance,2024-11-28,Multifinance,Elektronik,5000000,36,24,0.92,1,1,0,1.0,91.7,17,72,0,1,4865000,1,0.02,1,0,0,0,95,Rendah,Setujui,0.029,0,Aktif di platform 24 bulan (+7) | On-time rate 92% (+10) | 1 pinjaman lancar (+5) | Tidak ada riwayat macet (+7),
L1AJN00957,L1NSB00957,PLT002,P2P Lending,2024-02-28,P2P Lending,Renovasi,1000000,12,25,0.85,0,0,0,0.0,79.2,0,0,0,1,0,0,0.0,1,0,0,0,66,Menengah,Setujui,0.197,0,Aktif di platform 25 bulan (+7) | On-time rate 85% (+5) | Listrik 79.2% tepat waktu (+3) | Punya rekening bank (+4),
L1AJN00958,L1NSB00958,PLT005,P2P Lending,2024-05-26,P2P Lending,Pendidikan,1000000,12,10,0.76,3,2,0,26.7,70.8,16,79,0,0,0,0,0.0,1,0,0,0,85,Rendah,Setujui,0.087,0,On-time rate 76% (+5) | 2 pinjaman lancar (+10) | Tidak ada riwayat macet (+7) | E-wallet aktif 16 bulan (+5),
L1AJN00959,L1NSB00959,PLT004,Multifinance,2024-12-03,Multifinance,Elektronik,3000000,24,5,0.97,2,0,0,36.5,79.2,13,77,0,1,3559000,0,0.11,0,1,0,0,69,Menengah,Setujui,0.18,0,On-time rate 97% (+10) | Tidak ada riwayat macet (+7) | Listrik 79.2% tepat waktu (+3) | E-wallet aktif 13 bulan (+5),Rata-rata telat 36 hari (-10) | Cancel rate gig 11% (-4)
L1AJN00960,L1NSB00960,PLT001,P2P Lending,2024-09-19,P2P Lending,Pendidikan,1000000,6,15,0.91,0,0,0,0.0,83.3,12,66,0,0,0,0,0.0,0,1,0,0,85,Rendah,Setujui,0.087,1,Aktif di platform 15 bulan (+7) | On-time rate 91% (+10) | Listrik 83.3% tepat waktu (+3) | E-wallet aktif 12 bulan (+5),
L1AJN00961,L1NSB00961,PLT005,P2P Lending,2024-12-11,P2P Lending,Renovasi,500000,9,4,0.94,3,2,0,3.3,70.8,14,18,0,0,0,0,0.0,0,0,0,0,80,Rendah,Setujui,0.116,0,On-time rate 94% (+10) | 2 pinjaman lancar (+10) | Tidak ada riwayat macet (+7) | E-wallet aktif 14 bulan (+5),5 tanggungan (-5)
L1AJN00962,L1NSB00962,PLT002,P2P Lending,2024-07-05,P2P Lending,Renovasi,1000000,12,3,0.75,0,0,0,0.0,70.8,23,79,0,0,0,0,0.0,0,1,0,0,60,Menengah,Setujui,0.232,0,On-time rate 75% (+5) | E-wallet aktif 23 bulan (+5) | Transaksi e-wallet 79/bln (+3) | BPJS dibayar rutin (+3),5 tanggungan (-5)
L1AJN00963,L1NSB00963,PLT002,P2P Lending,2024-04-18,P2P Lending,Modal usaha,500000,1,15,0.62,2,1,0,14.0,58.3,10,60,0,1,0,0,0.0,1,1,0,0,73,Rendah,Setujui,0.157,0,Aktif di platform 15 bulan (+7) | 1 pinjaman lancar (+5) | Tidak ada riwayat macet (+7) | Transaksi e-wallet 60/bln (+3),4 tanggungan (-5)
L1AJN00964,L1NSB00964,PLT002,P2P Lending,2024-09-13,P2P Lending,Konsumsi,2000000,12,31,0.98,2,1,0,13.5,75.0,23,13,0,0,0,0,0.0,0,0,0,0,88,Rendah,Setujui,0.07,0,Aktif di platform 31 bulan (+7) | On-time rate 98% (+10) | 1 pinjaman lancar (+5) | Tidak ada riwayat macet (+7),
L1AJN00965,L1NSB00965,PLT004,Multifinance,2024-09-26,Multifinance,Motor baru,3000000,12,30,0.68,0,0,0,0.0,83.3,17,35,0,0,0,0,0.0,1,0,0,0,74,Rendah,Setujui,0.151,0,Aktif di platform 30 bulan (+7) | Listrik 83.3% tepat waktu (+3) | E-wallet aktif 17 bulan (+5) | Transaksi e-wallet 35/bln (+3),
L1AJN00966,L1NSB00966,PLT005,P2P Lending,2024-02-09,P2P Lending,Renovasi,500000,1,35,0.57,1,0,0,7.0,75.0,6,16,0,0,0,0,0.0,1,1,0,0,68,Menengah,Setujui,0.186,0,Aktif di platform 35 bulan (+7) | Tidak ada riwayat macet (+7) | Listrik 75.0% tepat waktu (+3) | Punya rekening bank (+4),5 tanggungan (-5)
L1AJN00967,L1NSB00967,PLT004,Multifinance,2024-04-21,Multifinance,Elektronik,10000000,36,32,0.7,3,2,0,30.3,83.3,0,0,0,1,7732000,1,0.02,1,1,0,0,81,Rendah,Setujui,0.11,0,Aktif di platform 32 bulan (+7) | 2 pinjaman lancar (+10) | Tidak ada riwayat macet (+7) | Listrik 83.3% tepat waktu (+3),Rata-rata telat 30 hari (-10) | 4 tanggungan (-5)
L1AJN00968,L1NSB00968,PLT001,P2P Lending,2024-09-22,P2P Lending,Modal usaha,2000000,1,33,0.93,0,0,0,0.0,58.3,21,62,1,0,0,0,0.0,1,1,0,0,70,Rendah,Setujui,0.174,0,Aktif di platform 33 bulan (+7) | On-time rate 93% (+10) | E-wallet aktif 21 bulan (+5) | Transaksi e-wallet 62/bln (+3),Lonjakan top-up sebelum pengajuan (-8) ⚠️
L1AJN00969,L1NSB00969,PLT002,P2P Lending,2024-06-20,P2P Lending,Renovasi,500000,1,26,0.87,2,1,0,5.5,62.5,24,17,0,0,0,0,0.0,1,1,0,0,78,Rendah,Setujui,0.128,0,Aktif di platform 26 bulan (+7) | On-time rate 87% (+5) | 1 pinjaman lancar (+5) | Tidak ada riwayat macet (+7),5 tanggungan (-5)
L1AJN00970,L1NSB00970,PLT004,Multifinance,2024-04-02,Multifinance,Motor bekas,15000000,36,17,0.78,3,3,0,2.0,100.0,11,18,0,0,0,0,0.0,0,0,0,0,87,Rendah,Setujui,0.075,0,Aktif di platform 17 bulan (+7) | On-time rate 78% (+5) | 3 pinjaman lancar (+15) | Tidak ada riwayat macet (+7),
L1AJN00971,L1NSB00971,PLT004,Multifinance,2024-05-02,Multifinance,Motor baru,7000000,24,27,0.8,0,0,0,0.0,58.3,11,34,0,0,0,0,0.0,0,1,0,0,72,Rendah,Setujui,0.162,0,Aktif di platform 27 bulan (+7) | On-time rate 80% (+5) | Transaksi e-wallet 34/bln (+3) | BPJS dibayar rutin (+3),
L1AJN00972,L1NSB00972,PLT003,Multifinance,2024-08-24,Multifinance,Motor bekas,7000000,18,17,0.84,2,1,0,30.0,66.7,19,62,0,1,5408000,1,0.02,0,0,0,0,88,Rendah,Setujui,0.07,0,Aktif di platform 17 bulan (+7) | On-time rate 84% (+5) | 1 pinjaman lancar (+5) | Tidak ada riwayat macet (+7),
L1AJN00973,L1NSB00973,PLT003,Multifinance,2024-06-21,Multifinance,Elektronik,3000000,24,21,0.91,4,2,0,32.0,79.2,14,78,0,1,1711000,1,0.02,1,1,0,0,95,Rendah,Setujui,0.029,0,Aktif di platform 21 bulan (+7) | On-time rate 91% (+10) | 2 pinjaman lancar (+10) | Tidak ada riwayat macet (+7),Rata-rata telat 32 hari (-10)
L1AJN00974,L1NSB00974,PLT005,P2P Lending,2024-10-23,P2P Lending,Pendidikan,1000000,12,22,0.93,1,1,0,0.0,95.8,12,63,0,0,0,0,0.0,1,0,0,0,95,Rendah,Setujui,0.029,0,Aktif di platform 22 bulan (+7) | On-time rate 93% (+10) | 1 pinjaman lancar (+5) | Tidak ada riwayat macet (+7),
L1AJN00975,L1NSB00975,PLT004,Multifinance,2024-07-28,Multifinance,Motor baru,7000000,36,20,0.57,0,0,0,0.0,75.0,14,75,1,0,0,0,0.0,1,0,0,0,61,Menengah,Setujui,0.226,0,Aktif di platform 20 bulan (+7) | Listrik 75.0% tepat waktu (+3) | E-wallet aktif 14 bulan (+5) | Transaksi e-wallet 75/bln (+3),Lonjakan top-up sebelum pengajuan (-8) ⚠️
L1AJN00976,L1NSB00976,PLT005,P2P Lending,2024-09-24,P2P Lending,Konsumsi,5000000,1,5,0.8,1,0,1,292.0,58.3,13,20,0,0,0,0,0.0,1,1,0,0,40,Tinggi,Tolak,0.348,0,On-time rate 80% (+5) | E-wallet aktif 13 bulan (+5) | Transaksi e-wallet 20/bln (+3) | Punya rekening bank (+4),1 pinjaman macet (-12) | Rata-rata telat 292 hari (-10) | 4 tanggungan (-5)
L1AJN00977,L1NSB00977,PLT002,P2P Lending,2024-11-26,P2P Lending,Renovasi,3000000,12,30,0.81,1,1,0,3.0,100.0,0,0,0,0,0,0,0.0,1,1,0,0,80,Rendah,Setujui,0.116,0,Aktif di platform 30 bulan (+7) | On-time rate 81% (+5) | 1 pinjaman lancar (+5) | Tidak ada riwayat macet (+7),5 tanggungan (-5)
L1AJN00978,L1NSB00978,PLT001,P2P Lending,2024-09-12,P2P Lending,Konsumsi,500000,12,32,0.71,2,1,0,35.5,70.8,21,78,0,1,2441000,1,0.08,0,1,0,0,78,Rendah,Setujui,0.128,0,Aktif di platform 32 bulan (+7) | 1 pinjaman lancar (+5) | Tidak ada riwayat macet (+7) | E-wallet aktif 21 bulan (+5),Rata-rata telat 36 hari (-10) | 4 tanggungan (-5)
L1AJN00979,L1NSB00979,PLT005,P2P Lending,2024-12-11,P2P Lending,Renovasi,2000000,3,5,0.86,4,3,0,17.5,58.3,20,76,0,1,3493000,1,0.02,1,0,0,0,95,Rendah,Setujui,0.029,0,On-time rate 86% (+5) | 3 pinjaman lancar (+15) | Tidak ada riwayat macet (+7) | E-wallet aktif 20 bulan (+5),
L1AJN00980,L1NSB00980,PLT005,P2P Lending,2024-03-30,P2P Lending,Konsumsi,500000,6,5,0.6,0,0,0,0.0,70.8,21,63,0,1,1516000,0,0.05,0,1,0,0,66,Menengah,Setujui,0.197,1,E-wallet aktif 21 bulan (+5) | Transaksi e-wallet 63/bln (+3) | Rating gig 4.5 (+5) | BPJS dibayar rutin (+3),
L1AJN00981,L1NSB00981,PLT003,Multifinance,2024-03-03,Multifinance,Mesin usaha,10000000,24,2,0.81,1,0,0,23.0,66.7,9,57,0,0,0,0,0.0,1,0,0,0,66,Menengah,Setujui,0.197,0,On-time rate 81% (+5) | Tidak ada riwayat macet (+7) | Transaksi e-wallet 57/bln (+3) | Punya rekening bank (+4),
L1AJN00982,L1NSB00982,PLT003,Multifinance,2024-08-30,Multifinance,Elektronik,10000000,24,30,0.89,1,1,0,1.0,87.5,0,0,0,0,0,0,0.0,1,1,0,0,83,Rendah,Setujui,0.099,0,Aktif di platform 30 bulan (+7) | On-time rate 89% (+5) | 1 pinjaman lancar (+5) | Tidak ada riwayat macet (+7),
L1AJN00983,L1NSB00983,PLT002,P2P Lending,2024-07-23,P2P Lending,Modal usaha,1000000,1,20,0.8,1,1,0,1.0,66.7,0,0,0,0,0,0,0.0,1,0,0,0,74,Rendah,Setujui,0.151,0,Aktif di platform 20 bulan (+7) | On-time rate 80% (+5) | 1 pinjaman lancar (+5) | Tidak ada riwayat macet (+7),
L1AJN00984,L1NSB00984,PLT001,P2P Lending,2024-05-12,P2P Lending,Modal usaha,1000000,12,15,0.75,1,0,0,10.0,62.5,0,0,0,0,0,0,0.0,0,0,0,0,63,Menengah,Setujui,0.215,0,Aktif di platform 15 bulan (+7) | On-time rate 75% (+5) | Tidak ada riwayat macet (+7),5 tanggungan (-5)
L1AJN00985,L1NSB00985,PLT001,P2P Lending,2024-04-21,P2P Lending,Pendidikan,500000,1,25,0.61,3,1,0,33.0,83.3,10,49,1,1,3401000,0,0.08,1,0,0,0,57,Menengah,Setujui,0.249,0,Aktif di platform 25 bulan (+7) | 1 pinjaman lancar (+5) | Tidak ada riwayat macet (+7) | Listrik 83.3% tepat waktu (+3),Rata-rata telat 33 hari (-10) | Lonjakan top-up sebelum pengajuan (-8) ⚠️
L1AJN00986,L1NSB00986,PLT001,P2P Lending,2024-01-11,P2P Lending,Renovasi,500000,6,34,0.6,2,2,0,1.5,91.7,19,11,0,0,0,0,0.0,0,1,0,0,91,Rendah,Setujui,0.052,0,Aktif di platform 34 bulan (+7) | 2 pinjaman lancar (+10) | Tidak ada riwayat macet (+7) | Listrik 91.7% tepat waktu (+7),
L1AJN00987,L1NSB00987,PLT004,Multifinance,2024-02-08,Multifinance,Mesin usaha,3000000,12,33,0.94,2,1,1,58.0,70.8,17,9,0,0,0,0,0.0,0,0,0,0,50,Menengah,Setujui,0.29,0,Aktif di platform 33 bulan (+7) | On-time rate 94% (+10) | 1 pinjaman lancar (+5) | E-wallet aktif 17 bulan (+5),1 pinjaman macet (-12) | Rata-rata telat 58 hari (-10) | 4 tanggungan (-5)
L1AJN00988,L1NSB00988,PLT001,P2P Lending,2024-04-18,P2P Lending,Pendidikan,5000000,1,5,0.83,0,0,0,0.0,79.2,10,12,0,0,0,0,0.0,0,0,0,0,62,Menengah,Setujui,0.22,0,On-time rate 83% (+5) | Listrik 79.2% tepat waktu (+3),
L1AJN00989,L1NSB00989,PLT004,Multifinance,2024-02-09,Multifinance,Mesin usaha,3000000,36,21,0.95,1,1,0,1.0,66.7,9,57,0,1,0,0,0.0,0,1,0,0,85,Rendah,Setujui,0.087,0,Aktif di platform 21 bulan (+7) | On-time rate 95% (+10) | 1 pinjaman lancar (+5) | Tidak ada riwayat macet (+7),
L1AJN00990,L1NSB00990,PLT001,P2P Lending,2024-12-18,P2P Lending,Pendidikan,5000000,6,19,0.69,2,1,1,182.5,91.7,13,71,0,1,2448000,1,0.12,0,1,0,0,65,Menengah,Setujui,0.203,0,Aktif di platform 19 bulan (+7) | 1 pinjaman lancar (+5) | Listrik 91.7% tepat waktu (+7) | E-wallet aktif 13 bulan (+5),1 pinjaman macet (-12) | Rata-rata telat 182 hari (-10) | Cancel rate gig 12% (-4)
L1AJN00991,L1NSB00991,PLT002,P2P Lending,2024-04-07,P2P Lending,Konsumsi,1000000,9,26,0.61,1,1,0,2.0,95.8,6,61,0,1,5577000,1,0.14,0,1,0,0,88,Rendah,Setujui,0.07,0,Aktif di platform 26 bulan (+7) | 1 pinjaman lancar (+5) | Tidak ada riwayat macet (+7) | Listrik 95.8% tepat waktu (+7),Cancel rate gig 14% (-4)
L1AJN00992,L1NSB00992,PLT004,Multifinance,2024-09-17,Multifinance,Mesin usaha,10000000,12,34,0.97,0,0,0,0.0,70.8,0,0,0,1,0,0,0.0,0,1,0,0,66,Menengah,Setujui,0.197,0,Aktif di platform 34 bulan (+7) | On-time rate 97% (+10) | BPJS dibayar rutin (+3),5 tanggungan (-5)
L1AJN00993,L1NSB00993,PLT004,Multifinance,2024-03-24,Multifinance,Motor baru,7000000,24,1,0.59,2,2,0,0.0,79.2,16,76,0,0,0,0,0.0,1,1,0,0,83,Rendah,Setujui,0.099,0,2 pinjaman lancar (+10) | Tidak ada riwayat macet (+7) | Listrik 79.2% tepat waktu (+3) | E-wallet aktif 16 bulan (+5),
L1AJN00994,L1NSB00994,PLT004,Multifinance,2024-08-01,Multifinance,Motor bekas,20000000,36,15,0.66,1,1,0,1.0,79.2,24,62,1,1,3144000,1,0.05,0,1,0,0,82,Rendah,Setujui,0.104,0,Aktif di platform 15 bulan (+7) | 1 pinjaman lancar (+5) | Tidak ada riwayat macet (+7) | Listrik 79.2% tepat waktu (+3),Lonjakan top-up sebelum pengajuan (-8) ⚠️
L1AJN00995,L1NSB00995,PLT003,Multifinance,2024-08-09,Multifinance,Elektronik,5000000,24,30,0.72,1,1,0,2.0,83.3,16,72,1,0,0,0,0.0,1,1,0,0,81,Rendah,Setujui,0.11,0,Aktif di platform 30 bulan (+7) | 1 pinjaman lancar (+5) | Tidak ada riwayat macet (+7) | Listrik 83.3% tepat waktu (+3),Lonjakan top-up sebelum pengajuan (-8) ⚠️
L1AJN00996,L1NSB00996,PLT003,Multifinance,2024-12-25,Multifinance,Motor bekas,5000000,24,25,0.55,1,1,0,2.0,100.0,16,24,0,1,3533000,1,0.03,1,1,0,0,95,Rendah,Setujui,0.029,0,Aktif di platform 25 bulan (+7) | 1 pinjaman lancar (+5) | Tidak ada riwayat macet (+7) | Listrik 100.0% tepat waktu (+7),
L1AJN00997,L1NSB00997,PLT004,Multifinance,2024-09-26,Multifinance,Mesin usaha,20000000,18,26,0.9,2,2,0,2.0,87.5,0,0,0,1,3709000,1,0.03,1,0,0,0,95,Rendah,Setujui,0.029,0,Aktif di platform 26 bulan (+7) | On-time rate 90% (+10) | 2 pinjaman lancar (+10) | Tidak ada riwayat macet (+7),
L1AJN00998,L1NSB00998,PLT003,Multifinance,2024-01-24,Multifinance,Mesin usaha,3000000,36,36,0.95,3,3,0,1.3,75.0,0,0,0,0,0,0,0.0,1,0,0,0,93,Rendah,Setujui,0.041,0,Aktif di platform 36 bulan (+7) | On-time rate 95% (+10) | 3 pinjaman lancar (+15) | Tidak ada riwayat macet (+7),4 tanggungan (-5)
L1AJN00999,L1NSB00999,PLT001,P2P Lending,2024-11-17,P2P Lending,Pendidikan,5000000,9,15,0.84,0,0,0,0.0,58.3,22,19,0,0,0,0,0.0,0,0,0,0,67,Menengah,Setujui,0.191,0,Aktif di platform 15 bulan (+7) | On-time rate 84% (+5) | E-wallet aktif 22 bulan (+5),
L1AJN01000,L1NSB01000,PLT004,Multifinance,2024-06-21,Multifinance,Elektronik,15000000,18,33,0.84,2,2,0,2.5,62.5,22,10,1,1,3815000,1,0.01,1,0,0,0,93,Rendah,Setujui,0.041,0,Aktif di platform 33 bulan (+7) | On-time rate 84% (+5) | 2 pinjaman lancar (+10) | Tidak ada riwayat macet (+7),Lonjakan top-up sebelum pengajuan (-8) ⚠️
L1AJN01001,L1NSB01001,PLT005,P2P Lending,2024-06-01,P2P Lending,Renovasi,500000,9,34,0.98,2,2,0,1.5,83.3,19,80,0,1,7872000,1,0.02,0,1,0,0,95,Rendah,Setujui,0.029,0,Aktif di platform 34 bulan (+7) | On-time rate 98% (+10) | 2 pinjaman lancar (+10) | Tidak ada riwayat macet (+7),
L1AJN01002,L1NSB01002,PLT002,P2P Lending,2024-05-11,P2P Lending,Konsumsi,5000000,3,13,0.67,2,1,0,14.0,79.2,15,60,0,1,5642000,0,0.11,1,0,0,0,88,Rendah,Setujui,0.07,0,Aktif di platform 13 bulan (+7) | 1 pinjaman lancar (+5) | Tidak ada riwayat macet (+7) | Listrik 79.2% tepat waktu (+3),Cancel rate gig 11% (-4)
L1AJN01003,L1NSB01003,PLT001,P2P Lending,2024-01-29,P2P Lending,Renovasi,5000000,12,5,0.99,2,1,0,12.0,95.8,22,76,0,1,6405000,1,0.06,0,1,0,0,95,Rendah,Setujui,0.029,0,On-time rate 99% (+10) | 1 pinjaman lancar (+5) | Tidak ada riwayat macet (+7) | Listrik 95.8% tepat waktu (+7),
L1AJN01004,L1NSB01004,PLT004,Multifinance,2024-08-30,Multifinance,Elektronik,20000000,24,23,0.68,1,1,0,2.0,83.3,17,68,0,0,0,0,0.0,0,0,0,0,84,Rendah,Setujui,0.093,0,Aktif di platform 23 bulan (+7) | 1 pinjaman lancar (+5) | Tidak ada riwayat macet (+7) | Listrik 83.3% tepat waktu (+3),
L1AJN01005,L1NSB01005,PLT002,P2P Lending,2024-02-27,P2P Lending,Modal usaha,500000,9,18,0.89,0,0,0,0.0,95.8,0,0,0,0,0,0,0.0,0,0,0,0,73,Rendah,Setujui,0.157,0,Aktif di platform 18 bulan (+7) | On-time rate 89% (+5) | Listrik 95.8% tepat waktu (+7),
L1AJN01006,L1NSB01006,PLT002,P2P Lending,2024-09-18,P2P Lending,Renovasi,1000000,1,8,0.99,4,4,0,1.5,66.7,15,17,1,1,2681000,1,0.04,0,0,0,0,90,Rendah,Setujui,0.058,0,On-time rate 99% (+10) | 4 pinjaman lancar (+15) | Tidak ada riwayat macet (+7) | E-wallet aktif 15 bulan (+5),Lonjakan top-up sebelum pengajuan (-8) ⚠️
L1AJN01007,L1NSB01007,PLT001,P2P Lending,2024-01-01,P2P Lending,Modal usaha,2000000,12,11,0.69,1,1,0,3.0,62.5,23,67,0,1,0,0,0.0,1,0,0,0,67,Menengah,Setujui,0.191,0,1 pinjaman lancar (+5) | Tidak ada riwayat macet (+7) | E-wallet aktif 23 bulan (+5) | Transaksi e-wallet 67/bln (+3),5 tanggungan (-5)
L1AJN01008,L1NSB01008,PLT005,P2P Lending,2024-01-12,P2P Lending,Modal usaha,5000000,3,32,0.84,2,2,0,1.5,91.7,18,20,0,0,0,0,0.0,1,0,0,0,95,Rendah,Setujui,0.029,0,Aktif di platform 32 bulan (+7) | On-time rate 84% (+5) | 2 pinjaman lancar (+10) | Tidak ada riwayat macet (+7),
L1AJN01009,L1NSB01009,PLT003,Multifinance,2024-09-30,Multifinance,Mesin usaha,5000000,18,17,0.83,0,0,0,0.0,91.7,0,0,0,1,3787000,1,0.08,0,0,0,0,81,Rendah,Setujui,0.11,0,Aktif di platform 17 bulan (+7) | On-time rate 83% (+5) | Listrik 91.7% tepat waktu (+7) | Income gig konsisten 6 bulan (+8),
L1AJN01010,L1NSB01010,PLT005,P2P Lending,2024-09-24,P2P Lending,Modal usaha,3000000,1,34,0.65,1,1,0,0.0,83.3,17,53,0,1,6398000,1,0.14,0,0,0,0,85,Rendah,Setujui,0.087,0,Aktif di platform 34 bulan (+7) | 1 pinjaman lancar (+5) | Tidak ada riwayat macet (+7) | Listrik 83.3% tepat waktu (+3),Cancel rate gig 14% (-4)
L1AJN01011,L1NSB01011,PLT003,Multifinance,2024-09-29,Multifinance,Motor bekas,3000000,24,26,0.98,3,1,0,33.0,95.8,0,0,0,1,3583000,1,0.1,1,1,0,0,85,Rendah,Setujui,0.087,0,Aktif di platform 26 bulan (+7) | On-time rate 98% (+10) | 1 pinjaman lancar (+5) | Tidak ada riwayat macet (+7),Rata-rata telat 33 hari (-10) | 4 tanggungan (-5)
L1AJN01012,L1NSB01012,PLT001,P2P Lending,2024-01-03,P2P Lending,Renovasi,5000000,1,22,0.72,2,2,0,1.0,100.0,10,70,0,0,0,0,0.0,1,1,0,0,93,Rendah,Setujui,0.041,0,Aktif di platform 22 bulan (+7) | 2 pinjaman lancar (+10) | Tidak ada riwayat macet (+7) | Listrik 100.0% tepat waktu (+7),
L1AJN01013,L1NSB01013,PLT003,Multifinance,2024-04-17,Multifinance,Mesin usaha,7000000,24,29,0.56,2,2,0,1.5,70.8,24,41,0,0,0,0,0.0,1,1,0,0,89,Rendah,Setujui,0.064,0,Aktif di platform 29 bulan (+7) | 2 pinjaman lancar (+10) | Tidak ada riwayat macet (+7) | E-wallet aktif 24 bulan (+5),
L1AJN01014,L1NSB01014,PLT005,P2P Lending,2024-08-27,P2P Lending,Renovasi,500000,9,23,0.74,3,2,1,96.3,62.5,0,0,0,1,3277000,1,0.11,1,1,0,0,59,Menengah,Setujui,0.238,0,Aktif di platform 23 bulan (+7) | 2 pinjaman lancar (+10) | Income gig konsisten 6 bulan (+8) | Rating gig 4.7 (+5),1 pinjaman macet (-12) | Rata-rata telat 96 hari (-10) | Cancel rate gig 11% (-4)
L1AJN01015,L1NSB01015,PLT001,P2P Lending,2024-12-22,P2P Lending,Konsumsi,5000000,1,26,0.78,0,0,0,0.0,58.3,21,37,0,0,0,0,0.0,0,0,0,0,74,Rendah,Setujui,0.151,0,Aktif di platform 26 bulan (+7) | On-time rate 78% (+5) | E-wallet aktif 21 bulan (+5) | Transaksi e-wallet 37/bln (+3),
L1AJN01016,L1NSB01016,PLT003,Multifinance,2024-09-18,Multifinance,Motor baru,10000000,18,11,0.63,1,0,0,25.0,100.0,13,64,1,0,0,0,0.0,0,1,0,0,71,Rendah,Setujui,0.168,0,Tidak ada riwayat macet (+7) | Listrik 100.0% tepat waktu (+7) | E-wallet aktif 13 bulan (+5) | Transaksi e-wallet 64/bln (+3),Lonjakan top-up sebelum pengajuan (-8) ⚠️
L1AJN01017,L1NSB01017,PLT003,Multifinance,2024-08-16,Multifinance,Motor bekas,20000000,24,5,0.61,1,0,1,361.0,75.0,0,0,0,0,0,0,0.0,1,1,0,0,41,Tinggi,Tolak,0.342,0,Listrik 75.0% tepat waktu (+3) | Punya rekening bank (+4) | BPJS dibayar rutin (+3),1 pinjaman macet (-12) | Rata-rata telat 361 hari (-10)
L1AJN01018,L1NSB01018,PLT003,Multifinance,2024-12-28,Multifinance,Motor bekas,20000000,36,25,0.68,2,2,0,1.0,62.5,21,66,0,1,4466000,1,0.02,1,0,0,0,90,Rendah,Setujui,0.058,0,Aktif di platform 25 bulan (+7) | 2 pinjaman lancar (+10) | Tidak ada riwayat macet (+7) | E-wallet aktif 21 bulan (+5),
L1AJN01019,L1NSB01019,PLT002,P2P Lending,2024-12-31,P2P Lending,Modal usaha,2000000,1,32,0.91,2,2,0,0.5,91.7,15,60,0,1,3386000,1,0.11,0,0,0,0,95,Rendah,Setujui,0.029,0,Aktif di platform 32 bulan (+7) | On-time rate 91% (+10) | 2 pinjaman lancar (+10) | Tidak ada riwayat macet (+7),Cancel rate gig 11% (-4)
L1AJN01020,L1NSB01020,PLT005,P2P Lending,2024-02-01,P2P Lending,Pendidikan,1000000,9,36,0.63,3,1,0,19.3,95.8,15,64,0,1,6315000,1,0.1,1,1,0,0,95,Rendah,Setujui,0.029,0,Aktif di platform 36 bulan (+7) | 1 pinjaman lancar (+5) | Tidak ada riwayat macet (+7) | Listrik 95.8% tepat waktu (+7),
L1AJN01021,L1NSB01021,PLT003,Multifinance,2024-09-19,Multifinance,Motor bekas,7000000,24,16,0.68,0,0,0,0.0,79.2,16,35,1,0,0,0,0.0,1,1,0,0,63,Menengah,Setujui,0.215,1,Aktif di platform 16 bulan (+7) | Listrik 79.2% tepat waktu (+3) | E-wallet aktif 16 bulan (+5) | Transaksi e-wallet 35/bln (+3),5 tanggungan (-5) | Lonjakan top-up sebelum pengajuan (-8) ⚠️
L1AJN01022,L1NSB01022,PLT005,P2P Lending,2024-09-08,P2P Lending,Modal usaha,3000000,12,33,0.7,3,1,0,19.7,83.3,20,62,1,1,6165000,1,0.04,0,0,0,0,81,Rendah,Setujui,0.11,0,Aktif di platform 33 bulan (+7) | 1 pinjaman lancar (+5) | Tidak ada riwayat macet (+7) | Listrik 83.3% tepat waktu (+3),4 tanggungan (-5) | Lonjakan top-up sebelum pengajuan (-8) ⚠️
L1AJN01023,L1NSB01023,PLT004,Multifinance,2024-12-04,Multifinance,Motor bekas,10000000,24,29,0.68,1,0,1,294.0,79.2,24,22,0,0,0,0,0.0,1,1,0,0,54,Menengah,Setujui,0.267,0,Aktif di platform 29 bulan (+7) | Listrik 79.2% tepat waktu (+3) | E-wallet aktif 24 bulan (+5) | Transaksi e-wallet 22/bln (+3),1 pinjaman macet (-12) | Rata-rata telat 294 hari (-10)
L1AJN01024,L1NSB01024,PLT003,Multifinance,2024-12-31,Multifinance,Motor baru,3000000,12,23,0.81,0,0,0,0.0,70.8,12,68,0,0,0,0,0.0,1,1,0,0,77,Rendah,Setujui,0.133,0,Aktif di platform 23 bulan (+7) | On-time rate 81% (+5) | E-wallet aktif 12 bulan (+5) | Transaksi e-wallet 68/bln (+3),
L1AJN01025,L1NSB01025,PLT004,Multifinance,2024-03-27,Multifinance,Elektronik,15000000,18,14,0.59,2,1,0,21.0,66.7,21,75,0,0,0,0,0.0,1,0,0,0,72,Rendah,Setujui,0.162,0,Aktif di platform 14 bulan (+7) | 1 pinjaman lancar (+5) | Tidak ada riwayat macet (+7) | E-wallet aktif 21 bulan (+5),4 tanggungan (-5)
L1AJN01026,L1NSB01026,PLT004,Multifinance,2024-10-19,Multifinance,Motor bekas,10000000,24,1,0.59,1,1,0,0.0,75.0,0,0,0,1,0,0,0.0,1,1,0,0,76,Rendah,Setujui,0.139,0,1 pinjaman lancar (+5) | Tidak ada riwayat macet (+7) | Listrik 75.0% tepat waktu (+3) | Punya rekening bank (+4),
L1AJN01027,L1NSB01027,PLT002,P2P Lending,2024-12-08,P2P Lending,Renovasi,500000,6,12,0.73,3,2,0,29.3,87.5,0,0,0,0,0,0,0.0,1,0,0,0,80,Rendah,Setujui,0.116,1,Aktif di platform 12 bulan (+7) | 2 pinjaman lancar (+10) | Tidak ada riwayat macet (+7) | Listrik 87.5% tepat waktu (+3),
L1AJN01028,L1NSB01028,PLT005,P2P Lending,2024-09-29,P2P Lending,Renovasi,3000000,9,27,0.63,3,3,0,0.7,100.0,9,6,1,0,0,0,0.0,1,0,0,0,86,Rendah,Setujui,0.081,0,Aktif di platform 27 bulan (+7) | 3 pinjaman lancar (+15) | Tidak ada riwayat macet (+7) | Listrik 100.0% tepat waktu (+7),Lonjakan top-up sebelum pengajuan (-8) ⚠️
L1AJN01029,L1NSB01029,PLT003,Multifinance,2024-06-23,Multifinance,Motor bekas,20000000,12,26,0.61,1,1,0,0.0,95.8,15,80,0,1,0,0,0.0,1,1,0,0,87,Rendah,Setujui,0.075,0,Aktif di platform 26 bulan (+7) | 1 pinjaman lancar (+5) | Tidak ada riwayat macet (+7) | Listrik 95.8% tepat waktu (+7),
L1AJN01030,L1NSB01030,PLT001,P2P Lending,2024-07-30,P2P Lending,Modal usaha,2000000,1,24,0.67,2,2,0,1.5,87.5,0,0,0,0,0,0,0.0,1,0,0,0,77,Rendah,Setujui,0.133,0,Aktif di platform 24 bulan (+7) | 2 pinjaman lancar (+10) | Tidak ada riwayat macet (+7) | Listrik 87.5% tepat waktu (+3),
L1AJN01031,L1NSB01031,PLT005,P2P Lending,2024-04-14,P2P Lending,Renovasi,5000000,12,13,0.92,3,2,0,7.3,87.5,13,46,0,0,0,0,0.0,1,0,0,0,95,Rendah,Setujui,0.029,0,Aktif di platform 13 bulan (+7) | On-time rate 92% (+10) | 2 pinjaman lancar (+10) | Tidak ada riwayat macet (+7),
L1AJN01032,L1NSB01032,PLT005,P2P Lending,2024-07-24,P2P Lending,Konsumsi,5000000,3,29,0.76,1,1,0,1.0,58.3,16,73,0,0,0,0,0.0,0,0,0,0,86,Rendah,Setujui,0.081,0,Aktif di platform 29 bulan (+7) | On-time rate 76% (+5) | 1 pinjaman lancar (+5) | Tidak ada riwayat macet (+7),
L1AJN01033,L1NSB01033,PLT005,P2P Lending,2024-04-18,P2P Lending,Pendidikan,2000000,1,20,0.85,2,2,0,2.0,100.0,0,0,0,0,0,0,0.0,1,0,0,0,88,Rendah,Setujui,0.07,0,Aktif di platform 20 bulan (+7) | On-time rate 85% (+5) | 2 pinjaman lancar (+10) | Tidak ada riwayat macet (+7),
L1AJN01034,L1NSB01034,PLT005,P2P Lending,2024-03-19,P2P Lending,Pendidikan,1000000,12,36,0.89,2,2,0,2.5,100.0,24,9,0,1,7299000,1,0.08,1,0,0,0,95,Rendah,Setujui,0.029,0,Aktif di platform 36 bulan (+7) | On-time rate 89% (+5) | 2 pinjaman lancar (+10) | Tidak ada riwayat macet (+7),
L1AJN01035,L1NSB01035,PLT001,P2P Lending,2024-04-15,P2P Lending,Modal usaha,5000000,6,7,0.88,4,4,0,2.2,66.7,0,0,0,0,0,0,0.0,1,1,0,0,86,Rendah,Setujui,0.081,0,On-time rate 88% (+5) | 4 pinjaman lancar (+15) | Tidak ada riwayat macet (+7) | Punya rekening bank (+4),
L1AJN01036,L1NSB01036,PLT004,Multifinance,2024-08-18,Multifinance,Elektronik,5000000,24,21,0.69,2,1,0,11.0,95.8,12,24,0,0,0,0,0.0,0,1,0,0,85,Rendah,Setujui,0.087,0,Aktif di platform 21 bulan (+7) | 1 pinjaman lancar (+5) | Tidak ada riwayat macet (+7) | Listrik 95.8% tepat waktu (+7),
L1AJN01037,L1NSB01037,PLT001,P2P Lending,2024-04-13,P2P Lending,Pendidikan,5000000,12,31,0.98,1,1,0,1.0,95.8,6,65,0,1,5589000,1,0.04,1,1,0,0,95,Rendah,Setujui,0.029,0,Aktif di platform 31 bulan (+7) | On-time rate 98% (+10) | 1 pinjaman lancar (+5) | Tidak ada riwayat macet (+7),
L1AJN01038,L1NSB01038,PLT003,Multifinance,2024-04-02,Multifinance,Motor baru,7000000,36,21,0.81,4,2,1,34.8,100.0,8,28,0,0,0,0,0.0,0,0,0,0,59,Menengah,Setujui,0.238,0,Aktif di platform 21 bulan (+7) | On-time rate 81% (+5) | 2 pinjaman lancar (+10) | Listrik 100.0% tepat waktu (+7),1 pinjaman macet (-12) | Rata-rata telat 35 hari (-10) | 5 tanggungan (-5)
L1AJN01039,L1NSB01039,PLT004,Multifinance,2024-04-13,Multifinance,Motor bekas,15000000,24,12,0.73,2,2,0,0.0,95.8,11,61,0,0,0,0,0.0,0,1,0,0,86,Rendah,Setujui,0.081,0,Aktif di platform 12 bulan (+7) | 2 pinjaman lancar (+10) | Tidak ada riwayat macet (+7) | Listrik 95.8% tepat waktu (+7),
L1AJN01040,L1NSB01040,PLT003,Multifinance,2024-12-21,Multifinance,Motor baru,3000000,24,14,0.88,2,1,0,11.0,62.5,6,12,0,1,0,0,0.0,0,0,0,0,72,Rendah,Setujui,0.162,1,Aktif di platform 14 bulan (+7) | On-time rate 88% (+5) | 1 pinjaman lancar (+5) | Tidak ada riwayat macet (+7),
L1AJN01041,L1NSB01041,PLT003,Multifinance,2024-09-05,Multifinance,Mesin usaha,7000000,24,15,0.62,2,0,1,84.5,79.2,7,43,0,0,0,0,0.0,0,0,1,8000000,50,Menengah,Setujui,0.29,0,Aktif di platform 15 bulan (+7) | Listrik 79.2% tepat waktu (+3) | Transaksi e-wallet 43/bln (+3) | Toko online omzet Rp 8 jt (+5),1 pinjaman macet (-12) | Rata-rata telat 84 hari (-10)
L1AJN01042,L1NSB01042,PLT005,P2P Lending,2024-07-16,P2P Lending,Renovasi,500000,12,18,0.76,1,1,0,0.0,100.0,0,0,0,0,0,0,0.0,1,1,0,0,88,Rendah,Setujui,0.07,0,Aktif di platform 18 bulan (+7) | On-time rate 76% (+5) | 1 pinjaman lancar (+5) | Tidak ada riwayat macet (+7),
L1AJN01043,L1NSB01043,PLT003,Multifinance,2024-02-25,Multifinance,Motor baru,10000000,24,29,0.87,3,2,0,19.3,95.8,7,47,0,1,7810000,1,0.15,0,0,0,0,89,Rendah,Setujui,0.064,0,Aktif di platform 29 bulan (+7) | On-time rate 87% (+5) | 2 pinjaman lancar (+10) | Tidak ada riwayat macet (+7),Cancel rate gig 15% (-4)
L1AJN01044,L1NSB01044,PLT003,Multifinance,2024-05-06,Multifinance,Elektronik,7000000,18,35,0.74,3,3,0,1.3,70.8,11,66,0,0,0,0,0.0,0,1,0,0,82,Rendah,Setujui,0.104,0,Aktif di platform 35 bulan (+7) | 3 pinjaman lancar (+15) | Tidak ada riwayat macet (+7) | Transaksi e-wallet 66/bln (+3),4 tanggungan (-5)
L1AJN01045,L1NSB01045,PLT001,P2P Lending,2024-02-06,P2P Lending,Konsumsi,500000,1,9,1.0,3,3,0,1.3,91.7,0,0,0,1,2782000,1,0.12,1,0,0,0,95,Rendah,Setujui,0.029,0,On-time rate 100% (+10) | 3 pinjaman lancar (+15) | Tidak ada riwayat macet (+7) | Listrik 91.7% tepat waktu (+7),Cancel rate gig 12% (-4)
L1AJN01046,L1NSB01046,PLT003,Multifinance,2024-04-05,Multifinance,Elektronik,3000000,12,3,0.82,2,2,0,2.0,95.8,22,39,0,0,0,0,0.0,1,1,0,0,90,Rendah,Setujui,0.058,0,On-time rate 82% (+5) | 2 pinjaman lancar (+10) | Tidak ada riwayat macet (+7) | Listrik 95.8% tepat waktu (+7),
L1AJN01047,L1NSB01047,PLT002,P2P Lending,2024-06-01,P2P Lending,Renovasi,2000000,12,12,0.85,1,1,0,1.0,66.7,0,0,0,0,0,0,0.0,1,0,0,0,75,Rendah,Setujui,0.145,0,Aktif di platform 12 bulan (+7) | On-time rate 85% (+5) | 1 pinjaman lancar (+5) | Tidak ada riwayat macet (+7),
L1AJN01048,L1NSB01048,PLT002,P2P Lending,2024-06-25,P2P Lending,Konsumsi,500000,9,29,0.65,0,0,0,0.0,91.7,19,29,0,0,0,0,0.0,1,0,0,0,77,Rendah,Setujui,0.133,0,Aktif di platform 29 bulan (+7) | Listrik 91.7% tepat waktu (+7) | E-wallet aktif 19 bulan (+5) | Transaksi e-wallet 29/bln (+3),
L1AJN01049,L1NSB01049,PLT003,Multifinance,2024-08-21,Multifinance,Motor baru,10000000,24,34,0.97,3,1,0,17.3,87.5,13,50,0,1,0,0,0.0,0,1,0,0,93,Rendah,Setujui,0.041,0,Aktif di platform 34 bulan (+7) | On-time rate 97% (+10) | 1 pinjaman lancar (+5) | Tidak ada riwayat macet (+7),
L1AJN01050,L1NSB01050,PLT001,P2P Lending,2024-08-21,P2P Lending,Konsumsi,2000000,9,25,0.69,4,4,0,1.2,83.3,0,0,0,0,0,0,0.0,0,1,0,0,86,Rendah,Setujui,0.081,0,Aktif di platform 25 bulan (+7) | 4 pinjaman lancar (+15) | Tidak ada riwayat macet (+7) | Listrik 83.3% tepat waktu (+3),
L1AJN01051,L1NSB01051,PLT004,Multifinance,2024-02-09,Multifinance,Mesin usaha,15000000,24,25,0.77,2,2,0,1.5,62.5,20,24,0,0,0,0,0.0,1,0,0,0,88,Rendah,Setujui,0.07,0,Aktif di platform 25 bulan (+7) | On-time rate 77% (+5) | 2 pinjaman lancar (+10) | Tidak ada riwayat macet (+7),5 tanggungan (-5)
L1AJN01052,L1NSB01052,PLT004,Multifinance,2024-10-15,Multifinance,Elektronik,10000000,18,35,0.84,1,0,0,81.0,83.3,0,0,0,0,0,0,0.0,0,0,0,0,62,Menengah,Setujui,0.22,0,Aktif di platform 35 bulan (+7) | On-time rate 84% (+5) | Tidak ada riwayat macet (+7) | Listrik 83.3% tepat waktu (+3),Rata-rata telat 81 hari (-10)
L1AJN01053,L1NSB01053,PLT002,P2P Lending,2024-02-12,P2P Lending,Konsumsi,5000000,9,20,0.75,0,0,0,0.0,91.7,16,72,0,0,0,0,0.0,1,0,0,0,80,Rendah,Setujui,0.116,1,Aktif di platform 20 bulan (+7) | On-time rate 75% (+5) | Listrik 91.7% tepat waktu (+7) | E-wallet aktif 16 bulan (+5),
L1AJN01054,L1NSB01054,PLT003,Multifinance,2024-07-07,Multifinance,Elektronik,15000000,36,27,0.7,2,2,0,1.0,83.3,24,32,0,0,0,0,0.0,1,0,0,0,92,Rendah,Setujui,0.046,0,Aktif di platform 27 bulan (+7) | 2 pinjaman lancar (+10) | Tidak ada riwayat macet (+7) | Listrik 83.3% tepat waktu (+3),
L1AJN01055,L1NSB01055,PLT005,P2P Lending,2024-01-27,P2P Lending,Pendidikan,1000000,1,13,0.94,4,4,0,0.8,95.8,13,34,0,0,0,0,0.0,1,1,0,0,95,Rendah,Setujui,0.029,0,Aktif di platform 13 bulan (+7) | On-time rate 94% (+10) | 4 pinjaman lancar (+15) | Tidak ada riwayat macet (+7),
L1AJN01056,L1NSB01056,PLT003,Multifinance,2024-05-09,Multifinance,Mesin usaha,10000000,24,10,0.68,4,3,0,11.0,91.7,19,26,0,1,1504000,1,0.05,1,0,0,0,95,Rendah,Setujui,0.029,0,3 pinjaman lancar (+15) | Tidak ada riwayat macet (+7) | Listrik 91.7% tepat waktu (+7) | E-wallet aktif 19 bulan (+5),
L1AJN01057,L1NSB01057,PLT002,P2P Lending,2024-02-13,P2P Lending,Renovasi,1000000,12,12,0.58,0,0,0,0.0,83.3,0,0,0,1,4117000,0,0.08,0,0,0,0,63,Menengah,Setujui,0.215,0,Aktif di platform 12 bulan (+7) | Listrik 83.3% tepat waktu (+3) | Rating gig 4.5 (+5),
L1AJN01058,L1NSB01058,PLT002,P2P Lending,2024-04-28,P2P Lending,Konsumsi,5000000,3,16,0.59,0,0,0,0.0,83.3,0,0,0,1,4411000,1,0.04,1,1,0,0,83,Rendah,Setujui,0.099,0,Aktif di platform 16 bulan (+7) | Listrik 83.3% tepat waktu (+3) | Income gig konsisten 6 bulan (+8) | Rating gig 4.6 (+5),
L1AJN01059,L1NSB01059,PLT001,P2P Lending,2024-06-19,P2P Lending,Pendidikan,500000,9,6,0.94,0,0,0,0.0,91.7,15,67,0,1,6529000,1,0.08,0,0,0,0,79,Rendah,Setujui,0.122,0,On-time rate 94% (+10) | Listrik 91.7% tepat waktu (+7) | E-wallet aktif 15 bulan (+5) | Transaksi e-wallet 67/bln (+3),
L1AJN01060,L1NSB01060,PLT004,Multifinance,2024-03-03,Multifinance,Mesin usaha,10000000,12,20,0.66,1,1,0,1.0,75.0,20,19,0,0,0,0,0.0,1,1,0,0,84,Rendah,Setujui,0.093,0,Aktif di platform 20 bulan (+7) | 1 pinjaman lancar (+5) | Tidak ada riwayat macet (+7) | Listrik 75.0% tepat waktu (+3),
L1AJN01061,L1NSB01061,PLT004,Multifinance,2024-01-16,Multifinance,Mesin usaha,7000000,12,18,0.96,0,0,0,0.0,62.5,24,45,0,1,5459000,1,0.1,1,0,0,0,87,Rendah,Setujui,0.075,0,Aktif di platform 18 bulan (+7) | On-time rate 96% (+10) | E-wallet aktif 24 bulan (+5) | Transaksi e-wallet 45/bln (+3),4 tanggungan (-5)
L1AJN01062,L1NSB01062,PLT004,Multifinance,2024-05-06,Multifinance,Elektronik,3000000,12,24,0.63,0,0,0,0.0,79.2,8,15,0,0,0,0,0.0,0,1,0,0,59,Menengah,Setujui,0.238,0,Aktif di platform 24 bulan (+7) | Listrik 79.2% tepat waktu (+3) | BPJS dibayar rutin (+3),5 tanggungan (-5)
L1AJN01063,L1NSB01063,PLT003,Multifinance,2024-08-15,Multifinance,Mesin usaha,3000000,24,24,0.69,1,1,0,0.0,95.8,0,0,0,0,0,0,0.0,0,0,0,0,68,Menengah,Setujui,0.186,0,Aktif di platform 24 bulan (+7) | 1 pinjaman lancar (+5) | Tidak ada riwayat macet (+7) | Listrik 95.8% tepat waktu (+7),5 tanggungan (-5)
L1AJN01064,L1NSB01064,PLT002,P2P Lending,2024-08-16,P2P Lending,Renovasi,2000000,1,6,0.68,2,2,0,2.0,75.0,17,19,0,0,0,0,0.0,1,0,0,0,74,Rendah,Setujui,0.151,0,2 pinjaman lancar (+10) | Tidak ada riwayat macet (+7) | Listrik 75.0% tepat waktu (+3) | E-wallet aktif 17 bulan (+5),5 tanggungan (-5)
L1AJN01065,L1NSB01065,PLT003,Multifinance,2024-11-09,Multifinance,Elektronik,15000000,24,2,0.94,0,0,0,0.0,70.8,10,65,0,0,0,0,0.0,0,0,0,0,63,Menengah,Setujui,0.215,0,On-time rate 94% (+10) | Transaksi e-wallet 65/bln (+3),
L1AJN01066,L1NSB01066,PLT003,Multifinance,2024-01-12,Multifinance,Motor bekas,10000000,36,6,0.88,1,0,0,5.0,95.8,0,0,0,1,3095000,1,0.08,1,0,0,0,73,Rendah,Setujui,0.157,0,On-time rate 88% (+5) | Tidak ada riwayat macet (+7) | Listrik 95.8% tepat waktu (+7) | Income gig konsisten 6 bulan (+8),5 tanggungan (-5)
L1AJN01067,L1NSB01067,PLT004,Multifinance,2024-06-30,Multifinance,Elektronik,15000000,36,25,0.81,1,1,0,3.0,91.7,9,56,0,1,6654000,1,0.08,1,0,0,0,95,Rendah,Setujui,0.029,0,Aktif di platform 25 bulan (+7) | On-time rate 81% (+5) | 1 pinjaman lancar (+5) | Tidak ada riwayat macet (+7),
L1AJN01068,L1NSB01068,PLT003,Multifinance,2024-06-01,Multifinance,Motor bekas,20000000,24,6,1.0,4,4,0,0.8,70.8,21,63,0,0,0,0,0.0,1,0,0,0,90,Rendah,Setujui,0.058,0,On-time rate 100% (+10) | 4 pinjaman lancar (+15) | Tidak ada riwayat macet (+7) | E-wallet aktif 21 bulan (+5),
L1AJN01069,L1NSB01069,PLT001,P2P Lending,2024-11-06,P2P Lending,Konsumsi,5000000,1,5,0.61,0,0,0,0.0,58.3,22,46,0,0,0,0,0.0,1,0,0,0,63,Menengah,Setujui,0.215,1,E-wallet aktif 22 bulan (+5) | Transaksi e-wallet 46/bln (+3) | Punya rekening bank (+4),
L1AJN01070,L1NSB01070,PLT003,Multifinance,2024-08-09,Multifinance,Mesin usaha,3000000,24,30,0.62,3,3,0,1.0,58.3,18,25,0,0,0,0,0.0,1,0,0,0,94,Rendah,Setujui,0.035,0,Aktif di platform 30 bulan (+7) | 3 pinjaman lancar (+15) | Tidak ada riwayat macet (+7) | E-wallet aktif 18 bulan (+5),
L1AJN01071,L1NSB01071,PLT001,P2P Lending,2024-11-17,P2P Lending,Modal usaha,3000000,3,28,0.7,1,0,0,42.0,79.2,0,0,0,0,0,0,0.0,0,0,0,0,61,Menengah,Setujui,0.226,0,Aktif di platform 28 bulan (+7) | Tidak ada riwayat macet (+7) | Listrik 79.2% tepat waktu (+3),Rata-rata telat 42 hari (-10)
L1AJN01072,L1NSB01072,PLT002,P2P Lending,2024-11-23,P2P Lending,Renovasi,3000000,3,12,0.91,3,3,0,1.3,87.5,15,15,0,0,0,0,0.0,1,1,0,0,95,Rendah,Setujui,0.029,0,Aktif di platform 12 bulan (+7) | On-time rate 91% (+10) | 3 pinjaman lancar (+15) | Tidak ada riwayat macet (+7),
L1AJN01073,L1NSB01073,PLT002,P2P Lending,2024-05-25,P2P Lending,Modal usaha,1000000,6,35,0.99,1,1,0,1.0,79.2,0,0,0,0,0,0,0.0,0,0,0,0,78,Rendah,Setujui,0.128,1,Aktif di platform 35 bulan (+7) | On-time rate 99% (+10) | 1 pinjaman lancar (+5) | Tidak ada riwayat macet (+7),4 tanggungan (-5)
L1AJN01074,L1NSB01074,PLT002,P2P Lending,2024-12-11,P2P Lending,Renovasi,500000,1,27,0.78,4,2,0,9.0,70.8,22,43,0,0,0,0,0.0,1,1,0,0,94,Rendah,Setujui,0.035,0,Aktif di platform 27 bulan (+7) | On-time rate 78% (+5) | 2 pinjaman lancar (+10) | Tidak ada riwayat macet (+7),
L1AJN01075,L1NSB01075,PLT003,Multifinance,2024-03-06,Multifinance,Motor bekas,10000000,12,5,0.79,4,2,1,56.5,62.5,17,9,0,0,0,0,0.0,0,1,0,0,53,Menengah,Setujui,0.273,1,On-time rate 79% (+5) | 2 pinjaman lancar (+10) | E-wallet aktif 17 bulan (+5) | BPJS dibayar rutin (+3),1 pinjaman macet (-12) | Rata-rata telat 56 hari (-10)
L1AJN01076,L1NSB01076,PLT004,Multifinance,2024-06-23,Multifinance,Motor baru,7000000,24,24,0.98,0,0,0,0.0,79.2,16,54,0,1,3000000,1,0.08,1,1,0,0,95,Rendah,Setujui,0.029,0,Aktif di platform 24 bulan (+7) | On-time rate 98% (+10) | Listrik 79.2% tepat waktu (+3) | E-wallet aktif 16 bulan (+5),
L1AJN01077,L1NSB01077,PLT004,Multifinance,2024-12-20,Multifinance,Mesin usaha,3000000,12,11,0.57,1,1,0,1.0,70.8,24,26,0,0,0,0,0.0,1,1,0,0,72,Rendah,Setujui,0.162,0,1 pinjaman lancar (+5) | Tidak ada riwayat macet (+7) | E-wallet aktif 24 bulan (+5) | Transaksi e-wallet 26/bln (+3),4 tanggungan (-5)
L1AJN01078,L1NSB01078,PLT004,Multifinance,2024-06-09,Multifinance,Mesin usaha,10000000,18,10,0.85,3,3,0,2.0,83.3,23,38,0,0,0,0,0.0,1,0,0,0,95,Rendah,Setujui,0.029,0,On-time rate 85% (+5) | 3 pinjaman lancar (+15) | Tidak ada riwayat macet (+7) | Listrik 83.3% tepat waktu (+3),
L1AJN01079,L1NSB01079,PLT002,P2P Lending,2024-12-22,P2P Lending,Konsumsi,500000,9,12,0.91,3,1,0,20.7,95.8,7,56,0,0,0,0,0.0,0,1,0,0,95,Rendah,Setujui,0.029,0,Aktif di platform 12 bulan (+7) | On-time rate 91% (+10) | 1 pinjaman lancar (+5) | Tidak ada riwayat macet (+7),
L1AJN01080,L1NSB01080,PLT001,P2P Lending,2024-12-17,P2P Lending,Konsumsi,1000000,6,36,0.56,3,3,0,1.0,100.0,0,0,0,1,4108000,1,0.07,1,0,0,0,95,Rendah,Setujui,0.029,0,Aktif di platform 36 bulan (+7) | 3 pinjaman lancar (+15) | Tidak ada riwayat macet (+7) | Listrik 100.0% tepat waktu (+7),
L1AJN01081,L1NSB01081,PLT001,P2P Lending,2024-02-16,P2P Lending,Pendidikan,3000000,1,19,0.97,4,3,1,73.5,87.5,23,45,0,0,0,0,0.0,1,0,1,5000000,77,Rendah,Setujui,0.133,0,Aktif di platform 19 bulan (+7) | On-time rate 97% (+10) | 3 pinjaman lancar (+15) | Listrik 87.5% tepat waktu (+3),1 pinjaman macet (-12) | Rata-rata telat 74 hari (-10) | 5 tanggungan (-5)
L1AJN01082,L1NSB01082,PLT003,Multifinance,2024-11-20,Multifinance,Motor bekas,20000000,36,8,0.86,0,0,0,0.0,75.0,6,41,0,1,0,0,0.0,0,1,0,0,67,Menengah,Setujui,0.191,0,On-time rate 86% (+5) | Listrik 75.0% tepat waktu (+3) | Transaksi e-wallet 41/bln (+3) | BPJS dibayar rutin (+3),
L1AJN01083,L1NSB01083,PLT001,P2P Lending,2024-04-01,P2P Lending,Renovasi,500000,6,16,0.69,2,2,0,2.0,75.0,9,16,0,1,2231000,1,0.01,0,0,0,0,94,Rendah,Setujui,0.035,0,Aktif di platform 16 bulan (+7) | 2 pinjaman lancar (+10) | Tidak ada riwayat macet (+7) | Listrik 75.0% tepat waktu (+3),
L1AJN01084,L1NSB01084,PLT003,Multifinance,2024-10-02,Multifinance,Motor baru,15000000,18,15,0.72,3,2,0,8.7,66.7,23,43,0,0,0,0,0.0,1,1,0,0,86,Rendah,Setujui,0.081,1,Aktif di platform 15 bulan (+7) | 2 pinjaman lancar (+10) | Tidak ada riwayat macet (+7) | E-wallet aktif 23 bulan (+5),4 tanggungan (-5)
L1AJN01085,L1NSB01085,PLT005,P2P Lending,2024-04-07,P2P Lending,Modal usaha,5000000,12,10,0.96,0,0,0,0.0,95.8,0,0,0,0,0,0,0.0,1,1,0,0,67,Menengah,Setujui,0.191,1,On-time rate 96% (+10) | Listrik 95.8% tepat waktu (+7) | Punya rekening bank (+4) | BPJS dibayar rutin (+3),5 tanggungan (-5)
L1AJN01086,L1NSB01086,PLT001,P2P Lending,2024-06-09,P2P Lending,Renovasi,5000000,3,18,0.79,1,1,0,2.0,66.7,13,55,0,0,0,0,0.0,1,0,0,0,85,Rendah,Setujui,0.087,0,Aktif di platform 18 bulan (+7) | On-time rate 79% (+5) | 1 pinjaman lancar (+5) | Tidak ada riwayat macet (+7),
L1AJN01087,L1NSB01087,PLT005,P2P Lending,2024-10-07,P2P Lending,Pendidikan,1000000,3,18,0.57,0,0,0,0.0,100.0,13,35,0,1,6766000,0,0.05,0,0,0,0,76,Rendah,Setujui,0.139,0,Aktif di platform 18 bulan (+7) | Listrik 100.0% tepat waktu (+7) | E-wallet aktif 13 bulan (+5) | Transaksi e-wallet 35/bln (+3),
L1AJN01088,L1NSB01088,PLT001,P2P Lending,2024-03-13,P2P Lending,Modal usaha,5000000,9,33,0.62,1,1,0,2.0,91.7,7,9,0,0,0,0,0.0,1,0,0,0,78,Rendah,Setujui,0.128,0,Aktif di platform 33 bulan (+7) | 1 pinjaman lancar (+5) | Tidak ada riwayat macet (+7) | Listrik 91.7% tepat waktu (+7),
L1AJN01089,L1NSB01089,PLT003,Multifinance,2024-06-08,Multifinance,Elektronik,20000000,24,24,0.99,3,3,0,2.7,87.5,16,18,0,1,7551000,0,0.09,0,1,0,0,95,Rendah,Setujui,0.029,0,Aktif di platform 24 bulan (+7) | On-time rate 99% (+10) | 3 pinjaman lancar (+15) | Tidak ada riwayat macet (+7),5 tanggungan (-5)
L1AJN01090,L1NSB01090,PLT003,Multifinance,2024-12-01,Multifinance,Motor baru,3000000,36,11,0.71,0,0,0,0.0,100.0,23,76,1,0,0,0,0.0,0,0,0,0,59,Menengah,Setujui,0.238,0,Listrik 100.0% tepat waktu (+7) | E-wallet aktif 23 bulan (+5) | Transaksi e-wallet 76/bln (+3),Lonjakan top-up sebelum pengajuan (-8) ⚠️
L1AJN01091,L1NSB01091,PLT003,Multifinance,2024-01-16,Multifinance,Elektronik,20000000,24,2,0.75,0,0,0,0.0,66.7,9,53,0,0,0,0,0.0,0,1,0,0,61,Menengah,Setujui,0.226,0,On-time rate 75% (+5) | Transaksi e-wallet 53/bln (+3) | BPJS dibayar rutin (+3),
L1AJN01092,L1NSB01092,PLT003,Multifinance,2024-03-01,Multifinance,Motor baru,10000000,24,33,0.84,2,2,0,1.5,100.0,24,69,0,1,7944000,1,0.08,0,0,0,0,95,Rendah,Setujui,0.029,0,Aktif di platform 33 bulan (+7) | On-time rate 84% (+5) | 2 pinjaman lancar (+10) | Tidak ada riwayat macet (+7),
L1AJN01093,L1NSB01093,PLT003,Multifinance,2024-03-07,Multifinance,Elektronik,20000000,24,5,0.92,2,2,0,1.5,79.2,20,20,0,0,0,0,0.0,1,1,0,0,95,Rendah,Setujui,0.029,0,On-time rate 92% (+10) | 2 pinjaman lancar (+10) | Tidak ada riwayat macet (+7) | Listrik 79.2% tepat waktu (+3),
L1AJN01094,L1NSB01094,PLT001,P2P Lending,2024-05-11,P2P Lending,Renovasi,1000000,12,8,0.78,0,0,0,0.0,75.0,14,37,0,0,0,0,0.0,0,1,0,0,69,Menengah,Setujui,0.18,0,On-time rate 78% (+5) | Listrik 75.0% tepat waktu (+3) | E-wallet aktif 14 bulan (+5) | Transaksi e-wallet 37/bln (+3),
L1AJN01095,L1NSB01095,PLT002,P2P Lending,2024-12-07,P2P Lending,Konsumsi,3000000,9,15,0.92,3,3,0,1.3,75.0,10,58,0,0,0,0,0.0,0,1,0,0,95,Rendah,Setujui,0.029,0,Aktif di platform 15 bulan (+7) | On-time rate 92% (+10) | 3 pinjaman lancar (+15) | Tidak ada riwayat macet (+7),
L1AJN01096,L1NSB01096,PLT001,P2P Lending,2024-10-10,P2P Lending,Konsumsi,3000000,1,2,0.92,2,0,1,161.5,70.8,23,10,0,1,2606000,1,0.12,1,1,0,0,56,Menengah,Setujui,0.255,1,On-time rate 92% (+10) | E-wallet aktif 23 bulan (+5) | Income gig konsisten 6 bulan (+8) | Punya rekening bank (+4),1 pinjaman macet (-12) | Rata-rata telat 162 hari (-10) | Cancel rate gig 12% (-4)
L1AJN01097,L1NSB01097,PLT005,P2P Lending,2024-03-20,P2P Lending,Konsumsi,1000000,12,11,0.67,0,0,0,0.0,100.0,0,0,0,0,0,0,0.0,0,1,0,0,57,Menengah,Setujui,0.249,0,Listrik 100.0% tepat waktu (+7) | BPJS dibayar rutin (+3),
L1AJN01098,L1NSB01098,PLT005,P2P Lending,2024-08-31,P2P Lending,Modal usaha,1000000,6,17,0.61,2,2,0,1.5,70.8,14,5,0,0,0,0,0.0,0,0,0,0,81,Rendah,Setujui,0.11,0,Aktif di platform 17 bulan (+7) | 2 pinjaman lancar (+10) | Tidak ada riwayat macet (+7) | E-wallet aktif 14 bulan (+5),
L1AJN01099,L1NSB01099,PLT004,Multifinance,2024-01-05,Multifinance,Motor baru,5000000,36,25,0.83,2,2,0,1.0,79.2,19,24,0,0,0,0,0.0,1,1,0,0,95,Rendah,Setujui,0.029,0,Aktif di platform 25 bulan (+7) | On-time rate 83% (+5) | 2 pinjaman lancar (+10) | Tidak ada riwayat macet (+7),
L1AJN01100,L1NSB01100,PLT002,P2P Lending,2024-06-17,P2P Lending,Modal usaha,3000000,3,30,0.75,2,2,0,1.5,91.7,10,66,0,0,0,0,0.0,1,0,0,0,95,Rendah,Setujui,0.029,0,Aktif di platform 30 bulan (+7) | On-time rate 75% (+5) | 2 pinjaman lancar (+10) | Tidak ada riwayat macet (+7),
L1AJN01101,L1NSB01101,PLT001,P2P Lending,2024-10-13,P2P Lending,Renovasi,3000000,3,22,0.76,2,0,0,55.5,100.0,21,14,0,0,0,0,0.0,0,1,0,0,72,Rendah,Setujui,0.162,0,Aktif di platform 22 bulan (+7) | On-time rate 76% (+5) | Tidak ada riwayat macet (+7) | Listrik 100.0% tepat waktu (+7),Rata-rata telat 56 hari (-10)
L1AJN01102,L1NSB01102,PLT004,Multifinance,2024-08-02,Multifinance,Motor baru,5000000,18,16,0.87,1,1,0,0.0,87.5,0,0,0,1,0,0,0.0,0,0,0,0,75,Rendah,Setujui,0.145,0,Aktif di platform 16 bulan (+7) | On-time rate 87% (+5) | 1 pinjaman lancar (+5) | Tidak ada riwayat macet (+7),
L1AJN01103,L1NSB01103,PLT003,Multifinance,2024-04-09,Multifinance,Mesin usaha,20000000,36,4,0.76,1,1,0,3.0,91.7,20,42,0,0,0,0,0.0,1,1,0,0,92,Rendah,Setujui,0.046,0,On-time rate 76% (+5) | 1 pinjaman lancar (+5) | Tidak ada riwayat macet (+7) | Listrik 91.7% tepat waktu (+7),
L1AJN01104,L1NSB01104,PLT001,P2P Lending,2024-09-14,P2P Lending,Modal usaha,3000000,12,8,0.94,2,2,0,1.5,95.8,15,79,0,0,0,0,0.0,1,1,0,0,95,Rendah,Setujui,0.029,0,On-time rate 94% (+10) | 2 pinjaman lancar (+10) | Tidak ada riwayat macet (+7) | Listrik 95.8% tepat waktu (+7),
L1AJN01105,L1NSB01105,PLT001,P2P Lending,2024-07-07,P2P Lending,Pendidikan,2000000,3,1,0.63,0,0,0,0.0,58.3,18,57,0,0,0,0,0.0,1,1,0,0,69,Menengah,Setujui,0.18,0,E-wallet aktif 18 bulan (+5) | Transaksi e-wallet 57/bln (+3) | Punya rekening bank (+4) | BPJS dibayar rutin (+3),
L1AJN01106,L1NSB01106,PLT005,P2P Lending,2024-03-26,P2P Lending,Modal usaha,5000000,9,5,0.8,2,1,0,6.5,70.8,12,14,0,0,0,0,0.0,0,0,0,0,71,Rendah,Setujui,0.168,0,On-time rate 80% (+5) | 1 pinjaman lancar (+5) | Tidak ada riwayat macet (+7) | E-wallet aktif 12 bulan (+5),
L1AJN01107,L1NSB01107,PLT005,P2P Lending,2024-12-10,P2P Lending,Pendidikan,500000,3,18,0.74,0,0,0,0.0,100.0,23,33,0,0,0,0,0.0,0,1,0,0,71,Rendah,Setujui,0.168,0,Aktif di platform 18 bulan (+7) | Listrik 100.0% tepat waktu (+7) | E-wallet aktif 23 bulan (+5) | Transaksi e-wallet 33/bln (+3),5 tanggungan (-5)
L1AJN01108,L1NSB01108,PLT002,P2P Lending,2024-04-19,P2P Lending,Modal usaha,1000000,12,3,0.85,2,0,0,84.0,95.8,23,12,0,0,0,0,0.0,1,0,0,0,67,Menengah,Setujui,0.191,1,On-time rate 85% (+5) | Tidak ada riwayat macet (+7) | Listrik 95.8% tepat waktu (+7) | E-wallet aktif 23 bulan (+5),Rata-rata telat 84 hari (-10)
L1AJN01109,L1NSB01109,PLT001,P2P Lending,2024-09-24,P2P Lending,Pendidikan,3000000,1,24,0.9,3,3,0,3.0,70.8,13,77,1,0,0,0,0.0,0,1,0,0,92,Rendah,Setujui,0.046,0,Aktif di platform 24 bulan (+7) | On-time rate 90% (+10) | 3 pinjaman lancar (+15) | Tidak ada riwayat macet (+7),Lonjakan top-up sebelum pengajuan (-8) ⚠️
L1AJN01110,L1NSB01110,PLT003,Multifinance,2024-09-15,Multifinance,Elektronik,20000000,12,12,0.84,2,2,0,2.5,79.2,6,69,0,0,0,0,0.0,1,0,0,0,86,Rendah,Setujui,0.081,0,Aktif di platform 12 bulan (+7) | On-time rate 84% (+5) | 2 pinjaman lancar (+10) | Tidak ada riwayat macet (+7),
L1AJN01111,L1NSB01111,PLT005,P2P Lending,2024-04-22,P2P Lending,Konsumsi,5000000,6,17,0.59,2,2,0,0.5,79.2,10,44,0,0,0,0,0.0,0,0,0,0,78,Rendah,Setujui,0.128,0,Aktif di platform 17 bulan (+7) | 2 pinjaman lancar (+10) | Tidak ada riwayat macet (+7) | Listrik 79.2% tepat waktu (+3),4 tanggungan (-5)
L1AJN01112,L1NSB01112,PLT001,P2P Lending,2024-06-29,P2P Lending,Pendidikan,2000000,1,22,0.56,1,1,0,1.0,91.7,13,48,0,0,0,0,0.0,0,0,0,0,81,Rendah,Setujui,0.11,0,Aktif di platform 22 bulan (+7) | 1 pinjaman lancar (+5) | Tidak ada riwayat macet (+7) | Listrik 91.7% tepat waktu (+7),4 tanggungan (-5)
L1AJN01113,L1NSB01113,PLT004,Multifinance,2024-12-25,Multifinance,Mesin usaha,3000000,24,8,0.59,0,0,0,0.0,91.7,10,72,0,1,6763000,0,0.14,1,0,0,0,64,Menengah,Setujui,0.209,0,Listrik 91.7% tepat waktu (+7) | Transaksi e-wallet 72/bln (+3) | Rating gig 4.9 (+5) | Punya rekening bank (+4),Cancel rate gig 14% (-4)
L1AJN01114,L1NSB01114,PLT003,Multifinance,2024-10-01,Multifinance,Motor bekas,15000000,18,24,0.82,1,1,0,2.0,91.7,18,76,0,1,5125000,1,0.04,1,1,0,0,95,Rendah,Setujui,0.029,0,Aktif di platform 24 bulan (+7) | On-time rate 82% (+5) | 1 pinjaman lancar (+5) | Tidak ada riwayat macet (+7),
L1AJN01115,L1NSB01115,PLT004,Multifinance,2024-07-01,Multifinance,Mesin usaha,3000000,36,1,0.75,3,2,1,47.3,58.3,10,8,0,1,4704000,1,0.02,1,1,0,0,57,Menengah,Setujui,0.249,0,On-time rate 75% (+5) | 2 pinjaman lancar (+10) | Income gig konsisten 6 bulan (+8) | Punya rekening bank (+4),1 pinjaman macet (-12) | Rata-rata telat 47 hari (-10)
L1AJN01116,L1NSB01116,PLT005,P2P Lending,2024-08-20,P2P Lending,Modal usaha,1000000,9,2,0.65,2,1,0,25.5,62.5,0,0,0,1,5787000,1,0.1,0,0,0,0,73,Rendah,Setujui,0.157,0,1 pinjaman lancar (+5) | Tidak ada riwayat macet (+7) | Income gig konsisten 6 bulan (+8) | Rating gig 4.9 (+5),5 tanggungan (-5)
L1AJN01117,L1NSB01117,PLT001,P2P Lending,2024-01-20,P2P Lending,Renovasi,2000000,9,25,0.6,0,0,0,0.0,66.7,9,47,0,0,0,0,0.0,1,1,0,0,65,Menengah,Setujui,0.203,0,Aktif di platform 25 bulan (+7) | Transaksi e-wallet 47/bln (+3) | Punya rekening bank (+4) | BPJS dibayar rutin (+3),
L1AJN01118,L1NSB01118,PLT001,P2P Lending,2024-05-15,P2P Lending,Renovasi,1000000,6,17,0.57,0,0,0,0.0,91.7,24,36,0,1,5508000,1,0.1,0,0,0,0,77,Rendah,Setujui,0.133,1,Aktif di platform 17 bulan (+7) | Listrik 91.7% tepat waktu (+7) | E-wallet aktif 24 bulan (+5) | Transaksi e-wallet 36/bln (+3),5 tanggungan (-5)
L1AJN01119,L1NSB01119,PLT001,P2P Lending,2024-06-27,P2P Lending,Renovasi,2000000,9,6,0.84,2,1,0,6.0,70.8,21,78,0,0,0,0,0.0,0,0,0,0,74,Rendah,Setujui,0.151,0,On-time rate 84% (+5) | 1 pinjaman lancar (+5) | Tidak ada riwayat macet (+7) | E-wallet aktif 21 bulan (+5),5 tanggungan (-5)
L1AJN01120,L1NSB01120,PLT004,Multifinance,2024-03-18,Multifinance,Elektronik,3000000,12,31,0.56,1,1,0,2.0,91.7,17,7,0,0,0,0,0.0,1,0,0,0,88,Rendah,Setujui,0.07,0,Aktif di platform 31 bulan (+7) | 1 pinjaman lancar (+5) | Tidak ada riwayat macet (+7) | Listrik 91.7% tepat waktu (+7),
L1AJN01121,L1NSB01121,PLT002,P2P Lending,2024-11-11,P2P Lending,Pendidikan,3000000,3,33,0.66,2,1,0,15.5,62.5,21,64,1,1,2446000,1,0.02,1,1,0,0,92,Rendah,Setujui,0.046,0,Aktif di platform 33 bulan (+7) | 1 pinjaman lancar (+5) | Tidak ada riwayat macet (+7) | E-wallet aktif 21 bulan (+5),Lonjakan top-up sebelum pengajuan (-8) ⚠️
L1AJN01122,L1NSB01122,PLT005,P2P Lending,2024-03-15,P2P Lending,Modal usaha,3000000,9,11,0.83,3,2,0,2.7,62.5,17,58,1,1,0,0,0.0,1,1,0,0,81,Rendah,Setujui,0.11,0,On-time rate 83% (+5) | 2 pinjaman lancar (+10) | Tidak ada riwayat macet (+7) | E-wallet aktif 17 bulan (+5),Lonjakan top-up sebelum pengajuan (-8) ⚠️
L1AJN01123,L1NSB01123,PLT001,P2P Lending,2024-01-02,P2P Lending,Modal usaha,5000000,9,25,0.72,0,0,0,0.0,70.8,0,0,0,0,0,0,0.0,0,1,0,0,58,Menengah,Setujui,0.244,0,Aktif di platform 25 bulan (+7) | BPJS dibayar rutin (+3),
L1AJN01124,L1NSB01124,PLT001,P2P Lending,2024-12-02,P2P Lending,Modal usaha,5000000,9,2,0.55,0,0,0,0.0,70.8,24,31,0,1,7730000,1,0.14,1,1,0,0,77,Rendah,Setujui,0.133,0,E-wallet aktif 24 bulan (+5) | Transaksi e-wallet 31/bln (+3) | Income gig konsisten 6 bulan (+8) | Rating gig 4.5 (+5),Cancel rate gig 14% (-4)
L1AJN01125,L1NSB01125,PLT003,Multifinance,2024-06-13,Multifinance,Motor baru,15000000,18,5,0.84,0,0,0,0.0,75.0,21,15,0,0,0,0,0.0,1,1,0,0,71,Rendah,Setujui,0.168,0,On-time rate 84% (+5) | Listrik 75.0% tepat waktu (+3) | E-wallet aktif 21 bulan (+5) | Punya rekening bank (+4),
L1AJN01126,L1NSB01126,PLT002,P2P Lending,2024-03-28,P2P Lending,Renovasi,5000000,12,12,0.62,1,1,0,2.0,58.3,17,8,0,1,0,0,0.0,1,0,0,0,77,Rendah,Setujui,0.133,1,Aktif di platform 12 bulan (+7) | 1 pinjaman lancar (+5) | Tidak ada riwayat macet (+7) | E-wallet aktif 17 bulan (+5),4 tanggungan (-5)
L1AJN01127,L1NSB01127,PLT005,P2P Lending,2024-05-20,P2P Lending,Pendidikan,3000000,3,13,0.63,1,1,0,2.0,83.3,0,0,0,0,0,0,0.0,1,0,0,0,74,Rendah,Setujui,0.151,0,Aktif di platform 13 bulan (+7) | 1 pinjaman lancar (+5) | Tidak ada riwayat macet (+7) | Listrik 83.3% tepat waktu (+3),4 tanggungan (-5)
L1AJN01128,L1NSB01128,PLT005,P2P Lending,2024-12-11,P2P Lending,Konsumsi,500000,1,20,0.88,3,2,0,7.7,66.7,0,0,0,1,2396000,1,0.01,1,0,0,0,93,Rendah,Setujui,0.041,0,Aktif di platform 20 bulan (+7) | On-time rate 88% (+5) | 2 pinjaman lancar (+10) | Tidak ada riwayat macet (+7),
L1AJN01129,L1NSB01129,PLT004,Multifinance,2024-07-17,Multifinance,Mesin usaha,10000000,36,9,0.68,2,2,0,2.0,58.3,0,0,0,1,0,0,0.0,1,1,0,0,72,Rendah,Setujui,0.162,0,2 pinjaman lancar (+10) | Tidak ada riwayat macet (+7) | Punya rekening bank (+4) | BPJS dibayar rutin (+3),
L1AJN01130,L1NSB01130,PLT004,Multifinance,2024-10-14,Multifinance,Motor bekas,3000000,12,17,0.85,2,0,0,52.0,70.8,15,79,1,0,0,0,0.0,0,1,0,0,63,Menengah,Setujui,0.215,0,Aktif di platform 17 bulan (+7) | On-time rate 85% (+5) | Tidak ada riwayat macet (+7) | E-wallet aktif 15 bulan (+5),Rata-rata telat 52 hari (-10) | Lonjakan top-up sebelum pengajuan (-8) ⚠️
L1AJN01131,L1NSB01131,PLT004,Multifinance,2024-10-02,Multifinance,Mesin usaha,7000000,12,9,0.88,1,1,0,1.0,91.7,17,25,0,0,0,0,0.0,1,1,0,0,85,Rendah,Setujui,0.087,0,On-time rate 88% (+5) | 1 pinjaman lancar (+5) | Tidak ada riwayat macet (+7) | Listrik 91.7% tepat waktu (+7),
L1AJN01132,L1NSB01132,PLT005,P2P Lending,2024-07-28,P2P Lending,Modal usaha,3000000,1,5,0.62,3,2,0,5.0,70.8,0,0,0,1,0,0,0.0,0,1,0,0,70,Rendah,Setujui,0.174,0,2 pinjaman lancar (+10) | Tidak ada riwayat macet (+7) | BPJS dibayar rutin (+3),
L1AJN01133,L1NSB01133,PLT003,Multifinance,2024-06-12,Multifinance,Elektronik,7000000,12,22,0.97,2,2,0,1.0,79.2,14,19,0,0,0,0,0.0,0,1,0,0,95,Rendah,Setujui,0.029,0,Aktif di platform 22 bulan (+7) | On-time rate 97% (+10) | 2 pinjaman lancar (+10) | Tidak ada riwayat macet (+7),
L1AJN01134,L1NSB01134,PLT005,P2P Lending,2024-07-13,P2P Lending,Pendidikan,3000000,6,22,0.76,1,0,0,22.0,83.3,21,38,0,0,0,0,0.0,0,1,0,0,84,Rendah,Setujui,0.093,0,Aktif di platform 22 bulan (+7) | On-time rate 76% (+5) | Tidak ada riwayat macet (+7) | Listrik 83.3% tepat waktu (+3),
L1AJN01135,L1NSB01135,PLT003,Multifinance,2024-02-04,Multifinance,Mesin usaha,20000000,36,21,0.94,0,0,0,0.0,62.5,6,29,0,0,0,0,0.0,0,0,0,0,72,Rendah,Setujui,0.162,0,Aktif di platform 21 bulan (+7) | On-time rate 94% (+10) | Transaksi e-wallet 29/bln (+3),
L1AJN01136,L1NSB01136,PLT005,P2P Lending,2024-10-31,P2P Lending,Renovasi,2000000,6,28,0.79,2,2,0,0.5,62.5,0,0,0,0,0,0,0.0,1,0,0,0,79,Rendah,Setujui,0.122,0,Aktif di platform 28 bulan (+7) | On-time rate 79% (+5) | 2 pinjaman lancar (+10) | Tidak ada riwayat macet (+7),
L1AJN01137,L1NSB01137,PLT003,Multifinance,2024-10-14,Multifinance,Motor baru,15000000,12,30,0.71,0,0,0,0.0,100.0,0,0,0,0,0,0,0.0,1,1,0,0,74,Rendah,Setujui,0.151,0,Aktif di platform 30 bulan (+7) | Listrik 100.0% tepat waktu (+7) | Punya rekening bank (+4) | BPJS dibayar rutin (+3),
L1AJN01138,L1NSB01138,PLT003,Multifinance,2024-12-08,Multifinance,Motor baru,7000000,24,16,0.94,1,0,0,29.0,100.0,19,38,0,0,0,0,0.0,1,0,0,0,95,Rendah,Setujui,0.029,0,Aktif di platform 16 bulan (+7) | On-time rate 94% (+10) | Tidak ada riwayat macet (+7) | Listrik 100.0% tepat waktu (+7),
L1AJN01139,L1NSB01139,PLT003,Multifinance,2024-01-07,Multifinance,Motor baru,5000000,12,36,0.66,1,0,0,17.0,83.3,0,0,0,1,6029000,1,0.02,0,1,0,0,78,Rendah,Setujui,0.128,0,Aktif di platform 36 bulan (+7) | Tidak ada riwayat macet (+7) | Listrik 83.3% tepat waktu (+3) | Income gig konsisten 6 bulan (+8),4 tanggungan (-5)
L1AJN01140,L1NSB01140,PLT002,P2P Lending,2024-11-17,P2P Lending,Renovasi,5000000,6,32,0.95,0,0,0,0.0,75.0,21,45,0,0,0,0,0.0,0,0,0,0,77,Rendah,Setujui,0.133,0,Aktif di platform 32 bulan (+7) | On-time rate 95% (+10) | Listrik 75.0% tepat waktu (+3) | E-wallet aktif 21 bulan (+5),
L1AJN01141,L1NSB01141,PLT001,P2P Lending,2024-11-30,P2P Lending,Pendidikan,5000000,6,36,0.65,0,0,0,0.0,75.0,0,0,0,0,0,0,0.0,0,1,0,0,64,Menengah,Setujui,0.209,0,Aktif di platform 36 bulan (+7) | Listrik 75.0% tepat waktu (+3) | BPJS dibayar rutin (+3),
L1AJN01142,L1NSB01142,PLT001,P2P Lending,2024-02-15,P2P Lending,Renovasi,1000000,1,28,0.89,2,1,0,14.5,95.8,0,0,0,1,6395000,0,0.11,1,1,0,0,88,Rendah,Setujui,0.07,0,Aktif di platform 28 bulan (+7) | On-time rate 89% (+5) | 1 pinjaman lancar (+5) | Tidak ada riwayat macet (+7),Cancel rate gig 11% (-4)
L1AJN01143,L1NSB01143,PLT002,P2P Lending,2024-02-18,P2P Lending,Renovasi,2000000,1,35,0.95,3,2,1,64.7,79.2,15,59,0,1,2307000,1,0.05,0,1,0,0,79,Rendah,Setujui,0.122,0,Aktif di platform 35 bulan (+7) | On-time rate 95% (+10) | 2 pinjaman lancar (+10) | Listrik 79.2% tepat waktu (+3),1 pinjaman macet (-12) | Rata-rata telat 65 hari (-10)
L1AJN01144,L1NSB01144,PLT002,P2P Lending,2024-02-13,P2P Lending,Renovasi,3000000,6,12,0.79,2,2,0,2.0,70.8,21,18,0,0,0,0,0.0,0,1,0,0,81,Rendah,Setujui,0.11,0,Aktif di platform 12 bulan (+7) | On-time rate 79% (+5) | 2 pinjaman lancar (+10) | Tidak ada riwayat macet (+7),4 tanggungan (-5)
L1AJN01145,L1NSB01145,PLT004,Multifinance,2024-12-02,Multifinance,Mesin usaha,20000000,18,6,0.77,3,2,0,8.3,91.7,24,46,1,0,0,0,0.0,0,1,0,0,77,Rendah,Setujui,0.133,0,On-time rate 77% (+5) | 2 pinjaman lancar (+10) | Tidak ada riwayat macet (+7) | Listrik 91.7% tepat waktu (+7),4 tanggungan (-5) | Lonjakan top-up sebelum pengajuan (-8) ⚠️
L1AJN01146,L1NSB01146,PLT005,P2P Lending,2024-09-09,P2P Lending,Konsumsi,5000000,9,32,0.78,3,2,0,10.3,100.0,21,35,0,0,0,0,0.0,0,1,0,0,94,Rendah,Setujui,0.035,0,Aktif di platform 32 bulan (+7) | On-time rate 78% (+5) | 2 pinjaman lancar (+10) | Tidak ada riwayat macet (+7),
L1AJN01147,L1NSB01147,PLT005,P2P Lending,2024-04-28,P2P Lending,Modal usaha,3000000,6,5,0.59,4,3,0,17.8,87.5,17,24,1,0,0,0,0.0,0,0,0,0,74,Rendah,Setujui,0.151,0,3 pinjaman lancar (+15) | Tidak ada riwayat macet (+7) | Listrik 87.5% tepat waktu (+3) | E-wallet aktif 17 bulan (+5),Lonjakan top-up sebelum pengajuan (-8) ⚠️
L1AJN01148,L1NSB01148,PLT003,Multifinance,2024-07-10,Multifinance,Motor bekas,5000000,36,15,0.9,2,2,0,1.5,87.5,9,71,0,0,0,0,0.0,1,0,0,0,95,Rendah,Setujui,0.029,0,Aktif di platform 15 bulan (+7) | On-time rate 90% (+10) | 2 pinjaman lancar (+10) | Tidak ada riwayat macet (+7),
L1AJN01149,L1NSB01149,PLT004,Multifinance,2024-06-17,Multifinance,Motor bekas,3000000,24,23,0.75,1,1,0,0.0,79.2,0,0,0,0,0,0,0.0,1,0,0,0,78,Rendah,Setujui,0.128,0,Aktif di platform 23 bulan (+7) | On-time rate 75% (+5) | 1 pinjaman lancar (+5) | Tidak ada riwayat macet (+7),
L1AJN01150,L1NSB01150,PLT002,P2P Lending,2024-10-30,P2P Lending,Modal usaha,2000000,9,11,0.71,1,1,0,2.0,95.8,10,54,0,0,0,0,0.0,1,1,0,0,76,Rendah,Setujui,0.139,0,1 pinjaman lancar (+5) | Tidak ada riwayat macet (+7) | Listrik 95.8% tepat waktu (+7) | Transaksi e-wallet 54/bln (+3),4 tanggungan (-5)
L1AJN01151,L1NSB01151,PLT003,Multifinance,2024-10-02,Multifinance,Elektronik,20000000,36,11,0.91,0,0,0,0.0,100.0,14,9,0,1,7965000,0,0.08,0,1,0,0,76,Rendah,Setujui,0.139,0,On-time rate 91% (+10) | Listrik 100.0% tepat waktu (+7) | E-wallet aktif 14 bulan (+5) | BPJS dibayar rutin (+3),
L1AJN01152,L1NSB01152,PLT002,P2P Lending,2024-10-21,P2P Lending,Modal usaha,3000000,3,5,0.95,3,1,0,13.0,62.5,0,0,0,0,0,0,0.0,0,1,0,0,73,Rendah,Setujui,0.157,0,On-time rate 95% (+10) | 1 pinjaman lancar (+5) | Tidak ada riwayat macet (+7) | BPJS dibayar rutin (+3),5 tanggungan (-5)
L1AJN01153,L1NSB01153,PLT002,P2P Lending,2024-12-09,P2P Lending,Modal usaha,2000000,3,11,0.7,1,0,0,85.0,83.3,10,25,1,0,0,0,0.0,0,0,0,0,48,Tinggi,Tolak,0.302,1,Tidak ada riwayat macet (+7) | Listrik 83.3% tepat waktu (+3) | Transaksi e-wallet 25/bln (+3),Rata-rata telat 85 hari (-10) | Lonjakan top-up sebelum pengajuan (-8) ⚠️
L1AJN01154,L1NSB01154,PLT005,P2P Lending,2024-06-25,P2P Lending,Pendidikan,500000,1,24,0.87,0,0,0,0.0,87.5,0,0,0,1,7698000,0,0.03,1,0,0,0,72,Rendah,Setujui,0.162,0,Aktif di platform 24 bulan (+7) | On-time rate 87% (+5) | Listrik 87.5% tepat waktu (+3) | Rating gig 4.6 (+5),4 tanggungan (-5)
L1AJN01155,L1NSB01155,PLT005,P2P Lending,2024-12-01,P2P Lending,Renovasi,3000000,12,11,0.9,0,0,0,0.0,70.8,0,0,0,0,0,0,0.0,0,1,0,0,61,Menengah,Setujui,0.226,1,On-time rate 90% (+10) | BPJS dibayar rutin (+3),
L1AJN01156,L1NSB01156,PLT004,Multifinance,2024-01-20,Multifinance,Mesin usaha,3000000,12,8,0.95,1,0,0,21.0,100.0,0,0,0,0,0,0,0.0,1,0,0,0,77,Rendah,Setujui,0.133,0,On-time rate 95% (+10) | Tidak ada riwayat macet (+7) | Listrik 100.0% tepat waktu (+7) | Punya rekening bank (+4),
L1AJN01157,L1NSB01157,PLT004,Multifinance,2024-08-04,Multifinance,Mesin usaha,5000000,12,26,0.96,1,1,0,3.0,100.0,14,19,0,1,7307000,1,0.06,1,1,0,0,95,Rendah,Setujui,0.029,0,Aktif di platform 26 bulan (+7) | On-time rate 96% (+10) | 1 pinjaman lancar (+5) | Tidak ada riwayat macet (+7),
L1AJN01158,L1NSB01158,PLT003,Multifinance,2024-01-02,Multifinance,Motor baru,15000000,36,33,0.85,2,2,0,2.0,100.0,0,0,0,1,1517000,1,0.11,0,1,0,0,93,Rendah,Setujui,0.041,0,Aktif di platform 33 bulan (+7) | On-time rate 85% (+5) | 2 pinjaman lancar (+10) | Tidak ada riwayat macet (+7),Cancel rate gig 11% (-4)
L1AJN01159,L1NSB01159,PLT003,Multifinance,2024-02-01,Multifinance,Elektronik,20000000,36,2,0.84,1,1,0,1.0,100.0,11,67,0,1,3322000,1,0.02,1,1,0,0,95,Rendah,Setujui,0.029,0,On-time rate 84% (+5) | 1 pinjaman lancar (+5) | Tidak ada riwayat macet (+7) | Listrik 100.0% tepat waktu (+7),
L1AJN01160,L1NSB01160,PLT001,P2P Lending,2024-09-13,P2P Lending,Pendidikan,3000000,1,32,0.92,3,3,0,1.3,79.2,13,31,0,0,0,0,0.0,0,0,0,0,92,Rendah,Setujui,0.046,0,Aktif di platform 32 bulan (+7) | On-time rate 92% (+10) | 3 pinjaman lancar (+15) | Tidak ada riwayat macet (+7),5 tanggungan (-5)
L1AJN01161,L1NSB01161,PLT002,P2P Lending,2024-11-23,P2P Lending,Modal usaha,3000000,3,24,0.69,2,2,0,0.5,66.7,15,18,0,0,0,0,0.0,0,1,0,0,82,Rendah,Setujui,0.104,0,Aktif di platform 24 bulan (+7) | 2 pinjaman lancar (+10) | Tidak ada riwayat macet (+7) | E-wallet aktif 15 bulan (+5),
L1AJN01162,L1NSB01162,PLT005,P2P Lending,2024-05-31,P2P Lending,Modal usaha,3000000,12,31,0.75,3,3,0,2.0,62.5,21,12,0,1,0,0,0.0,0,0,0,0,90,Rendah,Setujui,0.058,0,Aktif di platform 31 bulan (+7) | On-time rate 75% (+5) | 3 pinjaman lancar (+15) | Tidak ada riwayat macet (+7),
L1AJN01163,L1NSB01163,PLT003,Multifinance,2024-03-13,Multifinance,Motor bekas,3000000,12,34,0.72,0,0,0,0.0,66.7,22,31,0,1,2414000,1,0.11,0,0,0,0,71,Rendah,Setujui,0.168,0,Aktif di platform 34 bulan (+7) | E-wallet aktif 22 bulan (+5) | Transaksi e-wallet 31/bln (+3) | Income gig konsisten 6 bulan (+8),Cancel rate gig 11% (-4)
L1AJN01164,L1NSB01164,PLT004,Multifinance,2024-08-04,Multifinance,Mesin usaha,20000000,24,36,0.68,0,0,0,0.0,95.8,13,14,0,0,0,0,0.0,0,1,0,0,73,Rendah,Setujui,0.157,0,Aktif di platform 36 bulan (+7) | Listrik 95.8% tepat waktu (+7) | E-wallet aktif 13 bulan (+5) | BPJS dibayar rutin (+3),
L1AJN01165,L1NSB01165,PLT003,Multifinance,2024-04-11,Multifinance,Mesin usaha,15000000,12,25,0.81,1,1,0,3.0,91.7,0,0,0,1,6824000,1,0.12,0,0,0,0,89,Rendah,Setujui,0.064,0,Aktif di platform 25 bulan (+7) | On-time rate 81% (+5) | 1 pinjaman lancar (+5) | Tidak ada riwayat macet (+7),Cancel rate gig 12% (-4)
L1AJN01166,L1NSB01166,PLT003,Multifinance,2024-11-20,Multifinance,Elektronik,15000000,24,5,0.77,1,1,0,3.0,83.3,0,0,0,0,0,0,0.0,1,0,0,0,73,Rendah,Setujui,0.157,0,On-time rate 77% (+5) | 1 pinjaman lancar (+5) | Tidak ada riwayat macet (+7) | Listrik 83.3% tepat waktu (+3),5 tanggungan (-5)
L1AJN01167,L1NSB01167,PLT004,Multifinance,2024-06-10,Multifinance,Mesin usaha,20000000,24,22,0.8,1,1,0,2.0,75.0,6,6,0,1,6824000,1,0.13,1,0,0,0,89,Rendah,Setujui,0.064,0,Aktif di platform 22 bulan (+7) | On-time rate 80% (+5) | 1 pinjaman lancar (+5) | Tidak ada riwayat macet (+7),Cancel rate gig 13% (-4)
L1AJN01168,L1NSB01168,PLT005,P2P Lending,2024-08-20,P2P Lending,Renovasi,3000000,1,18,0.65,1,0,0,79.0,87.5,11,77,0,1,1974000,1,0.08,0,1,0,0,80,Rendah,Setujui,0.116,0,Aktif di platform 18 bulan (+7) | Tidak ada riwayat macet (+7) | Listrik 87.5% tepat waktu (+3) | Transaksi e-wallet 77/bln (+3),Rata-rata telat 79 hari (-10)
L1AJN01169,L1NSB01169,PLT001,P2P Lending,2024-04-10,P2P Lending,Pendidikan,2000000,3,17,0.56,0,0,0,0.0,62.5,0,0,0,0,0,0,0.0,0,1,0,0,62,Menengah,Setujui,0.22,1,Aktif di platform 17 bulan (+7) | BPJS dibayar rutin (+3),
L1AJN01170,L1NSB01170,PLT001,P2P Lending,2024-11-25,P2P Lending,Konsumsi,500000,6,27,0.99,1,1,0,2.0,100.0,6,53,0,0,0,0,0.0,0,0,0,0,85,Rendah,Setujui,0.087,0,Aktif di platform 27 bulan (+7) | On-time rate 99% (+10) | 1 pinjaman lancar (+5) | Tidak ada riwayat macet (+7),
L1AJN01171,L1NSB01171,PLT003,Multifinance,2024-10-29,Multifinance,Motor baru,5000000,24,26,0.66,3,3,0,2.0,83.3,0,0,0,0,0,0,0.0,1,1,0,0,87,Rendah,Setujui,0.075,0,Aktif di platform 26 bulan (+7) | 3 pinjaman lancar (+15) | Tidak ada riwayat macet (+7) | Listrik 83.3% tepat waktu (+3),
L1AJN01172,L1NSB01172,PLT004,Multifinance,2024-03-26,Multifinance,Elektronik,15000000,18,26,0.84,3,3,0,1.3,87.5,12,19,1,0,0,0,0.0,1,1,0,0,88,Rendah,Setujui,0.07,0,Aktif di platform 26 bulan (+7) | On-time rate 84% (+5) | 3 pinjaman lancar (+15) | Tidak ada riwayat macet (+7),Lonjakan top-up sebelum pengajuan (-8) ⚠️
L1AJN01173,L1NSB01173,PLT005,P2P Lending,2024-04-05,P2P Lending,Renovasi,5000000,1,6,0.96,4,4,0,2.0,58.3,0,0,0,0,0,0,0.0,1,1,0,0,87,Rendah,Setujui,0.075,0,On-time rate 96% (+10) | 4 pinjaman lancar (+15) | Tidak ada riwayat macet (+7) | Punya rekening bank (+4),4 tanggungan (-5)
L1AJN01174,L1NSB01174,PLT002,P2P Lending,2024-05-20,P2P Lending,Renovasi,3000000,12,12,0.68,1,1,0,3.0,66.7,22,21,0,0,0,0,0.0,1,1,0,0,86,Rendah,Setujui,0.081,0,Aktif di platform 12 bulan (+7) | 1 pinjaman lancar (+5) | Tidak ada riwayat macet (+7) | E-wallet aktif 22 bulan (+5),
L1AJN01175,L1NSB01175,PLT005,P2P Lending,2024-04-29,P2P Lending,Modal usaha,500000,1,20,0.93,1,1,0,1.0,70.8,0,0,0,1,3945000,1,0.14,1,0,0,0,79,Rendah,Setujui,0.122,0,Aktif di platform 20 bulan (+7) | On-time rate 93% (+10) | 1 pinjaman lancar (+5) | Tidak ada riwayat macet (+7),4 tanggungan (-5) | Cancel rate gig 14% (-4)
L1AJN01176,L1NSB01176,PLT004,Multifinance,2024-09-06,Multifinance,Elektronik,20000000,24,34,0.69,1,1,0,0.0,87.5,24,8,0,1,5113000,1,0.03,0,1,0,0,91,Rendah,Setujui,0.052,0,Aktif di platform 34 bulan (+7) | 1 pinjaman lancar (+5) | Tidak ada riwayat macet (+7) | Listrik 87.5% tepat waktu (+3),
L1AJN01177,L1NSB01177,PLT003,Multifinance,2024-12-21,Multifinance,Motor baru,20000000,18,11,0.88,1,0,0,7.0,75.0,16,6,0,1,7968000,1,0.12,0,0,0,0,65,Menengah,Setujui,0.203,0,On-time rate 88% (+5) | Tidak ada riwayat macet (+7) | Listrik 75.0% tepat waktu (+3) | E-wallet aktif 16 bulan (+5),4 tanggungan (-5) | Cancel rate gig 12% (-4)
L1AJN01178,L1NSB01178,PLT003,Multifinance,2024-09-10,Multifinance,Motor baru,10000000,12,10,1.0,0,0,0,0.0,91.7,0,0,0,0,0,0,0.0,1,1,0,0,75,Rendah,Setujui,0.145,0,On-time rate 100% (+10) | Listrik 91.7% tepat waktu (+7) | Punya rekening bank (+4) | BPJS dibayar rutin (+3),
L1AJN01179,L1NSB01179,PLT001,P2P Lending,2024-07-21,P2P Lending,Pendidikan,3000000,12,21,0.9,0,0,0,0.0,62.5,7,45,0,0,0,0,0.0,1,1,0,0,69,Menengah,Setujui,0.18,0,Aktif di platform 21 bulan (+7) | On-time rate 90% (+10) | Transaksi e-wallet 45/bln (+3) | Punya rekening bank (+4),5 tanggungan (-5)
L1AJN01180,L1NSB01180,PLT005,P2P Lending,2024-02-01,P2P Lending,Pendidikan,2000000,3,31,0.95,1,0,0,7.0,95.8,7,19,0,0,0,0,0.0,0,0,0,0,76,Rendah,Setujui,0.139,0,Aktif di platform 31 bulan (+7) | On-time rate 95% (+10) | Tidak ada riwayat macet (+7) | Listrik 95.8% tepat waktu (+7),4 tanggungan (-5)
L1AJN01181,L1NSB01181,PLT004,Multifinance,2024-11-07,Multifinance,Mesin usaha,10000000,24,26,0.71,4,1,0,33.5,83.3,8,43,0,0,0,0,0.0,1,1,0,0,75,Rendah,Setujui,0.145,0,Aktif di platform 26 bulan (+7) | 1 pinjaman lancar (+5) | Tidak ada riwayat macet (+7) | Listrik 83.3% tepat waktu (+3),Rata-rata telat 34 hari (-10)
L1AJN01182,L1NSB01182,PLT005,P2P Lending,2024-04-22,P2P Lending,Modal usaha,3000000,12,11,0.76,2,2,0,1.5,75.0,22,37,1,0,0,0,0.0,1,0,0,0,73,Rendah,Setujui,0.157,1,On-time rate 76% (+5) | 2 pinjaman lancar (+10) | Tidak ada riwayat macet (+7) | Listrik 75.0% tepat waktu (+3),4 tanggungan (-5) | Lonjakan top-up sebelum pengajuan (-8) ⚠️
L1AJN01183,L1NSB01183,PLT005,P2P Lending,2024-01-10,P2P Lending,Modal usaha,5000000,6,13,0.58,3,2,1,39.7,91.7,22,32,0,1,4375000,1,0.01,1,1,0,0,76,Rendah,Setujui,0.139,0,Aktif di platform 13 bulan (+7) | 2 pinjaman lancar (+10) | Listrik 91.7% tepat waktu (+7) | E-wallet aktif 22 bulan (+5),1 pinjaman macet (-12) | Rata-rata telat 40 hari (-10)
L1AJN01184,L1NSB01184,PLT002,P2P Lending,2024-04-16,P2P Lending,Pendidikan,500000,1,33,0.86,2,2,0,2.0,62.5,12,72,0,0,0,0,0.0,1,0,0,0,93,Rendah,Setujui,0.041,0,Aktif di platform 33 bulan (+7) | On-time rate 86% (+5) | 2 pinjaman lancar (+10) | Tidak ada riwayat macet (+7),
L1AJN01185,L1NSB01185,PLT001,P2P Lending,2024-03-30,P2P Lending,Modal usaha,2000000,6,30,0.67,2,2,0,1.0,95.8,17,12,0,0,0,0,0.0,1,0,0,0,94,Rendah,Setujui,0.035,0,Aktif di platform 30 bulan (+7) | 2 pinjaman lancar (+10) | Tidak ada riwayat macet (+7) | Listrik 95.8% tepat waktu (+7),
L1AJN01186,L1NSB01186,PLT004,Multifinance,2024-06-10,Multifinance,Mesin usaha,3000000,18,21,0.92,0,0,0,0.0,100.0,0,0,0,0,0,0,0.0,0,1,0,0,73,Rendah,Setujui,0.157,0,Aktif di platform 21 bulan (+7) | On-time rate 92% (+10) | Listrik 100.0% tepat waktu (+7) | BPJS dibayar rutin (+3),4 tanggungan (-5)
L1AJN01187,L1NSB01187,PLT005,P2P Lending,2024-12-30,P2P Lending,Renovasi,1000000,3,34,0.6,0,0,0,0.0,62.5,0,0,0,0,0,0,0.0,1,0,0,0,63,Menengah,Setujui,0.215,1,Aktif di platform 34 bulan (+7) | Punya rekening bank (+4),
L1AJN01188,L1NSB01188,PLT003,Multifinance,2024-02-07,Multifinance,Mesin usaha,7000000,18,33,0.89,3,2,0,10.3,75.0,20,56,0,1,2316000,1,0.14,1,1,0,0,95,Rendah,Setujui,0.029,0,Aktif di platform 33 bulan (+7) | On-time rate 89% (+5) | 2 pinjaman lancar (+10) | Tidak ada riwayat macet (+7),Cancel rate gig 14% (-4)
L1AJN01189,L1NSB01189,PLT005,P2P Lending,2024-04-09,P2P Lending,Konsumsi,2000000,9,16,0.67,1,1,0,1.0,91.7,14,44,0,0,0,0,0.0,1,0,0,0,91,Rendah,Setujui,0.052,0,Aktif di platform 16 bulan (+7) | 1 pinjaman lancar (+5) | Tidak ada riwayat macet (+7) | Listrik 91.7% tepat waktu (+7),
L1AJN01190,L1NSB01190,PLT001,P2P Lending,2024-03-04,P2P Lending,Konsumsi,5000000,9,2,0.67,0,0,0,0.0,95.8,14,68,0,0,0,0,0.0,1,0,0,0,71,Rendah,Setujui,0.168,1,Listrik 95.8% tepat waktu (+7) | E-wallet aktif 14 bulan (+5) | Transaksi e-wallet 68/bln (+3) | Punya rekening bank (+4),
L1AJN01191,L1NSB01191,PLT004,Multifinance,2024-05-17,Multifinance,Motor bekas,10000000,18,7,0.99,2,1,0,6.0,95.8,15,72,1,0,0,0,0.0,1,1,0,0,83,Rendah,Setujui,0.099,0,On-time rate 99% (+10) | 1 pinjaman lancar (+5) | Tidak ada riwayat macet (+7) | Listrik 95.8% tepat waktu (+7),Lonjakan top-up sebelum pengajuan (-8) ⚠️
L1AJN01192,L1NSB01192,PLT001,P2P Lending,2024-07-18,P2P Lending,Renovasi,2000000,12,5,0.85,2,1,1,109.0,91.7,24,24,0,0,0,0,0.0,1,0,0,0,57,Menengah,Setujui,0.249,0,On-time rate 85% (+5) | 1 pinjaman lancar (+5) | Listrik 91.7% tepat waktu (+7) | E-wallet aktif 24 bulan (+5),1 pinjaman macet (-12) | Rata-rata telat 109 hari (-10)
L1AJN01193,L1NSB01193,PLT005,P2P Lending,2024-04-03,P2P Lending,Konsumsi,5000000,3,8,0.8,4,2,0,14.5,87.5,21,58,0,0,0,0,0.0,1,0,0,0,88,Rendah,Setujui,0.07,0,On-time rate 80% (+5) | 2 pinjaman lancar (+10) | Tidak ada riwayat macet (+7) | Listrik 87.5% tepat waktu (+3),
L1AJN01194,L1NSB01194,PLT002,P2P Lending,2024-01-16,P2P Lending,Pendidikan,3000000,1,2,0.82,2,2,0,1.5,83.3,23,63,0,1,5156000,1,0.12,1,1,0,0,89,Rendah,Setujui,0.064,0,On-time rate 82% (+5) | 2 pinjaman lancar (+10) | Tidak ada riwayat macet (+7) | Listrik 83.3% tepat waktu (+3),4 tanggungan (-5) | Cancel rate gig 12% (-4)
L1AJN01195,L1NSB01195,PLT004,Multifinance,2024-03-05,Multifinance,Elektronik,15000000,18,22,0.93,1,1,0,0.0,100.0,17,25,0,0,0,0,0.0,1,1,0,0,95,Rendah,Setujui,0.029,0,Aktif di platform 22 bulan (+7) | On-time rate 93% (+10) | 1 pinjaman lancar (+5) | Tidak ada riwayat macet (+7),
L1AJN01196,L1NSB01196,PLT002,P2P Lending,2024-10-10,P2P Lending,Konsumsi,5000000,1,5,0.85,1,1,0,1.0,83.3,22,50,0,1,2456000,1,0.13,1,1,0,0,85,Rendah,Setujui,0.087,0,On-time rate 85% (+5) | 1 pinjaman lancar (+5) | Tidak ada riwayat macet (+7) | Listrik 83.3% tepat waktu (+3),Cancel rate gig 13% (-4)
L1AJN01197,L1NSB01197,PLT001,P2P Lending,2024-03-14,P2P Lending,Pendidikan,500000,3,23,0.76,0,0,0,0.0,75.0,14,62,0,1,0,0,0.0,0,0,0,0,72,Rendah,Setujui,0.162,0,Aktif di platform 23 bulan (+7) | On-time rate 76% (+5) | Listrik 75.0% tepat waktu (+3) | E-wallet aktif 14 bulan (+5),
L1AJN01198,L1NSB01198,PLT001,P2P Lending,2024-12-09,P2P Lending,Pendidikan,1000000,6,34,0.9,2,2,0,0.0,58.3,0,0,0,1,1953000,1,0.15,0,1,0,0,89,Rendah,Setujui,0.064,0,Aktif di platform 34 bulan (+7) | On-time rate 90% (+10) | 2 pinjaman lancar (+10) | Tidak ada riwayat macet (+7),4 tanggungan (-5) | Cancel rate gig 15% (-4)
L1AJN01199,L1NSB01199,PLT002,P2P Lending,2024-09-04,P2P Lending,Pendidikan,500000,3,3,0.83,1,1,0,1.0,95.8,0,0,0,0,0,0,0.0,0,0,0,0,74,Rendah,Setujui,0.151,0,On-time rate 83% (+5) | 1 pinjaman lancar (+5) | Tidak ada riwayat macet (+7) | Listrik 95.8% tepat waktu (+7),
L1AJN01200,L1NSB01200,PLT002,P2P Lending,2024-07-02,P2P Lending,Renovasi,3000000,12,34,0.92,2,2,0,3.0,79.2,21,38,0,0,0,0,0.0,1,0,0,0,95,Rendah,Setujui,0.029,0,Aktif di platform 34 bulan (+7) | On-time rate 92% (+10) | 2 pinjaman lancar (+10) | Tidak ada riwayat macet (+7),
L1AJN01201,L1NSB01201,PLT001,P2P Lending,2024-12-18,P2P Lending,Pendidikan,3000000,6,7,0.9,1,1,0,2.0,75.0,0,0,0,0,0,0,0.0,0,0,0,0,71,Rendah,Setujui,0.168,0,On-time rate 90% (+10) | 1 pinjaman lancar (+5) | Tidak ada riwayat macet (+7) | Listrik 75.0% tepat waktu (+3),
L1AJN01202,L1NSB01202,PLT005,P2P Lending,2024-06-02,P2P Lending,Pendidikan,1000000,12,18,0.77,3,1,0,25.0,100.0,20,25,0,0,0,0,0.0,1,0,0,0,92,Rendah,Setujui,0.046,0,Aktif di platform 18 bulan (+7) | On-time rate 77% (+5) | 1 pinjaman lancar (+5) | Tidak ada riwayat macet (+7),
L1AJN01203,L1NSB01203,PLT005,P2P Lending,2024-05-15,P2P Lending,Pendidikan,2000000,3,26,0.79,1,1,0,3.0,66.7,0,0,0,1,7376000,1,0.05,1,1,0,0,87,Rendah,Setujui,0.075,0,Aktif di platform 26 bulan (+7) | On-time rate 79% (+5) | 1 pinjaman lancar (+5) | Tidak ada riwayat macet (+7),
L1AJN01204,L1NSB01204,PLT001,P2P Lending,2024-05-27,P2P Lending,Konsumsi,2000000,3,31,0.74,3,1,0,11.3,75.0,11,64,0,1,2912000,1,0.09,0,1,0,0,82,Rendah,Setujui,0.104,0,Aktif di platform 31 bulan (+7) | 1 pinjaman lancar (+5) | Tidak ada riwayat macet (+7) | Listrik 75.0% tepat waktu (+3),
L1AJN01205,L1NSB01205,PLT001,P2P Lending,2024-05-06,P2P Lending,Pendidikan,5000000,1,14,0.58,0,0,0,0.0,100.0,0,0,0,1,3334000,1,0.12,1,1,0,0,74,Rendah,Setujui,0.151,0,Aktif di platform 14 bulan (+7) | Listrik 100.0% tepat waktu (+7) | Income gig konsisten 6 bulan (+8) | Punya rekening bank (+4),Cancel rate gig 12% (-4)
L1AJN01206,L1NSB01206,PLT005,P2P Lending,2024-09-08,P2P Lending,Pendidikan,500000,12,36,0.58,4,3,1,25.2,58.3,9,54,0,0,0,0,0.0,1,1,0,0,70,Rendah,Setujui,0.174,0,Aktif di platform 36 bulan (+7) | 3 pinjaman lancar (+15) | Transaksi e-wallet 54/bln (+3) | Punya rekening bank (+4),1 pinjaman macet (-12)
L1AJN01207,L1NSB01207,PLT004,Multifinance,2024-11-28,Multifinance,Mesin usaha,15000000,18,19,0.89,0,0,0,0.0,70.8,19,65,0,0,0,0,0.0,1,0,0,0,72,Rendah,Setujui,0.162,0,Aktif di platform 19 bulan (+7) | On-time rate 89% (+5) | E-wallet aktif 19 bulan (+5) | Transaksi e-wallet 65/bln (+3),
L1AJN01208,L1NSB01208,PLT001,P2P Lending,2024-12-07,P2P Lending,Pendidikan,5000000,6,17,0.68,1,1,0,2.0,75.0,15,79,0,0,0,0,0.0,1,1,0,0,91,Rendah,Setujui,0.052,0,Aktif di platform 17 bulan (+7) | 1 pinjaman lancar (+5) | Tidak ada riwayat macet (+7) | Listrik 75.0% tepat waktu (+3),
L1AJN01209,L1NSB01209,PLT002,P2P Lending,2024-11-05,P2P Lending,Pendidikan,1000000,12,5,0.86,0,0,0,0.0,75.0,0,0,0,0,0,0,0.0,0,1,1,19000000,64,Menengah,Setujui,0.209,1,On-time rate 86% (+5) | Listrik 75.0% tepat waktu (+3) | BPJS dibayar rutin (+3) | Toko online omzet Rp 19 jt (+5),
L1AJN01210,L1NSB01210,PLT001,P2P Lending,2024-09-09,P2P Lending,Pendidikan,2000000,9,7,0.96,3,2,0,8.7,62.5,24,43,1,0,0,0,0.0,0,0,0,0,80,Rendah,Setujui,0.116,0,On-time rate 96% (+10) | 2 pinjaman lancar (+10) | Tidak ada riwayat macet (+7) | E-wallet aktif 24 bulan (+5),Lonjakan top-up sebelum pengajuan (-8) ⚠️
L1AJN01211,L1NSB01211,PLT004,Multifinance,2024-02-09,Multifinance,Motor bekas,10000000,12,13,0.82,0,0,0,0.0,66.7,0,0,0,1,6334000,0,0.02,0,1,0,0,60,Menengah,Setujui,0.232,0,Aktif di platform 13 bulan (+7) | On-time rate 82% (+5) | BPJS dibayar rutin (+3),5 tanggungan (-5)
L1AJN01212,L1NSB01212,PLT001,P2P Lending,2024-06-11,P2P Lending,Konsumsi,500000,6,11,0.71,1,1,0,0.0,70.8,18,60,0,0,0,0,0.0,0,0,0,0,68,Menengah,Setujui,0.186,0,1 pinjaman lancar (+5) | Tidak ada riwayat macet (+7) | E-wallet aktif 18 bulan (+5) | Transaksi e-wallet 60/bln (+3),
L1AJN01213,L1NSB01213,PLT002,P2P Lending,2024-03-25,P2P Lending,Modal usaha,2000000,12,1,0.66,3,2,0,4.3,87.5,15,25,0,0,0,0,0.0,0,0,0,0,77,Rendah,Setujui,0.133,0,2 pinjaman lancar (+10) | Tidak ada riwayat macet (+7) | Listrik 87.5% tepat waktu (+3) | E-wallet aktif 15 bulan (+5),
L1AJN01214,L1NSB01214,PLT003,Multifinance,2024-02-09,Multifinance,Mesin usaha,3000000,36,11,0.62,2,1,0,6.5,87.5,11,62,0,0,0,0,0.0,0,1,0,0,75,Rendah,Setujui,0.145,0,1 pinjaman lancar (+5) | Tidak ada riwayat macet (+7) | Listrik 87.5% tepat waktu (+3) | Transaksi e-wallet 62/bln (+3),
L1AJN01215,L1NSB01215,PLT005,P2P Lending,2024-03-11,P2P Lending,Pendidikan,2000000,1,18,0.95,4,3,0,11.5,83.3,20,23,0,1,7034000,1,0.08,1,1,0,0,95,Rendah,Setujui,0.029,0,Aktif di platform 18 bulan (+7) | On-time rate 95% (+10) | 3 pinjaman lancar (+15) | Tidak ada riwayat macet (+7),
L1AJN01216,L1NSB01216,PLT002,P2P Lending,2024-06-18,P2P Lending,Modal usaha,5000000,9,16,0.59,0,0,0,0.0,91.7,22,77,1,0,0,0,0.0,1,1,0,0,74,Rendah,Setujui,0.151,0,Aktif di platform 16 bulan (+7) | Listrik 91.7% tepat waktu (+7) | E-wallet aktif 22 bulan (+5) | Transaksi e-wallet 77/bln (+3),Lonjakan top-up sebelum pengajuan (-8) ⚠️
L1AJN01217,L1NSB01217,PLT004,Multifinance,2024-03-13,Multifinance,Mesin usaha,5000000,36,2,0.89,4,4,0,1.2,66.7,15,7,0,0,0,0,0.0,1,0,1,13000000,92,Rendah,Setujui,0.046,0,On-time rate 89% (+5) | 4 pinjaman lancar (+15) | Tidak ada riwayat macet (+7) | E-wallet aktif 15 bulan (+5),
L1AJN01218,L1NSB01218,PLT003,Multifinance,2024-04-04,Multifinance,Motor bekas,5000000,18,18,0.81,0,0,0,0.0,66.7,9,45,0,0,0,0,0.0,1,1,0,0,72,Rendah,Setujui,0.162,0,Aktif di platform 18 bulan (+7) | On-time rate 81% (+5) | Transaksi e-wallet 45/bln (+3) | Punya rekening bank (+4),
L1AJN01219,L1NSB01219,PLT004,Multifinance,2024-07-06,Multifinance,Motor baru,20000000,12,3,0.72,3,3,0,0.3,62.5,10,40,0,1,2974000,1,0.08,1,1,0,0,93,Rendah,Setujui,0.041,0,3 pinjaman lancar (+15) | Tidak ada riwayat macet (+7) | Transaksi e-wallet 40/bln (+3) | Income gig konsisten 6 bulan (+8),
L1AJN01220,L1NSB01220,PLT002,P2P Lending,2024-10-29,P2P Lending,Pendidikan,2000000,3,30,0.86,2,2,0,1.5,75.0,8,15,0,0,0,0,0.0,0,1,0,0,89,Rendah,Setujui,0.064,0,Aktif di platform 30 bulan (+7) | On-time rate 86% (+5) | 2 pinjaman lancar (+10) | Tidak ada riwayat macet (+7),
L1AJN01221,L1NSB01221,PLT002,P2P Lending,2024-04-27,P2P Lending,Pendidikan,2000000,3,7,0.64,0,0,0,0.0,62.5,0,0,0,0,0,0,0.0,1,0,0,0,56,Menengah,Setujui,0.255,1,Punya rekening bank (+4),
L1AJN01222,L1NSB01222,PLT002,P2P Lending,2024-04-02,P2P Lending,Modal usaha,3000000,6,8,0.95,3,3,0,1.7,87.5,20,51,0,1,1555000,1,0.11,1,1,0,0,95,Rendah,Setujui,0.029,0,On-time rate 95% (+10) | 3 pinjaman lancar (+15) | Tidak ada riwayat macet (+7) | Listrik 87.5% tepat waktu (+3),Cancel rate gig 11% (-4)
L1AJN01223,L1NSB01223,PLT001,P2P Lending,2024-08-30,P2P Lending,Pendidikan,500000,3,14,0.62,1,1,0,0.0,83.3,6,17,0,0,0,0,0.0,0,0,1,20000000,74,Rendah,Setujui,0.151,1,Aktif di platform 14 bulan (+7) | 1 pinjaman lancar (+5) | Tidak ada riwayat macet (+7) | Listrik 83.3% tepat waktu (+3),
L1AJN01224,L1NSB01224,PLT004,Multifinance,2024-03-31,Multifinance,Elektronik,5000000,36,29,0.93,2,1,0,6.0,100.0,0,0,0,0,0,0,0.0,1,0,0,0,93,Rendah,Setujui,0.041,0,Aktif di platform 29 bulan (+7) | On-time rate 93% (+10) | 1 pinjaman lancar (+5) | Tidak ada riwayat macet (+7),
L1AJN01225,L1NSB01225,PLT002,P2P Lending,2024-06-05,P2P Lending,Konsumsi,1000000,1,3,0.67,2,2,0,1.5,95.8,0,0,0,0,0,0,0.0,0,1,0,0,74,Rendah,Setujui,0.151,0,2 pinjaman lancar (+10) | Tidak ada riwayat macet (+7) | Listrik 95.8% tepat waktu (+7) | BPJS dibayar rutin (+3),
L1AJN01226,L1NSB01226,PLT005,P2P Lending,2024-08-15,P2P Lending,Konsumsi,1000000,3,14,0.87,3,2,0,20.0,58.3,16,74,0,1,2183000,1,0.11,1,1,0,0,95,Rendah,Setujui,0.029,0,Aktif di platform 14 bulan (+7) | On-time rate 87% (+5) | 2 pinjaman lancar (+10) | Tidak ada riwayat macet (+7),Cancel rate gig 11% (-4)
L1AJN01227,L1NSB01227,PLT002,P2P Lending,2024-01-02,P2P Lending,Pendidikan,2000000,12,27,0.64,1,0,0,70.0,100.0,24,46,0,0,0,0,0.0,0,0,0,0,68,Menengah,Setujui,0.186,0,Aktif di platform 27 bulan (+7) | Tidak ada riwayat macet (+7) | Listrik 100.0% tepat waktu (+7) | E-wallet aktif 24 bulan (+5),Rata-rata telat 70 hari (-10)
L1AJN01228,L1NSB01228,PLT003,Multifinance,2024-01-11,Multifinance,Motor baru,5000000,36,22,0.93,0,0,0,0.0,75.0,0,0,0,0,0,0,0.0,1,1,0,0,74,Rendah,Setujui,0.151,0,Aktif di platform 22 bulan (+7) | On-time rate 93% (+10) | Listrik 75.0% tepat waktu (+3) | Punya rekening bank (+4),5 tanggungan (-5)
L1AJN01229,L1NSB01229,PLT002,P2P Lending,2024-07-04,P2P Lending,Konsumsi,5000000,3,21,0.72,4,4,0,1.0,58.3,0,0,0,1,4222000,0,0.08,1,0,0,0,86,Rendah,Setujui,0.081,0,Aktif di platform 21 bulan (+7) | 4 pinjaman lancar (+15) | Tidak ada riwayat macet (+7) | Punya rekening bank (+4),
L1AJN01230,L1NSB01230,PLT005,P2P Lending,2024-04-21,P2P Lending,Pendidikan,5000000,12,4,0.72,0,0,0,0.0,91.7,14,69,0,1,5530000,1,0.13,1,0,0,0,74,Rendah,Setujui,0.151,1,Listrik 91.7% tepat waktu (+7) | E-wallet aktif 14 bulan (+5) | Transaksi e-wallet 69/bln (+3) | Income gig konsisten 6 bulan (+8),Cancel rate gig 13% (-4)
L1AJN01231,L1NSB01231,PLT005,P2P Lending,2024-03-23,P2P Lending,Pendidikan,500000,6,4,0.7,0,0,0,0.0,79.2,23,7,0,0,0,0,0.0,1,1,0,0,62,Menengah,Setujui,0.22,0,Listrik 79.2% tepat waktu (+3) | E-wallet aktif 23 bulan (+5) | Punya rekening bank (+4) | BPJS dibayar rutin (+3),
L1AJN01232,L1NSB01232,PLT001,P2P Lending,2024-01-20,P2P Lending,Renovasi,2000000,9,9,0.68,1,1,0,2.0,58.3,0,0,0,0,0,0,0.0,1,0,0,0,60,Menengah,Setujui,0.232,0,1 pinjaman lancar (+5) | Tidak ada riwayat macet (+7) | Punya rekening bank (+4),4 tanggungan (-5)
L1AJN01233,L1NSB01233,PLT001,P2P Lending,2024-03-26,P2P Lending,Renovasi,5000000,12,28,0.95,4,4,0,2.5,58.3,10,38,0,1,1653000,1,0.11,1,0,0,0,95,Rendah,Setujui,0.029,0,Aktif di platform 28 bulan (+7) | On-time rate 95% (+10) | 4 pinjaman lancar (+15) | Tidak ada riwayat macet (+7),Cancel rate gig 11% (-4)
L1AJN01234,L1NSB01234,PLT001,P2P Lending,2024-10-01,P2P Lending,Pendidikan,2000000,12,2,0.61,3,2,0,11.7,83.3,0,0,0,0,0,0,0.0,1,0,0,0,76,Rendah,Setujui,0.139,0,2 pinjaman lancar (+10) | Tidak ada riwayat macet (+7) | Listrik 83.3% tepat waktu (+3) | Punya rekening bank (+4),
L1AJN01235,L1NSB01235,PLT001,P2P Lending,2024-03-12,P2P Lending,Modal usaha,500000,12,2,0.79,0,0,0,0.0,66.7,8,57,0,0,0,0,0.0,0,0,0,0,55,Menengah,Setujui,0.261,1,On-time rate 79% (+5) | Transaksi e-wallet 57/bln (+3),
L1AJN01236,L1NSB01236,PLT003,Multifinance,2024-08-07,Multifinance,Mesin usaha,15000000,12,10,0.69,1,0,0,11.0,70.8,14,33,0,0,0,0,0.0,1,1,0,0,72,Rendah,Setujui,0.162,0,Tidak ada riwayat macet (+7) | E-wallet aktif 14 bulan (+5) | Transaksi e-wallet 33/bln (+3) | Punya rekening bank (+4),
L1AJN01237,L1NSB01237,PLT003,Multifinance,2024-02-15,Multifinance,Motor baru,15000000,24,25,0.75,4,2,0,16.0,87.5,9,63,1,1,5042000,0,0.13,1,0,0,0,79,Rendah,Setujui,0.122,0,Aktif di platform 25 bulan (+7) | On-time rate 75% (+5) | 2 pinjaman lancar (+10) | Tidak ada riwayat macet (+7),Lonjakan top-up sebelum pengajuan (-8) ⚠️ | Cancel rate gig 13% (-4)
L1AJN01238,L1NSB01238,PLT001,P2P Lending,2024-07-19,P2P Lending,Konsumsi,3000000,3,34,0.75,0,0,0,0.0,79.2,21,75,0,0,0,0,0.0,0,1,0,0,76,Rendah,Setujui,0.139,0,Aktif di platform 34 bulan (+7) | On-time rate 75% (+5) | Listrik 79.2% tepat waktu (+3) | E-wallet aktif 21 bulan (+5),
L1AJN01239,L1NSB01239,PLT003,Multifinance,2024-02-21,Multifinance,Motor baru,3000000,18,11,0.84,3,3,0,1.0,66.7,21,21,0,1,0,0,0.0,0,0,0,0,81,Rendah,Setujui,0.11,0,On-time rate 84% (+5) | 3 pinjaman lancar (+15) | Tidak ada riwayat macet (+7) | E-wallet aktif 21 bulan (+5),
L1AJN01240,L1NSB01240,PLT005,P2P Lending,2024-04-28,P2P Lending,Renovasi,3000000,1,23,0.64,2,1,0,43.5,66.7,0,0,0,0,0,0,0.0,1,1,0,0,58,Menengah,Setujui,0.244,0,Aktif di platform 23 bulan (+7) | 1 pinjaman lancar (+5) | Tidak ada riwayat macet (+7) | Punya rekening bank (+4),Rata-rata telat 44 hari (-10) | 5 tanggungan (-5)
L1AJN01241,L1NSB01241,PLT002,P2P Lending,2024-08-17,P2P Lending,Modal usaha,3000000,3,4,0.93,1,1,0,2.0,95.8,20,40,0,1,2337000,1,0.02,0,1,0,0,95,Rendah,Setujui,0.029,0,On-time rate 93% (+10) | 1 pinjaman lancar (+5) | Tidak ada riwayat macet (+7) | Listrik 95.8% tepat waktu (+7),
L1AJN01242,L1NSB01242,PLT002,P2P Lending,2024-03-15,P2P Lending,Modal usaha,5000000,3,16,0.77,1,1,0,2.0,70.8,23,8,0,1,7687000,1,0.02,1,0,0,0,87,Rendah,Setujui,0.075,0,Aktif di platform 16 bulan (+7) | On-time rate 77% (+5) | 1 pinjaman lancar (+5) | Tidak ada riwayat macet (+7),
L1AJN01243,L1NSB01243,PLT005,P2P Lending,2024-02-11,P2P Lending,Modal usaha,5000000,9,20,0.73,0,0,0,0.0,100.0,0,0,0,0,0,0,0.0,0,1,0,0,70,Rendah,Setujui,0.174,0,Aktif di platform 20 bulan (+7) | Listrik 100.0% tepat waktu (+7) | BPJS dibayar rutin (+3),
L1AJN01244,L1NSB01244,PLT005,P2P Lending,2024-08-29,P2P Lending,Renovasi,5000000,6,17,0.75,3,1,0,16.3,95.8,13,63,0,0,0,0,0.0,1,1,0,0,92,Rendah,Setujui,0.046,0,Aktif di platform 17 bulan (+7) | On-time rate 75% (+5) | 1 pinjaman lancar (+5) | Tidak ada riwayat macet (+7),
L1AJN01245,L1NSB01245,PLT003,Multifinance,2024-12-26,Multifinance,Motor baru,3000000,24,26,0.71,2,1,1,136.5,91.7,19,24,0,0,0,0,0.0,0,0,0,0,56,Menengah,Setujui,0.255,0,Aktif di platform 26 bulan (+7) | 1 pinjaman lancar (+5) | Listrik 91.7% tepat waktu (+7) | E-wallet aktif 19 bulan (+5),1 pinjaman macet (-12) | Rata-rata telat 136 hari (-10)
L1AJN01246,L1NSB01246,PLT001,P2P Lending,2024-08-28,P2P Lending,Modal usaha,1000000,3,18,0.67,3,3,0,2.3,95.8,18,70,0,0,0,0,0.0,1,0,0,0,95,Rendah,Setujui,0.029,0,Aktif di platform 18 bulan (+7) | 3 pinjaman lancar (+15) | Tidak ada riwayat macet (+7) | Listrik 95.8% tepat waktu (+7),
L1AJN01247,L1NSB01247,PLT001,P2P Lending,2024-02-09,P2P Lending,Pendidikan,1000000,6,12,0.68,3,3,0,1.3,100.0,20,76,0,0,0,0,0.0,1,1,0,0,95,Rendah,Setujui,0.029,0,Aktif di platform 12 bulan (+7) | 3 pinjaman lancar (+15) | Tidak ada riwayat macet (+7) | Listrik 100.0% tepat waktu (+7),
L1AJN01248,L1NSB01248,PLT003,Multifinance,2024-09-13,Multifinance,Motor bekas,3000000,36,19,0.92,3,2,0,6.7,70.8,9,12,0,1,5922000,1,0.15,0,1,0,0,83,Rendah,Setujui,0.099,0,Aktif di platform 19 bulan (+7) | On-time rate 92% (+10) | 2 pinjaman lancar (+10) | Tidak ada riwayat macet (+7),4 tanggungan (-5) | Cancel rate gig 15% (-4)
L1AJN01249,L1NSB01249,PLT004,Multifinance,2024-10-19,Multifinance,Mesin usaha,15000000,12,7,0.83,3,2,0,8.7,100.0,19,5,0,0,0,0,0.0,1,1,0,0,91,Rendah,Setujui,0.052,1,On-time rate 83% (+5) | 2 pinjaman lancar (+10) | Tidak ada riwayat macet (+7) | Listrik 100.0% tepat waktu (+7),
L1AJN01250,L1NSB01250,PLT005,P2P Lending,2024-01-12,P2P Lending,Renovasi,3000000,3,6,0.92,0,0,0,0.0,58.3,0,0,0,0,0,0,0.0,0,0,1,2000000,61,Menengah,Setujui,0.226,0,On-time rate 92% (+10),
L1AJN01251,L1NSB01251,PLT004,Multifinance,2024-02-29,Multifinance,Motor baru,15000000,18,33,0.97,3,2,0,9.0,95.8,7,38,0,0,0,0,0.0,1,1,0,0,95,Rendah,Setujui,0.029,0,Aktif di platform 33 bulan (+7) | On-time rate 97% (+10) | 2 pinjaman lancar (+10) | Tidak ada riwayat macet (+7),4 tanggungan (-5)
L1AJN01252,L1NSB01252,PLT005,P2P Lending,2024-02-27,P2P Lending,Modal usaha,5000000,9,1,0.91,3,2,0,4.7,58.3,0,0,0,0,0,0,0.0,1,0,0,0,77,Rendah,Setujui,0.133,0,On-time rate 91% (+10) | 2 pinjaman lancar (+10) | Tidak ada riwayat macet (+7) | Punya rekening bank (+4),
L1AJN01253,L1NSB01253,PLT001,P2P Lending,2024-11-24,P2P Lending,Renovasi,3000000,9,1,0.7,3,2,1,122.3,75.0,9,74,0,1,3218000,1,0.01,1,0,0,0,58,Menengah,Setujui,0.244,0,2 pinjaman lancar (+10) | Listrik 75.0% tepat waktu (+3) | Transaksi e-wallet 74/bln (+3) | Income gig konsisten 6 bulan (+8),1 pinjaman macet (-12) | Rata-rata telat 122 hari (-10) | 5 tanggungan (-5)
L1AJN01254,L1NSB01254,PLT001,P2P Lending,2024-05-09,P2P Lending,Pendidikan,500000,12,24,0.7,2,1,1,133.5,79.2,6,61,0,0,0,0,0.0,1,1,0,0,50,Menengah,Setujui,0.29,0,Aktif di platform 24 bulan (+7) | 1 pinjaman lancar (+5) | Listrik 79.2% tepat waktu (+3) | Transaksi e-wallet 61/bln (+3),1 pinjaman macet (-12) | Rata-rata telat 134 hari (-10) | 4 tanggungan (-5)
L1AJN01255,L1NSB01255,PLT005,P2P Lending,2024-02-14,P2P Lending,Pendidikan,2000000,6,15,0.84,4,3,0,8.0,87.5,14,64,0,0,0,0,0.0,1,1,0,0,95,Rendah,Setujui,0.029,0,Aktif di platform 15 bulan (+7) | On-time rate 84% (+5) | 3 pinjaman lancar (+15) | Tidak ada riwayat macet (+7),
L1AJN01256,L1NSB01256,PLT002,P2P Lending,2024-09-16,P2P Lending,Modal usaha,500000,12,5,0.97,1,1,0,3.0,62.5,8,70,1,0,0,0,0.0,0,0,1,1000000,67,Menengah,Setujui,0.191,1,On-time rate 97% (+10) | 1 pinjaman lancar (+5) | Tidak ada riwayat macet (+7) | Transaksi e-wallet 70/bln (+3),Lonjakan top-up sebelum pengajuan (-8) ⚠️
L1AJN01257,L1NSB01257,PLT003,Multifinance,2024-05-05,Multifinance,Elektronik,7000000,36,3,0.78,3,3,0,1.0,83.3,14,52,0,1,3243000,1,0.03,1,1,0,0,95,Rendah,Setujui,0.029,0,On-time rate 78% (+5) | 3 pinjaman lancar (+15) | Tidak ada riwayat macet (+7) | Listrik 83.3% tepat waktu (+3),
L1AJN01258,L1NSB01258,PLT001,P2P Lending,2024-05-09,P2P Lending,Renovasi,3000000,12,2,0.75,2,1,0,8.5,70.8,12,10,0,0,0,0,0.0,1,1,0,0,77,Rendah,Setujui,0.133,0,On-time rate 75% (+5) | 1 pinjaman lancar (+5) | Tidak ada riwayat macet (+7) | E-wallet aktif 12 bulan (+5),
L1AJN01259,L1NSB01259,PLT005,P2P Lending,2024-03-15,P2P Lending,Modal usaha,2000000,12,10,0.92,2,2,0,0.0,70.8,0,0,0,1,2718000,1,0.13,1,0,0,0,85,Rendah,Setujui,0.087,0,On-time rate 92% (+10) | 2 pinjaman lancar (+10) | Tidak ada riwayat macet (+7) | Income gig konsisten 6 bulan (+8),Cancel rate gig 13% (-4)
L1AJN01260,L1NSB01260,PLT005,P2P Lending,2024-07-24,P2P Lending,Pendidikan,1000000,6,7,0.74,0,0,0,0.0,100.0,24,33,0,1,5028000,1,0.07,1,1,0,0,83,Rendah,Setujui,0.099,0,Listrik 100.0% tepat waktu (+7) | E-wallet aktif 24 bulan (+5) | Transaksi e-wallet 33/bln (+3) | Income gig konsisten 6 bulan (+8),
L1AJN01261,L1NSB01261,PLT001,P2P Lending,2024-08-31,P2P Lending,Modal usaha,3000000,3,34,0.81,2,2,0,0.5,75.0,9,52,0,0,0,0,0.0,0,1,0,0,85,Rendah,Setujui,0.087,0,Aktif di platform 34 bulan (+7) | On-time rate 81% (+5) | 2 pinjaman lancar (+10) | Tidak ada riwayat macet (+7),5 tanggungan (-5)
L1AJN01262,L1NSB01262,PLT002,P2P Lending,2024-08-01,P2P Lending,Pendidikan,5000000,6,24,0.91,2,1,0,3.0,83.3,0,0,0,0,0,0,0.0,0,0,0,0,83,Rendah,Setujui,0.099,0,Aktif di platform 24 bulan (+7) | On-time rate 91% (+10) | 1 pinjaman lancar (+5) | Tidak ada riwayat macet (+7),
L1AJN01263,L1NSB01263,PLT005,P2P Lending,2024-02-29,P2P Lending,Renovasi,500000,6,19,0.81,1,1,0,3.0,70.8,0,0,0,0,0,0,0.0,0,1,0,0,81,Rendah,Setujui,0.11,0,Aktif di platform 19 bulan (+7) | On-time rate 81% (+5) | 1 pinjaman lancar (+5) | Tidak ada riwayat macet (+7),
L1AJN01264,L1NSB01264,PLT004,Multifinance,2024-07-18,Multifinance,Motor bekas,10000000,36,25,0.74,1,1,0,3.0,66.7,6,23,0,0,0,0,0.0,1,1,0,0,75,Rendah,Setujui,0.145,0,Aktif di platform 25 bulan (+7) | 1 pinjaman lancar (+5) | Tidak ada riwayat macet (+7) | Transaksi e-wallet 23/bln (+3),
L1AJN01265,L1NSB01265,PLT001,P2P Lending,2024-10-20,P2P Lending,Konsumsi,2000000,1,35,0.64,1,1,0,2.0,58.3,15,64,0,0,0,0,0.0,1,0,0,0,78,Rendah,Setujui,0.128,0,Aktif di platform 35 bulan (+7) | 1 pinjaman lancar (+5) | Tidak ada riwayat macet (+7) | E-wallet aktif 15 bulan (+5),
L1AJN01266,L1NSB01266,PLT001,P2P Lending,2024-06-20,P2P Lending,Modal usaha,2000000,12,13,0.93,1,1,0,0.0,91.7,22,8,0,0,0,0,0.0,0,1,0,0,95,Rendah,Setujui,0.029,0,Aktif di platform 13 bulan (+7) | On-time rate 93% (+10) | 1 pinjaman lancar (+5) | Tidak ada riwayat macet (+7),
L1AJN01267,L1NSB01267,PLT004,Multifinance,2024-09-25,Multifinance,Motor bekas,15000000,36,2,0.86,0,0,0,0.0,91.7,24,63,0,0,0,0,0.0,0,1,0,0,65,Menengah,Setujui,0.203,0,On-time rate 86% (+5) | Listrik 91.7% tepat waktu (+7) | E-wallet aktif 24 bulan (+5) | Transaksi e-wallet 63/bln (+3),5 tanggungan (-5)
L1AJN01268,L1NSB01268,PLT004,Multifinance,2024-11-27,Multifinance,Mesin usaha,10000000,12,36,0.72,2,2,0,0.0,91.7,18,22,0,1,6875000,1,0.07,1,1,0,0,95,Rendah,Setujui,0.029,0,Aktif di platform 36 bulan (+7) | 2 pinjaman lancar (+10) | Tidak ada riwayat macet (+7) | Listrik 91.7% tepat waktu (+7),4 tanggungan (-5)
L1AJN01269,L1NSB01269,PLT005,P2P Lending,2024-01-11,P2P Lending,Pendidikan,1000000,3,1,0.79,1,0,1,107.0,66.7,18,69,1,0,0,0,0.0,1,0,0,0,34,Tinggi,Tolak,0.383,0,On-time rate 79% (+5) | E-wallet aktif 18 bulan (+5) | Transaksi e-wallet 69/bln (+3) | Punya rekening bank (+4),1 pinjaman macet (-12) | Rata-rata telat 107 hari (-10) | Lonjakan top-up sebelum pengajuan (-8) ⚠️
L1AJN01270,L1NSB01270,PLT003,Multifinance,2024-12-11,Multifinance,Mesin usaha,15000000,24,23,0.83,0,0,0,0.0,83.3,0,0,0,1,3681000,1,0.14,1,0,0,0,69,Menengah,Setujui,0.18,0,Aktif di platform 23 bulan (+7) | On-time rate 83% (+5) | Listrik 83.3% tepat waktu (+3) | Income gig konsisten 6 bulan (+8),Cancel rate gig 14% (-4)
L1AJN01271,L1NSB01271,PLT001,P2P Lending,2024-12-05,P2P Lending,Pendidikan,500000,6,10,0.67,0,0,0,0.0,91.7,20,61,1,1,0,0,0.0,0,1,0,0,59,Menengah,Setujui,0.238,1,Listrik 91.7% tepat waktu (+7) | E-wallet aktif 20 bulan (+5) | Transaksi e-wallet 61/bln (+3) | BPJS dibayar rutin (+3),4 tanggungan (-5) | Lonjakan top-up sebelum pengajuan (-8) ⚠️
L1AJN01272,L1NSB01272,PLT003,Multifinance,2024-06-20,Multifinance,Motor bekas,10000000,12,20,0.76,4,3,0,6.0,75.0,22,63,0,0,0,0,0.0,1,1,0,0,95,Rendah,Setujui,0.029,0,Aktif di platform 20 bulan (+7) | On-time rate 76% (+5) | 3 pinjaman lancar (+15) | Tidak ada riwayat macet (+7),
L1AJN01273,L1NSB01273,PLT002,P2P Lending,2024-10-26,P2P Lending,Konsumsi,3000000,6,26,0.69,1,1,0,1.0,83.3,10,54,0,1,5631000,1,0.07,1,1,0,0,94,Rendah,Setujui,0.035,0,Aktif di platform 26 bulan (+7) | 1 pinjaman lancar (+5) | Tidak ada riwayat macet (+7) | Listrik 83.3% tepat waktu (+3),
L1AJN01274,L1NSB01274,PLT003,Multifinance,2024-09-27,Multifinance,Elektronik,3000000,24,5,0.63,2,1,0,33.0,100.0,0,0,0,0,0,0,0.0,1,1,0,0,62,Menengah,Setujui,0.22,0,1 pinjaman lancar (+5) | Tidak ada riwayat macet (+7) | Listrik 100.0% tepat waktu (+7) | Punya rekening bank (+4),Rata-rata telat 33 hari (-10)
L1AJN01275,L1NSB01275,PLT003,Multifinance,2024-02-25,Multifinance,Motor baru,15000000,12,12,0.88,1,1,0,2.0,62.5,16,35,0,1,5808000,1,0.05,1,1,0,0,95,Rendah,Setujui,0.029,0,Aktif di platform 12 bulan (+7) | On-time rate 88% (+5) | 1 pinjaman lancar (+5) | Tidak ada riwayat macet (+7),
L1AJN01276,L1NSB01276,PLT003,Multifinance,2024-03-22,Multifinance,Motor bekas,3000000,36,29,0.77,2,2,0,2.5,75.0,12,14,0,1,5415000,1,0.15,0,1,0,0,95,Rendah,Setujui,0.029,0,Aktif di platform 29 bulan (+7) | On-time rate 77% (+5) | 2 pinjaman lancar (+10) | Tidak ada riwayat macet (+7),Cancel rate gig 15% (-4)
L1AJN01277,L1NSB01277,PLT002,P2P Lending,2024-01-09,P2P Lending,Pendidikan,2000000,12,32,0.75,0,0,0,0.0,100.0,23,25,0,0,0,0,0.0,1,1,0,0,80,Rendah,Setujui,0.116,0,Aktif di platform 32 bulan (+7) | On-time rate 75% (+5) | Listrik 100.0% tepat waktu (+7) | E-wallet aktif 23 bulan (+5),
L1AJN01278,L1NSB01278,PLT003,Multifinance,2024-03-30,Multifinance,Motor bekas,20000000,18,35,0.86,1,0,1,357.0,87.5,14,56,0,1,0,0,0.0,0,0,0,0,49,Tinggi,Tolak,0.296,1,Aktif di platform 35 bulan (+7) | On-time rate 86% (+5) | Listrik 87.5% tepat waktu (+3) | E-wallet aktif 14 bulan (+5),1 pinjaman macet (-12) | Rata-rata telat 357 hari (-10) | 5 tanggungan (-5)
L1AJN01279,L1NSB01279,PLT002,P2P Lending,2024-08-14,P2P Lending,Modal usaha,3000000,1,30,0.69,0,0,0,0.0,91.7,0,0,0,0,0,0,0.0,0,1,0,0,71,Rendah,Setujui,0.168,0,Aktif di platform 30 bulan (+7) | Listrik 91.7% tepat waktu (+7) | BPJS dibayar rutin (+3),
L1AJN01280,L1NSB01280,PLT001,P2P Lending,2024-12-18,P2P Lending,Pendidikan,1000000,3,8,0.85,0,0,0,0.0,87.5,14,47,0,1,6498000,1,0.02,1,0,0,0,80,Rendah,Setujui,0.116,0,On-time rate 85% (+5) | Listrik 87.5% tepat waktu (+3) | E-wallet aktif 14 bulan (+5) | Transaksi e-wallet 47/bln (+3),
L1AJN01281,L1NSB01281,PLT002,P2P Lending,2024-09-28,P2P Lending,Renovasi,2000000,9,17,0.91,4,4,0,2.2,70.8,9,45,0,0,0,0,0.0,0,0,0,0,88,Rendah,Setujui,0.07,0,Aktif di platform 17 bulan (+7) | On-time rate 91% (+10) | 4 pinjaman lancar (+15) | Tidak ada riwayat macet (+7),4 tanggungan (-5)
L1AJN01282,L1NSB01282,PLT005,P2P Lending,2024-12-02,P2P Lending,Modal usaha,3000000,3,18,0.74,1,0,0,16.0,66.7,0,0,0,1,5894000,1,0.08,1,1,0,0,72,Rendah,Setujui,0.162,0,Aktif di platform 18 bulan (+7) | Tidak ada riwayat macet (+7) | Income gig konsisten 6 bulan (+8) | Punya rekening bank (+4),5 tanggungan (-5)
L1AJN01283,L1NSB01283,PLT005,P2P Lending,2024-01-07,P2P Lending,Renovasi,3000000,3,1,0.77,2,1,0,28.0,75.0,19,16,0,1,3701000,1,0.09,1,1,0,0,91,Rendah,Setujui,0.052,0,On-time rate 77% (+5) | 1 pinjaman lancar (+5) | Tidak ada riwayat macet (+7) | Listrik 75.0% tepat waktu (+3),
L1AJN01284,L1NSB01284,PLT002,P2P Lending,2024-07-01,P2P Lending,Modal usaha,500000,6,32,0.94,2,2,0,1.5,83.3,17,5,1,1,2717000,1,0.05,1,0,0,0,95,Rendah,Setujui,0.029,0,Aktif di platform 32 bulan (+7) | On-time rate 94% (+10) | 2 pinjaman lancar (+10) | Tidak ada riwayat macet (+7),4 tanggungan (-5) | Lonjakan top-up sebelum pengajuan (-8) ⚠️
L1AJN01285,L1NSB01285,PLT002,P2P Lending,2024-11-29,P2P Lending,Modal usaha,5000000,6,2,0.61,1,0,1,215.0,75.0,6,11,0,1,6955000,1,0.05,1,1,0,0,48,Tinggi,Tolak,0.302,0,Listrik 75.0% tepat waktu (+3) | Income gig konsisten 6 bulan (+8) | Punya rekening bank (+4) | BPJS dibayar rutin (+3),1 pinjaman macet (-12) | Rata-rata telat 215 hari (-10)
L1AJN01286,L1NSB01286,PLT004,Multifinance,2024-11-13,Multifinance,Mesin usaha,3000000,12,32,0.76,1,1,0,1.0,100.0,21,43,0,0,0,0,0.0,1,1,0,0,95,Rendah,Setujui,0.029,0,Aktif di platform 32 bulan (+7) | On-time rate 76% (+5) | 1 pinjaman lancar (+5) | Tidak ada riwayat macet (+7),
L1AJN01287,L1NSB01287,PLT004,Multifinance,2024-04-25,Multifinance,Mesin usaha,5000000,12,11,0.58,2,2,0,2.0,83.3,12,12,0,1,4872000,1,0.12,0,1,0,0,81,Rendah,Setujui,0.11,0,2 pinjaman lancar (+10) | Tidak ada riwayat macet (+7) | Listrik 83.3% tepat waktu (+3) | E-wallet aktif 12 bulan (+5),4 tanggungan (-5) | Cancel rate gig 12% (-4)
L1AJN01288,L1NSB01288,PLT004,Multifinance,2024-12-20,Multifinance,Motor bekas,3000000,36,10,1.0,2,1,0,2.5,100.0,9,68,0,0,0,0,0.0,1,1,0,0,92,Rendah,Setujui,0.046,0,On-time rate 100% (+10) | 1 pinjaman lancar (+5) | Tidak ada riwayat macet (+7) | Listrik 100.0% tepat waktu (+7),
L1AJN01289,L1NSB01289,PLT004,Multifinance,2024-11-30,Multifinance,Motor bekas,3000000,24,35,0.69,1,1,0,1.0,100.0,14,36,0,0,0,0,0.0,1,0,0,0,89,Rendah,Setujui,0.064,0,Aktif di platform 35 bulan (+7) | 1 pinjaman lancar (+5) | Tidak ada riwayat macet (+7) | Listrik 100.0% tepat waktu (+7),
L1AJN01290,L1NSB01290,PLT002,P2P Lending,2024-05-01,P2P Lending,Pendidikan,500000,12,22,0.82,2,1,0,18.5,91.7,12,41,0,1,2151000,1,0.01,1,1,0,0,95,Rendah,Setujui,0.029,0,Aktif di platform 22 bulan (+7) | On-time rate 82% (+5) | 1 pinjaman lancar (+5) | Tidak ada riwayat macet (+7),
L1AJN01291,L1NSB01291,PLT002,P2P Lending,2024-12-23,P2P Lending,Pendidikan,500000,9,33,0.95,1,1,0,0.0,91.7,0,0,0,0,0,0,0.0,0,0,0,0,88,Rendah,Setujui,0.07,0,Aktif di platform 33 bulan (+7) | On-time rate 95% (+10) | 1 pinjaman lancar (+5) | Tidak ada riwayat macet (+7),
L1AJN01292,L1NSB01292,PLT001,P2P Lending,2024-02-28,P2P Lending,Renovasi,2000000,12,23,0.59,0,0,0,0.0,66.7,0,0,0,0,0,0,0.0,1,1,0,0,64,Menengah,Setujui,0.209,0,Aktif di platform 23 bulan (+7) | Punya rekening bank (+4) | BPJS dibayar rutin (+3),
L1AJN01293,L1NSB01293,PLT002,P2P Lending,2024-07-21,P2P Lending,Modal usaha,2000000,6,25,0.76,1,1,0,0.0,100.0,14,34,0,1,6440000,1,0.05,0,0,0,0,95,Rendah,Setujui,0.029,0,Aktif di platform 25 bulan (+7) | On-time rate 76% (+5) | 1 pinjaman lancar (+5) | Tidak ada riwayat macet (+7),
L1AJN01294,L1NSB01294,PLT005,P2P Lending,2024-05-25,P2P Lending,Pendidikan,2000000,1,10,0.95,1,1,0,3.0,83.3,0,0,0,0,0,0,0.0,1,1,0,0,86,Rendah,Setujui,0.081,0,On-time rate 95% (+10) | 1 pinjaman lancar (+5) | Tidak ada riwayat macet (+7) | Listrik 83.3% tepat waktu (+3),
L1AJN01295,L1NSB01295,PLT005,P2P Lending,2024-12-31,P2P Lending,Pendidikan,1000000,6,26,0.9,0,0,0,0.0,75.0,20,21,0,0,0,0,0.0,1,1,0,0,78,Rendah,Setujui,0.128,1,Aktif di platform 26 bulan (+7) | On-time rate 90% (+10) | Listrik 75.0% tepat waktu (+3) | E-wallet aktif 20 bulan (+5),4 tanggungan (-5)
L1AJN01296,L1NSB01296,PLT004,Multifinance,2024-03-29,Multifinance,Elektronik,3000000,18,30,0.82,4,3,0,2.8,62.5,0,0,0,0,0,0,0.0,0,1,0,0,86,Rendah,Setujui,0.081,0,Aktif di platform 30 bulan (+7) | On-time rate 82% (+5) | 3 pinjaman lancar (+15) | Tidak ada riwayat macet (+7),4 tanggungan (-5)
L1AJN01297,L1NSB01297,PLT003,Multifinance,2024-05-01,Multifinance,Motor bekas,7000000,36,34,0.61,0,0,0,0.0,66.7,20,76,0,0,0,0,0.0,0,1,0,0,67,Menengah,Setujui,0.191,0,Aktif di platform 34 bulan (+7) | E-wallet aktif 20 bulan (+5) | Transaksi e-wallet 76/bln (+3) | BPJS dibayar rutin (+3),
L1AJN01298,L1NSB01298,PLT002,P2P Lending,2024-08-27,P2P Lending,Modal usaha,1000000,12,26,0.82,1,1,0,3.0,79.2,0,0,0,0,0,0,0.0,1,1,0,0,82,Rendah,Setujui,0.104,0,Aktif di platform 26 bulan (+7) | On-time rate 82% (+5) | 1 pinjaman lancar (+5) | Tidak ada riwayat macet (+7),
L1AJN01299,L1NSB01299,PLT003,Multifinance,2024-05-11,Multifinance,Elektronik,20000000,18,21,0.86,4,4,0,1.8,62.5,6,48,0,0,0,0,0.0,1,0,0,0,85,Rendah,Setujui,0.087,0,Aktif di platform 21 bulan (+7) | On-time rate 86% (+5) | 4 pinjaman lancar (+15) | Tidak ada riwayat macet (+7),5 tanggungan (-5)
L1AJN01300,L1NSB01300,PLT002,P2P Lending,2024-02-07,P2P Lending,Renovasi,500000,1,15,0.87,1,0,1,94.0,79.2,0,0,0,0,0,0,0.0,1,1,1,8000000,54,Menengah,Setujui,0.267,0,Aktif di platform 15 bulan (+7) | On-time rate 87% (+5) | Listrik 79.2% tepat waktu (+3) | Punya rekening bank (+4),1 pinjaman macet (-12) | Rata-rata telat 94 hari (-10)
L1AJN01301,L1NSB01301,PLT001,P2P Lending,2024-06-24,P2P Lending,Pendidikan,3000000,12,24,0.97,1,0,0,24.0,79.2,20,8,0,1,3273000,1,0.04,1,1,0,0,93,Rendah,Setujui,0.041,0,Aktif di platform 24 bulan (+7) | On-time rate 97% (+10) | Tidak ada riwayat macet (+7) | Listrik 79.2% tepat waktu (+3),4 tanggungan (-5)
L1AJN01302,L1NSB01302,PLT003,Multifinance,2024-05-18,Multifinance,Motor bekas,15000000,36,13,0.84,3,1,0,17.0,62.5,23,39,0,0,0,0,0.0,1,1,0,0,93,Rendah,Setujui,0.041,0,Aktif di platform 13 bulan (+7) | On-time rate 84% (+5) | 1 pinjaman lancar (+5) | Tidak ada riwayat macet (+7),
L1AJN01303,L1NSB01303,PLT004,Multifinance,2024-08-17,Multifinance,Motor baru,5000000,18,13,0.83,2,1,0,5.5,100.0,9,70,0,1,6035000,1,0.12,1,0,0,0,89,Rendah,Setujui,0.064,0,Aktif di platform 13 bulan (+7) | On-time rate 83% (+5) | 1 pinjaman lancar (+5) | Tidak ada riwayat macet (+7),Cancel rate gig 12% (-4)
L1AJN01304,L1NSB01304,PLT004,Multifinance,2024-08-06,Multifinance,Motor baru,15000000,36,7,0.7,4,4,0,1.0,83.3,0,0,0,1,6786000,1,0.14,1,1,0,0,87,Rendah,Setujui,0.075,0,4 pinjaman lancar (+15) | Tidak ada riwayat macet (+7) | Listrik 83.3% tepat waktu (+3) | Income gig konsisten 6 bulan (+8),Cancel rate gig 14% (-4)
L1AJN01305,L1NSB01305,PLT004,Multifinance,2024-10-22,Multifinance,Elektronik,3000000,36,18,0.57,0,0,0,0.0,66.7,0,0,0,0,0,0,0.0,1,0,0,0,55,Menengah,Setujui,0.261,0,Aktif di platform 18 bulan (+7) | Punya rekening bank (+4),4 tanggungan (-5)
L1AJN01306,L1NSB01306,PLT001,P2P Lending,2024-01-25,P2P Lending,Modal usaha,5000000,12,25,0.64,2,2,0,0.5,100.0,22,35,0,0,0,0,0.0,0,1,0,0,88,Rendah,Setujui,0.07,0,Aktif di platform 25 bulan (+7) | 2 pinjaman lancar (+10) | Tidak ada riwayat macet (+7) | Listrik 100.0% tepat waktu (+7),
L1AJN01307,L1NSB01307,PLT004,Multifinance,2024-10-17,Multifinance,Motor bekas,7000000,18,16,0.87,3,3,0,1.7,100.0,24,18,0,1,0,0,0.0,1,0,0,0,95,Rendah,Setujui,0.029,0,Aktif di platform 16 bulan (+7) | On-time rate 87% (+5) | 3 pinjaman lancar (+15) | Tidak ada riwayat macet (+7),
L1AJN01308,L1NSB01308,PLT004,Multifinance,2024-09-30,Multifinance,Motor baru,15000000,36,33,0.97,2,1,0,11.0,95.8,24,24,0,1,0,0,0.0,1,0,0,0,95,Rendah,Setujui,0.029,0,Aktif di platform 33 bulan (+7) | On-time rate 97% (+10) | 1 pinjaman lancar (+5) | Tidak ada riwayat macet (+7),
L1AJN01309,L1NSB01309,PLT003,Multifinance,2024-07-12,Multifinance,Motor bekas,3000000,24,22,0.9,4,2,0,5.0,100.0,20,74,0,0,0,0,0.0,0,1,1,3000000,95,Rendah,Setujui,0.029,0,Aktif di platform 22 bulan (+7) | On-time rate 90% (+10) | 2 pinjaman lancar (+10) | Tidak ada riwayat macet (+7),4 tanggungan (-5)
L1AJN01310,L1NSB01310,PLT002,P2P Lending,2024-02-25,P2P Lending,Konsumsi,5000000,12,8,0.91,3,0,2,167.0,62.5,8,32,0,1,4636000,1,0.07,1,0,0,0,42,Tinggi,Tolak,0.336,1,On-time rate 91% (+10) | Transaksi e-wallet 32/bln (+3) | Income gig konsisten 6 bulan (+8) | Rating gig 4.8 (+5),2 pinjaman macet (-24) | Rata-rata telat 167 hari (-10)
L1AJN01311,L1NSB01311,PLT003,Multifinance,2024-07-15,Multifinance,Motor baru,20000000,36,16,0.95,2,1,0,43.5,91.7,7,26,0,1,7816000,1,0.12,1,1,0,0,92,Rendah,Setujui,0.046,0,Aktif di platform 16 bulan (+7) | On-time rate 95% (+10) | 1 pinjaman lancar (+5) | Tidak ada riwayat macet (+7),Rata-rata telat 44 hari (-10) | Cancel rate gig 12% (-4)
L1AJN01312,L1NSB01312,PLT001,P2P Lending,2024-09-07,P2P Lending,Modal usaha,3000000,12,12,0.97,3,3,0,2.3,95.8,7,58,0,1,3267000,1,0.06,0,1,0,0,95,Rendah,Setujui,0.029,0,Aktif di platform 12 bulan (+7) | On-time rate 97% (+10) | 3 pinjaman lancar (+15) | Tidak ada riwayat macet (+7),
L1AJN01313,L1NSB01313,PLT002,P2P Lending,2024-08-13,P2P Lending,Modal usaha,3000000,3,19,0.85,2,2,0,1.5,87.5,0,0,0,0,0,0,0.0,0,0,0,0,79,Rendah,Setujui,0.122,0,Aktif di platform 19 bulan (+7) | On-time rate 85% (+5) | 2 pinjaman lancar (+10) | Tidak ada riwayat macet (+7),
L1AJN01314,L1NSB01314,PLT003,Multifinance,2024-02-14,Multifinance,Motor baru,15000000,18,14,0.64,1,1,0,3.0,87.5,0,0,0,0,0,0,0.0,1,1,0,0,83,Rendah,Setujui,0.099,0,Aktif di platform 14 bulan (+7) | 1 pinjaman lancar (+5) | Tidak ada riwayat macet (+7) | Listrik 87.5% tepat waktu (+3),
L1AJN01315,L1NSB01315,PLT002,P2P Lending,2024-05-03,P2P Lending,Renovasi,3000000,1,1,0.91,4,4,0,1.2,70.8,21,22,0,0,0,0,0.0,0,1,0,0,93,Rendah,Setujui,0.041,0,On-time rate 91% (+10) | 4 pinjaman lancar (+15) | Tidak ada riwayat macet (+7) | E-wallet aktif 21 bulan (+5),
L1AJN01316,L1NSB01316,PLT003,Multifinance,2024-04-19,Multifinance,Mesin usaha,7000000,12,36,0.67,4,1,3,105.2,95.8,0,0,0,1,0,0,0.0,0,1,0,0,42,Tinggi,Tolak,0.336,0,Aktif di platform 36 bulan (+7) | 1 pinjaman lancar (+5) | Listrik 95.8% tepat waktu (+7) | BPJS dibayar rutin (+3),3 pinjaman macet (-24) | Rata-rata telat 105 hari (-10)
L1AJN01317,L1NSB01317,PLT003,Multifinance,2024-03-12,Multifinance,Elektronik,15000000,24,24,0.74,0,0,0,0.0,66.7,12,75,0,1,0,0,0.0,0,1,0,0,71,Rendah,Setujui,0.168,0,Aktif di platform 24 bulan (+7) | E-wallet aktif 12 bulan (+5) | Transaksi e-wallet 75/bln (+3) | BPJS dibayar rutin (+3),
L1AJN01318,L1NSB01318,PLT005,P2P Lending,2024-06-25,P2P Lending,Pendidikan,3000000,9,36,0.84,1,1,0,3.0,79.2,0,0,0,0,0,0,0.0,0,0,0,0,68,Menengah,Setujui,0.186,0,Aktif di platform 36 bulan (+7) | On-time rate 84% (+5) | 1 pinjaman lancar (+5) | Tidak ada riwayat macet (+7),5 tanggungan (-5)
L1AJN01319,L1NSB01319,PLT002,P2P Lending,2024-03-24,P2P Lending,Modal usaha,5000000,12,29,0.91,1,1,0,3.0,75.0,9,8,0,1,2569000,1,0.09,1,1,0,0,95,Rendah,Setujui,0.029,0,Aktif di platform 29 bulan (+7) | On-time rate 91% (+10) | 1 pinjaman lancar (+5) | Tidak ada riwayat macet (+7),
L1AJN01320,L1NSB01320,PLT005,P2P Lending,2024-09-02,P2P Lending,Renovasi,2000000,6,27,0.7,4,2,0,7.8,75.0,20,53,0,0,0,0,0.0,1,1,1,1000000,93,Rendah,Setujui,0.041,0,Aktif di platform 27 bulan (+7) | 2 pinjaman lancar (+10) | Tidak ada riwayat macet (+7) | Listrik 75.0% tepat waktu (+3),
L1AJN01321,L1NSB01321,PLT002,P2P Lending,2024-01-23,P2P Lending,Renovasi,2000000,12,11,0.74,0,0,0,0.0,70.8,18,43,0,1,7805000,1,0.07,1,1,0,0,75,Rendah,Setujui,0.145,0,E-wallet aktif 18 bulan (+5) | Transaksi e-wallet 43/bln (+3) | Income gig konsisten 6 bulan (+8) | Punya rekening bank (+4),
L1AJN01322,L1NSB01322,PLT004,Multifinance,2024-05-23,Multifinance,Motor bekas,7000000,18,32,0.87,2,2,0,2.0,58.3,16,7,0,0,0,0,0.0,0,1,0,0,83,Rendah,Setujui,0.099,0,Aktif di platform 32 bulan (+7) | On-time rate 87% (+5) | 2 pinjaman lancar (+10) | Tidak ada riwayat macet (+7),
L1AJN01323,L1NSB01323,PLT005,P2P Lending,2024-12-31,P2P Lending,Modal usaha,2000000,12,8,0.82,3,3,0,1.7,70.8,6,58,0,0,0,0,0.0,1,1,0,0,85,Rendah,Setujui,0.087,0,On-time rate 82% (+5) | 3 pinjaman lancar (+15) | Tidak ada riwayat macet (+7) | Transaksi e-wallet 58/bln (+3),
L1AJN01324,L1NSB01324,PLT004,Multifinance,2024-05-12,Multifinance,Motor bekas,10000000,12,16,0.6,0,0,0,0.0,100.0,21,72,0,1,6241000,0,0.09,1,0,0,0,81,Rendah,Setujui,0.11,1,Aktif di platform 16 bulan (+7) | Listrik 100.0% tepat waktu (+7) | E-wallet aktif 21 bulan (+5) | Transaksi e-wallet 72/bln (+3),
L1AJN01325,L1NSB01325,PLT005,P2P Lending,2024-06-15,P2P Lending,Renovasi,500000,12,7,0.74,0,0,0,0.0,95.8,7,33,0,0,0,0,0.0,1,0,0,0,68,Menengah,Setujui,0.186,0,Listrik 95.8% tepat waktu (+7) | Transaksi e-wallet 33/bln (+3) | Punya rekening bank (+4),
L1AJN01326,L1NSB01326,PLT001,P2P Lending,2024-09-09,P2P Lending,Renovasi,5000000,3,30,0.74,1,1,0,0.0,58.3,12,18,0,0,0,0,0.0,1,0,0,0,82,Rendah,Setujui,0.104,0,Aktif di platform 30 bulan (+7) | 1 pinjaman lancar (+5) | Tidak ada riwayat macet (+7) | E-wallet aktif 12 bulan (+5),
L1AJN01327,L1NSB01327,PLT003,Multifinance,2024-10-26,Multifinance,Elektronik,20000000,12,16,0.9,3,2,0,2.7,91.7,8,24,0,1,1650000,1,0.08,0,1,0,0,95,Rendah,Setujui,0.029,0,Aktif di platform 16 bulan (+7) | On-time rate 90% (+10) | 2 pinjaman lancar (+10) | Tidak ada riwayat macet (+7),
L1AJN01328,L1NSB01328,PLT002,P2P Lending,2024-11-27,P2P Lending,Modal usaha,3000000,12,21,0.74,0,0,0,0.0,87.5,0,0,0,0,0,0,0.0,1,0,0,0,61,Menengah,Setujui,0.226,0,Aktif di platform 21 bulan (+7) | Listrik 87.5% tepat waktu (+3) | Punya rekening bank (+4),
L1AJN01329,L1NSB01329,PLT001,P2P Lending,2024-02-06,P2P Lending,Pendidikan,5000000,12,11,0.71,3,1,0,20.3,95.8,11,62,0,1,3419000,1,0.14,1,0,0,0,72,Rendah,Setujui,0.162,1,1 pinjaman lancar (+5) | Tidak ada riwayat macet (+7) | Listrik 95.8% tepat waktu (+7) | Transaksi e-wallet 62/bln (+3),4 tanggungan (-5) | Cancel rate gig 14% (-4)
L1AJN01330,L1NSB01330,PLT002,P2P Lending,2024-04-04,P2P Lending,Pendidikan,500000,12,1,0.89,2,1,0,13.0,87.5,9,29,0,1,6889000,0,0.06,0,1,0,0,74,Rendah,Setujui,0.151,0,On-time rate 89% (+5) | 1 pinjaman lancar (+5) | Tidak ada riwayat macet (+7) | Listrik 87.5% tepat waktu (+3),
L1AJN01331,L1NSB01331,PLT002,P2P Lending,2024-09-05,P2P Lending,Modal usaha,3000000,6,30,0.72,1,1,0,1.0,79.2,18,44,0,1,2475000,1,0.02,0,1,0,0,92,Rendah,Setujui,0.046,0,Aktif di platform 30 bulan (+7) | 1 pinjaman lancar (+5) | Tidak ada riwayat macet (+7) | Listrik 79.2% tepat waktu (+3),
L1AJN01332,L1NSB01332,PLT002,P2P Lending,2024-11-19,P2P Lending,Konsumsi,5000000,6,9,0.96,3,2,0,20.7,62.5,24,57,0,1,3324000,1,0.13,1,0,0,0,90,Rendah,Setujui,0.058,0,On-time rate 96% (+10) | 2 pinjaman lancar (+10) | Tidak ada riwayat macet (+7) | E-wallet aktif 24 bulan (+5),Cancel rate gig 13% (-4)
L1AJN01333,L1NSB01333,PLT002,P2P Lending,2024-05-24,P2P Lending,Pendidikan,3000000,6,35,0.88,3,2,0,9.7,95.8,0,0,0,0,0,0,0.0,1,0,0,0,88,Rendah,Setujui,0.07,0,Aktif di platform 35 bulan (+7) | On-time rate 88% (+5) | 2 pinjaman lancar (+10) | Tidak ada riwayat macet (+7),
L1AJN01334,L1NSB01334,PLT003,Multifinance,2024-11-19,Multifinance,Motor baru,10000000,18,2,0.77,3,3,0,0.3,62.5,15,38,0,1,0,0,0.0,1,0,0,0,92,Rendah,Setujui,0.046,0,On-time rate 77% (+5) | 3 pinjaman lancar (+15) | Tidak ada riwayat macet (+7) | E-wallet aktif 15 bulan (+5),
L1AJN01335,L1NSB01335,PLT002,P2P Lending,2024-08-03,P2P Lending,Renovasi,5000000,1,2,0.92,2,2,0,1.0,58.3,24,16,1,1,2815000,1,0.08,1,1,0,0,92,Rendah,Setujui,0.046,0,On-time rate 92% (+10) | 2 pinjaman lancar (+10) | Tidak ada riwayat macet (+7) | E-wallet aktif 24 bulan (+5),4 tanggungan (-5) | Lonjakan top-up sebelum pengajuan (-8) ⚠️
L1AJN01336,L1NSB01336,PLT002,P2P Lending,2024-04-17,P2P Lending,Modal usaha,2000000,1,32,0.86,1,0,0,11.0,100.0,22,14,1,0,0,0,0.0,0,0,0,0,76,Rendah,Setujui,0.139,1,Aktif di platform 32 bulan (+7) | On-time rate 86% (+5) | Tidak ada riwayat macet (+7) | Listrik 100.0% tepat waktu (+7),Lonjakan top-up sebelum pengajuan (-8) ⚠️
L1AJN01337,L1NSB01337,PLT005,P2P Lending,2024-07-08,P2P Lending,Pendidikan,1000000,3,20,0.99,1,1,0,2.0,95.8,0,0,0,0,0,0,0.0,1,0,0,0,94,Rendah,Setujui,0.035,0,Aktif di platform 20 bulan (+7) | On-time rate 99% (+10) | 1 pinjaman lancar (+5) | Tidak ada riwayat macet (+7),
L1AJN01338,L1NSB01338,PLT001,P2P Lending,2024-11-11,P2P Lending,Konsumsi,3000000,3,4,0.63,1,1,0,1.0,100.0,16,71,0,1,0,0,0.0,0,1,0,0,84,Rendah,Setujui,0.093,0,1 pinjaman lancar (+5) | Tidak ada riwayat macet (+7) | Listrik 100.0% tepat waktu (+7) | E-wallet aktif 16 bulan (+5),
L1AJN01339,L1NSB01339,PLT004,Multifinance,2024-09-28,Multifinance,Motor bekas,10000000,12,28,0.78,2,1,0,10.5,58.3,0,0,0,0,0,0,0.0,0,0,0,0,71,Rendah,Setujui,0.168,0,Aktif di platform 28 bulan (+7) | On-time rate 78% (+5) | 1 pinjaman lancar (+5) | Tidak ada riwayat macet (+7),
L1AJN01340,L1NSB01340,PLT003,Multifinance,2024-10-08,Multifinance,Motor baru,7000000,24,1,0.84,2,1,1,60.5,66.7,19,16,0,0,0,0,0.0,0,0,0,0,43,Tinggi,Tolak,0.331,0,On-time rate 84% (+5) | 1 pinjaman lancar (+5) | E-wallet aktif 19 bulan (+5),1 pinjaman macet (-12) | Rata-rata telat 60 hari (-10)
L1AJN01341,L1NSB01341,PLT004,Multifinance,2024-05-28,Multifinance,Mesin usaha,3000000,24,28,0.97,2,1,0,21.0,95.8,9,39,0,1,3235000,1,0.02,0,1,0,0,95,Rendah,Setujui,0.029,1,Aktif di platform 28 bulan (+7) | On-time rate 97% (+10) | 1 pinjaman lancar (+5) | Tidak ada riwayat macet (+7),4 tanggungan (-5)
L1AJN01342,L1NSB01342,PLT003,Multifinance,2024-08-29,Multifinance,Mesin usaha,5000000,12,17,0.7,2,0,0,42.0,66.7,0,0,0,0,0,0,0.0,0,0,0,0,47,Tinggi,Tolak,0.307,1,Aktif di platform 17 bulan (+7) | Tidak ada riwayat macet (+7),Rata-rata telat 42 hari (-10) | 4 tanggungan (-5)
L1AJN01343,L1NSB01343,PLT001,P2P Lending,2024-09-04,P2P Lending,Renovasi,3000000,9,15,0.79,0,0,0,0.0,79.2,15,26,0,0,0,0,0.0,1,0,0,0,80,Rendah,Setujui,0.116,1,Aktif di platform 15 bulan (+7) | On-time rate 79% (+5) | Listrik 79.2% tepat waktu (+3) | E-wallet aktif 15 bulan (+5),
L1AJN01344,L1NSB01344,PLT001,P2P Lending,2024-01-15,P2P Lending,Konsumsi,2000000,12,7,0.6,2,1,0,10.0,79.2,0,0,0,1,1534000,0,0.1,1,1,0,0,68,Menengah,Setujui,0.186,0,1 pinjaman lancar (+5) | Tidak ada riwayat macet (+7) | Listrik 79.2% tepat waktu (+3) | Punya rekening bank (+4),
L1AJN01345,L1NSB01345,PLT002,P2P Lending,2024-11-08,P2P Lending,Renovasi,3000000,1,6,0.99,0,0,0,0.0,70.8,23,51,0,1,3177000,1,0.08,0,1,0,0,82,Rendah,Setujui,0.104,0,On-time rate 99% (+10) | E-wallet aktif 23 bulan (+5) | Transaksi e-wallet 51/bln (+3) | Income gig konsisten 6 bulan (+8),
L1AJN01346,L1NSB01346,PLT002,P2P Lending,2024-02-14,P2P Lending,Pendidikan,2000000,6,23,0.65,2,1,1,158.0,87.5,13,23,0,1,7551000,1,0.12,0,1,0,0,59,Menengah,Setujui,0.238,0,Aktif di platform 23 bulan (+7) | 1 pinjaman lancar (+5) | Listrik 87.5% tepat waktu (+3) | E-wallet aktif 13 bulan (+5),1 pinjaman macet (-12) | Rata-rata telat 158 hari (-10) | Cancel rate gig 12% (-4)
L1AJN01347,L1NSB01347,PLT002,P2P Lending,2024-09-18,P2P Lending,Konsumsi,3000000,1,26,0.94,1,1,0,2.0,79.2,6,6,0,0,0,0,0.0,1,1,0,0,80,Rendah,Setujui,0.116,0,Aktif di platform 26 bulan (+7) | On-time rate 94% (+10) | 1 pinjaman lancar (+5) | Tidak ada riwayat macet (+7),4 tanggungan (-5)
L1AJN01348,L1NSB01348,PLT002,P2P Lending,2024-10-11,P2P Lending,Konsumsi,3000000,3,16,0.98,3,3,0,2.0,87.5,23,25,0,1,5772000,1,0.09,1,1,0,0,95,Rendah,Setujui,0.029,0,Aktif di platform 16 bulan (+7) | On-time rate 98% (+10) | 3 pinjaman lancar (+15) | Tidak ada riwayat macet (+7),5 tanggungan (-5)
L1AJN01349,L1NSB01349,PLT001,P2P Lending,2024-02-02,P2P Lending,Modal usaha,2000000,3,29,1.0,1,0,0,59.0,66.7,12,53,0,0,0,0,0.0,0,0,0,0,69,Menengah,Setujui,0.18,0,Aktif di platform 29 bulan (+7) | On-time rate 100% (+10) | Tidak ada riwayat macet (+7) | E-wallet aktif 12 bulan (+5),Rata-rata telat 59 hari (-10)
L1AJN01350,L1NSB01350,PLT002,P2P Lending,2024-03-07,P2P Lending,Renovasi,1000000,6,18,0.75,0,0,0,0.0,70.8,17,7,0,1,6709000,1,0.15,1,0,0,0,75,Rendah,Setujui,0.145,0,Aktif di platform 18 bulan (+7) | On-time rate 75% (+5) | E-wallet aktif 17 bulan (+5) | Income gig konsisten 6 bulan (+8),Cancel rate gig 15% (-4)
L1AJN01351,L1NSB01351,PLT005,P2P Lending,2024-12-26,P2P Lending,Konsumsi,3000000,6,34,0.56,4,2,0,27.8,70.8,16,53,0,0,0,0,0.0,1,1,0,0,90,Rendah,Setujui,0.058,0,Aktif di platform 34 bulan (+7) | 2 pinjaman lancar (+10) | Tidak ada riwayat macet (+7) | E-wallet aktif 16 bulan (+5),
L1AJN01352,L1NSB01352,PLT004,Multifinance,2024-01-10,Multifinance,Motor bekas,3000000,24,27,0.71,0,0,0,0.0,100.0,16,36,0,1,7550000,1,0.11,0,1,0,0,83,Rendah,Setujui,0.099,0,Aktif di platform 27 bulan (+7) | Listrik 100.0% tepat waktu (+7) | E-wallet aktif 16 bulan (+5) | Transaksi e-wallet 36/bln (+3),Cancel rate gig 11% (-4)
L1AJN01353,L1NSB01353,PLT003,Multifinance,2024-08-19,Multifinance,Elektronik,3000000,12,33,0.94,4,3,0,22.2,66.7,12,67,0,0,0,0,0.0,1,0,0,0,95,Rendah,Setujui,0.029,0,Aktif di platform 33 bulan (+7) | On-time rate 94% (+10) | 3 pinjaman lancar (+15) | Tidak ada riwayat macet (+7),
L1AJN01354,L1NSB01354,PLT001,P2P Lending,2024-08-23,P2P Lending,Modal usaha,2000000,6,28,0.75,2,2,0,1.5,66.7,12,40,0,0,0,0,0.0,0,0,0,0,84,Rendah,Setujui,0.093,0,Aktif di platform 28 bulan (+7) | On-time rate 75% (+5) | 2 pinjaman lancar (+10) | Tidak ada riwayat macet (+7),
L1AJN01355,L1NSB01355,PLT001,P2P Lending,2024-10-10,P2P Lending,Renovasi,3000000,3,11,0.58,0,0,0,0.0,62.5,23,53,0,1,6842000,1,0.05,1,0,0,0,74,Rendah,Setujui,0.151,0,E-wallet aktif 23 bulan (+5) | Transaksi e-wallet 53/bln (+3) | Income gig konsisten 6 bulan (+8) | Rating gig 4.9 (+5),5 tanggungan (-5)
L1AJN01356,L1NSB01356,PLT002,P2P Lending,2024-12-14,P2P Lending,Modal usaha,1000000,6,33,0.66,2,2,0,3.0,66.7,10,79,0,0,0,0,0.0,1,0,0,0,76,Rendah,Setujui,0.139,1,Aktif di platform 33 bulan (+7) | 2 pinjaman lancar (+10) | Tidak ada riwayat macet (+7) | Transaksi e-wallet 79/bln (+3),5 tanggungan (-5)
L1AJN01357,L1NSB01357,PLT005,P2P Lending,2024-10-25,P2P Lending,Pendidikan,500000,6,33,0.58,3,3,0,1.3,58.3,12,6,0,1,6828000,1,0.05,0,1,0,0,88,Rendah,Setujui,0.07,0,Aktif di platform 33 bulan (+7) | 3 pinjaman lancar (+15) | Tidak ada riwayat macet (+7) | E-wallet aktif 12 bulan (+5),4 tanggungan (-5)
L1AJN01358,L1NSB01358,PLT003,Multifinance,2024-01-04,Multifinance,Elektronik,15000000,12,29,0.79,2,2,0,2.0,100.0,12,45,0,1,0,0,0.0,1,0,0,0,95,Rendah,Setujui,0.029,0,Aktif di platform 29 bulan (+7) | On-time rate 79% (+5) | 2 pinjaman lancar (+10) | Tidak ada riwayat macet (+7),
L1AJN01359,L1NSB01359,PLT004,Multifinance,2024-09-24,Multifinance,Motor baru,3000000,24,12,0.84,1,0,1,304.0,70.8,8,5,0,0,0,0,0.0,0,0,0,0,42,Tinggi,Tolak,0.336,1,Aktif di platform 12 bulan (+7) | On-time rate 84% (+5),1 pinjaman macet (-12) | Rata-rata telat 304 hari (-10)
L1AJN01360,L1NSB01360,PLT002,P2P Lending,2024-06-24,P2P Lending,Pendidikan,5000000,9,18,0.65,0,0,0,0.0,66.7,23,69,0,1,5497000,1,0.13,1,0,0,0,71,Rendah,Setujui,0.168,0,Aktif di platform 18 bulan (+7) | E-wallet aktif 23 bulan (+5) | Transaksi e-wallet 69/bln (+3) | Income gig konsisten 6 bulan (+8),5 tanggungan (-5) | Cancel rate gig 13% (-4)
L1AJN01361,L1NSB01361,PLT001,P2P Lending,2024-07-12,P2P Lending,Renovasi,500000,12,8,0.82,3,2,0,8.7,91.7,23,33,1,0,0,0,0.0,1,1,0,0,87,Rendah,Setujui,0.075,0,On-time rate 82% (+5) | 2 pinjaman lancar (+10) | Tidak ada riwayat macet (+7) | Listrik 91.7% tepat waktu (+7),Lonjakan top-up sebelum pengajuan (-8) ⚠️
L1AJN01362,L1NSB01362,PLT002,P2P Lending,2024-05-19,P2P Lending,Modal usaha,500000,6,36,0.59,4,4,0,1.0,91.7,21,77,0,1,7365000,0,0.09,0,1,0,0,95,Rendah,Setujui,0.029,0,Aktif di platform 36 bulan (+7) | 4 pinjaman lancar (+15) | Tidak ada riwayat macet (+7) | Listrik 91.7% tepat waktu (+7),
L1AJN01363,L1NSB01363,PLT002,P2P Lending,2024-04-18,P2P Lending,Renovasi,2000000,1,27,0.58,1,1,0,1.0,87.5,13,18,0,0,0,0,0.0,1,0,0,0,77,Rendah,Setujui,0.133,1,Aktif di platform 27 bulan (+7) | 1 pinjaman lancar (+5) | Tidak ada riwayat macet (+7) | Listrik 87.5% tepat waktu (+3),
L1AJN01364,L1NSB01364,PLT001,P2P Lending,2024-07-23,P2P Lending,Renovasi,1000000,6,10,0.94,0,0,0,0.0,91.7,0,0,0,0,0,0,0.0,1,0,0,0,66,Menengah,Setujui,0.197,0,On-time rate 94% (+10) | Listrik 91.7% tepat waktu (+7) | Punya rekening bank (+4),5 tanggungan (-5)
L1AJN01365,L1NSB01365,PLT005,P2P Lending,2024-08-01,P2P Lending,Modal usaha,5000000,9,35,0.63,1,0,0,73.0,87.5,0,0,0,0,0,0,0.0,1,0,0,0,59,Menengah,Setujui,0.238,1,Aktif di platform 35 bulan (+7) | Tidak ada riwayat macet (+7) | Listrik 87.5% tepat waktu (+3) | Punya rekening bank (+4),Rata-rata telat 73 hari (-10)
L1AJN01366,L1NSB01366,PLT005,P2P Lending,2024-05-05,P2P Lending,Konsumsi,5000000,12,3,0.73,4,3,0,6.0,83.3,0,0,0,0,0,0,0.0,0,1,0,0,74,Rendah,Setujui,0.151,0,3 pinjaman lancar (+15) | Tidak ada riwayat macet (+7) | Listrik 83.3% tepat waktu (+3) | BPJS dibayar rutin (+3),4 tanggungan (-5)
L1AJN01367,L1NSB01367,PLT005,P2P Lending,2024-11-19,P2P Lending,Konsumsi,5000000,9,5,0.58,2,1,1,104.5,70.8,0,0,0,1,6032000,0,0.09,1,0,0,0,32,Tinggi,Tolak,0.394,1,1 pinjaman lancar (+5) | Punya rekening bank (+4),1 pinjaman macet (-12) | Rata-rata telat 104 hari (-10) | 4 tanggungan (-5)
L1AJN01368,L1NSB01368,PLT002,P2P Lending,2024-04-18,P2P Lending,Konsumsi,3000000,1,27,0.85,0,0,0,0.0,83.3,0,0,0,0,0,0,0.0,1,0,0,0,64,Menengah,Setujui,0.209,0,Aktif di platform 27 bulan (+7) | On-time rate 85% (+5) | Listrik 83.3% tepat waktu (+3) | Punya rekening bank (+4),5 tanggungan (-5)
L1AJN01369,L1NSB01369,PLT003,Multifinance,2024-03-21,Multifinance,Motor baru,3000000,36,26,0.59,2,1,0,39.0,62.5,7,27,0,0,0,0,0.0,0,1,0,0,62,Menengah,Setujui,0.22,1,Aktif di platform 26 bulan (+7) | 1 pinjaman lancar (+5) | Tidak ada riwayat macet (+7) | Transaksi e-wallet 27/bln (+3),Rata-rata telat 39 hari (-10)
L1AJN01370,L1NSB01370,PLT004,Multifinance,2024-04-22,Multifinance,Mesin usaha,7000000,18,7,0.93,2,1,0,8.0,79.2,13,56,0,1,5521000,0,0.11,1,0,0,0,84,Rendah,Setujui,0.093,0,On-time rate 93% (+10) | 1 pinjaman lancar (+5) | Tidak ada riwayat macet (+7) | Listrik 79.2% tepat waktu (+3),Cancel rate gig 11% (-4)
L1AJN01371,L1NSB01371,PLT004,Multifinance,2024-02-07,Multifinance,Motor bekas,15000000,36,34,0.93,2,1,1,161.5,62.5,12,49,0,0,0,0,0.0,1,1,0,0,64,Menengah,Setujui,0.209,0,Aktif di platform 34 bulan (+7) | On-time rate 93% (+10) | 1 pinjaman lancar (+5) | E-wallet aktif 12 bulan (+5),1 pinjaman macet (-12) | Rata-rata telat 162 hari (-10)
L1AJN01372,L1NSB01372,PLT004,Multifinance,2024-07-13,Multifinance,Motor baru,10000000,18,18,0.73,2,2,0,1.5,79.2,14,53,1,0,0,0,0.0,1,0,0,0,77,Rendah,Setujui,0.133,1,Aktif di platform 18 bulan (+7) | 2 pinjaman lancar (+10) | Tidak ada riwayat macet (+7) | Listrik 79.2% tepat waktu (+3),4 tanggungan (-5) | Lonjakan top-up sebelum pengajuan (-8) ⚠️
L1AJN01373,L1NSB01373,PLT004,Multifinance,2024-07-12,Multifinance,Elektronik,7000000,36,28,0.65,4,4,0,2.0,70.8,12,12,0,1,3903000,1,0.02,1,1,0,0,95,Rendah,Setujui,0.029,0,Aktif di platform 28 bulan (+7) | 4 pinjaman lancar (+15) | Tidak ada riwayat macet (+7) | E-wallet aktif 12 bulan (+5),
L1AJN01374,L1NSB01374,PLT005,P2P Lending,2024-12-25,P2P Lending,Modal usaha,1000000,9,22,0.56,1,1,0,0.0,87.5,18,33,0,0,0,0,0.0,1,0,0,0,83,Rendah,Setujui,0.099,1,Aktif di platform 22 bulan (+7) | 1 pinjaman lancar (+5) | Tidak ada riwayat macet (+7) | Listrik 87.5% tepat waktu (+3),
L1AJN01375,L1NSB01375,PLT002,P2P Lending,2024-04-03,P2P Lending,Modal usaha,2000000,1,16,0.84,2,1,0,12.5,83.3,6,8,0,1,0,0,0.0,1,0,0,0,80,Rendah,Setujui,0.116,0,Aktif di platform 16 bulan (+7) | On-time rate 84% (+5) | 1 pinjaman lancar (+5) | Tidak ada riwayat macet (+7),
L1AJN01376,L1NSB01376,PLT002,P2P Lending,2024-04-25,P2P Lending,Konsumsi,3000000,6,27,0.85,2,1,0,4.0,70.8,14,55,0,0,0,0,0.0,1,1,0,0,92,Rendah,Setujui,0.046,0,Aktif di platform 27 bulan (+7) | On-time rate 85% (+5) | 1 pinjaman lancar (+5) | Tidak ada riwayat macet (+7),
L1AJN01377,L1NSB01377,PLT005,P2P Lending,2024-08-12,P2P Lending,Pendidikan,5000000,9,4,0.55,1,1,0,2.0,58.3,15,54,0,1,5612000,1,0.14,1,0,0,0,74,Rendah,Setujui,0.151,0,1 pinjaman lancar (+5) | Tidak ada riwayat macet (+7) | E-wallet aktif 15 bulan (+5) | Transaksi e-wallet 54/bln (+3),Cancel rate gig 14% (-4)
L1AJN01378,L1NSB01378,PLT004,Multifinance,2024-12-01,Multifinance,Motor bekas,7000000,18,36,0.99,0,0,0,0.0,58.3,18,49,0,0,0,0,0.0,1,1,0,0,81,Rendah,Setujui,0.11,0,Aktif di platform 36 bulan (+7) | On-time rate 99% (+10) | E-wallet aktif 18 bulan (+5) | Transaksi e-wallet 49/bln (+3),
L1AJN01379,L1NSB01379,PLT003,Multifinance,2024-12-28,Multifinance,Motor baru,7000000,18,29,0.85,1,1,0,0.0,100.0,9,79,0,0,0,0,0.0,1,0,0,0,92,Rendah,Setujui,0.046,0,Aktif di platform 29 bulan (+7) | On-time rate 85% (+5) | 1 pinjaman lancar (+5) | Tidak ada riwayat macet (+7),
L1AJN01380,L1NSB01380,PLT002,P2P Lending,2024-06-04,P2P Lending,Modal usaha,2000000,1,9,0.62,1,1,0,3.0,83.3,22,41,0,0,0,0,0.0,0,1,0,0,75,Rendah,Setujui,0.145,0,1 pinjaman lancar (+5) | Tidak ada riwayat macet (+7) | Listrik 83.3% tepat waktu (+3) | E-wallet aktif 22 bulan (+5),
L1AJN01381,L1NSB01381,PLT002,P2P Lending,2024-02-27,P2P Lending,Renovasi,2000000,3,19,0.77,2,1,0,28.0,62.5,10,5,0,0,0,0,0.0,0,0,0,0,75,Rendah,Setujui,0.145,0,Aktif di platform 19 bulan (+7) | On-time rate 77% (+5) | 1 pinjaman lancar (+5) | Tidak ada riwayat macet (+7),
L1AJN01382,L1NSB01382,PLT002,P2P Lending,2024-04-14,P2P Lending,Konsumsi,2000000,3,10,0.94,2,2,0,1.5,87.5,15,16,0,0,0,0,0.0,1,1,0,0,95,Rendah,Setujui,0.029,0,On-time rate 94% (+10) | 2 pinjaman lancar (+10) | Tidak ada riwayat macet (+7) | Listrik 87.5% tepat waktu (+3),
L1AJN01383,L1NSB01383,PLT003,Multifinance,2024-02-09,Multifinance,Mesin usaha,20000000,24,5,0.83,2,1,0,8.5,79.2,0,0,0,0,0,0,0.0,0,0,0,0,74,Rendah,Setujui,0.151,0,On-time rate 83% (+5) | 1 pinjaman lancar (+5) | Tidak ada riwayat macet (+7) | Listrik 79.2% tepat waktu (+3),
L1AJN01384,L1NSB01384,PLT005,P2P Lending,2024-05-21,P2P Lending,Konsumsi,2000000,3,34,0.83,2,2,0,2.5,79.2,6,59,0,0,0,0,0.0,0,0,0,0,88,Rendah,Setujui,0.07,0,Aktif di platform 34 bulan (+7) | On-time rate 83% (+5) | 2 pinjaman lancar (+10) | Tidak ada riwayat macet (+7),
L1AJN01385,L1NSB01385,PLT005,P2P Lending,2024-04-23,P2P Lending,Pendidikan,5000000,6,32,0.74,1,1,0,0.0,58.3,0,0,0,0,0,0,0.0,1,1,1,9000000,73,Rendah,Setujui,0.157,0,Aktif di platform 32 bulan (+7) | 1 pinjaman lancar (+5) | Tidak ada riwayat macet (+7) | Punya rekening bank (+4),5 tanggungan (-5)
L1AJN01386,L1NSB01386,PLT001,P2P Lending,2024-02-08,P2P Lending,Konsumsi,5000000,6,9,0.7,3,3,0,2.7,87.5,15,61,0,0,0,0,0.0,0,0,1,1000000,85,Rendah,Setujui,0.087,0,3 pinjaman lancar (+15) | Tidak ada riwayat macet (+7) | Listrik 87.5% tepat waktu (+3) | E-wallet aktif 15 bulan (+5),
L1AJN01387,L1NSB01387,PLT001,P2P Lending,2024-08-26,P2P Lending,Pendidikan,1000000,6,34,0.67,1,1,0,3.0,66.7,12,15,1,0,0,0,0.0,1,1,0,0,74,Rendah,Setujui,0.151,0,Aktif di platform 34 bulan (+7) | 1 pinjaman lancar (+5) | Tidak ada riwayat macet (+7) | E-wallet aktif 12 bulan (+5),Lonjakan top-up sebelum pengajuan (-8) ⚠️
L1AJN01388,L1NSB01388,PLT005,P2P Lending,2024-12-08,P2P Lending,Konsumsi,2000000,1,11,0.82,2,2,0,3.0,66.7,7,17,0,1,1796000,1,0.05,1,0,0,0,92,Rendah,Setujui,0.046,0,On-time rate 82% (+5) | 2 pinjaman lancar (+10) | Tidak ada riwayat macet (+7) | Income gig konsisten 6 bulan (+8),
L1AJN01389,L1NSB01389,PLT003,Multifinance,2024-10-01,Multifinance,Motor baru,15000000,12,3,0.61,2,1,0,39.0,91.7,18,18,0,0,0,0,0.0,0,1,0,0,64,Menengah,Setujui,0.209,1,1 pinjaman lancar (+5) | Tidak ada riwayat macet (+7) | Listrik 91.7% tepat waktu (+7) | E-wallet aktif 18 bulan (+5),Rata-rata telat 39 hari (-10)
L1AJN01390,L1NSB01390,PLT002,P2P Lending,2024-10-04,P2P Lending,Pendidikan,500000,12,9,0.76,4,2,1,35.2,58.3,0,0,0,0,0,0,0.0,1,1,0,0,46,Tinggi,Tolak,0.313,0,On-time rate 76% (+5) | 2 pinjaman lancar (+10) | Punya rekening bank (+4) | BPJS dibayar rutin (+3),1 pinjaman macet (-12) | Rata-rata telat 35 hari (-10)
L1AJN01391,L1NSB01391,PLT004,Multifinance,2024-01-06,Multifinance,Motor baru,7000000,18,29,0.99,3,3,0,2.0,79.2,17,53,1,0,0,0,0.0,0,1,0,0,95,Rendah,Setujui,0.029,0,Aktif di platform 29 bulan (+7) | On-time rate 99% (+10) | 3 pinjaman lancar (+15) | Tidak ada riwayat macet (+7),Lonjakan top-up sebelum pengajuan (-8) ⚠️
L1AJN01392,L1NSB01392,PLT004,Multifinance,2024-09-09,Multifinance,Motor baru,10000000,12,36,0.89,2,1,0,46.5,95.8,24,79,0,1,0,0,0.0,1,0,0,0,87,Rendah,Setujui,0.075,0,Aktif di platform 36 bulan (+7) | On-time rate 89% (+5) | 1 pinjaman lancar (+5) | Tidak ada riwayat macet (+7),Rata-rata telat 46 hari (-10)
L1AJN01393,L1NSB01393,PLT005,P2P Lending,2024-06-01,P2P Lending,Modal usaha,5000000,12,3,0.8,2,1,0,7.0,100.0,9,37,0,0,0,0,0.0,0,1,0,0,79,Rendah,Setujui,0.122,0,On-time rate 80% (+5) | 1 pinjaman lancar (+5) | Tidak ada riwayat macet (+7) | Listrik 100.0% tepat waktu (+7),5 tanggungan (-5)
L1AJN01394,L1NSB01394,PLT005,P2P Lending,2024-11-22,P2P Lending,Konsumsi,2000000,9,15,0.7,4,1,2,125.8,91.7,0,0,0,1,5896000,1,0.09,0,0,0,0,48,Tinggi,Tolak,0.302,0,Aktif di platform 15 bulan (+7) | 1 pinjaman lancar (+5) | Listrik 91.7% tepat waktu (+7) | Income gig konsisten 6 bulan (+8),2 pinjaman macet (-24) | Rata-rata telat 126 hari (-10)
L1AJN01395,L1NSB01395,PLT004,Multifinance,2024-01-19,Multifinance,Motor bekas,5000000,36,5,0.74,1,1,0,3.0,91.7,6,60,1,0,0,0,0.0,0,1,0,0,66,Menengah,Setujui,0.197,0,1 pinjaman lancar (+5) | Tidak ada riwayat macet (+7) | Listrik 91.7% tepat waktu (+7) | Transaksi e-wallet 60/bln (+3),5 tanggungan (-5) | Lonjakan top-up sebelum pengajuan (-8) ⚠️
L1AJN01396,L1NSB01396,PLT003,Multifinance,2024-10-12,Multifinance,Motor baru,15000000,18,35,0.81,4,4,0,0.8,62.5,21,64,0,0,0,0,0.0,1,1,0,0,95,Rendah,Setujui,0.029,0,Aktif di platform 35 bulan (+7) | On-time rate 81% (+5) | 4 pinjaman lancar (+15) | Tidak ada riwayat macet (+7),4 tanggungan (-5)
L1AJN01397,L1NSB01397,PLT001,P2P Lending,2024-03-16,P2P Lending,Renovasi,3000000,1,8,0.9,1,0,0,76.0,62.5,7,50,0,1,4353000,0,0.07,1,1,0,0,68,Menengah,Setujui,0.186,1,On-time rate 90% (+10) | Tidak ada riwayat macet (+7) | Transaksi e-wallet 50/bln (+3) | Rating gig 4.7 (+5),Rata-rata telat 76 hari (-10)
L1AJN01398,L1NSB01398,PLT005,P2P Lending,2024-12-06,P2P Lending,Konsumsi,3000000,6,4,0.65,2,1,0,5.5,87.5,16,52,0,1,0,0,0.0,1,1,0,0,72,Rendah,Setujui,0.162,0,1 pinjaman lancar (+5) | Tidak ada riwayat macet (+7) | Listrik 87.5% tepat waktu (+3) | E-wallet aktif 16 bulan (+5),4 tanggungan (-5)
L1AJN01399,L1NSB01399,PLT002,P2P Lending,2024-07-01,P2P Lending,Renovasi,1000000,9,6,0.86,2,1,0,4.5,100.0,14,34,0,0,0,0,0.0,1,1,0,0,86,Rendah,Setujui,0.081,0,On-time rate 86% (+5) | 1 pinjaman lancar (+5) | Tidak ada riwayat macet (+7) | Listrik 100.0% tepat waktu (+7),
L1AJN01400,L1NSB01400,PLT002,P2P Lending,2024-06-10,P2P Lending,Konsumsi,500000,1,29,0.84,3,2,1,88.0,62.5,0,0,0,0,0,0,0.0,1,0,0,0,47,Tinggi,Tolak,0.307,0,Aktif di platform 29 bulan (+7) | On-time rate 84% (+5) | 2 pinjaman lancar (+10) | Punya rekening bank (+4),1 pinjaman macet (-12) | Rata-rata telat 88 hari (-10) | 5 tanggungan (-5)
L1AJN01401,L1NSB01401,PLT005,P2P Lending,2024-10-06,P2P Lending,Modal usaha,500000,3,11,0.76,4,2,0,12.5,91.7,13,24,0,1,0,0,0.0,1,1,0,0,93,Rendah,Setujui,0.041,0,On-time rate 76% (+5) | 2 pinjaman lancar (+10) | Tidak ada riwayat macet (+7) | Listrik 91.7% tepat waktu (+7),
L1AJN01402,L1NSB01402,PLT002,P2P Lending,2024-04-09,P2P Lending,Konsumsi,1000000,1,8,0.88,3,1,0,13.0,70.8,0,0,0,1,1560000,1,0.04,1,1,0,0,81,Rendah,Setujui,0.11,0,On-time rate 88% (+5) | 1 pinjaman lancar (+5) | Tidak ada riwayat macet (+7) | Income gig konsisten 6 bulan (+8),
L1AJN01403,L1NSB01403,PLT005,P2P Lending,2024-05-08,P2P Lending,Renovasi,1000000,6,25,0.91,1,1,0,3.0,91.7,12,64,1,0,0,0,0.0,1,1,0,0,91,Rendah,Setujui,0.052,0,Aktif di platform 25 bulan (+7) | On-time rate 91% (+10) | 1 pinjaman lancar (+5) | Tidak ada riwayat macet (+7),Lonjakan top-up sebelum pengajuan (-8) ⚠️
L1AJN01404,L1NSB01404,PLT002,P2P Lending,2024-02-23,P2P Lending,Modal usaha,1000000,6,21,0.95,1,1,0,2.0,87.5,23,23,0,0,0,0,0.0,0,0,0,0,86,Rendah,Setujui,0.081,0,Aktif di platform 21 bulan (+7) | On-time rate 95% (+10) | 1 pinjaman lancar (+5) | Tidak ada riwayat macet (+7),
L1AJN01405,L1NSB01405,PLT005,P2P Lending,2024-05-24,P2P Lending,Konsumsi,3000000,6,20,0.59,1,0,0,7.0,79.2,13,49,0,1,0,0,0.0,0,0,0,0,76,Rendah,Setujui,0.139,0,Aktif di platform 20 bulan (+7) | Tidak ada riwayat macet (+7) | Listrik 79.2% tepat waktu (+3) | E-wallet aktif 13 bulan (+5),
L1AJN01406,L1NSB01406,PLT004,Multifinance,2024-04-23,Multifinance,Mesin usaha,20000000,24,12,0.94,1,0,0,65.0,70.8,18,70,0,0,0,0,0.0,0,1,0,0,74,Rendah,Setujui,0.151,0,Aktif di platform 12 bulan (+7) | On-time rate 94% (+10) | Tidak ada riwayat macet (+7) | E-wallet aktif 18 bulan (+5),Rata-rata telat 65 hari (-10)
L1AJN01407,L1NSB01407,PLT003,Multifinance,2024-03-24,Multifinance,Mesin usaha,5000000,36,28,0.91,2,2,0,0.5,62.5,22,39,1,1,5981000,1,0.08,1,0,0,0,92,Rendah,Setujui,0.046,0,Aktif di platform 28 bulan (+7) | On-time rate 91% (+10) | 2 pinjaman lancar (+10) | Tidak ada riwayat macet (+7),4 tanggungan (-5) | Lonjakan top-up sebelum pengajuan (-8) ⚠️
L1AJN01408,L1NSB01408,PLT002,P2P Lending,2024-03-11,P2P Lending,Pendidikan,5000000,1,29,0.98,2,2,0,2.5,75.0,0,0,0,0,0,0,0.0,1,1,0,0,91,Rendah,Setujui,0.052,1,Aktif di platform 29 bulan (+7) | On-time rate 98% (+10) | 2 pinjaman lancar (+10) | Tidak ada riwayat macet (+7),4 tanggungan (-5)
L1AJN01409,L1NSB01409,PLT001,P2P Lending,2024-09-11,P2P Lending,Modal usaha,2000000,6,36,0.8,2,2,0,0.5,91.7,11,76,0,1,3181000,1,0.01,1,0,0,0,95,Rendah,Setujui,0.029,0,Aktif di platform 36 bulan (+7) | On-time rate 80% (+5) | 2 pinjaman lancar (+10) | Tidak ada riwayat macet (+7),
L1AJN01410,L1NSB01410,PLT005,P2P Lending,2024-06-23,P2P Lending,Modal usaha,3000000,1,15,0.55,2,2,0,2.0,66.7,8,71,0,0,0,0,0.0,1,0,0,0,77,Rendah,Setujui,0.133,0,Aktif di platform 15 bulan (+7) | 2 pinjaman lancar (+10) | Tidak ada riwayat macet (+7) | Transaksi e-wallet 71/bln (+3),
L1AJN01411,L1NSB01411,PLT005,P2P Lending,2024-09-11,P2P Lending,Renovasi,3000000,12,28,0.59,2,1,0,43.5,87.5,13,5,0,1,6150000,1,0.07,0,0,0,0,74,Rendah,Setujui,0.151,0,Aktif di platform 28 bulan (+7) | 1 pinjaman lancar (+5) | Tidak ada riwayat macet (+7) | Listrik 87.5% tepat waktu (+3),Rata-rata telat 44 hari (-10) | 5 tanggungan (-5)
L1AJN01412,L1NSB01412,PLT004,Multifinance,2024-01-26,Multifinance,Motor baru,15000000,12,34,0.78,4,3,0,3.2,87.5,13,65,0,0,0,0,0.0,0,1,0,0,95,Rendah,Setujui,0.029,0,Aktif di platform 34 bulan (+7) | On-time rate 78% (+5) | 3 pinjaman lancar (+15) | Tidak ada riwayat macet (+7),
L1AJN01413,L1NSB01413,PLT005,P2P Lending,2024-08-11,P2P Lending,Konsumsi,1000000,6,30,0.75,1,1,0,3.0,83.3,13,9,0,0,0,0,0.0,1,0,0,0,90,Rendah,Setujui,0.058,0,Aktif di platform 30 bulan (+7) | On-time rate 75% (+5) | 1 pinjaman lancar (+5) | Tidak ada riwayat macet (+7),
L1AJN01414,L1NSB01414,PLT002,P2P Lending,2024-08-29,P2P Lending,Konsumsi,3000000,6,12,0.7,2,1,0,12.0,58.3,0,0,0,1,1609000,1,0.05,1,1,0,0,86,Rendah,Setujui,0.081,0,Aktif di platform 12 bulan (+7) | 1 pinjaman lancar (+5) | Tidak ada riwayat macet (+7) | Income gig konsisten 6 bulan (+8),
L1AJN01415,L1NSB01415,PLT004,Multifinance,2024-10-04,Multifinance,Motor baru,10000000,18,31,0.81,1,1,0,0.0,66.7,6,36,0,0,0,0,0.0,1,1,0,0,82,Rendah,Setujui,0.104,0,Aktif di platform 31 bulan (+7) | On-time rate 81% (+5) | 1 pinjaman lancar (+5) | Tidak ada riwayat macet (+7),5 tanggungan (-5)
L1AJN01416,L1NSB01416,PLT003,Multifinance,2024-11-21,Multifinance,Mesin usaha,10000000,18,36,0.69,2,1,1,102.0,87.5,7,76,0,0,0,0,0.0,1,0,0,0,46,Tinggi,Tolak,0.313,0,Aktif di platform 36 bulan (+7) | 1 pinjaman lancar (+5) | Listrik 87.5% tepat waktu (+3) | Transaksi e-wallet 76/bln (+3),1 pinjaman macet (-12) | Rata-rata telat 102 hari (-10) | 4 tanggungan (-5)
L1AJN01417,L1NSB01417,PLT001,P2P Lending,2024-04-11,P2P Lending,Konsumsi,1000000,1,24,0.63,3,0,1,82.0,83.3,0,0,0,0,0,0,0.0,1,0,0,0,39,Tinggi,Tolak,0.354,0,Aktif di platform 24 bulan (+7) | Listrik 83.3% tepat waktu (+3) | Punya rekening bank (+4),1 pinjaman macet (-12) | Rata-rata telat 82 hari (-10)
L1AJN01418,L1NSB01418,PLT003,Multifinance,2024-01-31,Multifinance,Motor bekas,3000000,18,11,0.95,0,0,0,0.0,75.0,0,0,0,0,0,0,0.0,1,0,0,0,71,Rendah,Setujui,0.168,0,On-time rate 95% (+10) | Listrik 75.0% tepat waktu (+3) | Punya rekening bank (+4),
L1AJN01419,L1NSB01419,PLT005,P2P Lending,2024-07-25,P2P Lending,Konsumsi,3000000,12,4,0.67,2,2,0,0.0,58.3,11,34,0,0,0,0,0.0,1,0,0,0,77,Rendah,Setujui,0.133,0,2 pinjaman lancar (+10) | Tidak ada riwayat macet (+7) | Transaksi e-wallet 34/bln (+3) | Punya rekening bank (+4),
L1AJN01420,L1NSB01420,PLT004,Multifinance,2024-05-18,Multifinance,Motor bekas,20000000,18,5,0.8,2,1,0,38.0,87.5,8,24,1,0,0,0,0.0,1,0,0,0,57,Menengah,Setujui,0.249,1,On-time rate 80% (+5) | 1 pinjaman lancar (+5) | Tidak ada riwayat macet (+7) | Listrik 87.5% tepat waktu (+3),Rata-rata telat 38 hari (-10) | Lonjakan top-up sebelum pengajuan (-8) ⚠️
L1AJN01421,L1NSB01421,PLT003,Multifinance,2024-04-10,Multifinance,Motor bekas,7000000,36,8,0.76,2,1,0,3.5,91.7,15,69,0,0,0,0,0.0,1,1,0,0,91,Rendah,Setujui,0.052,0,On-time rate 76% (+5) | 1 pinjaman lancar (+5) | Tidak ada riwayat macet (+7) | Listrik 91.7% tepat waktu (+7),
L1AJN01422,L1NSB01422,PLT001,P2P Lending,2024-11-03,P2P Lending,Renovasi,5000000,3,3,0.87,1,0,0,4.0,83.3,0,0,0,0,0,0,0.0,1,0,0,0,71,Rendah,Setujui,0.168,0,On-time rate 87% (+5) | Tidak ada riwayat macet (+7) | Listrik 83.3% tepat waktu (+3) | Punya rekening bank (+4),
L1AJN01423,L1NSB01423,PLT001,P2P Lending,2024-01-02,P2P Lending,Renovasi,3000000,9,28,0.76,1,1,0,1.0,95.8,19,76,1,1,7829000,1,0.11,0,1,0,0,92,Rendah,Setujui,0.046,0,Aktif di platform 28 bulan (+7) | On-time rate 76% (+5) | 1 pinjaman lancar (+5) | Tidak ada riwayat macet (+7),Lonjakan top-up sebelum pengajuan (-8) ⚠️ | Cancel rate gig 11% (-4)
L1AJN01424,L1NSB01424,PLT005,P2P Lending,2024-11-13,P2P Lending,Modal usaha,1000000,6,10,0.86,3,1,0,19.3,70.8,17,58,0,0,0,0,0.0,1,0,0,0,75,Rendah,Setujui,0.145,0,On-time rate 86% (+5) | 1 pinjaman lancar (+5) | Tidak ada riwayat macet (+7) | E-wallet aktif 17 bulan (+5),4 tanggungan (-5)
L1AJN01425,L1NSB01425,PLT002,P2P Lending,2024-10-27,P2P Lending,Pendidikan,5000000,6,8,0.83,3,2,0,8.7,91.7,14,48,1,1,0,0,0.0,1,1,0,0,88,Rendah,Setujui,0.07,0,On-time rate 83% (+5) | 2 pinjaman lancar (+10) | Tidak ada riwayat macet (+7) | Listrik 91.7% tepat waktu (+7),Lonjakan top-up sebelum pengajuan (-8) ⚠️
L1AJN01426,L1NSB01426,PLT003,Multifinance,2024-07-24,Multifinance,Mesin usaha,7000000,24,5,0.58,1,0,0,7.0,66.7,18,9,0,0,0,0,0.0,0,1,0,0,62,Menengah,Setujui,0.22,0,Tidak ada riwayat macet (+7) | E-wallet aktif 18 bulan (+5) | BPJS dibayar rutin (+3),
L1AJN01427,L1NSB01427,PLT002,P2P Lending,2024-07-04,P2P Lending,Renovasi,3000000,6,24,0.93,1,1,0,0.0,62.5,9,66,0,1,6049000,1,0.14,1,1,0,0,88,Rendah,Setujui,0.07,0,Aktif di platform 24 bulan (+7) | On-time rate 93% (+10) | 1 pinjaman lancar (+5) | Tidak ada riwayat macet (+7),4 tanggungan (-5) | Cancel rate gig 14% (-4)
L1AJN01428,L1NSB01428,PLT004,Multifinance,2024-01-10,Multifinance,Elektronik,20000000,36,13,0.72,1,1,0,2.0,62.5,0,0,0,1,5660000,1,0.08,1,0,0,0,80,Rendah,Setujui,0.116,0,Aktif di platform 13 bulan (+7) | 1 pinjaman lancar (+5) | Tidak ada riwayat macet (+7) | Income gig konsisten 6 bulan (+8),5 tanggungan (-5)
L1AJN01429,L1NSB01429,PLT002,P2P Lending,2024-06-12,P2P Lending,Modal usaha,5000000,12,9,0.91,0,0,0,0.0,95.8,16,20,0,0,0,0,0.0,0,1,0,0,82,Rendah,Setujui,0.104,1,On-time rate 91% (+10) | Listrik 95.8% tepat waktu (+7) | E-wallet aktif 16 bulan (+5) | Transaksi e-wallet 20/bln (+3),
L1AJN01430,L1NSB01430,PLT003,Multifinance,2024-04-20,Multifinance,Elektronik,3000000,36,6,0.71,3,2,0,21.0,87.5,8,35,1,0,0,0,0.0,0,0,0,0,61,Menengah,Setujui,0.226,0,2 pinjaman lancar (+10) | Tidak ada riwayat macet (+7) | Listrik 87.5% tepat waktu (+3) | Transaksi e-wallet 35/bln (+3),Lonjakan top-up sebelum pengajuan (-8) ⚠️
L1AJN01431,L1NSB01431,PLT003,Multifinance,2024-05-24,Multifinance,Mesin usaha,20000000,24,3,0.73,2,1,0,31.5,91.7,16,65,0,0,0,0,0.0,1,1,0,0,67,Menengah,Setujui,0.191,0,1 pinjaman lancar (+5) | Tidak ada riwayat macet (+7) | Listrik 91.7% tepat waktu (+7) | E-wallet aktif 16 bulan (+5),Rata-rata telat 32 hari (-10) | 4 tanggungan (-5)
L1AJN01432,L1NSB01432,PLT001,P2P Lending,2024-06-12,P2P Lending,Pendidikan,500000,12,33,0.73,3,3,0,1.0,79.2,0,0,0,0,0,0,0.0,1,0,1,10000000,92,Rendah,Setujui,0.046,0,Aktif di platform 33 bulan (+7) | 3 pinjaman lancar (+15) | Tidak ada riwayat macet (+7) | Listrik 79.2% tepat waktu (+3),
L1AJN01433,L1NSB01433,PLT004,Multifinance,2024-11-23,Multifinance,Elektronik,3000000,24,2,0.72,0,0,0,0.0,62.5,6,60,0,1,7021000,1,0.04,1,0,0,0,73,Rendah,Setujui,0.157,1,Transaksi e-wallet 60/bln (+3) | Income gig konsisten 6 bulan (+8) | Rating gig 4.9 (+5) | Punya rekening bank (+4),
L1AJN01434,L1NSB01434,PLT001,P2P Lending,2024-06-15,P2P Lending,Modal usaha,1000000,12,21,0.72,4,4,0,0.8,79.2,20,80,0,1,7718000,1,0.15,0,0,0,0,95,Rendah,Setujui,0.029,0,Aktif di platform 21 bulan (+7) | 4 pinjaman lancar (+15) | Tidak ada riwayat macet (+7) | Listrik 79.2% tepat waktu (+3),Cancel rate gig 15% (-4)
L1AJN01435,L1NSB01435,PLT003,Multifinance,2024-08-17,Multifinance,Motor baru,15000000,36,23,0.72,2,2,0,0.0,91.7,12,39,0,0,0,0,0.0,1,1,0,0,95,Rendah,Setujui,0.029,0,Aktif di platform 23 bulan (+7) | 2 pinjaman lancar (+10) | Tidak ada riwayat macet (+7) | Listrik 91.7% tepat waktu (+7),
L1AJN01436,L1NSB01436,PLT004,Multifinance,2024-02-06,Multifinance,Mesin usaha,3000000,36,29,0.84,1,1,0,2.0,100.0,7,74,0,0,0,0,0.0,1,1,0,0,94,Rendah,Setujui,0.035,0,Aktif di platform 29 bulan (+7) | On-time rate 84% (+5) | 1 pinjaman lancar (+5) | Tidak ada riwayat macet (+7),
L1AJN01437,L1NSB01437,PLT003,Multifinance,2024-12-14,Multifinance,Mesin usaha,15000000,36,5,0.62,2,1,0,13.0,62.5,12,58,0,1,4233000,0,0.11,0,0,0,0,74,Rendah,Setujui,0.151,0,1 pinjaman lancar (+5) | Tidak ada riwayat macet (+7) | E-wallet aktif 12 bulan (+5) | Transaksi e-wallet 58/bln (+3),Cancel rate gig 11% (-4)
L1AJN01438,L1NSB01438,PLT001,P2P Lending,2024-05-15,P2P Lending,Pendidikan,1000000,1,3,0.75,1,1,0,3.0,62.5,12,7,0,1,0,0,0.0,1,1,0,0,83,Rendah,Setujui,0.099,1,On-time rate 75% (+5) | 1 pinjaman lancar (+5) | Tidak ada riwayat macet (+7) | E-wallet aktif 12 bulan (+5),
L1AJN01439,L1NSB01439,PLT005,P2P Lending,2024-12-09,P2P Lending,Pendidikan,3000000,12,22,0.71,2,2,0,1.0,91.7,6,10,0,0,0,0,0.0,0,0,0,0,78,Rendah,Setujui,0.128,1,Aktif di platform 22 bulan (+7) | 2 pinjaman lancar (+10) | Tidak ada riwayat macet (+7) | Listrik 91.7% tepat waktu (+7),4 tanggungan (-5)
L1AJN01440,L1NSB01440,PLT005,P2P Lending,2024-02-02,P2P Lending,Modal usaha,500000,3,25,0.66,0,0,0,0.0,91.7,0,0,0,0,0,0,0.0,1,1,0,0,73,Rendah,Setujui,0.157,0,Aktif di platform 25 bulan (+7) | Listrik 91.7% tepat waktu (+7) | Punya rekening bank (+4) | BPJS dibayar rutin (+3),
L1AJN01441,L1NSB01441,PLT005,P2P Lending,2024-11-27,P2P Lending,Konsumsi,2000000,9,35,0.82,4,2,0,10.2,79.2,21,63,0,0,0,0,0.0,0,0,0,0,81,Rendah,Setujui,0.11,0,Aktif di platform 35 bulan (+7) | On-time rate 82% (+5) | 2 pinjaman lancar (+10) | Tidak ada riwayat macet (+7),5 tanggungan (-5)
L1AJN01442,L1NSB01442,PLT003,Multifinance,2024-03-18,Multifinance,Motor baru,20000000,12,14,0.85,3,3,0,1.7,79.2,21,32,0,0,0,0,0.0,0,0,0,0,95,Rendah,Setujui,0.029,0,Aktif di platform 14 bulan (+7) | On-time rate 85% (+5) | 3 pinjaman lancar (+15) | Tidak ada riwayat macet (+7),
L1AJN01443,L1NSB01443,PLT001,P2P Lending,2024-08-08,P2P Lending,Renovasi,3000000,3,25,0.66,1,1,0,2.0,66.7,11,73,0,1,3942000,1,0.11,0,0,0,0,75,Rendah,Setujui,0.145,0,Aktif di platform 25 bulan (+7) | 1 pinjaman lancar (+5) | Tidak ada riwayat macet (+7) | Transaksi e-wallet 73/bln (+3),Cancel rate gig 11% (-4)
L1AJN01444,L1NSB01444,PLT003,Multifinance,2024-06-25,Multifinance,Elektronik,15000000,12,19,0.65,3,1,0,7.0,91.7,18,54,0,0,0,0,0.0,0,0,0,0,78,Rendah,Setujui,0.128,0,Aktif di platform 19 bulan (+7) | 1 pinjaman lancar (+5) | Tidak ada riwayat macet (+7) | Listrik 91.7% tepat waktu (+7),5 tanggungan (-5)
L1AJN01445,L1NSB01445,PLT002,P2P Lending,2024-02-23,P2P Lending,Pendidikan,3000000,9,7,0.63,3,3,0,1.0,58.3,8,43,0,0,0,0,0.0,0,1,0,0,78,Rendah,Setujui,0.128,0,3 pinjaman lancar (+15) | Tidak ada riwayat macet (+7) | Transaksi e-wallet 43/bln (+3) | BPJS dibayar rutin (+3),
L1AJN01446,L1NSB01446,PLT001,P2P Lending,2024-08-30,P2P Lending,Modal usaha,5000000,1,35,0.62,1,1,0,0.0,66.7,7,62,0,0,0,0,0.0,0,1,0,0,72,Rendah,Setujui,0.162,0,Aktif di platform 35 bulan (+7) | 1 pinjaman lancar (+5) | Tidak ada riwayat macet (+7) | Transaksi e-wallet 62/bln (+3),
L1AJN01447,L1NSB01447,PLT004,Multifinance,2024-08-03,Multifinance,Motor baru,15000000,18,1,0.63,2,1,0,19.5,95.8,21,40,0,0,0,0,0.0,1,1,0,0,76,Rendah,Setujui,0.139,0,1 pinjaman lancar (+5) | Tidak ada riwayat macet (+7) | Listrik 95.8% tepat waktu (+7) | E-wallet aktif 21 bulan (+5),4 tanggungan (-5)
L1AJN01448,L1NSB01448,PLT003,Multifinance,2024-07-01,Multifinance,Mesin usaha,7000000,18,11,0.77,4,2,0,10.0,95.8,23,8,0,0,0,0,0.0,1,0,0,0,79,Rendah,Setujui,0.122,0,On-time rate 77% (+5) | 2 pinjaman lancar (+10) | Tidak ada riwayat macet (+7) | Listrik 95.8% tepat waktu (+7),5 tanggungan (-5)
L1AJN01449,L1NSB01449,PLT004,Multifinance,2024-11-29,Multifinance,Mesin usaha,5000000,24,1,0.82,1,1,0,1.0,58.3,0,0,0,0,0,0,0.0,0,0,0,0,68,Menengah,Setujui,0.186,1,On-time rate 82% (+5) | 1 pinjaman lancar (+5) | Tidak ada riwayat macet (+7),
L1AJN01450,L1NSB01450,PLT001,P2P Lending,2024-10-06,P2P Lending,Renovasi,500000,3,29,0.58,3,3,0,1.0,87.5,11,46,0,0,0,0,0.0,1,0,0,0,87,Rendah,Setujui,0.075,0,Aktif di platform 29 bulan (+7) | 3 pinjaman lancar (+15) | Tidak ada riwayat macet (+7) | Listrik 87.5% tepat waktu (+3),
L1AJN01451,L1NSB01451,PLT004,Multifinance,2024-03-30,Multifinance,Motor bekas,10000000,12,11,0.79,3,1,1,48.0,91.7,18,28,0,0,0,0,0.0,1,0,0,0,55,Menengah,Setujui,0.261,0,On-time rate 79% (+5) | 1 pinjaman lancar (+5) | Listrik 91.7% tepat waktu (+7) | E-wallet aktif 18 bulan (+5),1 pinjaman macet (-12) | Rata-rata telat 48 hari (-10)
L1AJN01452,L1NSB01452,PLT003,Multifinance,2024-11-29,Multifinance,Elektronik,15000000,36,8,0.82,2,2,0,1.5,83.3,0,0,0,1,3480000,1,0.03,0,0,0,0,83,Rendah,Setujui,0.099,0,On-time rate 82% (+5) | 2 pinjaman lancar (+10) | Tidak ada riwayat macet (+7) | Listrik 83.3% tepat waktu (+3),
L1AJN01453,L1NSB01453,PLT002,P2P Lending,2024-08-27,P2P Lending,Modal usaha,5000000,12,36,0.98,1,1,0,3.0,87.5,18,55,0,0,0,0,0.0,1,1,0,0,93,Rendah,Setujui,0.041,0,Aktif di platform 36 bulan (+7) | On-time rate 98% (+10) | 1 pinjaman lancar (+5) | Tidak ada riwayat macet (+7),
L1AJN01454,L1NSB01454,PLT001,P2P Lending,2024-01-21,P2P Lending,Konsumsi,2000000,1,10,0.62,0,0,0,0.0,62.5,16,41,0,1,2895000,1,0.1,1,0,0,0,70,Rendah,Setujui,0.174,0,E-wallet aktif 16 bulan (+5) | Transaksi e-wallet 41/bln (+3) | Income gig konsisten 6 bulan (+8) | Punya rekening bank (+4),
L1AJN01455,L1NSB01455,PLT002,P2P Lending,2024-10-16,P2P Lending,Pendidikan,2000000,1,1,0.94,1,1,0,2.0,79.2,6,8,0,1,3516000,1,0.05,1,0,0,0,82,Rendah,Setujui,0.104,0,On-time rate 94% (+10) | 1 pinjaman lancar (+5) | Tidak ada riwayat macet (+7) | Listrik 79.2% tepat waktu (+3),5 tanggungan (-5)
L1AJN01456,L1NSB01456,PLT003,Multifinance,2024-07-20,Multifinance,Motor bekas,3000000,36,18,0.78,1,0,1,129.0,75.0,12,16,0,1,0,0,0.0,1,1,0,0,46,Tinggi,Tolak,0.313,1,Aktif di platform 18 bulan (+7) | On-time rate 78% (+5) | Listrik 75.0% tepat waktu (+3) | E-wallet aktif 12 bulan (+5),1 pinjaman macet (-12) | Rata-rata telat 129 hari (-10) | 5 tanggungan (-5)
L1AJN01457,L1NSB01457,PLT005,P2P Lending,2024-05-23,P2P Lending,Renovasi,2000000,9,1,0.69,1,0,0,23.0,79.2,8,27,0,1,6174000,1,0.04,1,0,0,0,78,Rendah,Setujui,0.128,0,Tidak ada riwayat macet (+7) | Listrik 79.2% tepat waktu (+3) | Transaksi e-wallet 27/bln (+3) | Income gig konsisten 6 bulan (+8),
L1AJN01458,L1NSB01458,PLT002,P2P Lending,2024-11-15,P2P Lending,Renovasi,500000,6,9,0.93,1,1,0,3.0,83.3,0,0,0,0,0,0,0.0,0,1,0,0,73,Rendah,Setujui,0.157,0,On-time rate 93% (+10) | 1 pinjaman lancar (+5) | Tidak ada riwayat macet (+7) | Listrik 83.3% tepat waktu (+3),4 tanggungan (-5)
L1AJN01459,L1NSB01459,PLT001,P2P Lending,2024-11-06,P2P Lending,Konsumsi,5000000,6,17,0.84,0,0,0,0.0,79.2,0,0,0,0,0,0,0.0,1,0,0,0,67,Menengah,Setujui,0.191,1,Aktif di platform 17 bulan (+7) | On-time rate 84% (+5) | Listrik 79.2% tepat waktu (+3) | Punya rekening bank (+4),
L1AJN01460,L1NSB01460,PLT004,Multifinance,2024-04-18,Multifinance,Motor bekas,10000000,36,7,1.0,2,2,0,2.5,87.5,0,0,0,0,0,0,0.0,1,1,0,0,80,Rendah,Setujui,0.116,0,On-time rate 100% (+10) | 2 pinjaman lancar (+10) | Tidak ada riwayat macet (+7) | Listrik 87.5% tepat waktu (+3),5 tanggungan (-5)
L1AJN01461,L1NSB01461,PLT004,Multifinance,2024-01-17,Multifinance,Motor bekas,3000000,36,20,0.63,0,0,0,0.0,100.0,17,51,1,0,0,0,0.0,1,1,0,0,70,Rendah,Setujui,0.174,0,Aktif di platform 20 bulan (+7) | Listrik 100.0% tepat waktu (+7) | E-wallet aktif 17 bulan (+5) | Transaksi e-wallet 51/bln (+3),Lonjakan top-up sebelum pengajuan (-8) ⚠️
L1AJN01462,L1NSB01462,PLT001,P2P Lending,2024-08-02,P2P Lending,Pendidikan,3000000,3,25,0.78,0,0,0,0.0,75.0,0,0,0,0,0,0,0.0,0,1,0,0,72,Rendah,Setujui,0.162,0,Aktif di platform 25 bulan (+7) | On-time rate 78% (+5) | Listrik 75.0% tepat waktu (+3) | BPJS dibayar rutin (+3),
L1AJN01463,L1NSB01463,PLT005,P2P Lending,2024-12-29,P2P Lending,Pendidikan,3000000,6,24,1.0,0,0,0,0.0,100.0,9,43,0,1,4282000,1,0.04,1,1,0,0,88,Rendah,Setujui,0.07,0,Aktif di platform 24 bulan (+7) | On-time rate 100% (+10) | Listrik 100.0% tepat waktu (+7) | Transaksi e-wallet 43/bln (+3),
L1AJN01464,L1NSB01464,PLT001,P2P Lending,2024-08-17,P2P Lending,Pendidikan,5000000,9,24,0.67,2,1,0,27.0,79.2,8,36,0,1,0,0,0.0,1,0,0,0,73,Rendah,Setujui,0.157,0,Aktif di platform 24 bulan (+7) | 1 pinjaman lancar (+5) | Tidak ada riwayat macet (+7) | Listrik 79.2% tepat waktu (+3),5 tanggungan (-5)
L1AJN01465,L1NSB01465,PLT002,P2P Lending,2024-07-10,P2P Lending,Renovasi,5000000,3,15,0.74,0,0,0,0.0,91.7,8,69,0,0,0,0,0.0,0,0,0,0,63,Menengah,Setujui,0.215,0,Aktif di platform 15 bulan (+7) | Listrik 91.7% tepat waktu (+7) | Transaksi e-wallet 69/bln (+3),
L1AJN01466,L1NSB01466,PLT004,Multifinance,2024-06-27,Multifinance,Motor baru,7000000,18,19,0.69,3,2,0,6.3,79.2,17,14,0,1,6639000,1,0.02,1,1,0,0,95,Rendah,Setujui,0.029,0,Aktif di platform 19 bulan (+7) | 2 pinjaman lancar (+10) | Tidak ada riwayat macet (+7) | Listrik 79.2% tepat waktu (+3),
L1AJN01467,L1NSB01467,PLT002,P2P Lending,2024-10-03,P2P Lending,Konsumsi,500000,6,33,0.88,0,0,0,0.0,91.7,14,53,0,1,3550000,1,0.12,1,0,0,0,80,Rendah,Setujui,0.116,0,Aktif di platform 33 bulan (+7) | On-time rate 88% (+5) | Listrik 91.7% tepat waktu (+7) | E-wallet aktif 14 bulan (+5),5 tanggungan (-5) | Cancel rate gig 12% (-4)
L1AJN01468,L1NSB01468,PLT002,P2P Lending,2024-08-15,P2P Lending,Renovasi,2000000,9,25,0.66,1,1,0,0.0,70.8,0,0,0,0,0,0,0.0,0,0,0,0,61,Menengah,Setujui,0.226,0,Aktif di platform 25 bulan (+7) | 1 pinjaman lancar (+5) | Tidak ada riwayat macet (+7),5 tanggungan (-5)
L1AJN01469,L1NSB01469,PLT004,Multifinance,2024-04-03,Multifinance,Mesin usaha,10000000,12,24,0.61,0,0,0,0.0,75.0,16,29,1,0,0,0,0.0,0,0,0,0,53,Menengah,Setujui,0.273,1,Aktif di platform 24 bulan (+7) | Listrik 75.0% tepat waktu (+3) | E-wallet aktif 16 bulan (+5) | Transaksi e-wallet 29/bln (+3),5 tanggungan (-5) | Lonjakan top-up sebelum pengajuan (-8) ⚠️
L1AJN01470,L1NSB01470,PLT002,P2P Lending,2024-02-17,P2P Lending,Konsumsi,2000000,12,34,0.71,3,3,0,2.7,79.2,0,0,0,1,4210000,1,0.11,1,1,0,0,95,Rendah,Setujui,0.029,0,Aktif di platform 34 bulan (+7) | 3 pinjaman lancar (+15) | Tidak ada riwayat macet (+7) | Listrik 79.2% tepat waktu (+3),Cancel rate gig 11% (-4)
L1AJN01471,L1NSB01471,PLT003,Multifinance,2024-03-16,Multifinance,Motor baru,5000000,18,18,0.86,2,2,0,1.5,95.8,20,74,0,0,0,0,0.0,1,0,0,0,91,Rendah,Setujui,0.052,0,Aktif di platform 18 bulan (+7) | On-time rate 86% (+5) | 2 pinjaman lancar (+10) | Tidak ada riwayat macet (+7),5 tanggungan (-5)
L1AJN01472,L1NSB01472,PLT003,Multifinance,2024-07-28,Multifinance,Mesin usaha,20000000,24,25,0.92,1,0,0,50.0,91.7,8,74,0,1,5103000,1,0.12,1,0,0,0,83,Rendah,Setujui,0.099,0,Aktif di platform 25 bulan (+7) | On-time rate 92% (+10) | Tidak ada riwayat macet (+7) | Listrik 91.7% tepat waktu (+7),Rata-rata telat 50 hari (-10) | Cancel rate gig 12% (-4)
L1AJN01473,L1NSB01473,PLT003,Multifinance,2024-03-01,Multifinance,Elektronik,5000000,24,22,0.91,1,1,0,2.0,100.0,13,62,0,1,6094000,1,0.12,1,0,0,0,95,Rendah,Setujui,0.029,0,Aktif di platform 22 bulan (+7) | On-time rate 91% (+10) | 1 pinjaman lancar (+5) | Tidak ada riwayat macet (+7),Cancel rate gig 12% (-4)
L1AJN01474,L1NSB01474,PLT003,Multifinance,2024-02-26,Multifinance,Motor bekas,7000000,18,29,0.79,2,1,0,12.0,79.2,6,62,0,1,0,0,0.0,0,1,0,0,82,Rendah,Setujui,0.104,1,Aktif di platform 29 bulan (+7) | On-time rate 79% (+5) | 1 pinjaman lancar (+5) | Tidak ada riwayat macet (+7),
L1AJN01475,L1NSB01475,PLT005,P2P Lending,2024-02-19,P2P Lending,Renovasi,500000,9,25,0.99,1,1,0,3.0,95.8,22,62,0,0,0,0,0.0,0,0,0,0,95,Rendah,Setujui,0.029,0,Aktif di platform 25 bulan (+7) | On-time rate 99% (+10) | 1 pinjaman lancar (+5) | Tidak ada riwayat macet (+7),
L1AJN01476,L1NSB01476,PLT002,P2P Lending,2024-11-15,P2P Lending,Modal usaha,2000000,6,8,0.96,1,1,0,2.0,58.3,10,10,0,0,0,0,0.0,0,0,0,0,76,Rendah,Setujui,0.139,0,On-time rate 96% (+10) | 1 pinjaman lancar (+5) | Tidak ada riwayat macet (+7),
L1AJN01477,L1NSB01477,PLT004,Multifinance,2024-08-08,Multifinance,Motor bekas,20000000,12,35,0.6,1,0,0,13.0,75.0,14,66,0,0,0,0,0.0,1,1,0,0,82,Rendah,Setujui,0.104,0,Aktif di platform 35 bulan (+7) | Tidak ada riwayat macet (+7) | Listrik 75.0% tepat waktu (+3) | E-wallet aktif 14 bulan (+5),
L1AJN01478,L1NSB01478,PLT001,P2P Lending,2024-07-23,P2P Lending,Modal usaha,3000000,12,36,0.63,1,1,0,1.0,87.5,0,0,0,0,0,0,0.0,0,0,0,0,63,Menengah,Setujui,0.215,1,Aktif di platform 36 bulan (+7) | 1 pinjaman lancar (+5) | Tidak ada riwayat macet (+7) | Listrik 87.5% tepat waktu (+3),4 tanggungan (-5)
L1AJN01479,L1NSB01479,PLT005,P2P Lending,2024-01-10,P2P Lending,Pendidikan,1000000,1,32,0.84,1,1,0,2.0,62.5,12,55,0,0,0,0,0.0,1,0,0,0,80,Rendah,Setujui,0.116,0,Aktif di platform 32 bulan (+7) | On-time rate 84% (+5) | 1 pinjaman lancar (+5) | Tidak ada riwayat macet (+7),4 tanggungan (-5)
L1AJN01480,L1NSB01480,PLT005,P2P Lending,2024-03-22,P2P Lending,Konsumsi,500000,6,10,0.87,3,1,1,133.3,87.5,18,58,0,0,0,0,0.0,1,1,0,0,60,Menengah,Setujui,0.232,0,On-time rate 87% (+5) | 1 pinjaman lancar (+5) | Listrik 87.5% tepat waktu (+3) | E-wallet aktif 18 bulan (+5),1 pinjaman macet (-12) | Rata-rata telat 133 hari (-10)
L1AJN01481,L1NSB01481,PLT002,P2P Lending,2024-10-01,P2P Lending,Pendidikan,500000,6,4,0.55,1,1,0,3.0,91.7,0,0,0,0,0,0,0.0,1,1,0,0,73,Rendah,Setujui,0.157,0,1 pinjaman lancar (+5) | Tidak ada riwayat macet (+7) | Listrik 91.7% tepat waktu (+7) | Punya rekening bank (+4),4 tanggungan (-5)
L1AJN01482,L1NSB01482,PLT005,P2P Lending,2024-03-03,P2P Lending,Modal usaha,2000000,3,34,0.77,1,0,0,65.0,70.8,0,0,0,1,7533000,0,0.13,0,1,0,0,55,Menengah,Setujui,0.261,0,Aktif di platform 34 bulan (+7) | On-time rate 77% (+5) | Tidak ada riwayat macet (+7) | BPJS dibayar rutin (+3),Rata-rata telat 65 hari (-10) | Cancel rate gig 13% (-4)
L1AJN01483,L1NSB01483,PLT002,P2P Lending,2024-01-20,P2P Lending,Konsumsi,3000000,12,20,0.61,0,0,0,0.0,66.7,8,54,0,1,1808000,1,0.12,1,0,0,0,69,Menengah,Setujui,0.18,0,Aktif di platform 20 bulan (+7) | Transaksi e-wallet 54/bln (+3) | Income gig konsisten 6 bulan (+8) | Rating gig 4.7 (+5),Cancel rate gig 12% (-4)
L1AJN01484,L1NSB01484,PLT001,P2P Lending,2024-08-28,P2P Lending,Renovasi,2000000,9,23,0.91,0,0,0,0.0,75.0,0,0,0,0,0,0,0.0,1,1,0,0,75,Rendah,Setujui,0.145,0,Aktif di platform 23 bulan (+7) | On-time rate 91% (+10) | Listrik 75.0% tepat waktu (+3) | Punya rekening bank (+4),
L1AJN01485,L1NSB01485,PLT005,P2P Lending,2024-06-18,P2P Lending,Konsumsi,2000000,3,16,0.76,0,0,0,0.0,87.5,7,60,0,0,0,0,0.0,1,1,0,0,74,Rendah,Setujui,0.151,0,Aktif di platform 16 bulan (+7) | On-time rate 76% (+5) | Listrik 87.5% tepat waktu (+3) | Transaksi e-wallet 60/bln (+3),
L1AJN01486,L1NSB01486,PLT002,P2P Lending,2024-10-28,P2P Lending,Renovasi,3000000,6,29,0.86,1,1,0,1.0,87.5,6,69,0,1,5866000,1,0.1,1,0,0,0,91,Rendah,Setujui,0.052,0,Aktif di platform 29 bulan (+7) | On-time rate 86% (+5) | 1 pinjaman lancar (+5) | Tidak ada riwayat macet (+7),4 tanggungan (-5)
L1AJN01487,L1NSB01487,PLT002,P2P Lending,2024-09-19,P2P Lending,Modal usaha,2000000,9,33,0.91,2,0,1,78.0,79.2,0,0,0,0,0,0,0.0,0,1,0,0,48,Tinggi,Tolak,0.302,0,Aktif di platform 33 bulan (+7) | On-time rate 91% (+10) | Listrik 79.2% tepat waktu (+3) | BPJS dibayar rutin (+3),1 pinjaman macet (-12) | Rata-rata telat 78 hari (-10)
L1AJN01488,L1NSB01488,PLT002,P2P Lending,2024-10-29,P2P Lending,Pendidikan,5000000,6,8,0.56,3,3,0,1.3,95.8,13,56,0,0,0,0,0.0,1,0,0,0,89,Rendah,Setujui,0.064,0,3 pinjaman lancar (+15) | Tidak ada riwayat macet (+7) | Listrik 95.8% tepat waktu (+7) | E-wallet aktif 13 bulan (+5),
L1AJN01489,L1NSB01489,PLT002,P2P Lending,2024-05-14,P2P Lending,Konsumsi,3000000,12,36,0.57,1,1,0,0.0,91.7,24,79,0,0,0,0,0.0,1,0,0,0,87,Rendah,Setujui,0.075,0,Aktif di platform 36 bulan (+7) | 1 pinjaman lancar (+5) | Tidak ada riwayat macet (+7) | Listrik 91.7% tepat waktu (+7),
L1AJN01490,L1NSB01490,PLT004,Multifinance,2024-12-30,Multifinance,Mesin usaha,10000000,18,17,0.93,1,0,0,19.0,70.8,6,41,0,0,0,0,0.0,0,0,0,0,80,Rendah,Setujui,0.116,1,Aktif di platform 17 bulan (+7) | On-time rate 93% (+10) | Tidak ada riwayat macet (+7) | Transaksi e-wallet 41/bln (+3),
L1AJN01491,L1NSB01491,PLT002,P2P Lending,2024-04-15,P2P Lending,Modal usaha,1000000,9,33,0.75,3,2,0,8.3,87.5,0,0,0,1,1517000,0,0.14,1,0,0,0,91,Rendah,Setujui,0.052,0,Aktif di platform 33 bulan (+7) | On-time rate 75% (+5) | 2 pinjaman lancar (+10) | Tidak ada riwayat macet (+7),Cancel rate gig 14% (-4)
L1AJN01492,L1NSB01492,PLT002,P2P Lending,2024-12-13,P2P Lending,Modal usaha,1000000,12,4,0.71,2,1,1,111.0,87.5,12,60,1,1,3227000,0,0.02,1,0,0,0,42,Tinggi,Tolak,0.336,0,1 pinjaman lancar (+5) | Listrik 87.5% tepat waktu (+3) | E-wallet aktif 12 bulan (+5) | Transaksi e-wallet 60/bln (+3),1 pinjaman macet (-12) | Rata-rata telat 111 hari (-10) | 4 tanggungan (-5)
L1AJN01493,L1NSB01493,PLT004,Multifinance,2024-09-20,Multifinance,Mesin usaha,7000000,12,8,0.89,0,0,0,0.0,70.8,11,16,0,0,0,0,0.0,1,0,0,0,63,Menengah,Setujui,0.215,0,On-time rate 89% (+5) | Punya rekening bank (+4),
L1AJN01494,L1NSB01494,PLT003,Multifinance,2024-11-14,Multifinance,Elektronik,15000000,36,8,0.69,1,1,0,2.0,91.7,14,75,1,0,0,0,0.0,0,0,0,0,70,Rendah,Setujui,0.174,0,1 pinjaman lancar (+5) | Tidak ada riwayat macet (+7) | Listrik 91.7% tepat waktu (+7) | E-wallet aktif 14 bulan (+5),Lonjakan top-up sebelum pengajuan (-8) ⚠️
L1AJN01495,L1NSB01495,PLT001,P2P Lending,2024-07-25,P2P Lending,Pendidikan,500000,3,26,0.93,0,0,0,0.0,87.5,13,12,0,1,5304000,0,0.02,1,0,0,0,84,Rendah,Setujui,0.093,0,Aktif di platform 26 bulan (+7) | On-time rate 93% (+10) | Listrik 87.5% tepat waktu (+3) | E-wallet aktif 13 bulan (+5),
L1AJN01496,L1NSB01496,PLT005,P2P Lending,2024-06-24,P2P Lending,Konsumsi,2000000,3,5,0.79,3,3,0,1.3,70.8,20,58,0,1,2198000,0,0.07,1,1,0,0,95,Rendah,Setujui,0.029,0,On-time rate 79% (+5) | 3 pinjaman lancar (+15) | Tidak ada riwayat macet (+7) | E-wallet aktif 20 bulan (+5),
L1AJN01497,L1NSB01497,PLT001,P2P Lending,2024-02-01,P2P Lending,Renovasi,1000000,3,14,0.63,0,0,0,0.0,95.8,19,40,0,1,3882000,1,0.06,1,0,0,0,93,Rendah,Setujui,0.041,0,Aktif di platform 14 bulan (+7) | Listrik 95.8% tepat waktu (+7) | E-wallet aktif 19 bulan (+5) | Transaksi e-wallet 40/bln (+3),
L1AJN01498,L1NSB01498,PLT002,P2P Lending,2024-11-29,P2P Lending,Konsumsi,500000,1,32,0.99,2,2,0,1.5,70.8,11,45,0,1,6166000,1,0.11,0,1,0,0,95,Rendah,Setujui,0.029,0,Aktif di platform 32 bulan (+7) | On-time rate 99% (+10) | 2 pinjaman lancar (+10) | Tidak ada riwayat macet (+7),5 tanggungan (-5) | Cancel rate gig 11% (-4)
L1AJN01499,L1NSB01499,PLT004,Multifinance,2024-10-19,Multifinance,Mesin usaha,15000000,18,3,0.98,4,3,0,13.0,100.0,13,66,1,1,7435000,1,0.06,0,0,0,0,94,Rendah,Setujui,0.035,0,On-time rate 98% (+10) | 3 pinjaman lancar (+15) | Tidak ada riwayat macet (+7) | Listrik 100.0% tepat waktu (+7),5 tanggungan (-5) | Lonjakan top-up sebelum pengajuan (-8) ⚠️
L1AJN01500,L1NSB01500,PLT002,P2P Lending,2024-10-20,P2P Lending,Modal usaha,5000000,9,2,0.84,3,2,0,11.7,87.5,13,23,0,0,0,0,0.0,1,1,0,0,90,Rendah,Setujui,0.058,0,On-time rate 84% (+5) | 2 pinjaman lancar (+10) | Tidak ada riwayat macet (+7) | Listrik 87.5% tepat waktu (+3),
L1AJN01501,L1NSB01501,PLT003,Multifinance,2024-08-24,Multifinance,Motor bekas,15000000,36,20,0.8,1,0,0,51.0,62.5,17,34,0,0,0,0,0.0,1,0,0,0,69,Menengah,Setujui,0.18,0,Aktif di platform 20 bulan (+7) | On-time rate 80% (+5) | Tidak ada riwayat macet (+7) | E-wallet aktif 17 bulan (+5),Rata-rata telat 51 hari (-10)
L1AJN01502,L1NSB01502,PLT005,P2P Lending,2024-01-21,P2P Lending,Modal usaha,2000000,6,8,0.97,1,1,0,3.0,83.3,0,0,0,1,7758000,0,0.11,1,0,0,0,76,Rendah,Setujui,0.139,0,On-time rate 97% (+10) | 1 pinjaman lancar (+5) | Tidak ada riwayat macet (+7) | Listrik 83.3% tepat waktu (+3),5 tanggungan (-5) | Cancel rate gig 11% (-4)
L1AJN01503,L1NSB01503,PLT004,Multifinance,2024-04-16,Multifinance,Elektronik,15000000,18,1,0.81,1,1,0,2.0,91.7,0,0,0,0,0,0,0.0,1,0,0,0,82,Rendah,Setujui,0.104,0,On-time rate 81% (+5) | 1 pinjaman lancar (+5) | Tidak ada riwayat macet (+7) | Listrik 91.7% tepat waktu (+7),
L1AJN01504,L1NSB01504,PLT004,Multifinance,2024-05-13,Multifinance,Elektronik,10000000,18,29,0.62,2,2,0,1.5,91.7,19,36,1,0,0,0,0.0,0,1,0,0,85,Rendah,Setujui,0.087,0,Aktif di platform 29 bulan (+7) | 2 pinjaman lancar (+10) | Tidak ada riwayat macet (+7) | Listrik 91.7% tepat waktu (+7),Lonjakan top-up sebelum pengajuan (-8) ⚠️
L1AJN01505,L1NSB01505,PLT001,P2P Lending,2024-09-03,P2P Lending,Konsumsi,3000000,12,2,0.69,3,3,0,0.3,91.7,14,17,0,0,0,0,0.0,1,0,0,0,92,Rendah,Setujui,0.046,0,3 pinjaman lancar (+15) | Tidak ada riwayat macet (+7) | Listrik 91.7% tepat waktu (+7) | E-wallet aktif 14 bulan (+5),
L1AJN01506,L1NSB01506,PLT005,P2P Lending,2024-09-27,P2P Lending,Konsumsi,500000,12,29,0.85,0,0,0,0.0,87.5,12,22,0,0,0,0,0.0,1,1,0,0,82,Rendah,Setujui,0.104,0,Aktif di platform 29 bulan (+7) | On-time rate 85% (+5) | Listrik 87.5% tepat waktu (+3) | E-wallet aktif 12 bulan (+5),
L1AJN01507,L1NSB01507,PLT002,P2P Lending,2024-06-11,P2P Lending,Modal usaha,500000,3,30,0.65,2,1,0,12.0,75.0,0,0,0,1,6088000,0,0.05,0,0,0,0,69,Menengah,Setujui,0.18,0,Aktif di platform 30 bulan (+7) | 1 pinjaman lancar (+5) | Tidak ada riwayat macet (+7) | Listrik 75.0% tepat waktu (+3),
L1AJN01508,L1NSB01508,PLT003,Multifinance,2024-12-20,Multifinance,Motor bekas,15000000,24,36,0.99,2,2,0,1.0,75.0,11,48,0,1,6090000,1,0.07,1,0,0,0,95,Rendah,Setujui,0.029,0,Aktif di platform 36 bulan (+7) | On-time rate 99% (+10) | 2 pinjaman lancar (+10) | Tidak ada riwayat macet (+7),4 tanggungan (-5)
L1AJN01509,L1NSB01509,PLT002,P2P Lending,2024-07-16,P2P Lending,Pendidikan,1000000,12,5,0.58,1,1,0,3.0,83.3,19,48,0,0,0,0,0.0,0,1,0,0,79,Rendah,Setujui,0.122,0,1 pinjaman lancar (+5) | Tidak ada riwayat macet (+7) | Listrik 83.3% tepat waktu (+3) | E-wallet aktif 19 bulan (+5),
L1AJN01510,L1NSB01510,PLT002,P2P Lending,2024-07-20,P2P Lending,Pendidikan,2000000,1,29,0.83,1,1,0,0.0,66.7,17,14,0,0,0,0,0.0,0,0,0,0,72,Rendah,Setujui,0.162,0,Aktif di platform 29 bulan (+7) | On-time rate 83% (+5) | 1 pinjaman lancar (+5) | Tidak ada riwayat macet (+7),4 tanggungan (-5)
L1AJN01511,L1NSB01511,PLT005,P2P Lending,2024-01-19,P2P Lending,Modal usaha,1000000,1,22,0.74,0,0,0,0.0,87.5,0,0,0,1,4179000,1,0.06,1,0,0,0,68,Menengah,Setujui,0.186,0,Aktif di platform 22 bulan (+7) | Listrik 87.5% tepat waktu (+3) | Income gig konsisten 6 bulan (+8) | Rating gig 4.7 (+5),4 tanggungan (-5)
L1AJN01512,L1NSB01512,PLT005,P2P Lending,2024-08-19,P2P Lending,Modal usaha,1000000,12,16,0.82,0,0,0,0.0,70.8,23,63,0,0,0,0,0.0,1,1,0,0,73,Rendah,Setujui,0.157,0,Aktif di platform 16 bulan (+7) | On-time rate 82% (+5) | E-wallet aktif 23 bulan (+5) | Transaksi e-wallet 63/bln (+3),
L1AJN01513,L1NSB01513,PLT001,P2P Lending,2024-01-25,P2P Lending,Konsumsi,2000000,1,21,0.56,0,0,0,0.0,75.0,23,27,0,0,0,0,0.0,0,1,0,0,73,Rendah,Setujui,0.157,0,Aktif di platform 21 bulan (+7) | Listrik 75.0% tepat waktu (+3) | E-wallet aktif 23 bulan (+5) | Transaksi e-wallet 27/bln (+3),
L1AJN01514,L1NSB01514,PLT004,Multifinance,2024-09-26,Multifinance,Motor baru,3000000,12,9,0.77,1,1,0,2.0,70.8,0,0,0,0,0,0,0.0,0,1,0,0,69,Menengah,Setujui,0.18,1,On-time rate 77% (+5) | 1 pinjaman lancar (+5) | Tidak ada riwayat macet (+7) | BPJS dibayar rutin (+3),
L1AJN01515,L1NSB01515,PLT002,P2P Lending,2024-05-24,P2P Lending,Konsumsi,500000,9,4,0.81,1,1,0,0.0,79.2,0,0,0,0,0,0,0.0,1,0,0,0,74,Rendah,Setujui,0.151,0,On-time rate 81% (+5) | 1 pinjaman lancar (+5) | Tidak ada riwayat macet (+7) | Listrik 79.2% tepat waktu (+3),
L1AJN01516,L1NSB01516,PLT004,Multifinance,2024-07-26,Multifinance,Mesin usaha,10000000,24,23,0.66,4,3,0,6.2,70.8,9,9,0,0,0,0,0.0,0,1,0,0,75,Rendah,Setujui,0.145,0,Aktif di platform 23 bulan (+7) | 3 pinjaman lancar (+15) | Tidak ada riwayat macet (+7) | BPJS dibayar rutin (+3),4 tanggungan (-5)
L1AJN01517,L1NSB01517,PLT005,P2P Lending,2024-05-04,P2P Lending,Pendidikan,5000000,9,14,0.86,4,3,1,68.8,58.3,16,71,0,0,0,0,0.0,0,0,0,0,59,Menengah,Setujui,0.238,0,Aktif di platform 14 bulan (+7) | On-time rate 86% (+5) | 3 pinjaman lancar (+15) | E-wallet aktif 16 bulan (+5),1 pinjaman macet (-12) | Rata-rata telat 69 hari (-10)
L1AJN01518,L1NSB01518,PLT002,P2P Lending,2024-04-26,P2P Lending,Konsumsi,5000000,9,35,0.77,1,0,0,23.0,70.8,0,0,0,1,4135000,1,0.15,0,0,0,0,75,Rendah,Setujui,0.145,0,Aktif di platform 35 bulan (+7) | On-time rate 77% (+5) | Tidak ada riwayat macet (+7) | Income gig konsisten 6 bulan (+8),Cancel rate gig 15% (-4)
L1AJN01519,L1NSB01519,PLT002,P2P Lending,2024-08-29,P2P Lending,Pendidikan,2000000,6,17,0.59,2,1,1,103.5,91.7,14,6,0,0,0,0,0.0,0,0,0,0,53,Menengah,Setujui,0.273,0,Aktif di platform 17 bulan (+7) | 1 pinjaman lancar (+5) | Listrik 91.7% tepat waktu (+7) | E-wallet aktif 14 bulan (+5),1 pinjaman macet (-12) | Rata-rata telat 104 hari (-10)
L1AJN01520,L1NSB01520,PLT004,Multifinance,2024-07-06,Multifinance,Motor baru,3000000,36,36,0.98,0,0,0,0.0,95.8,18,46,1,0,0,0,0.0,1,1,0,0,84,Rendah,Setujui,0.093,0,Aktif di platform 36 bulan (+7) | On-time rate 98% (+10) | Listrik 95.8% tepat waktu (+7) | E-wallet aktif 18 bulan (+5),Lonjakan top-up sebelum pengajuan (-8) ⚠️
L1AJN01521,L1NSB01521,PLT004,Multifinance,2024-10-29,Multifinance,Mesin usaha,7000000,12,6,0.6,0,0,0,0.0,83.3,22,6,0,0,0,0,0.0,1,0,0,0,59,Menengah,Setujui,0.238,0,Listrik 83.3% tepat waktu (+3) | E-wallet aktif 22 bulan (+5) | Punya rekening bank (+4),
L1AJN01522,L1NSB01522,PLT003,Multifinance,2024-12-30,Multifinance,Motor baru,15000000,36,10,0.88,3,2,0,10.0,58.3,22,75,0,0,0,0,0.0,1,0,0,0,76,Rendah,Setujui,0.139,1,On-time rate 88% (+5) | 2 pinjaman lancar (+10) | Tidak ada riwayat macet (+7) | E-wallet aktif 22 bulan (+5),4 tanggungan (-5)
L1AJN01523,L1NSB01523,PLT003,Multifinance,2024-09-20,Multifinance,Motor baru,10000000,18,29,0.63,1,1,0,1.0,87.5,11,24,0,0,0,0,0.0,1,0,0,0,80,Rendah,Setujui,0.116,0,Aktif di platform 29 bulan (+7) | 1 pinjaman lancar (+5) | Tidak ada riwayat macet (+7) | Listrik 87.5% tepat waktu (+3),
L1AJN01524,L1NSB01524,PLT005,P2P Lending,2024-01-21,P2P Lending,Modal usaha,3000000,3,2,1.0,3,2,0,17.0,83.3,11,31,0,0,0,0,0.0,1,1,0,0,90,Rendah,Setujui,0.058,0,On-time rate 100% (+10) | 2 pinjaman lancar (+10) | Tidak ada riwayat macet (+7) | Listrik 83.3% tepat waktu (+3),
L1AJN01525,L1NSB01525,PLT002,P2P Lending,2024-07-05,P2P Lending,Modal usaha,1000000,3,5,0.62,0,0,0,0.0,58.3,0,0,0,0,0,0,0.0,1,0,0,0,50,Menengah,Setujui,0.29,1,Punya rekening bank (+4),4 tanggungan (-5)
L1AJN01526,L1NSB01526,PLT004,Multifinance,2024-10-10,Multifinance,Motor bekas,5000000,24,23,0.67,2,1,0,13.5,83.3,15,24,0,1,7798000,1,0.03,1,0,0,0,85,Rendah,Setujui,0.087,0,Aktif di platform 23 bulan (+7) | 1 pinjaman lancar (+5) | Tidak ada riwayat macet (+7) | Listrik 83.3% tepat waktu (+3),5 tanggungan (-5)
L1AJN01527,L1NSB01527,PLT005,P2P Lending,2024-05-03,P2P Lending,Renovasi,500000,3,32,0.71,3,2,0,6.0,79.2,0,0,0,1,0,0,0.0,0,1,0,0,80,Rendah,Setujui,0.116,0,Aktif di platform 32 bulan (+7) | 2 pinjaman lancar (+10) | Tidak ada riwayat macet (+7) | Listrik 79.2% tepat waktu (+3),
L1AJN01528,L1NSB01528,PLT001,P2P Lending,2024-02-19,P2P Lending,Modal usaha,5000000,1,30,0.59,1,1,0,2.0,91.7,22,69,0,0,0,0,0.0,1,0,1,17000000,89,Rendah,Setujui,0.064,0,Aktif di platform 30 bulan (+7) | 1 pinjaman lancar (+5) | Tidak ada riwayat macet (+7) | Listrik 91.7% tepat waktu (+7),
L1AJN01529,L1NSB01529,PLT004,Multifinance,2024-09-10,Multifinance,Elektronik,3000000,18,35,0.94,3,3,0,1.7,70.8,6,49,0,0,0,0,0.0,0,0,0,0,88,Rendah,Setujui,0.07,0,Aktif di platform 35 bulan (+7) | On-time rate 94% (+10) | 3 pinjaman lancar (+15) | Tidak ada riwayat macet (+7),
L1AJN01530,L1NSB01530,PLT003,Multifinance,2024-09-12,Multifinance,Elektronik,5000000,18,17,0.93,0,0,0,0.0,66.7,15,13,0,0,0,0,0.0,1,1,0,0,79,Rendah,Setujui,0.122,0,Aktif di platform 17 bulan (+7) | On-time rate 93% (+10) | E-wallet aktif 15 bulan (+5) | Punya rekening bank (+4),
L1AJN01531,L1NSB01531,PLT002,P2P Lending,2024-10-08,P2P Lending,Pendidikan,3000000,12,10,0.62,2,2,0,0.5,91.7,0,0,0,0,0,0,0.0,1,0,0,0,76,Rendah,Setujui,0.139,0,2 pinjaman lancar (+10) | Tidak ada riwayat macet (+7) | Listrik 91.7% tepat waktu (+7) | Punya rekening bank (+4),
L1AJN01532,L1NSB01532,PLT003,Multifinance,2024-09-18,Multifinance,Motor bekas,15000000,12,10,0.9,1,1,0,0.0,95.8,14,48,0,0,0,0,0.0,1,0,0,0,93,Rendah,Setujui,0.041,0,On-time rate 90% (+10) | 1 pinjaman lancar (+5) | Tidak ada riwayat macet (+7) | Listrik 95.8% tepat waktu (+7),
L1AJN01533,L1NSB01533,PLT001,P2P Lending,2024-04-02,P2P Lending,Pendidikan,500000,6,8,0.77,2,1,1,97.0,58.3,18,49,1,1,5540000,0,0.01,0,1,0,0,44,Tinggi,Tolak,0.325,1,On-time rate 77% (+5) | 1 pinjaman lancar (+5) | E-wallet aktif 18 bulan (+5) | Transaksi e-wallet 49/bln (+3),1 pinjaman macet (-12) | Rata-rata telat 97 hari (-10) | Lonjakan top-up sebelum pengajuan (-8) ⚠️
L1AJN01534,L1NSB01534,PLT004,Multifinance,2024-12-23,Multifinance,Mesin usaha,15000000,12,3,0.74,0,0,0,0.0,95.8,12,46,0,0,0,0,0.0,1,1,0,0,76,Rendah,Setujui,0.139,0,Listrik 95.8% tepat waktu (+7) | E-wallet aktif 12 bulan (+5) | Transaksi e-wallet 46/bln (+3) | Punya rekening bank (+4),
L1AJN01535,L1NSB01535,PLT003,Multifinance,2024-01-02,Multifinance,Motor baru,7000000,12,8,0.62,3,2,1,117.3,58.3,0,0,0,1,1700000,1,0.12,0,0,0,0,45,Tinggi,Tolak,0.319,0,2 pinjaman lancar (+10) | Income gig konsisten 6 bulan (+8),1 pinjaman macet (-12) | Rata-rata telat 117 hari (-10) | Cancel rate gig 12% (-4)
L1AJN01536,L1NSB01536,PLT003,Multifinance,2024-10-21,Multifinance,Motor baru,20000000,12,8,0.84,1,0,0,49.0,87.5,11,42,0,0,0,0,0.0,0,0,0,0,59,Menengah,Setujui,0.238,0,On-time rate 84% (+5) | Tidak ada riwayat macet (+7) | Listrik 87.5% tepat waktu (+3) | Transaksi e-wallet 42/bln (+3),Rata-rata telat 49 hari (-10)
L1AJN01537,L1NSB01537,PLT002,P2P Lending,2024-05-18,P2P Lending,Modal usaha,3000000,9,35,0.76,1,0,0,21.0,66.7,0,0,0,0,0,0,0.0,0,1,0,0,70,Rendah,Setujui,0.174,0,Aktif di platform 35 bulan (+7) | On-time rate 76% (+5) | Tidak ada riwayat macet (+7) | BPJS dibayar rutin (+3),4 tanggungan (-5)
L1AJN01538,L1NSB01538,PLT005,P2P Lending,2024-03-13,P2P Lending,Renovasi,1000000,6,22,0.79,2,1,0,23.5,83.3,21,25,0,0,0,0,0.0,1,0,0,0,93,Rendah,Setujui,0.041,0,Aktif di platform 22 bulan (+7) | On-time rate 79% (+5) | 1 pinjaman lancar (+5) | Tidak ada riwayat macet (+7),
L1AJN01539,L1NSB01539,PLT005,P2P Lending,2024-02-29,P2P Lending,Konsumsi,500000,9,21,0.84,1,0,0,30.0,95.8,16,61,0,0,0,0,0.0,1,1,0,0,95,Rendah,Setujui,0.029,0,Aktif di platform 21 bulan (+7) | On-time rate 84% (+5) | Tidak ada riwayat macet (+7) | Listrik 95.8% tepat waktu (+7),
L1AJN01540,L1NSB01540,PLT002,P2P Lending,2024-11-24,P2P Lending,Pendidikan,2000000,6,15,0.65,2,2,0,2.0,58.3,15,15,0,1,2602000,1,0.03,1,0,0,0,87,Rendah,Setujui,0.075,0,Aktif di platform 15 bulan (+7) | 2 pinjaman lancar (+10) | Tidak ada riwayat macet (+7) | E-wallet aktif 15 bulan (+5),
L1AJN01541,L1NSB01541,PLT003,Multifinance,2024-05-17,Multifinance,Motor bekas,20000000,24,9,0.71,0,0,0,0.0,87.5,19,76,0,1,0,0,0.0,1,1,0,0,64,Menengah,Setujui,0.209,1,Listrik 87.5% tepat waktu (+3) | E-wallet aktif 19 bulan (+5) | Transaksi e-wallet 76/bln (+3) | Punya rekening bank (+4),
L1AJN01542,L1NSB01542,PLT004,Multifinance,2024-06-24,Multifinance,Motor bekas,10000000,24,21,0.99,3,3,0,2.7,91.7,10,47,0,0,0,0,0.0,1,0,0,0,95,Rendah,Setujui,0.029,0,Aktif di platform 21 bulan (+7) | On-time rate 99% (+10) | 3 pinjaman lancar (+15) | Tidak ada riwayat macet (+7),
L1AJN01543,L1NSB01543,PLT002,P2P Lending,2024-12-13,P2P Lending,Konsumsi,5000000,6,19,0.66,2,0,0,17.5,66.7,21,72,0,1,5374000,1,0.02,0,0,0,0,81,Rendah,Setujui,0.11,0,Aktif di platform 19 bulan (+7) | Tidak ada riwayat macet (+7) | E-wallet aktif 21 bulan (+5) | Transaksi e-wallet 72/bln (+3),
L1AJN01544,L1NSB01544,PLT001,P2P Lending,2024-11-23,P2P Lending,Pendidikan,5000000,3,35,0.75,2,2,0,0.5,87.5,0,0,0,0,0,0,0.0,0,1,0,0,83,Rendah,Setujui,0.099,0,Aktif di platform 35 bulan (+7) | On-time rate 75% (+5) | 2 pinjaman lancar (+10) | Tidak ada riwayat macet (+7),
L1AJN01545,L1NSB01545,PLT001,P2P Lending,2024-06-27,P2P Lending,Pendidikan,5000000,1,10,0.7,1,1,0,1.0,100.0,15,20,0,0,0,0,0.0,1,0,0,0,79,Rendah,Setujui,0.122,0,1 pinjaman lancar (+5) | Tidak ada riwayat macet (+7) | Listrik 100.0% tepat waktu (+7) | E-wallet aktif 15 bulan (+5),
L1AJN01546,L1NSB01546,PLT003,Multifinance,2024-10-19,Multifinance,Motor bekas,15000000,24,27,0.68,0,0,0,0.0,70.8,9,13,0,1,0,0,0.0,0,1,0,0,58,Menengah,Setujui,0.244,0,Aktif di platform 27 bulan (+7) | BPJS dibayar rutin (+3),
L1AJN01547,L1NSB01547,PLT005,P2P Lending,2024-09-10,P2P Lending,Renovasi,500000,3,9,0.87,0,0,0,0.0,95.8,11,78,0,1,6805000,1,0.1,0,0,0,0,82,Rendah,Setujui,0.104,1,On-time rate 87% (+5) | Listrik 95.8% tepat waktu (+7) | Transaksi e-wallet 78/bln (+3) | Income gig konsisten 6 bulan (+8),
L1AJN01548,L1NSB01548,PLT002,P2P Lending,2024-05-23,P2P Lending,Pendidikan,1000000,3,25,0.75,1,1,0,0.0,70.8,18,61,0,0,0,0,0.0,1,1,0,0,89,Rendah,Setujui,0.064,0,Aktif di platform 25 bulan (+7) | On-time rate 75% (+5) | 1 pinjaman lancar (+5) | Tidak ada riwayat macet (+7),
L1AJN01549,L1NSB01549,PLT002,P2P Lending,2024-09-22,P2P Lending,Konsumsi,3000000,3,10,0.98,2,2,0,2.0,75.0,14,33,0,0,0,0,0.0,0,0,0,0,86,Rendah,Setujui,0.081,0,On-time rate 98% (+10) | 2 pinjaman lancar (+10) | Tidak ada riwayat macet (+7) | Listrik 75.0% tepat waktu (+3),
L1AJN01550,L1NSB01550,PLT001,P2P Lending,2024-01-05,P2P Lending,Pendidikan,5000000,6,14,0.79,1,1,0,0.0,91.7,0,0,0,0,0,0,0.0,1,1,0,0,87,Rendah,Setujui,0.075,1,Aktif di platform 14 bulan (+7) | On-time rate 79% (+5) | 1 pinjaman lancar (+5) | Tidak ada riwayat macet (+7),
L1AJN01551,L1NSB01551,PLT001,P2P Lending,2024-06-10,P2P Lending,Renovasi,3000000,12,27,0.58,0,0,0,0.0,100.0,21,63,0,0,0,0,0.0,1,1,0,0,80,Rendah,Setujui,0.116,0,Aktif di platform 27 bulan (+7) | Listrik 100.0% tepat waktu (+7) | E-wallet aktif 21 bulan (+5) | Transaksi e-wallet 63/bln (+3),
L1AJN01552,L1NSB01552,PLT002,P2P Lending,2024-10-31,P2P Lending,Renovasi,1000000,6,15,0.86,2,1,1,168.5,79.2,20,77,0,1,0,0,0.0,0,0,0,0,54,Menengah,Setujui,0.267,0,Aktif di platform 15 bulan (+7) | On-time rate 86% (+5) | 1 pinjaman lancar (+5) | Listrik 79.2% tepat waktu (+3),1 pinjaman macet (-12) | Rata-rata telat 168 hari (-10)
L1AJN01553,L1NSB01553,PLT002,P2P Lending,2024-01-11,P2P Lending,Renovasi,1000000,6,26,0.69,3,2,0,21.0,91.7,0,0,0,1,5514000,0,0.14,0,1,0,0,87,Rendah,Setujui,0.075,0,Aktif di platform 26 bulan (+7) | 2 pinjaman lancar (+10) | Tidak ada riwayat macet (+7) | Listrik 91.7% tepat waktu (+7),Cancel rate gig 14% (-4)
L1AJN01554,L1NSB01554,PLT003,Multifinance,2024-01-13,Multifinance,Mesin usaha,3000000,36,27,0.96,3,3,0,1.7,58.3,24,17,0,1,0,0,0.0,1,0,0,0,95,Rendah,Setujui,0.029,0,Aktif di platform 27 bulan (+7) | On-time rate 96% (+10) | 3 pinjaman lancar (+15) | Tidak ada riwayat macet (+7),
L1AJN01555,L1NSB01555,PLT002,P2P Lending,2024-04-30,P2P Lending,Pendidikan,500000,9,16,0.91,3,2,0,16.7,62.5,0,0,0,0,0,0,0.0,1,1,0,0,91,Rendah,Setujui,0.052,0,Aktif di platform 16 bulan (+7) | On-time rate 91% (+10) | 2 pinjaman lancar (+10) | Tidak ada riwayat macet (+7),
L1AJN01556,L1NSB01556,PLT002,P2P Lending,2024-07-06,P2P Lending,Modal usaha,3000000,1,6,0.64,2,2,0,1.0,87.5,22,12,0,0,0,0,0.0,1,1,0,0,77,Rendah,Setujui,0.133,1,2 pinjaman lancar (+10) | Tidak ada riwayat macet (+7) | Listrik 87.5% tepat waktu (+3) | E-wallet aktif 22 bulan (+5),4 tanggungan (-5)
L1AJN01557,L1NSB01557,PLT004,Multifinance,2024-09-06,Multifinance,Elektronik,3000000,12,16,0.58,3,3,0,0.7,62.5,9,41,0,1,2596000,1,0.03,1,0,0,0,91,Rendah,Setujui,0.052,0,Aktif di platform 16 bulan (+7) | 3 pinjaman lancar (+15) | Tidak ada riwayat macet (+7) | Transaksi e-wallet 41/bln (+3),
L1AJN01558,L1NSB01558,PLT005,P2P Lending,2024-05-01,P2P Lending,Renovasi,2000000,9,15,0.55,2,2,0,1.5,83.3,0,0,0,1,4615000,1,0.13,1,0,0,0,87,Rendah,Setujui,0.075,0,Aktif di platform 15 bulan (+7) | 2 pinjaman lancar (+10) | Tidak ada riwayat macet (+7) | Listrik 83.3% tepat waktu (+3),Cancel rate gig 13% (-4)
L1AJN01559,L1NSB01559,PLT004,Multifinance,2024-11-09,Multifinance,Mesin usaha,7000000,36,24,0.82,2,2,0,2.5,100.0,0,0,0,0,0,0,0.0,1,1,0,0,90,Rendah,Setujui,0.058,0,Aktif di platform 24 bulan (+7) | On-time rate 82% (+5) | 2 pinjaman lancar (+10) | Tidak ada riwayat macet (+7),4 tanggungan (-5)
L1AJN01560,L1NSB01560,PLT002,P2P Lending,2024-08-08,P2P Lending,Modal usaha,500000,12,29,0.84,4,3,0,7.0,91.7,0,0,0,0,0,0,0.0,1,0,0,0,92,Rendah,Setujui,0.046,0,Aktif di platform 29 bulan (+7) | On-time rate 84% (+5) | 3 pinjaman lancar (+15) | Tidak ada riwayat macet (+7),
L1AJN01561,L1NSB01561,PLT005,P2P Lending,2024-03-22,P2P Lending,Konsumsi,1000000,3,32,1.0,4,3,0,5.2,100.0,13,49,0,1,4623000,1,0.05,1,0,0,0,95,Rendah,Setujui,0.029,0,Aktif di platform 32 bulan (+7) | On-time rate 100% (+10) | 3 pinjaman lancar (+15) | Tidak ada riwayat macet (+7),
L1AJN01562,L1NSB01562,PLT005,P2P Lending,2024-01-19,P2P Lending,Renovasi,2000000,3,21,0.95,0,0,0,0.0,58.3,16,41,0,0,0,0,0.0,1,1,0,0,86,Rendah,Setujui,0.081,0,Aktif di platform 21 bulan (+7) | On-time rate 95% (+10) | E-wallet aktif 16 bulan (+5) | Transaksi e-wallet 41/bln (+3),
L1AJN01563,L1NSB01563,PLT005,P2P Lending,2024-03-04,P2P Lending,Modal usaha,3000000,1,1,0.77,1,1,0,0.0,91.7,9,33,0,0,0,0,0.0,1,0,0,0,80,Rendah,Setujui,0.116,0,On-time rate 77% (+5) | 1 pinjaman lancar (+5) | Tidak ada riwayat macet (+7) | Listrik 91.7% tepat waktu (+7),
L1AJN01564,L1NSB01564,PLT002,P2P Lending,2024-05-05,P2P Lending,Renovasi,3000000,12,20,0.58,1,1,0,1.0,70.8,17,58,0,0,0,0,0.0,1,0,0,0,85,Rendah,Setujui,0.087,1,Aktif di platform 20 bulan (+7) | 1 pinjaman lancar (+5) | Tidak ada riwayat macet (+7) | E-wallet aktif 17 bulan (+5),
L1AJN01565,L1NSB01565,PLT004,Multifinance,2024-10-19,Multifinance,Motor bekas,5000000,18,36,0.71,3,2,0,6.3,87.5,10,76,0,0,0,0,0.0,1,0,0,0,81,Rendah,Setujui,0.11,0,Aktif di platform 36 bulan (+7) | 2 pinjaman lancar (+10) | Tidak ada riwayat macet (+7) | Listrik 87.5% tepat waktu (+3),
L1AJN01566,L1NSB01566,PLT001,P2P Lending,2024-10-20,P2P Lending,Renovasi,2000000,12,30,0.55,1,1,0,1.0,70.8,17,67,0,0,0,0,0.0,0,1,0,0,80,Rendah,Setujui,0.116,0,Aktif di platform 30 bulan (+7) | 1 pinjaman lancar (+5) | Tidak ada riwayat macet (+7) | E-wallet aktif 17 bulan (+5),
L1AJN01567,L1NSB01567,PLT003,Multifinance,2024-01-08,Multifinance,Motor baru,3000000,36,19,0.7,3,3,0,1.0,58.3,15,6,0,0,0,0,0.0,0,1,0,0,83,Rendah,Setujui,0.099,0,Aktif di platform 19 bulan (+7) | 3 pinjaman lancar (+15) | Tidak ada riwayat macet (+7) | E-wallet aktif 15 bulan (+5),4 tanggungan (-5)
L1AJN01568,L1NSB01568,PLT002,P2P Lending,2024-08-02,P2P Lending,Renovasi,1000000,1,26,0.73,3,3,0,1.7,87.5,7,55,0,1,0,0,0.0,0,0,0,0,77,Rendah,Setujui,0.133,0,Aktif di platform 26 bulan (+7) | 3 pinjaman lancar (+15) | Tidak ada riwayat macet (+7) | Listrik 87.5% tepat waktu (+3),4 tanggungan (-5)
L1AJN01569,L1NSB01569,PLT003,Multifinance,2024-03-26,Multifinance,Motor baru,3000000,12,34,0.7,2,1,0,8.0,83.3,0,0,0,1,7154000,1,0.13,1,1,0,0,89,Rendah,Setujui,0.064,0,Aktif di platform 34 bulan (+7) | 1 pinjaman lancar (+5) | Tidak ada riwayat macet (+7) | Listrik 83.3% tepat waktu (+3),Cancel rate gig 13% (-4)
L1AJN01570,L1NSB01570,PLT005,P2P Lending,2024-05-04,P2P Lending,Modal usaha,2000000,6,7,0.96,3,2,0,6.7,66.7,8,16,0,0,0,0,0.0,1,0,0,0,78,Rendah,Setujui,0.128,0,On-time rate 96% (+10) | 2 pinjaman lancar (+10) | Tidak ada riwayat macet (+7) | Punya rekening bank (+4),
L1AJN01571,L1NSB01571,PLT001,P2P Lending,2024-04-18,P2P Lending,Konsumsi,5000000,9,23,0.58,4,2,0,27.8,95.8,9,39,0,1,4202000,0,0.05,1,0,0,0,84,Rendah,Setujui,0.093,0,Aktif di platform 23 bulan (+7) | 2 pinjaman lancar (+10) | Tidak ada riwayat macet (+7) | Listrik 95.8% tepat waktu (+7),5 tanggungan (-5)
L1AJN01572,L1NSB01572,PLT004,Multifinance,2024-07-16,Multifinance,Elektronik,3000000,12,13,0.84,3,3,0,1.7,66.7,6,17,0,0,0,0,0.0,1,0,0,0,85,Rendah,Setujui,0.087,0,Aktif di platform 13 bulan (+7) | On-time rate 84% (+5) | 3 pinjaman lancar (+15) | Tidak ada riwayat macet (+7),
L1AJN01573,L1NSB01573,PLT005,P2P Lending,2024-12-20,P2P Lending,Pendidikan,5000000,1,8,0.82,0,0,0,0.0,87.5,0,0,0,0,0,0,0.0,1,0,0,0,64,Menengah,Setujui,0.209,0,On-time rate 82% (+5) | Listrik 87.5% tepat waktu (+3) | Punya rekening bank (+4),
L1AJN01574,L1NSB01574,PLT004,Multifinance,2024-03-16,Multifinance,Mesin usaha,3000000,12,15,0.95,1,1,0,3.0,95.8,18,19,0,0,0,0,0.0,1,1,0,0,95,Rendah,Setujui,0.029,0,Aktif di platform 15 bulan (+7) | On-time rate 95% (+10) | 1 pinjaman lancar (+5) | Tidak ada riwayat macet (+7),5 tanggungan (-5)
L1AJN01575,L1NSB01575,PLT004,Multifinance,2024-04-22,Multifinance,Motor baru,10000000,18,36,0.95,0,0,0,0.0,62.5,23,63,0,0,0,0,0.0,1,1,0,0,82,Rendah,Setujui,0.104,0,Aktif di platform 36 bulan (+7) | On-time rate 95% (+10) | E-wallet aktif 23 bulan (+5) | Transaksi e-wallet 63/bln (+3),
L1AJN01576,L1NSB01576,PLT001,P2P Lending,2024-04-05,P2P Lending,Konsumsi,5000000,3,28,0.7,1,0,0,12.0,70.8,0,0,0,0,0,0,0.0,1,0,0,0,63,Menengah,Setujui,0.215,0,Aktif di platform 28 bulan (+7) | Tidak ada riwayat macet (+7) | Punya rekening bank (+4),4 tanggungan (-5)
L1AJN01577,L1NSB01577,PLT005,P2P Lending,2024-06-01,P2P Lending,Modal usaha,5000000,6,19,0.94,0,0,0,0.0,70.8,0,0,0,1,5349000,1,0.08,1,1,0,0,88,Rendah,Setujui,0.07,0,Aktif di platform 19 bulan (+7) | On-time rate 94% (+10) | Income gig konsisten 6 bulan (+8) | Rating gig 4.5 (+5),
L1AJN01578,L1NSB01578,PLT005,P2P Lending,2024-09-03,P2P Lending,Konsumsi,500000,1,15,1.0,0,0,0,0.0,91.7,12,74,0,0,0,0,0.0,1,0,0,0,86,Rendah,Setujui,0.081,1,Aktif di platform 15 bulan (+7) | On-time rate 100% (+10) | Listrik 91.7% tepat waktu (+7) | E-wallet aktif 12 bulan (+5),
L1AJN01579,L1NSB01579,PLT002,P2P Lending,2024-07-29,P2P Lending,Renovasi,2000000,3,16,0.94,0,0,0,0.0,79.2,22,33,0,1,5596000,0,0.03,1,0,0,0,78,Rendah,Setujui,0.128,0,Aktif di platform 16 bulan (+7) | On-time rate 94% (+10) | Listrik 79.2% tepat waktu (+3) | E-wallet aktif 22 bulan (+5),
L1AJN01580,L1NSB01580,PLT004,Multifinance,2024-04-24,Multifinance,Motor bekas,7000000,24,35,0.79,0,0,0,0.0,66.7,15,10,0,1,2109000,1,0.14,1,0,0,0,72,Rendah,Setujui,0.162,0,Aktif di platform 35 bulan (+7) | On-time rate 79% (+5) | E-wallet aktif 15 bulan (+5) | Income gig konsisten 6 bulan (+8),Cancel rate gig 14% (-4)
L1AJN01581,L1NSB01581,PLT003,Multifinance,2024-05-30,Multifinance,Mesin usaha,20000000,12,26,0.98,0,0,0,0.0,100.0,24,33,0,1,0,0,0.0,1,1,0,0,83,Rendah,Setujui,0.099,0,Aktif di platform 26 bulan (+7) | On-time rate 98% (+10) | Listrik 100.0% tepat waktu (+7) | E-wallet aktif 24 bulan (+5),5 tanggungan (-5)
L1AJN01582,L1NSB01582,PLT001,P2P Lending,2024-09-17,P2P Lending,Pendidikan,500000,1,29,0.59,0,0,0,0.0,70.8,14,19,0,0,0,0,0.0,0,0,0,0,55,Menengah,Setujui,0.261,0,Aktif di platform 29 bulan (+7) | E-wallet aktif 14 bulan (+5),4 tanggungan (-5)
L1AJN01583,L1NSB01583,PLT004,Multifinance,2024-04-12,Multifinance,Motor bekas,7000000,18,30,0.96,1,1,0,2.0,75.0,6,48,0,0,0,0,0.0,1,0,0,0,85,Rendah,Setujui,0.087,0,Aktif di platform 30 bulan (+7) | On-time rate 96% (+10) | 1 pinjaman lancar (+5) | Tidak ada riwayat macet (+7),
L1AJN01584,L1NSB01584,PLT002,P2P Lending,2024-04-28,P2P Lending,Modal usaha,1000000,1,33,0.82,2,1,0,9.0,70.8,0,0,0,1,2557000,0,0.11,0,0,0,0,72,Rendah,Setujui,0.162,0,Aktif di platform 33 bulan (+7) | On-time rate 82% (+5) | 1 pinjaman lancar (+5) | Tidak ada riwayat macet (+7),4 tanggungan (-5) | Cancel rate gig 11% (-4)
L1AJN01585,L1NSB01585,PLT005,P2P Lending,2024-10-04,P2P Lending,Modal usaha,500000,6,3,0.72,1,0,0,68.0,100.0,15,69,0,0,0,0,0.0,1,1,0,0,69,Menengah,Setujui,0.18,0,Tidak ada riwayat macet (+7) | Listrik 100.0% tepat waktu (+7) | E-wallet aktif 15 bulan (+5) | Transaksi e-wallet 69/bln (+3),Rata-rata telat 68 hari (-10)
L1AJN01586,L1NSB01586,PLT004,Multifinance,2024-06-25,Multifinance,Mesin usaha,5000000,36,19,0.84,0,0,0,0.0,100.0,17,10,0,1,6944000,1,0.14,0,0,0,0,72,Rendah,Setujui,0.162,0,Aktif di platform 19 bulan (+7) | On-time rate 84% (+5) | Listrik 100.0% tepat waktu (+7) | E-wallet aktif 17 bulan (+5),4 tanggungan (-5) | Cancel rate gig 14% (-4)
L1AJN01587,L1NSB01587,PLT003,Multifinance,2024-03-15,Multifinance,Elektronik,10000000,18,33,0.73,0,0,0,0.0,79.2,14,18,1,0,0,0,0.0,1,1,0,0,66,Menengah,Setujui,0.197,0,Aktif di platform 33 bulan (+7) | Listrik 79.2% tepat waktu (+3) | E-wallet aktif 14 bulan (+5) | Punya rekening bank (+4),Lonjakan top-up sebelum pengajuan (-8) ⚠️
L1AJN01588,L1NSB01588,PLT004,Multifinance,2024-10-09,Multifinance,Mesin usaha,20000000,36,25,0.7,0,0,0,0.0,75.0,19,69,0,1,3673000,1,0.09,0,1,0,0,84,Rendah,Setujui,0.093,0,Aktif di platform 25 bulan (+7) | Listrik 75.0% tepat waktu (+3) | E-wallet aktif 19 bulan (+5) | Transaksi e-wallet 69/bln (+3),
L1AJN01589,L1NSB01589,PLT003,Multifinance,2024-03-04,Multifinance,Elektronik,15000000,18,22,0.58,2,2,0,3.0,70.8,12,24,0,0,0,0,0.0,1,0,0,0,83,Rendah,Setujui,0.099,0,Aktif di platform 22 bulan (+7) | 2 pinjaman lancar (+10) | Tidak ada riwayat macet (+7) | E-wallet aktif 12 bulan (+5),
L1AJN01590,L1NSB01590,PLT005,P2P Lending,2024-07-26,P2P Lending,Konsumsi,3000000,9,2,0.6,1,1,0,2.0,100.0,0,0,0,0,0,0,0.0,1,0,0,0,76,Rendah,Setujui,0.139,0,1 pinjaman lancar (+5) | Tidak ada riwayat macet (+7) | Listrik 100.0% tepat waktu (+7) | Punya rekening bank (+4),
L1AJN01591,L1NSB01591,PLT005,P2P Lending,2024-08-22,P2P Lending,Konsumsi,500000,9,19,0.63,2,0,0,25.0,100.0,8,47,0,0,0,0,0.0,1,0,0,0,74,Rendah,Setujui,0.151,0,Aktif di platform 19 bulan (+7) | Tidak ada riwayat macet (+7) | Listrik 100.0% tepat waktu (+7) | Transaksi e-wallet 47/bln (+3),5 tanggungan (-5)
L1AJN01592,L1NSB01592,PLT005,P2P Lending,2024-05-24,P2P Lending,Pendidikan,3000000,3,24,0.85,2,2,0,2.0,87.5,17,25,0,0,0,0,0.0,0,0,0,0,91,Rendah,Setujui,0.052,0,Aktif di platform 24 bulan (+7) | On-time rate 85% (+5) | 2 pinjaman lancar (+10) | Tidak ada riwayat macet (+7),
L1AJN01593,L1NSB01593,PLT001,P2P Lending,2024-07-21,P2P Lending,Pendidikan,2000000,1,10,0.88,1,1,0,3.0,70.8,15,41,0,0,0,0,0.0,1,1,0,0,81,Rendah,Setujui,0.11,0,On-time rate 88% (+5) | 1 pinjaman lancar (+5) | Tidak ada riwayat macet (+7) | E-wallet aktif 15 bulan (+5),
L1AJN01594,L1NSB01594,PLT001,P2P Lending,2024-09-18,P2P Lending,Renovasi,500000,12,35,0.78,1,1,0,1.0,91.7,7,18,0,0,0,0,0.0,1,1,0,0,79,Rendah,Setujui,0.122,0,Aktif di platform 35 bulan (+7) | On-time rate 78% (+5) | 1 pinjaman lancar (+5) | Tidak ada riwayat macet (+7),5 tanggungan (-5)
L1AJN01595,L1NSB01595,PLT005,P2P Lending,2024-10-13,P2P Lending,Pendidikan,5000000,12,22,0.88,0,0,0,0.0,62.5,15,80,0,0,0,0,0.0,1,1,0,0,68,Menengah,Setujui,0.186,0,Aktif di platform 22 bulan (+7) | On-time rate 88% (+5) | E-wallet aktif 15 bulan (+5) | Transaksi e-wallet 80/bln (+3),4 tanggungan (-5)
L1AJN01596,L1NSB01596,PLT004,Multifinance,2024-08-23,Multifinance,Elektronik,7000000,12,12,0.58,1,1,0,3.0,70.8,15,77,0,0,0,0,0.0,0,1,0,0,77,Rendah,Setujui,0.133,0,Aktif di platform 12 bulan (+7) | 1 pinjaman lancar (+5) | Tidak ada riwayat macet (+7) | E-wallet aktif 15 bulan (+5),4 tanggungan (-5)
L1AJN01597,L1NSB01597,PLT001,P2P Lending,2024-09-21,P2P Lending,Pendidikan,1000000,9,35,0.75,2,2,0,1.5,79.2,7,40,1,1,4350000,1,0.04,0,1,0,0,89,Rendah,Setujui,0.064,0,Aktif di platform 35 bulan (+7) | On-time rate 75% (+5) | 2 pinjaman lancar (+10) | Tidak ada riwayat macet (+7),Lonjakan top-up sebelum pengajuan (-8) ⚠️
L1AJN01598,L1NSB01598,PLT001,P2P Lending,2024-04-11,P2P Lending,Konsumsi,5000000,1,21,0.97,1,1,0,1.0,62.5,17,19,0,0,0,0,0.0,1,0,0,0,83,Rendah,Setujui,0.099,0,Aktif di platform 21 bulan (+7) | On-time rate 97% (+10) | 1 pinjaman lancar (+5) | Tidak ada riwayat macet (+7),4 tanggungan (-5)
L1AJN01599,L1NSB01599,PLT003,Multifinance,2024-12-23,Multifinance,Mesin usaha,20000000,12,30,0.6,2,2,0,2.0,87.5,0,0,0,0,0,0,0.0,1,0,0,0,84,Rendah,Setujui,0.093,0,Aktif di platform 30 bulan (+7) | 2 pinjaman lancar (+10) | Tidak ada riwayat macet (+7) | Listrik 87.5% tepat waktu (+3),
L1AJN01600,L1NSB01600,PLT001,P2P Lending,2024-09-28,P2P Lending,Modal usaha,500000,3,6,0.73,1,1,0,3.0,79.2,16,20,0,1,7438000,1,0.05,1,1,0,0,89,Rendah,Setujui,0.064,0,1 pinjaman lancar (+5) | Tidak ada riwayat macet (+7) | Listrik 79.2% tepat waktu (+3) | E-wallet aktif 16 bulan (+5),
L1AJN01601,L1NSB01601,PLT004,Multifinance,2024-11-12,Multifinance,Elektronik,15000000,18,34,0.75,2,1,0,3.0,62.5,19,46,0,1,5587000,1,0.06,0,0,0,0,92,Rendah,Setujui,0.046,0,Aktif di platform 34 bulan (+7) | On-time rate 75% (+5) | 1 pinjaman lancar (+5) | Tidak ada riwayat macet (+7),
L1AJN01602,L1NSB01602,PLT002,P2P Lending,2024-12-07,P2P Lending,Renovasi,3000000,3,34,0.74,0,0,0,0.0,66.7,16,9,0,0,0,0,0.0,1,0,0,0,69,Menengah,Setujui,0.18,0,Aktif di platform 34 bulan (+7) | E-wallet aktif 16 bulan (+5) | Punya rekening bank (+4),
L1AJN01603,L1NSB01603,PLT005,P2P Lending,2024-07-29,P2P Lending,Modal usaha,5000000,12,23,0.92,1,1,0,0.0,83.3,24,21,0,0,0,0,0.0,1,1,0,0,89,Rendah,Setujui,0.064,0,Aktif di platform 23 bulan (+7) | On-time rate 92% (+10) | 1 pinjaman lancar (+5) | Tidak ada riwayat macet (+7),5 tanggungan (-5)
L1AJN01604,L1NSB01604,PLT004,Multifinance,2024-02-22,Multifinance,Motor bekas,5000000,18,16,0.75,2,2,0,1.5,95.8,24,17,0,1,6374000,1,0.03,0,0,0,0,95,Rendah,Setujui,0.029,0,Aktif di platform 16 bulan (+7) | On-time rate 75% (+5) | 2 pinjaman lancar (+10) | Tidak ada riwayat macet (+7),
L1AJN01605,L1NSB01605,PLT002,P2P Lending,2024-01-06,P2P Lending,Pendidikan,500000,3,9,0.92,1,1,0,3.0,95.8,15,14,0,0,0,0,0.0,1,0,0,0,87,Rendah,Setujui,0.075,0,On-time rate 92% (+10) | 1 pinjaman lancar (+5) | Tidak ada riwayat macet (+7) | Listrik 95.8% tepat waktu (+7),
L1AJN01606,L1NSB01606,PLT004,Multifinance,2024-08-22,Multifinance,Elektronik,7000000,24,1,0.93,1,1,0,1.0,66.7,0,0,0,0,0,0,0.0,0,0,0,0,72,Rendah,Setujui,0.162,1,On-time rate 93% (+10) | 1 pinjaman lancar (+5) | Tidak ada riwayat macet (+7),
L1AJN01607,L1NSB01607,PLT001,P2P Lending,2024-06-12,P2P Lending,Modal usaha,1000000,1,30,0.78,1,1,0,2.0,87.5,19,40,1,1,2074000,1,0.11,1,1,0,0,85,Rendah,Setujui,0.087,0,Aktif di platform 30 bulan (+7) | On-time rate 78% (+5) | 1 pinjaman lancar (+5) | Tidak ada riwayat macet (+7),Lonjakan top-up sebelum pengajuan (-8) ⚠️ | Cancel rate gig 11% (-4)
L1AJN01608,L1NSB01608,PLT001,P2P Lending,2024-12-27,P2P Lending,Renovasi,5000000,9,32,0.91,1,1,0,0.0,58.3,0,0,0,1,6933000,1,0.08,0,1,0,0,93,Rendah,Setujui,0.041,0,Aktif di platform 32 bulan (+7) | On-time rate 91% (+10) | 1 pinjaman lancar (+5) | Tidak ada riwayat macet (+7),
L1AJN01609,L1NSB01609,PLT003,Multifinance,2024-04-07,Multifinance,Motor baru,7000000,36,15,0.72,1,1,0,0.0,62.5,17,15,0,0,0,0,0.0,1,0,0,0,75,Rendah,Setujui,0.145,0,Aktif di platform 15 bulan (+7) | 1 pinjaman lancar (+5) | Tidak ada riwayat macet (+7) | E-wallet aktif 17 bulan (+5),
L1AJN01610,L1NSB01610,PLT004,Multifinance,2024-04-20,Multifinance,Motor bekas,20000000,24,12,0.94,3,3,0,1.3,66.7,18,25,0,0,0,0,0.0,1,1,0,0,95,Rendah,Setujui,0.029,0,Aktif di platform 12 bulan (+7) | On-time rate 94% (+10) | 3 pinjaman lancar (+15) | Tidak ada riwayat macet (+7),4 tanggungan (-5)
L1AJN01611,L1NSB01611,PLT003,Multifinance,2024-07-05,Multifinance,Motor bekas,10000000,18,22,0.77,1,1,0,2.0,70.8,7,76,0,1,2216000,1,0.01,0,1,0,0,84,Rendah,Setujui,0.093,0,Aktif di platform 22 bulan (+7) | On-time rate 77% (+5) | 1 pinjaman lancar (+5) | Tidak ada riwayat macet (+7),4 tanggungan (-5)
L1AJN01612,L1NSB01612,PLT001,P2P Lending,2024-07-16,P2P Lending,Renovasi,3000000,9,18,0.73,2,0,0,30.5,70.8,19,7,0,0,0,0,0.0,0,0,0,0,62,Menengah,Setujui,0.22,0,Aktif di platform 18 bulan (+7) | Tidak ada riwayat macet (+7) | E-wallet aktif 19 bulan (+5),Rata-rata telat 30 hari (-10)
L1AJN01613,L1NSB01613,PLT001,P2P Lending,2024-05-11,P2P Lending,Renovasi,500000,3,31,0.86,0,0,0,0.0,58.3,21,59,0,1,5810000,0,0.02,1,0,0,0,81,Rendah,Setujui,0.11,0,Aktif di platform 31 bulan (+7) | On-time rate 86% (+5) | E-wallet aktif 21 bulan (+5) | Transaksi e-wallet 59/bln (+3),
L1AJN01614,L1NSB01614,PLT001,P2P Lending,2024-10-21,P2P Lending,Pendidikan,5000000,3,1,0.69,2,2,0,1.0,95.8,0,0,0,0,0,0,0.0,1,1,0,0,73,Rendah,Setujui,0.157,1,2 pinjaman lancar (+10) | Tidak ada riwayat macet (+7) | Listrik 95.8% tepat waktu (+7) | Punya rekening bank (+4),4 tanggungan (-5)
L1AJN01615,L1NSB01615,PLT002,P2P Lending,2024-02-13,P2P Lending,Modal usaha,3000000,12,23,0.82,1,0,1,146.0,62.5,0,0,0,1,2137000,1,0.05,0,0,0,0,49,Tinggi,Tolak,0.296,0,Aktif di platform 23 bulan (+7) | On-time rate 82% (+5) | Income gig konsisten 6 bulan (+8) | Rating gig 4.8 (+5),1 pinjaman macet (-12) | Rata-rata telat 146 hari (-10)
L1AJN01616,L1NSB01616,PLT003,Multifinance,2024-03-14,Multifinance,Motor bekas,15000000,12,18,0.95,0,0,0,0.0,95.8,0,0,0,0,0,0,0.0,0,0,0,0,71,Rendah,Setujui,0.168,0,Aktif di platform 18 bulan (+7) | On-time rate 95% (+10) | Listrik 95.8% tepat waktu (+7),4 tanggungan (-5)
L1AJN01617,L1NSB01617,PLT001,P2P Lending,2024-03-27,P2P Lending,Renovasi,500000,9,24,0.68,1,1,0,0.0,87.5,0,0,0,1,4043000,1,0.04,1,1,0,0,84,Rendah,Setujui,0.093,1,Aktif di platform 24 bulan (+7) | 1 pinjaman lancar (+5) | Tidak ada riwayat macet (+7) | Listrik 87.5% tepat waktu (+3),5 tanggungan (-5)
L1AJN01618,L1NSB01618,PLT003,Multifinance,2024-02-28,Multifinance,Motor baru,3000000,12,36,0.97,2,0,0,49.5,87.5,8,20,0,1,7177000,1,0.05,1,0,0,0,80,Rendah,Setujui,0.116,0,Aktif di platform 36 bulan (+7) | On-time rate 97% (+10) | Tidak ada riwayat macet (+7) | Listrik 87.5% tepat waktu (+3),Rata-rata telat 50 hari (-10) | 5 tanggungan (-5)
L1AJN01619,L1NSB01619,PLT002,P2P Lending,2024-04-23,P2P Lending,Konsumsi,5000000,12,14,0.73,0,0,0,0.0,66.7,0,0,0,0,0,0,0.0,1,0,0,0,61,Menengah,Setujui,0.226,0,Aktif di platform 14 bulan (+7) | Punya rekening bank (+4),
L1AJN01620,L1NSB01620,PLT004,Multifinance,2024-07-26,Multifinance,Motor baru,3000000,12,4,0.72,1,0,0,9.0,75.0,0,0,0,1,3120000,0,0.07,0,0,0,0,57,Menengah,Setujui,0.249,0,Tidak ada riwayat macet (+7) | Listrik 75.0% tepat waktu (+3),
L1AJN01621,L1NSB01621,PLT002,P2P Lending,2024-09-28,P2P Lending,Konsumsi,500000,1,9,0.63,3,3,0,1.7,87.5,12,46,0,0,0,0,0.0,1,0,0,0,83,Rendah,Setujui,0.099,0,3 pinjaman lancar (+15) | Tidak ada riwayat macet (+7) | Listrik 87.5% tepat waktu (+3) | E-wallet aktif 12 bulan (+5),
L1AJN01622,L1NSB01622,PLT005,P2P Lending,2024-07-18,P2P Lending,Renovasi,2000000,12,32,0.91,0,0,0,0.0,87.5,20,74,0,0,0,0,0.0,1,0,0,0,81,Rendah,Setujui,0.11,0,Aktif di platform 32 bulan (+7) | On-time rate 91% (+10) | Listrik 87.5% tepat waktu (+3) | E-wallet aktif 20 bulan (+5),
L1AJN01623,L1NSB01623,PLT001,P2P Lending,2024-02-29,P2P Lending,Pendidikan,500000,3,29,0.86,2,0,0,16.5,58.3,0,0,0,0,0,0,0.0,0,0,0,0,70,Rendah,Setujui,0.174,0,Aktif di platform 29 bulan (+7) | On-time rate 86% (+5) | Tidak ada riwayat macet (+7),
L1AJN01624,L1NSB01624,PLT001,P2P Lending,2024-03-06,P2P Lending,Modal usaha,5000000,6,12,0.9,1,1,0,1.0,95.8,6,78,0,1,4396000,1,0.07,0,1,0,0,94,Rendah,Setujui,0.035,0,Aktif di platform 12 bulan (+7) | On-time rate 90% (+10) | 1 pinjaman lancar (+5) | Tidak ada riwayat macet (+7),5 tanggungan (-5)
L1AJN01625,L1NSB01625,PLT005,P2P Lending,2024-06-19,P2P Lending,Renovasi,1000000,3,1,0.72,4,3,0,21.5,87.5,15,56,0,1,2525000,1,0.11,1,0,0,0,93,Rendah,Setujui,0.041,0,3 pinjaman lancar (+15) | Tidak ada riwayat macet (+7) | Listrik 87.5% tepat waktu (+3) | E-wallet aktif 15 bulan (+5),Cancel rate gig 11% (-4)
L1AJN01626,L1NSB01626,PLT001,P2P Lending,2024-01-28,P2P Lending,Modal usaha,500000,12,22,0.83,1,1,0,0.0,91.7,11,71,0,1,7406000,1,0.14,0,1,0,0,93,Rendah,Setujui,0.041,0,Aktif di platform 22 bulan (+7) | On-time rate 83% (+5) | 1 pinjaman lancar (+5) | Tidak ada riwayat macet (+7),Cancel rate gig 14% (-4)
L1AJN01627,L1NSB01627,PLT004,Multifinance,2024-01-19,Multifinance,Mesin usaha,20000000,24,12,0.63,0,0,0,0.0,70.8,0,0,0,0,0,0,0.0,1,1,0,0,64,Menengah,Setujui,0.209,0,Aktif di platform 12 bulan (+7) | Punya rekening bank (+4) | BPJS dibayar rutin (+3),
L1AJN01628,L1NSB01628,PLT002,P2P Lending,2024-05-20,P2P Lending,Renovasi,2000000,6,30,0.72,4,3,0,6.8,75.0,23,42,1,0,0,0,0.0,1,0,0,0,90,Rendah,Setujui,0.058,0,Aktif di platform 30 bulan (+7) | 3 pinjaman lancar (+15) | Tidak ada riwayat macet (+7) | Listrik 75.0% tepat waktu (+3),Lonjakan top-up sebelum pengajuan (-8) ⚠️
L1AJN01629,L1NSB01629,PLT003,Multifinance,2024-03-30,Multifinance,Elektronik,10000000,12,25,0.9,3,3,0,3.0,58.3,0,0,0,1,6776000,0,0.15,1,1,0,0,95,Rendah,Setujui,0.029,0,Aktif di platform 25 bulan (+7) | On-time rate 90% (+10) | 3 pinjaman lancar (+15) | Tidak ada riwayat macet (+7),Cancel rate gig 15% (-4)
L1AJN01630,L1NSB01630,PLT005,P2P Lending,2024-03-04,P2P Lending,Pendidikan,500000,1,35,0.62,0,0,0,0.0,70.8,20,44,0,0,0,0,0.0,1,0,0,0,70,Rendah,Setujui,0.174,0,Aktif di platform 35 bulan (+7) | E-wallet aktif 20 bulan (+5) | Transaksi e-wallet 44/bln (+3) | Punya rekening bank (+4),
L1AJN01631,L1NSB01631,PLT002,P2P Lending,2024-07-19,P2P Lending,Konsumsi,2000000,12,1,0.74,3,3,0,1.7,100.0,21,73,0,0,0,0,0.0,1,1,0,0,95,Rendah,Setujui,0.029,0,3 pinjaman lancar (+15) | Tidak ada riwayat macet (+7) | Listrik 100.0% tepat waktu (+7) | E-wallet aktif 21 bulan (+5),
L1AJN01632,L1NSB01632,PLT005,P2P Lending,2024-07-17,P2P Lending,Pendidikan,2000000,9,19,0.72,0,0,0,0.0,79.2,18,5,0,1,1661000,1,0.07,0,0,0,0,77,Rendah,Setujui,0.133,0,Aktif di platform 19 bulan (+7) | Listrik 79.2% tepat waktu (+3) | E-wallet aktif 18 bulan (+5) | Income gig konsisten 6 bulan (+8),5 tanggungan (-5)
L1AJN01633,L1NSB01633,PLT004,Multifinance,2024-01-16,Multifinance,Elektronik,15000000,36,13,0.95,2,2,0,2.5,100.0,19,51,0,1,4200000,1,0.14,0,1,0,0,95,Rendah,Setujui,0.029,0,Aktif di platform 13 bulan (+7) | On-time rate 95% (+10) | 2 pinjaman lancar (+10) | Tidak ada riwayat macet (+7),Cancel rate gig 14% (-4)
L1AJN01634,L1NSB01634,PLT005,P2P Lending,2024-06-06,P2P Lending,Modal usaha,1000000,9,18,0.68,1,1,0,0.0,70.8,0,0,0,0,0,0,0.0,1,1,1,20000000,78,Rendah,Setujui,0.128,0,Aktif di platform 18 bulan (+7) | 1 pinjaman lancar (+5) | Tidak ada riwayat macet (+7) | Punya rekening bank (+4),
L1AJN01635,L1NSB01635,PLT002,P2P Lending,2024-03-25,P2P Lending,Modal usaha,2000000,9,22,0.61,2,1,0,5.0,91.7,0,0,0,0,0,0,0.0,0,0,0,0,80,Rendah,Setujui,0.116,0,Aktif di platform 22 bulan (+7) | 1 pinjaman lancar (+5) | Tidak ada riwayat macet (+7) | Listrik 91.7% tepat waktu (+7),
L1AJN01636,L1NSB01636,PLT003,Multifinance,2024-04-11,Multifinance,Elektronik,3000000,24,16,0.91,0,0,0,0.0,70.8,18,47,0,0,0,0,0.0,0,1,0,0,74,Rendah,Setujui,0.151,0,Aktif di platform 16 bulan (+7) | On-time rate 91% (+10) | E-wallet aktif 18 bulan (+5) | Transaksi e-wallet 47/bln (+3),
L1AJN01637,L1NSB01637,PLT001,P2P Lending,2024-10-02,P2P Lending,Renovasi,2000000,6,1,0.78,2,2,0,1.0,83.3,9,10,0,0,0,0,0.0,1,1,0,0,84,Rendah,Setujui,0.093,0,On-time rate 78% (+5) | 2 pinjaman lancar (+10) | Tidak ada riwayat macet (+7) | Listrik 83.3% tepat waktu (+3),
L1AJN01638,L1NSB01638,PLT002,P2P Lending,2024-12-28,P2P Lending,Pendidikan,1000000,6,30,0.64,1,1,0,0.0,91.7,13,35,1,0,0,0,0.0,1,1,0,0,80,Rendah,Setujui,0.116,0,Aktif di platform 30 bulan (+7) | 1 pinjaman lancar (+5) | Tidak ada riwayat macet (+7) | Listrik 91.7% tepat waktu (+7),Lonjakan top-up sebelum pengajuan (-8) ⚠️
L1AJN01639,L1NSB01639,PLT001,P2P Lending,2024-09-01,P2P Lending,Pendidikan,1000000,1,35,0.64,2,1,0,13.0,75.0,21,76,0,0,0,0,0.0,1,1,0,0,89,Rendah,Setujui,0.064,1,Aktif di platform 35 bulan (+7) | 1 pinjaman lancar (+5) | Tidak ada riwayat macet (+7) | Listrik 75.0% tepat waktu (+3),
L1AJN01640,L1NSB01640,PLT004,Multifinance,2024-12-19,Multifinance,Elektronik,10000000,12,33,0.7,2,2,0,1.0,79.2,0,0,0,0,0,0,0.0,1,1,0,0,83,Rendah,Setujui,0.099,0,Aktif di platform 33 bulan (+7) | 2 pinjaman lancar (+10) | Tidak ada riwayat macet (+7) | Listrik 79.2% tepat waktu (+3),
L1AJN01641,L1NSB01641,PLT001,P2P Lending,2024-05-12,P2P Lending,Pendidikan,1000000,12,6,0.75,2,2,0,1.5,100.0,6,9,0,0,0,0,0.0,1,0,0,0,86,Rendah,Setujui,0.081,0,On-time rate 75% (+5) | 2 pinjaman lancar (+10) | Tidak ada riwayat macet (+7) | Listrik 100.0% tepat waktu (+7),
L1AJN01642,L1NSB01642,PLT005,P2P Lending,2024-09-12,P2P Lending,Pendidikan,3000000,9,2,0.69,1,1,0,2.0,75.0,12,54,0,0,0,0,0.0,1,1,0,0,76,Rendah,Setujui,0.139,0,1 pinjaman lancar (+5) | Tidak ada riwayat macet (+7) | Listrik 75.0% tepat waktu (+3) | E-wallet aktif 12 bulan (+5),
L1AJN01643,L1NSB01643,PLT003,Multifinance,2024-04-19,Multifinance,Elektronik,10000000,36,21,0.86,1,0,1,260.0,66.7,19,13,0,0,0,0,0.0,1,1,0,0,52,Menengah,Setujui,0.278,0,Aktif di platform 21 bulan (+7) | On-time rate 86% (+5) | E-wallet aktif 19 bulan (+5) | Punya rekening bank (+4),1 pinjaman macet (-12) | Rata-rata telat 260 hari (-10)
L1AJN01644,L1NSB01644,PLT004,Multifinance,2024-04-12,Multifinance,Mesin usaha,3000000,18,4,0.69,2,1,0,14.0,75.0,17,68,0,0,0,0,0.0,1,0,0,0,75,Rendah,Setujui,0.145,0,1 pinjaman lancar (+5) | Tidak ada riwayat macet (+7) | Listrik 75.0% tepat waktu (+3) | E-wallet aktif 17 bulan (+5),4 tanggungan (-5)
L1AJN01645,L1NSB01645,PLT001,P2P Lending,2024-03-16,P2P Lending,Renovasi,3000000,3,9,0.75,1,1,0,1.0,91.7,7,12,0,0,0,0,0.0,1,1,0,0,85,Rendah,Setujui,0.087,0,On-time rate 75% (+5) | 1 pinjaman lancar (+5) | Tidak ada riwayat macet (+7) | Listrik 91.7% tepat waktu (+7),
L1AJN01646,L1NSB01646,PLT002,P2P Lending,2024-02-16,P2P Lending,Pendidikan,1000000,9,5,0.79,3,2,0,12.7,87.5,13,76,0,1,1501000,1,0.14,1,1,0,0,95,Rendah,Setujui,0.029,0,On-time rate 79% (+5) | 2 pinjaman lancar (+10) | Tidak ada riwayat macet (+7) | Listrik 87.5% tepat waktu (+3),Cancel rate gig 14% (-4)
L1AJN01647,L1NSB01647,PLT003,Multifinance,2024-11-30,Multifinance,Mesin usaha,10000000,12,19,0.75,3,3,0,2.3,79.2,11,58,0,0,0,0,0.0,1,0,1,16000000,95,Rendah,Setujui,0.029,0,Aktif di platform 19 bulan (+7) | On-time rate 75% (+5) | 3 pinjaman lancar (+15) | Tidak ada riwayat macet (+7),
L1AJN01648,L1NSB01648,PLT005,P2P Lending,2024-02-26,P2P Lending,Konsumsi,1000000,3,12,0.83,2,1,0,14.5,95.8,14,48,1,1,3998000,1,0.08,0,1,0,0,95,Rendah,Setujui,0.029,0,Aktif di platform 12 bulan (+7) | On-time rate 83% (+5) | 1 pinjaman lancar (+5) | Tidak ada riwayat macet (+7),Lonjakan top-up sebelum pengajuan (-8) ⚠️
L1AJN01649,L1NSB01649,PLT002,P2P Lending,2024-12-13,P2P Lending,Modal usaha,1000000,12,27,0.67,3,2,0,2.7,66.7,0,0,0,0,0,0,0.0,1,0,0,0,78,Rendah,Setujui,0.128,0,Aktif di platform 27 bulan (+7) | 2 pinjaman lancar (+10) | Tidak ada riwayat macet (+7) | Punya rekening bank (+4),
L1AJN01650,L1NSB01650,PLT002,P2P Lending,2024-01-03,P2P Lending,Renovasi,500000,3,28,0.86,2,2,0,1.5,58.3,0,0,0,0,0,0,0.0,0,1,0,0,81,Rendah,Setujui,0.11,0,Aktif di platform 28 bulan (+7) | On-time rate 86% (+5) | 2 pinjaman lancar (+10) | Tidak ada riwayat macet (+7),
L1AJN01651,L1NSB01651,PLT004,Multifinance,2024-07-18,Multifinance,Motor bekas,5000000,36,21,0.62,3,2,0,26.0,95.8,6,13,0,0,0,0,0.0,1,0,0,0,88,Rendah,Setujui,0.07,0,Aktif di platform 21 bulan (+7) | 2 pinjaman lancar (+10) | Tidak ada riwayat macet (+7) | Listrik 95.8% tepat waktu (+7),
L1AJN01652,L1NSB01652,PLT001,P2P Lending,2024-05-30,P2P Lending,Pendidikan,1000000,12,12,0.83,1,1,0,2.0,91.7,22,62,0,0,0,0,0.0,1,0,1,9000000,95,Rendah,Setujui,0.029,0,Aktif di platform 12 bulan (+7) | On-time rate 83% (+5) | 1 pinjaman lancar (+5) | Tidak ada riwayat macet (+7),
L1AJN01653,L1NSB01653,PLT001,P2P Lending,2024-05-12,P2P Lending,Konsumsi,1000000,12,1,0.95,1,1,0,2.0,75.0,20,35,0,1,2947000,0,0.1,1,1,0,0,93,Rendah,Setujui,0.041,0,On-time rate 95% (+10) | 1 pinjaman lancar (+5) | Tidak ada riwayat macet (+7) | Listrik 75.0% tepat waktu (+3),
L1AJN01654,L1NSB01654,PLT001,P2P Lending,2024-12-12,P2P Lending,Modal usaha,2000000,3,11,0.79,1,0,0,71.0,87.5,23,10,0,1,3588000,0,0.03,0,1,0,0,62,Menengah,Setujui,0.22,1,On-time rate 79% (+5) | Tidak ada riwayat macet (+7) | Listrik 87.5% tepat waktu (+3) | E-wallet aktif 23 bulan (+5),Rata-rata telat 71 hari (-10) | 5 tanggungan (-5)
L1AJN01655,L1NSB01655,PLT004,Multifinance,2024-08-16,Multifinance,Elektronik,3000000,36,23,0.88,1,0,1,271.0,87.5,16,57,0,0,0,0,0.0,1,0,0,0,59,Menengah,Setujui,0.238,0,Aktif di platform 23 bulan (+7) | On-time rate 88% (+5) | Listrik 87.5% tepat waktu (+3) | E-wallet aktif 16 bulan (+5),1 pinjaman macet (-12) | Rata-rata telat 271 hari (-10)
L1AJN01656,L1NSB01656,PLT004,Multifinance,2024-02-10,Multifinance,Motor baru,20000000,18,35,0.69,0,0,0,0.0,62.5,12,13,0,0,0,0,0.0,0,1,0,0,57,Menengah,Setujui,0.249,0,Aktif di platform 35 bulan (+7) | E-wallet aktif 12 bulan (+5) | BPJS dibayar rutin (+3),4 tanggungan (-5)
L1AJN01657,L1NSB01657,PLT002,P2P Lending,2024-04-10,P2P Lending,Modal usaha,1000000,6,1,0.99,0,0,0,0.0,91.7,18,74,0,1,5428000,0,0.11,0,0,0,0,70,Rendah,Setujui,0.174,0,On-time rate 99% (+10) | Listrik 91.7% tepat waktu (+7) | E-wallet aktif 18 bulan (+5) | Transaksi e-wallet 74/bln (+3),Cancel rate gig 11% (-4)
L1AJN01658,L1NSB01658,PLT003,Multifinance,2024-06-28,Multifinance,Motor bekas,10000000,12,20,0.67,3,2,0,3.7,91.7,11,21,0,0,0,0,0.0,1,0,0,0,91,Rendah,Setujui,0.052,0,Aktif di platform 20 bulan (+7) | 2 pinjaman lancar (+10) | Tidak ada riwayat macet (+7) | Listrik 91.7% tepat waktu (+7),
L1AJN01659,L1NSB01659,PLT004,Multifinance,2024-10-14,Multifinance,Elektronik,20000000,36,23,0.56,0,0,0,0.0,79.2,24,50,0,0,0,0,0.0,0,1,0,0,70,Rendah,Setujui,0.174,0,Aktif di platform 23 bulan (+7) | Listrik 79.2% tepat waktu (+3) | E-wallet aktif 24 bulan (+5) | Transaksi e-wallet 50/bln (+3),4 tanggungan (-5)
L1AJN01660,L1NSB01660,PLT001,P2P Lending,2024-02-05,P2P Lending,Pendidikan,3000000,6,32,0.71,2,2,0,1.5,79.2,12,42,0,0,0,0,0.0,0,0,0,0,78,Rendah,Setujui,0.128,0,Aktif di platform 32 bulan (+7) | 2 pinjaman lancar (+10) | Tidak ada riwayat macet (+7) | Listrik 79.2% tepat waktu (+3),4 tanggungan (-5)
L1AJN01661,L1NSB01661,PLT002,P2P Lending,2024-12-01,P2P Lending,Konsumsi,500000,12,19,0.56,0,0,0,0.0,62.5,16,71,0,0,0,0,0.0,1,1,0,0,69,Menengah,Setujui,0.18,0,Aktif di platform 19 bulan (+7) | E-wallet aktif 16 bulan (+5) | Transaksi e-wallet 71/bln (+3) | Punya rekening bank (+4),
L1AJN01662,L1NSB01662,PLT005,P2P Lending,2024-04-05,P2P Lending,Renovasi,1000000,12,17,0.68,4,3,0,5.0,95.8,0,0,0,1,5237000,1,0.15,1,1,0,0,95,Rendah,Setujui,0.029,0,Aktif di platform 17 bulan (+7) | 3 pinjaman lancar (+15) | Tidak ada riwayat macet (+7) | Listrik 95.8% tepat waktu (+7),Cancel rate gig 15% (-4)
L1AJN01663,L1NSB01663,PLT001,P2P Lending,2024-06-18,P2P Lending,Konsumsi,1000000,1,2,0.59,4,1,0,12.8,79.2,13,75,0,0,0,0,0.0,0,0,0,0,72,Rendah,Setujui,0.162,0,1 pinjaman lancar (+5) | Tidak ada riwayat macet (+7) | Listrik 79.2% tepat waktu (+3) | E-wallet aktif 13 bulan (+5),
L1AJN01664,L1NSB01664,PLT004,Multifinance,2024-06-26,Multifinance,Motor bekas,15000000,36,4,0.85,1,1,0,1.0,83.3,0,0,0,1,2321000,1,0.05,0,0,0,0,85,Rendah,Setujui,0.087,0,On-time rate 85% (+5) | 1 pinjaman lancar (+5) | Tidak ada riwayat macet (+7) | Listrik 83.3% tepat waktu (+3),
L1AJN01665,L1NSB01665,PLT001,P2P Lending,2024-05-17,P2P Lending,Pendidikan,500000,3,1,0.65,0,0,0,0.0,66.7,17,78,0,1,5432000,1,0.08,1,0,0,0,66,Menengah,Setujui,0.197,0,E-wallet aktif 17 bulan (+5) | Transaksi e-wallet 78/bln (+3) | Income gig konsisten 6 bulan (+8) | Rating gig 4.6 (+5),4 tanggungan (-5)
L1AJN01666,L1NSB01666,PLT001,P2P Lending,2024-07-26,P2P Lending,Modal usaha,5000000,9,25,0.78,4,4,0,1.0,75.0,0,0,0,0,0,0,0.0,1,1,0,0,86,Rendah,Setujui,0.081,1,Aktif di platform 25 bulan (+7) | On-time rate 78% (+5) | 4 pinjaman lancar (+15) | Tidak ada riwayat macet (+7),5 tanggungan (-5)
L1AJN01667,L1NSB01667,PLT005,P2P Lending,2024-12-14,P2P Lending,Modal usaha,1000000,3,30,0.73,1,0,0,89.0,75.0,13,60,0,0,0,0,0.0,0,0,0,0,61,Menengah,Setujui,0.226,1,Aktif di platform 30 bulan (+7) | Tidak ada riwayat macet (+7) | Listrik 75.0% tepat waktu (+3) | E-wallet aktif 13 bulan (+5),Rata-rata telat 89 hari (-10)
L1AJN01668,L1NSB01668,PLT003,Multifinance,2024-01-21,Multifinance,Motor bekas,5000000,12,8,0.9,2,1,1,177.0,66.7,12,21,0,0,0,0,0.0,1,1,0,0,60,Menengah,Setujui,0.232,0,On-time rate 90% (+10) | 1 pinjaman lancar (+5) | E-wallet aktif 12 bulan (+5) | Transaksi e-wallet 21/bln (+3),1 pinjaman macet (-12) | Rata-rata telat 177 hari (-10)
L1AJN01669,L1NSB01669,PLT004,Multifinance,2024-08-02,Multifinance,Motor bekas,10000000,18,4,0.82,2,0,0,38.5,75.0,14,22,0,1,2648000,0,0.13,1,0,0,0,60,Menengah,Setujui,0.232,1,On-time rate 82% (+5) | Tidak ada riwayat macet (+7) | Listrik 75.0% tepat waktu (+3) | E-wallet aktif 14 bulan (+5),Rata-rata telat 38 hari (-10) | Cancel rate gig 13% (-4)
L1AJN01670,L1NSB01670,PLT002,P2P Lending,2024-03-05,P2P Lending,Pendidikan,3000000,1,25,0.89,2,1,0,40.5,66.7,21,74,0,1,5617000,0,0.03,0,0,0,0,70,Rendah,Setujui,0.174,1,Aktif di platform 25 bulan (+7) | On-time rate 89% (+5) | 1 pinjaman lancar (+5) | Tidak ada riwayat macet (+7),Rata-rata telat 40 hari (-10)
L1AJN01671,L1NSB01671,PLT001,P2P Lending,2024-10-30,P2P Lending,Modal usaha,500000,6,1,0.99,1,0,1,123.0,100.0,7,18,0,0,0,0,0.0,0,1,0,0,46,Tinggi,Tolak,0.313,1,On-time rate 99% (+10) | Listrik 100.0% tepat waktu (+7) | BPJS dibayar rutin (+3),1 pinjaman macet (-12) | Rata-rata telat 123 hari (-10)
L1AJN01672,L1NSB01672,PLT002,P2P Lending,2024-02-24,P2P Lending,Konsumsi,5000000,12,9,0.94,2,2,0,0.0,100.0,7,54,0,1,7458000,0,0.15,0,0,0,0,88,Rendah,Setujui,0.07,0,On-time rate 94% (+10) | 2 pinjaman lancar (+10) | Tidak ada riwayat macet (+7) | Listrik 100.0% tepat waktu (+7),Cancel rate gig 15% (-4)
L1AJN01673,L1NSB01673,PLT004,Multifinance,2024-04-10,Multifinance,Motor baru,10000000,12,26,0.7,1,1,0,0.0,79.2,0,0,0,1,3746000,1,0.07,1,1,0,0,93,Rendah,Setujui,0.041,0,Aktif di platform 26 bulan (+7) | 1 pinjaman lancar (+5) | Tidak ada riwayat macet (+7) | Listrik 79.2% tepat waktu (+3),
L1AJN01674,L1NSB01674,PLT002,P2P Lending,2024-07-06,P2P Lending,Pendidikan,500000,3,8,0.58,2,1,0,7.5,95.8,24,47,0,1,2565000,0,0.11,1,0,0,0,74,Rendah,Setujui,0.151,0,1 pinjaman lancar (+5) | Tidak ada riwayat macet (+7) | Listrik 95.8% tepat waktu (+7) | E-wallet aktif 24 bulan (+5),Cancel rate gig 11% (-4)
L1AJN01675,L1NSB01675,PLT005,P2P Lending,2024-12-12,P2P Lending,Renovasi,1000000,9,14,0.64,2,0,0,22.5,95.8,18,42,0,0,0,0,0.0,1,1,0,0,88,Rendah,Setujui,0.07,0,Aktif di platform 14 bulan (+7) | Tidak ada riwayat macet (+7) | Listrik 95.8% tepat waktu (+7) | E-wallet aktif 18 bulan (+5),
L1AJN01676,L1NSB01676,PLT005,P2P Lending,2024-03-20,P2P Lending,Konsumsi,2000000,12,20,0.93,3,3,0,0.3,79.2,18,8,0,1,4945000,0,0.12,1,1,0,0,95,Rendah,Setujui,0.029,0,Aktif di platform 20 bulan (+7) | On-time rate 93% (+10) | 3 pinjaman lancar (+15) | Tidak ada riwayat macet (+7),Cancel rate gig 12% (-4)
L1AJN01677,L1NSB01677,PLT001,P2P Lending,2024-08-15,P2P Lending,Pendidikan,2000000,3,36,0.83,2,0,0,16.5,95.8,12,39,0,0,0,0,0.0,1,0,0,0,83,Rendah,Setujui,0.099,0,Aktif di platform 36 bulan (+7) | On-time rate 83% (+5) | Tidak ada riwayat macet (+7) | Listrik 95.8% tepat waktu (+7),4 tanggungan (-5)
L1AJN01678,L1NSB01678,PLT002,P2P Lending,2024-06-02,P2P Lending,Pendidikan,2000000,12,1,0.69,3,1,0,31.3,66.7,6,50,0,0,0,0,0.0,1,1,0,0,65,Menengah,Setujui,0.203,0,1 pinjaman lancar (+5) | Tidak ada riwayat macet (+7) | Transaksi e-wallet 50/bln (+3) | Punya rekening bank (+4),Rata-rata telat 31 hari (-10)
L1AJN01679,L1NSB01679,PLT004,Multifinance,2024-08-22,Multifinance,Mesin usaha,15000000,18,8,0.99,0,0,0,0.0,95.8,0,0,0,1,0,0,0.0,0,1,0,0,67,Menengah,Setujui,0.191,0,On-time rate 99% (+10) | Listrik 95.8% tepat waktu (+7) | BPJS dibayar rutin (+3),
L1AJN01680,L1NSB01680,PLT004,Multifinance,2024-01-21,Multifinance,Motor bekas,7000000,18,7,0.96,3,1,1,92.3,58.3,9,56,0,0,0,0,0.0,1,0,0,0,54,Menengah,Setujui,0.267,1,On-time rate 96% (+10) | 1 pinjaman lancar (+5) | Transaksi e-wallet 56/bln (+3) | Punya rekening bank (+4),1 pinjaman macet (-12) | Rata-rata telat 92 hari (-10)
L1AJN01681,L1NSB01681,PLT004,Multifinance,2024-07-02,Multifinance,Motor bekas,5000000,36,30,0.73,1,0,0,38.0,70.8,24,31,1,0,0,0,0.0,0,0,0,0,49,Tinggi,Tolak,0.296,0,Aktif di platform 30 bulan (+7) | Tidak ada riwayat macet (+7) | E-wallet aktif 24 bulan (+5) | Transaksi e-wallet 31/bln (+3),Rata-rata telat 38 hari (-10) | 4 tanggungan (-5) | Lonjakan top-up sebelum pengajuan (-8) ⚠️
L1AJN01682,L1NSB01682,PLT003,Multifinance,2024-08-17,Multifinance,Elektronik,5000000,18,10,0.86,1,1,0,2.0,87.5,0,0,0,0,0,0,0.0,0,0,0,0,69,Menengah,Setujui,0.18,1,On-time rate 86% (+5) | 1 pinjaman lancar (+5) | Tidak ada riwayat macet (+7) | Listrik 87.5% tepat waktu (+3),
L1AJN01683,L1NSB01683,PLT003,Multifinance,2024-09-22,Multifinance,Motor bekas,5000000,12,31,1.0,1,0,0,41.0,100.0,17,24,0,0,0,0,0.0,0,0,0,0,83,Rendah,Setujui,0.099,0,Aktif di platform 31 bulan (+7) | On-time rate 100% (+10) | Tidak ada riwayat macet (+7) | Listrik 100.0% tepat waktu (+7),Rata-rata telat 41 hari (-10)
L1AJN01684,L1NSB01684,PLT003,Multifinance,2024-03-28,Multifinance,Motor baru,7000000,36,12,0.91,2,2,0,2.0,100.0,14,23,0,0,0,0,0.0,0,1,0,0,95,Rendah,Setujui,0.029,0,Aktif di platform 12 bulan (+7) | On-time rate 91% (+10) | 2 pinjaman lancar (+10) | Tidak ada riwayat macet (+7),
L1AJN01685,L1NSB01685,PLT002,P2P Lending,2024-01-07,P2P Lending,Pendidikan,1000000,9,12,0.86,4,2,0,11.0,70.8,23,10,0,0,0,0,0.0,0,1,0,0,79,Rendah,Setujui,0.122,0,Aktif di platform 12 bulan (+7) | On-time rate 86% (+5) | 2 pinjaman lancar (+10) | Tidak ada riwayat macet (+7),4 tanggungan (-5)
L1AJN01686,L1NSB01686,PLT005,P2P Lending,2024-01-17,P2P Lending,Pendidikan,3000000,9,29,0.58,1,1,0,2.0,58.3,22,50,0,1,5258000,0,0.04,0,1,0,0,73,Rendah,Setujui,0.157,0,Aktif di platform 29 bulan (+7) | 1 pinjaman lancar (+5) | Tidak ada riwayat macet (+7) | E-wallet aktif 22 bulan (+5),4 tanggungan (-5)
L1AJN01687,L1NSB01687,PLT002,P2P Lending,2024-06-21,P2P Lending,Renovasi,2000000,6,36,0.9,1,0,0,5.0,58.3,9,36,0,0,0,0,0.0,1,1,0,0,82,Rendah,Setujui,0.104,0,Aktif di platform 36 bulan (+7) | On-time rate 90% (+10) | Tidak ada riwayat macet (+7) | Transaksi e-wallet 36/bln (+3),
L1AJN01688,L1NSB01688,PLT005,P2P Lending,2024-02-29,P2P Lending,Konsumsi,2000000,12,2,0.93,1,1,0,2.0,95.8,10,29,0,0,0,0,0.0,1,1,0,0,88,Rendah,Setujui,0.07,0,On-time rate 93% (+10) | 1 pinjaman lancar (+5) | Tidak ada riwayat macet (+7) | Listrik 95.8% tepat waktu (+7),
L1AJN01689,L1NSB01689,PLT003,Multifinance,2024-09-18,Multifinance,Motor bekas,15000000,36,1,0.96,0,0,0,0.0,83.3,0,0,0,0,0,0,0.0,1,1,0,0,67,Menengah,Setujui,0.191,0,On-time rate 96% (+10) | Listrik 83.3% tepat waktu (+3) | Punya rekening bank (+4) | BPJS dibayar rutin (+3),
L1AJN01690,L1NSB01690,PLT001,P2P Lending,2024-12-22,P2P Lending,Pendidikan,2000000,1,29,0.66,1,0,0,11.0,75.0,7,29,0,0,0,0,0.0,0,0,0,0,71,Rendah,Setujui,0.168,0,Aktif di platform 29 bulan (+7) | Tidak ada riwayat macet (+7) | Listrik 75.0% tepat waktu (+3) | Transaksi e-wallet 29/bln (+3),
L1AJN01691,L1NSB01691,PLT001,P2P Lending,2024-08-19,P2P Lending,Pendidikan,1000000,12,30,0.8,0,0,0,0.0,66.7,14,9,0,0,0,0,0.0,0,0,0,0,69,Menengah,Setujui,0.18,0,Aktif di platform 30 bulan (+7) | On-time rate 80% (+5) | E-wallet aktif 14 bulan (+5),
L1AJN01692,L1NSB01692,PLT002,P2P Lending,2024-07-16,P2P Lending,Pendidikan,2000000,3,10,0.75,0,0,0,0.0,62.5,22,16,1,0,0,0,0.0,1,0,0,0,59,Menengah,Setujui,0.238,0,On-time rate 75% (+5) | E-wallet aktif 22 bulan (+5) | Punya rekening bank (+4),Lonjakan top-up sebelum pengajuan (-8) ⚠️
L1AJN01693,L1NSB01693,PLT001,P2P Lending,2024-08-08,P2P Lending,Konsumsi,2000000,12,10,0.8,0,0,0,0.0,83.3,0,0,0,0,0,0,0.0,0,1,0,0,59,Menengah,Setujui,0.238,0,On-time rate 80% (+5) | Listrik 83.3% tepat waktu (+3) | BPJS dibayar rutin (+3),4 tanggungan (-5)
L1AJN01694,L1NSB01694,PLT005,P2P Lending,2024-07-16,P2P Lending,Konsumsi,500000,1,28,0.78,2,1,1,83.5,91.7,12,54,0,1,3806000,1,0.03,0,1,0,0,73,Rendah,Setujui,0.157,0,Aktif di platform 28 bulan (+7) | On-time rate 78% (+5) | 1 pinjaman lancar (+5) | Listrik 91.7% tepat waktu (+7),1 pinjaman macet (-12) | Rata-rata telat 84 hari (-10)
L1AJN01695,L1NSB01695,PLT001,P2P Lending,2024-01-02,P2P Lending,Renovasi,500000,6,28,0.96,1,1,0,1.0,95.8,0,0,0,0,0,0,0.0,1,0,0,0,86,Rendah,Setujui,0.081,0,Aktif di platform 28 bulan (+7) | On-time rate 96% (+10) | 1 pinjaman lancar (+5) | Tidak ada riwayat macet (+7),4 tanggungan (-5)
L1AJN01696,L1NSB01696,PLT005,P2P Lending,2024-10-11,P2P Lending,Renovasi,2000000,12,18,0.76,2,2,0,1.0,83.3,14,25,0,0,0,0,0.0,1,0,0,0,90,Rendah,Setujui,0.058,0,Aktif di platform 18 bulan (+7) | On-time rate 76% (+5) | 2 pinjaman lancar (+10) | Tidak ada riwayat macet (+7),
L1AJN01697,L1NSB01697,PLT004,Multifinance,2024-01-07,Multifinance,Elektronik,10000000,18,14,0.96,1,0,0,30.0,62.5,0,0,0,0,0,0,0.0,1,1,0,0,72,Rendah,Setujui,0.162,0,Aktif di platform 14 bulan (+7) | On-time rate 96% (+10) | Tidak ada riwayat macet (+7) | Punya rekening bank (+4),4 tanggungan (-5)
L1AJN01698,L1NSB01698,PLT001,P2P Lending,2024-12-07,P2P Lending,Renovasi,3000000,9,12,0.74,1,0,0,34.0,79.2,24,70,0,0,0,0,0.0,0,1,0,0,63,Menengah,Setujui,0.215,0,Aktif di platform 12 bulan (+7) | Tidak ada riwayat macet (+7) | Listrik 79.2% tepat waktu (+3) | E-wallet aktif 24 bulan (+5),Rata-rata telat 34 hari (-10) | 4 tanggungan (-5)
L1AJN01699,L1NSB01699,PLT002,P2P Lending,2024-03-25,P2P Lending,Modal usaha,2000000,6,16,0.85,1,0,0,27.0,87.5,0,0,0,1,3521000,1,0.03,0,1,0,0,84,Rendah,Setujui,0.093,0,Aktif di platform 16 bulan (+7) | On-time rate 85% (+5) | Tidak ada riwayat macet (+7) | Listrik 87.5% tepat waktu (+3),
L1AJN01700,L1NSB01700,PLT005,P2P Lending,2024-10-02,P2P Lending,Renovasi,500000,1,15,0.76,2,2,0,1.5,95.8,0,0,0,0,0,0,0.0,1,0,0,0,89,Rendah,Setujui,0.064,0,Aktif di platform 15 bulan (+7) | On-time rate 76% (+5) | 2 pinjaman lancar (+10) | Tidak ada riwayat macet (+7),
L1AJN01701,L1NSB01701,PLT002,P2P Lending,2024-11-23,P2P Lending,Pendidikan,2000000,9,25,0.66,3,1,0,4.0,75.0,11,54,0,0,0,0,0.0,0,1,0,0,82,Rendah,Setujui,0.104,0,Aktif di platform 25 bulan (+7) | 1 pinjaman lancar (+5) | Tidak ada riwayat macet (+7) | Listrik 75.0% tepat waktu (+3),
L1AJN01702,L1NSB01702,PLT004,Multifinance,2024-06-27,Multifinance,Elektronik,20000000,12,11,0.65,1,1,0,1.0,75.0,0,0,0,0,0,0,0.0,1,0,0,0,68,Menengah,Setujui,0.186,0,1 pinjaman lancar (+5) | Tidak ada riwayat macet (+7) | Listrik 75.0% tepat waktu (+3) | Punya rekening bank (+4),
L1AJN01703,L1NSB01703,PLT005,P2P Lending,2024-04-13,P2P Lending,Renovasi,1000000,6,1,0.84,2,1,0,12.5,70.8,10,40,1,0,0,0,0.0,0,0,0,0,58,Menengah,Setujui,0.244,1,On-time rate 84% (+5) | 1 pinjaman lancar (+5) | Tidak ada riwayat macet (+7) | Transaksi e-wallet 40/bln (+3),5 tanggungan (-5) | Lonjakan top-up sebelum pengajuan (-8) ⚠️
L1AJN01704,L1NSB01704,PLT001,P2P Lending,2024-01-06,P2P Lending,Modal usaha,1000000,6,7,0.69,1,1,0,3.0,66.7,22,8,0,1,0,0,0.0,0,0,0,0,66,Menengah,Setujui,0.197,1,1 pinjaman lancar (+5) | Tidak ada riwayat macet (+7) | E-wallet aktif 22 bulan (+5),
L1AJN01705,L1NSB01705,PLT003,Multifinance,2024-12-16,Multifinance,Motor baru,20000000,18,3,0.69,2,0,0,50.5,91.7,20,56,0,0,0,0,0.0,1,0,0,0,70,Rendah,Setujui,0.174,0,Tidak ada riwayat macet (+7) | Listrik 91.7% tepat waktu (+7) | E-wallet aktif 20 bulan (+5) | Transaksi e-wallet 56/bln (+3),Rata-rata telat 50 hari (-10)
L1AJN01706,L1NSB01706,PLT002,P2P Lending,2024-11-21,P2P Lending,Konsumsi,2000000,6,11,0.72,2,1,0,3.5,62.5,0,0,0,0,0,0,0.0,0,1,0,0,64,Menengah,Setujui,0.209,0,1 pinjaman lancar (+5) | Tidak ada riwayat macet (+7) | BPJS dibayar rutin (+3),
L1AJN01707,L1NSB01707,PLT001,P2P Lending,2024-07-30,P2P Lending,Konsumsi,2000000,12,19,0.61,3,1,1,69.3,62.5,11,62,0,1,5645000,1,0.07,1,1,0,0,61,Menengah,Setujui,0.226,0,Aktif di platform 19 bulan (+7) | 1 pinjaman lancar (+5) | Transaksi e-wallet 62/bln (+3) | Income gig konsisten 6 bulan (+8),1 pinjaman macet (-12) | Rata-rata telat 69 hari (-10)
L1AJN01708,L1NSB01708,PLT005,P2P Lending,2024-11-09,P2P Lending,Pendidikan,1000000,12,11,0.99,0,0,0,0.0,62.5,0,0,0,0,0,0,0.0,1,0,0,0,61,Menengah,Setujui,0.226,1,On-time rate 99% (+10) | Punya rekening bank (+4),4 tanggungan (-5)
L1AJN01709,L1NSB01709,PLT003,Multifinance,2024-09-07,Multifinance,Mesin usaha,10000000,18,9,0.65,1,0,0,17.0,70.8,15,23,0,1,0,0,0.0,1,1,0,0,68,Menengah,Setujui,0.186,0,Tidak ada riwayat macet (+7) | E-wallet aktif 15 bulan (+5) | Transaksi e-wallet 23/bln (+3) | Punya rekening bank (+4),4 tanggungan (-5)
L1AJN01710,L1NSB01710,PLT005,P2P Lending,2024-02-13,P2P Lending,Renovasi,3000000,6,8,0.6,4,2,0,6.2,95.8,9,57,0,0,0,0,0.0,1,1,0,0,80,Rendah,Setujui,0.116,1,2 pinjaman lancar (+10) | Tidak ada riwayat macet (+7) | Listrik 95.8% tepat waktu (+7) | Transaksi e-wallet 57/bln (+3),
L1AJN01711,L1NSB01711,PLT002,P2P Lending,2024-12-28,P2P Lending,Pendidikan,500000,12,12,0.78,1,1,0,3.0,70.8,22,79,0,1,4531000,1,0.07,1,1,0,0,95,Rendah,Setujui,0.029,0,Aktif di platform 12 bulan (+7) | On-time rate 78% (+5) | 1 pinjaman lancar (+5) | Tidak ada riwayat macet (+7),
L1AJN01712,L1NSB01712,PLT004,Multifinance,2024-11-16,Multifinance,Motor baru,15000000,12,31,0.93,1,1,0,2.0,66.7,6,28,0,0,0,0,0.0,0,1,0,0,87,Rendah,Setujui,0.075,0,Aktif di platform 31 bulan (+7) | On-time rate 93% (+10) | 1 pinjaman lancar (+5) | Tidak ada riwayat macet (+7),
L1AJN01713,L1NSB01713,PLT005,P2P Lending,2024-07-21,P2P Lending,Renovasi,1000000,6,25,0.68,2,1,0,12.5,87.5,20,13,0,1,1711000,1,0.06,1,1,0,0,95,Rendah,Setujui,0.029,0,Aktif di platform 25 bulan (+7) | 1 pinjaman lancar (+5) | Tidak ada riwayat macet (+7) | Listrik 87.5% tepat waktu (+3),
L1AJN01714,L1NSB01714,PLT002,P2P Lending,2024-01-07,P2P Lending,Konsumsi,500000,1,9,0.74,3,3,0,2.3,91.7,0,0,0,1,1995000,1,0.13,1,0,0,0,88,Rendah,Setujui,0.07,0,3 pinjaman lancar (+15) | Tidak ada riwayat macet (+7) | Listrik 91.7% tepat waktu (+7) | Income gig konsisten 6 bulan (+8),Cancel rate gig 13% (-4)
L1AJN01715,L1NSB01715,PLT002,P2P Lending,2024-05-16,P2P Lending,Pendidikan,5000000,6,16,0.87,4,3,1,90.5,87.5,0,0,0,1,1927000,1,0.12,1,0,0,0,57,Menengah,Setujui,0.249,1,Aktif di platform 16 bulan (+7) | On-time rate 87% (+5) | 3 pinjaman lancar (+15) | Listrik 87.5% tepat waktu (+3),1 pinjaman macet (-12) | Rata-rata telat 90 hari (-10) | 5 tanggungan (-5)
L1AJN01716,L1NSB01716,PLT003,Multifinance,2024-08-19,Multifinance,Elektronik,7000000,12,33,0.66,1,1,0,2.0,91.7,13,42,0,0,0,0,0.0,0,0,0,0,79,Rendah,Setujui,0.122,1,Aktif di platform 33 bulan (+7) | 1 pinjaman lancar (+5) | Tidak ada riwayat macet (+7) | Listrik 91.7% tepat waktu (+7),5 tanggungan (-5)
L1AJN01717,L1NSB01717,PLT001,P2P Lending,2024-06-10,P2P Lending,Pendidikan,3000000,6,35,0.67,1,1,0,0.0,91.7,0,0,0,1,6693000,0,0.08,1,1,0,0,84,Rendah,Setujui,0.093,0,Aktif di platform 35 bulan (+7) | 1 pinjaman lancar (+5) | Tidak ada riwayat macet (+7) | Listrik 91.7% tepat waktu (+7),
L1AJN01718,L1NSB01718,PLT004,Multifinance,2024-04-24,Multifinance,Motor bekas,7000000,24,4,0.83,2,1,1,175.5,58.3,17,48,0,0,0,0,0.0,1,1,0,0,54,Menengah,Setujui,0.267,0,On-time rate 83% (+5) | 1 pinjaman lancar (+5) | E-wallet aktif 17 bulan (+5) | Transaksi e-wallet 48/bln (+3),1 pinjaman macet (-12) | Rata-rata telat 176 hari (-10)
L1AJN01719,L1NSB01719,PLT003,Multifinance,2024-12-26,Multifinance,Elektronik,20000000,12,34,0.81,1,0,0,30.0,66.7,17,48,1,1,3104000,1,0.05,1,0,0,0,90,Rendah,Setujui,0.058,0,Aktif di platform 34 bulan (+7) | On-time rate 81% (+5) | Tidak ada riwayat macet (+7) | E-wallet aktif 17 bulan (+5),Lonjakan top-up sebelum pengajuan (-8) ⚠️
L1AJN01720,L1NSB01720,PLT001,P2P Lending,2024-04-02,P2P Lending,Pendidikan,500000,3,31,0.93,0,0,0,0.0,79.2,23,50,0,0,0,0,0.0,0,0,0,0,74,Rendah,Setujui,0.151,1,Aktif di platform 31 bulan (+7) | On-time rate 93% (+10) | Listrik 79.2% tepat waktu (+3) | E-wallet aktif 23 bulan (+5),4 tanggungan (-5)
L1AJN01721,L1NSB01721,PLT003,Multifinance,2024-11-01,Multifinance,Elektronik,20000000,36,36,0.69,0,0,0,0.0,83.3,0,0,0,1,5580000,1,0.08,0,1,0,0,72,Rendah,Setujui,0.162,1,Aktif di platform 36 bulan (+7) | Listrik 83.3% tepat waktu (+3) | Income gig konsisten 6 bulan (+8) | Rating gig 4.7 (+5),
L1AJN01722,L1NSB01722,PLT004,Multifinance,2024-10-07,Multifinance,Mesin usaha,20000000,18,17,0.78,0,0,0,0.0,83.3,22,22,0,1,2096000,1,0.14,0,1,0,0,81,Rendah,Setujui,0.11,0,Aktif di platform 17 bulan (+7) | On-time rate 78% (+5) | Listrik 83.3% tepat waktu (+3) | E-wallet aktif 22 bulan (+5),Cancel rate gig 14% (-4)
L1AJN01723,L1NSB01723,PLT005,P2P Lending,2024-08-05,P2P Lending,Modal usaha,3000000,12,27,0.58,3,3,0,1.7,66.7,19,11,0,1,2894000,0,0.09,1,1,0,0,93,Rendah,Setujui,0.041,0,Aktif di platform 27 bulan (+7) | 3 pinjaman lancar (+15) | Tidak ada riwayat macet (+7) | E-wallet aktif 19 bulan (+5),4 tanggungan (-5)
L1AJN01724,L1NSB01724,PLT005,P2P Lending,2024-09-21,P2P Lending,Modal usaha,2000000,3,5,0.71,0,0,0,0.0,83.3,6,59,0,0,0,0,0.0,0,1,0,0,61,Menengah,Setujui,0.226,0,Listrik 83.3% tepat waktu (+3) | Transaksi e-wallet 59/bln (+3) | BPJS dibayar rutin (+3),
L1AJN01725,L1NSB01725,PLT001,P2P Lending,2024-10-06,P2P Lending,Modal usaha,3000000,6,13,0.81,3,0,0,24.7,62.5,0,0,0,1,3281000,1,0.14,0,0,0,0,71,Rendah,Setujui,0.168,0,Aktif di platform 13 bulan (+7) | On-time rate 81% (+5) | Tidak ada riwayat macet (+7) | Income gig konsisten 6 bulan (+8),Cancel rate gig 14% (-4)
L1AJN01726,L1NSB01726,PLT001,P2P Lending,2024-02-18,P2P Lending,Renovasi,3000000,3,32,0.82,0,0,0,0.0,83.3,21,56,1,0,0,0,0.0,0,1,0,0,66,Menengah,Setujui,0.197,0,Aktif di platform 32 bulan (+7) | On-time rate 82% (+5) | Listrik 83.3% tepat waktu (+3) | E-wallet aktif 21 bulan (+5),Lonjakan top-up sebelum pengajuan (-8) ⚠️
L1AJN01727,L1NSB01727,PLT004,Multifinance,2024-05-11,Multifinance,Motor baru,15000000,24,19,0.77,1,1,0,0.0,91.7,21,80,0,0,0,0,0.0,1,1,1,7000000,95,Rendah,Setujui,0.029,0,Aktif di platform 19 bulan (+7) | On-time rate 77% (+5) | 1 pinjaman lancar (+5) | Tidak ada riwayat macet (+7),
L1AJN01728,L1NSB01728,PLT002,P2P Lending,2024-10-28,P2P Lending,Pendidikan,2000000,6,28,0.8,1,1,0,1.0,87.5,7,41,0,0,0,0,0.0,1,1,0,0,91,Rendah,Setujui,0.052,0,Aktif di platform 28 bulan (+7) | On-time rate 80% (+5) | 1 pinjaman lancar (+5) | Tidak ada riwayat macet (+7),
L1AJN01729,L1NSB01729,PLT001,P2P Lending,2024-05-03,P2P Lending,Renovasi,500000,1,6,0.78,0,0,0,0.0,100.0,18,67,0,1,2172000,1,0.15,1,0,0,0,80,Rendah,Setujui,0.116,1,On-time rate 78% (+5) | Listrik 100.0% tepat waktu (+7) | E-wallet aktif 18 bulan (+5) | Transaksi e-wallet 67/bln (+3),5 tanggungan (-5) | Cancel rate gig 15% (-4)
L1AJN01730,L1NSB01730,PLT004,Multifinance,2024-02-07,Multifinance,Mesin usaha,20000000,24,25,0.68,1,1,0,1.0,70.8,9,18,1,1,2910000,0,0.04,1,0,0,0,65,Menengah,Setujui,0.203,1,Aktif di platform 25 bulan (+7) | 1 pinjaman lancar (+5) | Tidak ada riwayat macet (+7) | Punya rekening bank (+4),Lonjakan top-up sebelum pengajuan (-8) ⚠️
L1AJN01731,L1NSB01731,PLT005,P2P Lending,2024-07-02,P2P Lending,Modal usaha,5000000,12,28,0.97,2,1,0,31.0,75.0,22,8,0,0,0,0,0.0,1,1,0,0,84,Rendah,Setujui,0.093,0,Aktif di platform 28 bulan (+7) | On-time rate 97% (+10) | 1 pinjaman lancar (+5) | Tidak ada riwayat macet (+7),Rata-rata telat 31 hari (-10)
L1AJN01732,L1NSB01732,PLT004,Multifinance,2024-01-23,Multifinance,Motor baru,3000000,36,20,0.6,2,0,0,40.5,79.2,0,0,0,1,7340000,1,0.07,0,0,0,0,68,Menengah,Setujui,0.186,1,Aktif di platform 20 bulan (+7) | Tidak ada riwayat macet (+7) | Listrik 79.2% tepat waktu (+3) | Income gig konsisten 6 bulan (+8),Rata-rata telat 40 hari (-10)
L1AJN01733,L1NSB01733,PLT003,Multifinance,2024-04-01,Multifinance,Motor bekas,5000000,12,13,0.84,1,1,0,0.0,58.3,15,53,0,0,0,0,0.0,0,0,0,0,81,Rendah,Setujui,0.11,0,Aktif di platform 13 bulan (+7) | On-time rate 84% (+5) | 1 pinjaman lancar (+5) | Tidak ada riwayat macet (+7),
L1AJN01734,L1NSB01734,PLT005,P2P Lending,2024-04-26,P2P Lending,Renovasi,2000000,1,9,0.95,1,1,0,2.0,75.0,17,38,0,0,0,0,0.0,0,0,0,0,80,Rendah,Setujui,0.116,0,On-time rate 95% (+10) | 1 pinjaman lancar (+5) | Tidak ada riwayat macet (+7) | Listrik 75.0% tepat waktu (+3),
L1AJN01735,L1NSB01735,PLT003,Multifinance,2024-10-13,Multifinance,Mesin usaha,3000000,18,22,0.79,2,2,0,1.5,75.0,16,6,0,1,2879000,1,0.12,1,1,0,0,95,Rendah,Setujui,0.029,0,Aktif di platform 22 bulan (+7) | On-time rate 79% (+5) | 2 pinjaman lancar (+10) | Tidak ada riwayat macet (+7),Cancel rate gig 12% (-4)
L1AJN01736,L1NSB01736,PLT005,P2P Lending,2024-05-11,P2P Lending,Konsumsi,500000,12,15,0.58,0,0,0,0.0,83.3,0,0,0,1,4426000,0,0.09,1,1,0,0,65,Menengah,Setujui,0.203,0,Aktif di platform 15 bulan (+7) | Listrik 83.3% tepat waktu (+3) | Punya rekening bank (+4) | BPJS dibayar rutin (+3),
L1AJN01737,L1NSB01737,PLT005,P2P Lending,2024-07-31,P2P Lending,Renovasi,500000,1,18,0.63,0,0,0,0.0,62.5,0,0,0,0,0,0,0.0,1,0,0,0,60,Menengah,Setujui,0.232,0,Aktif di platform 18 bulan (+7) | Punya rekening bank (+4),4 tanggungan (-5)
L1AJN01738,L1NSB01738,PLT004,Multifinance,2024-05-12,Multifinance,Motor baru,20000000,18,30,0.75,2,2,0,1.0,66.7,24,14,0,0,0,0,0.0,1,1,0,0,85,Rendah,Setujui,0.087,0,Aktif di platform 30 bulan (+7) | On-time rate 75% (+5) | 2 pinjaman lancar (+10) | Tidak ada riwayat macet (+7),5 tanggungan (-5)
L1AJN01739,L1NSB01739,PLT003,Multifinance,2024-03-31,Multifinance,Motor baru,3000000,12,24,0.56,4,3,0,6.2,79.2,21,54,0,1,2825000,1,0.13,1,0,0,0,94,Rendah,Setujui,0.035,0,Aktif di platform 24 bulan (+7) | 3 pinjaman lancar (+15) | Tidak ada riwayat macet (+7) | Listrik 79.2% tepat waktu (+3),4 tanggungan (-5) | Cancel rate gig 13% (-4)
L1AJN01740,L1NSB01740,PLT005,P2P Lending,2024-12-24,P2P Lending,Modal usaha,1000000,6,30,0.93,4,2,0,15.2,91.7,24,76,0,0,0,0,0.0,0,0,0,0,95,Rendah,Setujui,0.029,0,Aktif di platform 30 bulan (+7) | On-time rate 93% (+10) | 2 pinjaman lancar (+10) | Tidak ada riwayat macet (+7),
L1AJN01741,L1NSB01741,PLT001,P2P Lending,2024-02-26,P2P Lending,Konsumsi,2000000,6,16,0.72,0,0,0,0.0,91.7,9,50,0,0,0,0,0.0,1,0,0,0,71,Rendah,Setujui,0.168,0,Aktif di platform 16 bulan (+7) | Listrik 91.7% tepat waktu (+7) | Transaksi e-wallet 50/bln (+3) | Punya rekening bank (+4),
L1AJN01742,L1NSB01742,PLT002,P2P Lending,2024-11-03,P2P Lending,Pendidikan,500000,6,8,0.94,1,1,0,3.0,66.7,0,0,0,1,4251000,0,0.02,1,1,0,0,78,Rendah,Setujui,0.128,0,On-time rate 94% (+10) | 1 pinjaman lancar (+5) | Tidak ada riwayat macet (+7) | Punya rekening bank (+4),4 tanggungan (-5)
L1AJN01743,L1NSB01743,PLT001,P2P Lending,2024-04-26,P2P Lending,Konsumsi,500000,1,33,0.86,2,1,0,38.5,95.8,0,0,0,0,0,0,0.0,1,1,0,0,75,Rendah,Setujui,0.145,1,Aktif di platform 33 bulan (+7) | On-time rate 86% (+5) | 1 pinjaman lancar (+5) | Tidak ada riwayat macet (+7),Rata-rata telat 38 hari (-10)
L1AJN01744,L1NSB01744,PLT002,P2P Lending,2024-05-09,P2P Lending,Konsumsi,500000,6,11,0.77,1,0,0,27.0,100.0,12,65,0,1,6159000,1,0.1,1,1,0,0,95,Rendah,Setujui,0.029,1,On-time rate 77% (+5) | Tidak ada riwayat macet (+7) | Listrik 100.0% tepat waktu (+7) | E-wallet aktif 12 bulan (+5),4 tanggungan (-5)
L1AJN01745,L1NSB01745,PLT003,Multifinance,2024-12-28,Multifinance,Elektronik,7000000,12,9,0.94,0,0,0,0.0,83.3,0,0,0,0,0,0,0.0,1,0,0,0,67,Menengah,Setujui,0.191,0,On-time rate 94% (+10) | Listrik 83.3% tepat waktu (+3) | Punya rekening bank (+4),
L1AJN01746,L1NSB01746,PLT001,P2P Lending,2024-06-30,P2P Lending,Modal usaha,2000000,3,29,0.96,1,0,0,5.0,79.2,22,32,1,1,2924000,0,0.15,0,0,0,0,71,Rendah,Setujui,0.168,0,Aktif di platform 29 bulan (+7) | On-time rate 96% (+10) | Tidak ada riwayat macet (+7) | Listrik 79.2% tepat waktu (+3),4 tanggungan (-5) | Lonjakan top-up sebelum pengajuan (-8) ⚠️ | Cancel rate gig 15% (-4)
L1AJN01747,L1NSB01747,PLT004,Multifinance,2024-11-23,Multifinance,Motor baru,7000000,24,33,0.8,2,1,0,10.0,83.3,0,0,0,0,0,0,0.0,1,1,0,0,85,Rendah,Setujui,0.087,0,Aktif di platform 33 bulan (+7) | On-time rate 80% (+5) | 1 pinjaman lancar (+5) | Tidak ada riwayat macet (+7),
L1AJN01748,L1NSB01748,PLT002,P2P Lending,2024-03-14,P2P Lending,Renovasi,2000000,6,14,0.67,1,1,0,3.0,58.3,0,0,0,0,0,0,0.0,0,1,0,0,72,Rendah,Setujui,0.162,0,Aktif di platform 14 bulan (+7) | 1 pinjaman lancar (+5) | Tidak ada riwayat macet (+7) | BPJS dibayar rutin (+3),
L1AJN01749,L1NSB01749,PLT005,P2P Lending,2024-03-25,P2P Lending,Renovasi,3000000,6,19,0.65,0,0,0,0.0,75.0,0,0,0,0,0,0,0.0,1,1,0,0,68,Menengah,Setujui,0.186,1,Aktif di platform 19 bulan (+7) | Listrik 75.0% tepat waktu (+3) | Punya rekening bank (+4) | BPJS dibayar rutin (+3),
L1AJN01750,L1NSB01750,PLT002,P2P Lending,2024-02-20,P2P Lending,Konsumsi,1000000,1,2,0.63,1,1,0,3.0,79.2,10,66,0,0,0,0,0.0,1,0,0,0,67,Menengah,Setujui,0.191,1,1 pinjaman lancar (+5) | Tidak ada riwayat macet (+7) | Listrik 79.2% tepat waktu (+3) | Transaksi e-wallet 66/bln (+3),5 tanggungan (-5)
L1AJN01751,L1NSB01751,PLT001,P2P Lending,2024-07-09,P2P Lending,Pendidikan,3000000,3,1,0.81,2,2,0,2.0,66.7,20,37,0,1,4270000,1,0.09,1,0,0,0,92,Rendah,Setujui,0.046,0,On-time rate 81% (+5) | 2 pinjaman lancar (+10) | Tidak ada riwayat macet (+7) | E-wallet aktif 20 bulan (+5),
L1AJN01752,L1NSB01752,PLT001,P2P Lending,2024-10-10,P2P Lending,Konsumsi,3000000,6,35,0.86,0,0,0,0.0,66.7,19,5,0,0,0,0,0.0,1,1,0,0,66,Menengah,Setujui,0.197,0,Aktif di platform 35 bulan (+7) | On-time rate 86% (+5) | E-wallet aktif 19 bulan (+5) | Punya rekening bank (+4),5 tanggungan (-5)
L1AJN01753,L1NSB01753,PLT002,P2P Lending,2024-07-24,P2P Lending,Modal usaha,500000,12,34,0.7,2,1,1,100.5,87.5,22,15,0,0,0,0,0.0,1,1,0,0,46,Tinggi,Tolak,0.313,0,Aktif di platform 34 bulan (+7) | 1 pinjaman lancar (+5) | Listrik 87.5% tepat waktu (+3) | E-wallet aktif 22 bulan (+5),1 pinjaman macet (-12) | Rata-rata telat 100 hari (-10) | 4 tanggungan (-5)
L1AJN01754,L1NSB01754,PLT002,P2P Lending,2024-07-28,P2P Lending,Konsumsi,1000000,3,22,0.96,2,2,0,0.5,100.0,17,11,0,0,0,0,0.0,1,0,0,0,95,Rendah,Setujui,0.029,0,Aktif di platform 22 bulan (+7) | On-time rate 96% (+10) | 2 pinjaman lancar (+10) | Tidak ada riwayat macet (+7),
L1AJN01755,L1NSB01755,PLT004,Multifinance,2024-08-16,Multifinance,Motor baru,3000000,18,4,0.63,0,0,0,0.0,95.8,8,53,0,1,4454000,1,0.14,1,1,0,0,67,Menengah,Setujui,0.191,1,Listrik 95.8% tepat waktu (+7) | Transaksi e-wallet 53/bln (+3) | Income gig konsisten 6 bulan (+8) | Punya rekening bank (+4),Cancel rate gig 14% (-4)
L1AJN01756,L1NSB01756,PLT002,P2P Lending,2024-11-05,P2P Lending,Renovasi,5000000,1,12,0.68,2,2,0,1.5,70.8,12,53,0,1,7996000,1,0.13,1,0,0,0,95,Rendah,Setujui,0.029,0,Aktif di platform 12 bulan (+7) | 2 pinjaman lancar (+10) | Tidak ada riwayat macet (+7) | E-wallet aktif 12 bulan (+5),Cancel rate gig 13% (-4)
L1AJN01757,L1NSB01757,PLT005,P2P Lending,2024-12-15,P2P Lending,Modal usaha,2000000,12,12,0.91,1,0,0,11.0,66.7,9,58,0,1,5345000,1,0.05,0,0,0,0,81,Rendah,Setujui,0.11,0,Aktif di platform 12 bulan (+7) | On-time rate 91% (+10) | Tidak ada riwayat macet (+7) | Transaksi e-wallet 58/bln (+3),
L1AJN01758,L1NSB01758,PLT001,P2P Lending,2024-02-16,P2P Lending,Pendidikan,500000,9,26,0.7,2,2,0,0.5,100.0,21,29,0,1,0,0,0.0,1,0,0,0,93,Rendah,Setujui,0.041,0,Aktif di platform 26 bulan (+7) | 2 pinjaman lancar (+10) | Tidak ada riwayat macet (+7) | Listrik 100.0% tepat waktu (+7),
L1AJN01759,L1NSB01759,PLT004,Multifinance,2024-01-13,Multifinance,Mesin usaha,10000000,12,18,0.69,1,1,0,2.0,91.7,7,27,0,0,0,0,0.0,0,0,0,0,77,Rendah,Setujui,0.133,0,Aktif di platform 18 bulan (+7) | 1 pinjaman lancar (+5) | Tidak ada riwayat macet (+7) | Listrik 91.7% tepat waktu (+7),
L1AJN01760,L1NSB01760,PLT004,Multifinance,2024-11-13,Multifinance,Mesin usaha,20000000,24,1,0.98,3,3,0,1.3,100.0,16,16,0,0,0,0,0.0,1,0,0,0,95,Rendah,Setujui,0.029,0,On-time rate 98% (+10) | 3 pinjaman lancar (+15) | Tidak ada riwayat macet (+7) | Listrik 100.0% tepat waktu (+7),
L1AJN01761,L1NSB01761,PLT002,P2P Lending,2024-06-26,P2P Lending,Renovasi,5000000,1,6,0.83,3,3,0,2.7,62.5,0,0,0,0,0,0,0.0,0,0,0,0,81,Rendah,Setujui,0.11,0,On-time rate 83% (+5) | 3 pinjaman lancar (+15) | Tidak ada riwayat macet (+7),
L1AJN01762,L1NSB01762,PLT005,P2P Lending,2024-08-28,P2P Lending,Konsumsi,5000000,6,25,0.62,2,1,0,18.5,66.7,17,38,0,0,0,0,0.0,0,0,0,0,77,Rendah,Setujui,0.133,0,Aktif di platform 25 bulan (+7) | 1 pinjaman lancar (+5) | Tidak ada riwayat macet (+7) | E-wallet aktif 17 bulan (+5),
L1AJN01763,L1NSB01763,PLT001,P2P Lending,2024-03-25,P2P Lending,Modal usaha,3000000,6,28,0.6,0,0,0,0.0,75.0,18,74,0,0,0,0,0.0,1,1,0,0,69,Menengah,Setujui,0.18,0,Aktif di platform 28 bulan (+7) | Listrik 75.0% tepat waktu (+3) | E-wallet aktif 18 bulan (+5) | Transaksi e-wallet 74/bln (+3),4 tanggungan (-5)
L1AJN01764,L1NSB01764,PLT001,P2P Lending,2024-03-02,P2P Lending,Konsumsi,5000000,1,18,0.64,3,1,0,30.7,95.8,23,58,0,0,0,0,0.0,1,0,0,0,74,Rendah,Setujui,0.151,0,Aktif di platform 18 bulan (+7) | 1 pinjaman lancar (+5) | Tidak ada riwayat macet (+7) | Listrik 95.8% tepat waktu (+7),Rata-rata telat 31 hari (-10)
L1AJN01765,L1NSB01765,PLT002,P2P Lending,2024-10-26,P2P Lending,Modal usaha,1000000,9,26,0.74,3,2,0,12.3,70.8,15,46,0,1,3277000,1,0.03,1,0,0,0,93,Rendah,Setujui,0.041,0,Aktif di platform 26 bulan (+7) | 2 pinjaman lancar (+10) | Tidak ada riwayat macet (+7) | E-wallet aktif 15 bulan (+5),5 tanggungan (-5)
L1AJN01766,L1NSB01766,PLT003,Multifinance,2024-03-10,Multifinance,Elektronik,15000000,24,20,0.82,2,1,1,64.5,87.5,6,45,0,1,0,0,0.0,1,1,0,0,60,Menengah,Setujui,0.232,0,Aktif di platform 20 bulan (+7) | On-time rate 82% (+5) | 1 pinjaman lancar (+5) | Listrik 87.5% tepat waktu (+3),1 pinjaman macet (-12) | Rata-rata telat 64 hari (-10)
L1AJN01767,L1NSB01767,PLT002,P2P Lending,2024-04-12,P2P Lending,Konsumsi,2000000,12,11,0.93,3,3,0,1.3,100.0,17,35,0,1,7774000,1,0.01,0,1,0,0,95,Rendah,Setujui,0.029,0,On-time rate 93% (+10) | 3 pinjaman lancar (+15) | Tidak ada riwayat macet (+7) | Listrik 100.0% tepat waktu (+7),
L1AJN01768,L1NSB01768,PLT002,P2P Lending,2024-04-22,P2P Lending,Modal usaha,2000000,3,10,0.86,1,1,0,3.0,95.8,14,16,0,0,0,0,0.0,1,0,0,0,83,Rendah,Setujui,0.099,1,On-time rate 86% (+5) | 1 pinjaman lancar (+5) | Tidak ada riwayat macet (+7) | Listrik 95.8% tepat waktu (+7),
L1AJN01769,L1NSB01769,PLT004,Multifinance,2024-02-13,Multifinance,Motor bekas,5000000,24,33,0.7,1,1,0,3.0,62.5,23,54,0,0,0,0,0.0,1,0,0,0,82,Rendah,Setujui,0.104,0,Aktif di platform 33 bulan (+7) | 1 pinjaman lancar (+5) | Tidak ada riwayat macet (+7) | E-wallet aktif 23 bulan (+5),
L1AJN01770,L1NSB01770,PLT002,P2P Lending,2024-12-07,P2P Lending,Pendidikan,500000,3,34,0.94,2,2,0,1.5,70.8,6,38,0,0,0,0,0.0,1,0,0,0,89,Rendah,Setujui,0.064,0,Aktif di platform 34 bulan (+7) | On-time rate 94% (+10) | 2 pinjaman lancar (+10) | Tidak ada riwayat macet (+7),
L1AJN01771,L1NSB01771,PLT002,P2P Lending,2024-12-31,P2P Lending,Pendidikan,500000,6,9,0.83,3,3,0,1.3,66.7,0,0,0,0,0,0,0.0,1,0,0,0,76,Rendah,Setujui,0.139,0,On-time rate 83% (+5) | 3 pinjaman lancar (+15) | Tidak ada riwayat macet (+7) | Punya rekening bank (+4),5 tanggungan (-5)
L1AJN01772,L1NSB01772,PLT004,Multifinance,2024-12-21,Multifinance,Motor baru,20000000,24,5,0.7,1,1,0,1.0,58.3,24,42,0,0,0,0,0.0,1,0,0,0,78,Rendah,Setujui,0.128,0,1 pinjaman lancar (+5) | Tidak ada riwayat macet (+7) | E-wallet aktif 24 bulan (+5) | Transaksi e-wallet 42/bln (+3),
L1AJN01773,L1NSB01773,PLT001,P2P Lending,2024-09-20,P2P Lending,Konsumsi,500000,1,14,0.71,1,1,0,2.0,70.8,16,25,0,0,0,0,0.0,0,1,0,0,76,Rendah,Setujui,0.139,0,Aktif di platform 14 bulan (+7) | 1 pinjaman lancar (+5) | Tidak ada riwayat macet (+7) | E-wallet aktif 16 bulan (+5),
L1AJN01774,L1NSB01774,PLT005,P2P Lending,2024-04-09,P2P Lending,Modal usaha,5000000,3,21,0.87,3,3,0,1.3,87.5,17,79,0,1,0,0,0.0,0,1,0,0,90,Rendah,Setujui,0.058,0,Aktif di platform 21 bulan (+7) | On-time rate 87% (+5) | 3 pinjaman lancar (+15) | Tidak ada riwayat macet (+7),5 tanggungan (-5)
L1AJN01775,L1NSB01775,PLT005,P2P Lending,2024-07-05,P2P Lending,Modal usaha,2000000,9,34,0.65,1,1,0,0.0,66.7,14,34,0,0,0,0,0.0,0,0,0,0,74,Rendah,Setujui,0.151,0,Aktif di platform 34 bulan (+7) | 1 pinjaman lancar (+5) | Tidak ada riwayat macet (+7) | E-wallet aktif 14 bulan (+5),
L1AJN01776,L1NSB01776,PLT005,P2P Lending,2024-11-09,P2P Lending,Konsumsi,2000000,1,35,0.79,2,2,0,2.5,79.2,16,47,0,0,0,0,0.0,0,1,0,0,95,Rendah,Setujui,0.029,0,Aktif di platform 35 bulan (+7) | On-time rate 79% (+5) | 2 pinjaman lancar (+10) | Tidak ada riwayat macet (+7),
L1AJN01777,L1NSB01777,PLT001,P2P Lending,2024-07-27,P2P Lending,Konsumsi,1000000,9,1,0.9,2,1,0,2.5,91.7,13,12,0,0,0,0,0.0,0,1,0,0,79,Rendah,Setujui,0.122,0,On-time rate 90% (+10) | 1 pinjaman lancar (+5) | Tidak ada riwayat macet (+7) | Listrik 91.7% tepat waktu (+7),5 tanggungan (-5)
L1AJN01778,L1NSB01778,PLT003,Multifinance,2024-06-05,Multifinance,Mesin usaha,20000000,12,16,0.76,2,2,0,1.5,75.0,15,33,0,0,0,0,0.0,0,0,0,0,84,Rendah,Setujui,0.093,1,Aktif di platform 16 bulan (+7) | On-time rate 76% (+5) | 2 pinjaman lancar (+10) | Tidak ada riwayat macet (+7),5 tanggungan (-5)
L1AJN01779,L1NSB01779,PLT004,Multifinance,2024-11-13,Multifinance,Motor baru,20000000,12,26,0.85,0,0,0,0.0,79.2,0,0,0,1,4689000,1,0.03,1,0,0,0,79,Rendah,Setujui,0.122,0,Aktif di platform 26 bulan (+7) | On-time rate 85% (+5) | Listrik 79.2% tepat waktu (+3) | Income gig konsisten 6 bulan (+8),
L1AJN01780,L1NSB01780,PLT005,P2P Lending,2024-11-04,P2P Lending,Modal usaha,2000000,12,10,0.82,1,1,0,0.0,83.3,21,64,0,0,0,0,0.0,1,1,0,0,86,Rendah,Setujui,0.081,0,On-time rate 82% (+5) | 1 pinjaman lancar (+5) | Tidak ada riwayat macet (+7) | Listrik 83.3% tepat waktu (+3),
L1AJN01781,L1NSB01781,PLT004,Multifinance,2024-11-06,Multifinance,Mesin usaha,20000000,24,13,0.71,0,0,0,0.0,79.2,0,0,0,0,0,0,0.0,0,0,0,0,60,Menengah,Setujui,0.232,0,Aktif di platform 13 bulan (+7) | Listrik 79.2% tepat waktu (+3),
L1AJN01782,L1NSB01782,PLT005,P2P Lending,2024-01-27,P2P Lending,Renovasi,500000,9,28,0.78,1,1,0,1.0,75.0,9,41,0,1,3797000,0,0.11,1,0,0,0,77,Rendah,Setujui,0.133,0,Aktif di platform 28 bulan (+7) | On-time rate 78% (+5) | 1 pinjaman lancar (+5) | Tidak ada riwayat macet (+7),Cancel rate gig 11% (-4)
L1AJN01783,L1NSB01783,PLT004,Multifinance,2024-04-17,Multifinance,Motor baru,7000000,18,31,0.88,2,1,1,58.5,62.5,24,24,0,0,0,0,0.0,1,1,0,0,57,Menengah,Setujui,0.249,0,Aktif di platform 31 bulan (+7) | On-time rate 88% (+5) | 1 pinjaman lancar (+5) | E-wallet aktif 24 bulan (+5),1 pinjaman macet (-12) | Rata-rata telat 58 hari (-10)
L1AJN01784,L1NSB01784,PLT002,P2P Lending,2024-05-07,P2P Lending,Modal usaha,1000000,6,18,0.81,3,3,0,1.3,75.0,0,0,0,0,0,0,0.0,0,0,0,0,79,Rendah,Setujui,0.122,0,Aktif di platform 18 bulan (+7) | On-time rate 81% (+5) | 3 pinjaman lancar (+15) | Tidak ada riwayat macet (+7),4 tanggungan (-5)
L1AJN01785,L1NSB01785,PLT001,P2P Lending,2024-08-31,P2P Lending,Konsumsi,1000000,1,7,0.97,2,2,0,2.0,95.8,17,52,0,0,0,0,0.0,0,1,0,0,94,Rendah,Setujui,0.035,0,On-time rate 97% (+10) | 2 pinjaman lancar (+10) | Tidak ada riwayat macet (+7) | Listrik 95.8% tepat waktu (+7),
L1AJN01786,L1NSB01786,PLT005,P2P Lending,2024-10-06,P2P Lending,Modal usaha,1000000,9,32,0.94,1,1,0,0.0,70.8,0,0,0,1,3819000,0,0.06,0,1,0,0,85,Rendah,Setujui,0.087,0,Aktif di platform 32 bulan (+7) | On-time rate 94% (+10) | 1 pinjaman lancar (+5) | Tidak ada riwayat macet (+7),4 tanggungan (-5)
L1AJN01787,L1NSB01787,PLT005,P2P Lending,2024-09-07,P2P Lending,Konsumsi,2000000,6,16,0.91,2,2,0,0.5,91.7,16,13,0,0,0,0,0.0,1,0,0,0,95,Rendah,Setujui,0.029,0,Aktif di platform 16 bulan (+7) | On-time rate 91% (+10) | 2 pinjaman lancar (+10) | Tidak ada riwayat macet (+7),
L1AJN01788,L1NSB01788,PLT005,P2P Lending,2024-03-12,P2P Lending,Pendidikan,2000000,6,3,0.6,2,2,0,1.0,58.3,18,37,0,0,0,0,0.0,1,1,0,0,81,Rendah,Setujui,0.11,0,2 pinjaman lancar (+10) | Tidak ada riwayat macet (+7) | E-wallet aktif 18 bulan (+5) | Transaksi e-wallet 37/bln (+3),
L1AJN01789,L1NSB01789,PLT001,P2P Lending,2024-02-24,P2P Lending,Renovasi,2000000,1,26,0.59,3,3,0,2.0,100.0,21,66,0,1,3832000,1,0.12,0,1,0,0,95,Rendah,Setujui,0.029,0,Aktif di platform 26 bulan (+7) | 3 pinjaman lancar (+15) | Tidak ada riwayat macet (+7) | Listrik 100.0% tepat waktu (+7),4 tanggungan (-5) | Cancel rate gig 12% (-4)
L1AJN01790,L1NSB01790,PLT003,Multifinance,2024-11-23,Multifinance,Elektronik,20000000,36,4,0.84,1,1,0,3.0,83.3,23,25,0,0,0,0,0.0,1,0,0,0,81,Rendah,Setujui,0.11,0,On-time rate 84% (+5) | 1 pinjaman lancar (+5) | Tidak ada riwayat macet (+7) | Listrik 83.3% tepat waktu (+3),5 tanggungan (-5)
L1AJN01791,L1NSB01791,PLT001,P2P Lending,2024-06-04,P2P Lending,Modal usaha,5000000,9,3,1.0,2,2,0,0.5,91.7,22,19,0,0,0,0,0.0,1,0,0,0,93,Rendah,Setujui,0.041,0,On-time rate 100% (+10) | 2 pinjaman lancar (+10) | Tidak ada riwayat macet (+7) | Listrik 91.7% tepat waktu (+7),
L1AJN01792,L1NSB01792,PLT001,P2P Lending,2024-10-28,P2P Lending,Modal usaha,500000,1,19,0.67,4,2,1,82.2,66.7,0,0,0,1,7069000,1,0.12,0,0,0,0,49,Tinggi,Tolak,0.296,0,Aktif di platform 19 bulan (+7) | 2 pinjaman lancar (+10) | Income gig konsisten 6 bulan (+8),1 pinjaman macet (-12) | Rata-rata telat 82 hari (-10) | Cancel rate gig 12% (-4)
L1AJN01793,L1NSB01793,PLT005,P2P Lending,2024-11-21,P2P Lending,Konsumsi,500000,3,26,0.65,3,1,1,83.3,70.8,8,13,0,1,7892000,1,0.08,0,0,0,0,51,Menengah,Setujui,0.284,1,Aktif di platform 26 bulan (+7) | 1 pinjaman lancar (+5) | Income gig konsisten 6 bulan (+8) | Rating gig 4.7 (+5),1 pinjaman macet (-12) | Rata-rata telat 83 hari (-10) | 5 tanggungan (-5)
L1AJN01794,L1NSB01794,PLT001,P2P Lending,2024-07-17,P2P Lending,Konsumsi,2000000,9,1,0.83,0,0,0,0.0,95.8,14,23,0,0,0,0,0.0,0,1,0,0,75,Rendah,Setujui,0.145,1,On-time rate 83% (+5) | Listrik 95.8% tepat waktu (+7) | E-wallet aktif 14 bulan (+5) | Transaksi e-wallet 23/bln (+3),
L1AJN01795,L1NSB01795,PLT005,P2P Lending,2024-08-03,P2P Lending,Pendidikan,1000000,1,13,0.93,4,3,0,15.5,95.8,17,66,0,0,0,0,0.0,0,1,0,0,95,Rendah,Setujui,0.029,0,Aktif di platform 13 bulan (+7) | On-time rate 93% (+10) | 3 pinjaman lancar (+15) | Tidak ada riwayat macet (+7),
L1AJN01796,L1NSB01796,PLT005,P2P Lending,2024-04-23,P2P Lending,Renovasi,500000,6,25,0.98,1,1,0,0.0,87.5,0,0,0,0,0,0,0.0,1,1,0,0,89,Rendah,Setujui,0.064,0,Aktif di platform 25 bulan (+7) | On-time rate 98% (+10) | 1 pinjaman lancar (+5) | Tidak ada riwayat macet (+7),
L1AJN01797,L1NSB01797,PLT003,Multifinance,2024-11-02,Multifinance,Motor baru,7000000,24,25,0.88,0,0,0,0.0,95.8,15,74,0,0,0,0,0.0,0,0,0,0,71,Rendah,Setujui,0.168,0,Aktif di platform 25 bulan (+7) | On-time rate 88% (+5) | Listrik 95.8% tepat waktu (+7) | E-wallet aktif 15 bulan (+5),5 tanggungan (-5)
L1AJN01798,L1NSB01798,PLT002,P2P Lending,2024-12-15,P2P Lending,Modal usaha,1000000,1,4,0.61,2,1,0,17.0,100.0,11,8,0,0,0,0,0.0,0,1,0,0,74,Rendah,Setujui,0.151,0,1 pinjaman lancar (+5) | Tidak ada riwayat macet (+7) | Listrik 100.0% tepat waktu (+7) | BPJS dibayar rutin (+3),
L1AJN01799,L1NSB01799,PLT003,Multifinance,2024-03-24,Multifinance,Motor bekas,7000000,24,6,0.83,2,2,0,1.0,91.7,20,39,0,1,0,0,0.0,1,0,0,0,93,Rendah,Setujui,0.041,0,On-time rate 83% (+5) | 2 pinjaman lancar (+10) | Tidak ada riwayat macet (+7) | Listrik 91.7% tepat waktu (+7),
L1AJN01800,L1NSB01800,PLT005,P2P Lending,2024-01-17,P2P Lending,Pendidikan,2000000,3,16,0.86,2,1,1,125.5,100.0,0,0,0,1,1947000,1,0.05,0,0,0,0,63,Menengah,Setujui,0.215,0,Aktif di platform 16 bulan (+7) | On-time rate 86% (+5) | 1 pinjaman lancar (+5) | Listrik 100.0% tepat waktu (+7),1 pinjaman macet (-12) | Rata-rata telat 126 hari (-10) | 4 tanggungan (-5)
L1AJN01801,L1NSB01801,PLT004,Multifinance,2024-01-26,Multifinance,Motor bekas,3000000,24,8,0.75,2,2,0,1.0,62.5,9,11,0,0,0,0,0.0,1,1,0,0,82,Rendah,Setujui,0.104,0,On-time rate 75% (+5) | 2 pinjaman lancar (+10) | Tidak ada riwayat macet (+7) | Punya rekening bank (+4),
L1AJN01802,L1NSB01802,PLT002,P2P Lending,2024-03-16,P2P Lending,Renovasi,1000000,9,32,0.56,2,1,0,5.0,58.3,17,19,0,0,0,0,0.0,0,1,0,0,72,Rendah,Setujui,0.162,0,Aktif di platform 32 bulan (+7) | 1 pinjaman lancar (+5) | Tidak ada riwayat macet (+7) | E-wallet aktif 17 bulan (+5),5 tanggungan (-5)
L1AJN01803,L1NSB01803,PLT003,Multifinance,2024-01-17,Multifinance,Mesin usaha,15000000,12,19,0.62,2,1,0,4.0,66.7,0,0,0,0,0,0,0.0,0,1,0,0,74,Rendah,Setujui,0.151,0,Aktif di platform 19 bulan (+7) | 1 pinjaman lancar (+5) | Tidak ada riwayat macet (+7) | BPJS dibayar rutin (+3),
L1AJN01804,L1NSB01804,PLT003,Multifinance,2024-02-01,Multifinance,Motor bekas,7000000,36,19,0.81,1,1,0,0.0,66.7,15,58,0,1,4485000,1,0.06,1,1,0,0,95,Rendah,Setujui,0.029,0,Aktif di platform 19 bulan (+7) | On-time rate 81% (+5) | 1 pinjaman lancar (+5) | Tidak ada riwayat macet (+7),
L1AJN01805,L1NSB01805,PLT004,Multifinance,2024-11-15,Multifinance,Mesin usaha,7000000,24,27,0.58,0,0,0,0.0,66.7,0,0,0,1,0,0,0.0,1,1,0,0,66,Menengah,Setujui,0.197,0,Aktif di platform 27 bulan (+7) | Punya rekening bank (+4) | BPJS dibayar rutin (+3),
L1AJN01806,L1NSB01806,PLT004,Multifinance,2024-01-24,Multifinance,Motor baru,10000000,36,10,1.0,2,1,0,15.5,66.7,15,68,0,1,3105000,1,0.14,1,1,0,0,92,Rendah,Setujui,0.046,0,On-time rate 100% (+10) | 1 pinjaman lancar (+5) | Tidak ada riwayat macet (+7) | E-wallet aktif 15 bulan (+5),Cancel rate gig 14% (-4)
L1AJN01807,L1NSB01807,PLT002,P2P Lending,2024-02-16,P2P Lending,Modal usaha,3000000,9,15,0.97,1,0,0,4.0,87.5,19,58,0,0,0,0,0.0,0,0,0,0,81,Rendah,Setujui,0.11,0,Aktif di platform 15 bulan (+7) | On-time rate 97% (+10) | Tidak ada riwayat macet (+7) | Listrik 87.5% tepat waktu (+3),
L1AJN01808,L1NSB01808,PLT005,P2P Lending,2024-04-10,P2P Lending,Modal usaha,1000000,12,9,0.61,1,0,1,119.0,75.0,7,55,0,0,0,0,0.0,0,0,0,0,30,Tinggi,Tolak,0.406,1,Listrik 75.0% tepat waktu (+3) | Transaksi e-wallet 55/bln (+3),1 pinjaman macet (-12) | Rata-rata telat 119 hari (-10)
L1AJN01809,L1NSB01809,PLT004,Multifinance,2024-03-23,Multifinance,Motor baru,3000000,12,7,0.68,1,1,0,1.0,83.3,16,57,0,0,0,0,0.0,1,1,0,0,76,Rendah,Setujui,0.139,0,1 pinjaman lancar (+5) | Tidak ada riwayat macet (+7) | Listrik 83.3% tepat waktu (+3) | E-wallet aktif 16 bulan (+5),
L1AJN01810,L1NSB01810,PLT001,P2P Lending,2024-06-22,P2P Lending,Konsumsi,2000000,3,34,0.83,2,2,0,1.5,75.0,18,57,0,1,5655000,1,0.01,1,0,0,0,95,Rendah,Setujui,0.029,0,Aktif di platform 34 bulan (+7) | On-time rate 83% (+5) | 2 pinjaman lancar (+10) | Tidak ada riwayat macet (+7),
L1AJN01811,L1NSB01811,PLT005,P2P Lending,2024-03-04,P2P Lending,Renovasi,5000000,6,32,0.92,1,1,0,1.0,62.5,11,8,0,0,0,0,0.0,1,0,0,0,79,Rendah,Setujui,0.122,0,Aktif di platform 32 bulan (+7) | On-time rate 92% (+10) | 1 pinjaman lancar (+5) | Tidak ada riwayat macet (+7),
L1AJN01812,L1NSB01812,PLT002,P2P Lending,2024-10-17,P2P Lending,Konsumsi,3000000,3,31,0.98,1,1,0,0.0,75.0,0,0,0,0,0,0,0.0,0,1,1,5000000,92,Rendah,Setujui,0.046,0,Aktif di platform 31 bulan (+7) | On-time rate 98% (+10) | 1 pinjaman lancar (+5) | Tidak ada riwayat macet (+7),
L1AJN01813,L1NSB01813,PLT002,P2P Lending,2024-12-28,P2P Lending,Renovasi,2000000,9,32,0.89,2,2,0,2.5,87.5,0,0,0,1,2285000,1,0.05,1,1,0,0,95,Rendah,Setujui,0.029,0,Aktif di platform 32 bulan (+7) | On-time rate 89% (+5) | 2 pinjaman lancar (+10) | Tidak ada riwayat macet (+7),
L1AJN01814,L1NSB01814,PLT003,Multifinance,2024-10-22,Multifinance,Elektronik,20000000,36,36,0.71,3,2,0,24.3,100.0,23,35,0,0,0,0,0.0,1,1,0,0,94,Rendah,Setujui,0.035,0,Aktif di platform 36 bulan (+7) | 2 pinjaman lancar (+10) | Tidak ada riwayat macet (+7) | Listrik 100.0% tepat waktu (+7),4 tanggungan (-5)
L1AJN01815,L1NSB01815,PLT004,Multifinance,2024-11-23,Multifinance,Motor bekas,7000000,24,11,0.76,2,1,0,28.5,95.8,17,48,0,1,7066000,0,0.15,1,0,0,0,86,Rendah,Setujui,0.081,0,On-time rate 76% (+5) | 1 pinjaman lancar (+5) | Tidak ada riwayat macet (+7) | Listrik 95.8% tepat waktu (+7),Cancel rate gig 15% (-4)
L1AJN01816,L1NSB01816,PLT002,P2P Lending,2024-04-23,P2P Lending,Modal usaha,1000000,6,1,0.73,2,1,0,29.5,95.8,8,20,0,1,3219000,1,0.09,0,1,0,0,87,Rendah,Setujui,0.075,0,1 pinjaman lancar (+5) | Tidak ada riwayat macet (+7) | Listrik 95.8% tepat waktu (+7) | Transaksi e-wallet 20/bln (+3),
L1AJN01817,L1NSB01817,PLT005,P2P Lending,2024-10-17,P2P Lending,Renovasi,1000000,9,1,0.67,2,2,0,2.0,91.7,9,62,1,1,7274000,1,0.06,1,0,0,0,85,Rendah,Setujui,0.087,1,2 pinjaman lancar (+10) | Tidak ada riwayat macet (+7) | Listrik 91.7% tepat waktu (+7) | Transaksi e-wallet 62/bln (+3),Lonjakan top-up sebelum pengajuan (-8) ⚠️
L1AJN01818,L1NSB01818,PLT003,Multifinance,2024-10-02,Multifinance,Mesin usaha,5000000,18,36,0.94,0,0,0,0.0,62.5,0,0,0,0,0,0,0.0,0,1,0,0,64,Menengah,Setujui,0.209,0,Aktif di platform 36 bulan (+7) | On-time rate 94% (+10) | BPJS dibayar rutin (+3),5 tanggungan (-5)
L1AJN01819,L1NSB01819,PLT002,P2P Lending,2024-11-13,P2P Lending,Renovasi,3000000,12,10,0.69,0,0,0,0.0,95.8,11,74,0,0,0,0,0.0,1,1,0,0,70,Rendah,Setujui,0.174,1,Listrik 95.8% tepat waktu (+7) | Transaksi e-wallet 74/bln (+3) | Punya rekening bank (+4) | BPJS dibayar rutin (+3),
L1AJN01820,L1NSB01820,PLT005,P2P Lending,2024-10-25,P2P Lending,Renovasi,5000000,12,26,0.56,3,2,0,7.3,87.5,16,20,0,0,0,0,0.0,0,0,0,0,83,Rendah,Setujui,0.099,0,Aktif di platform 26 bulan (+7) | 2 pinjaman lancar (+10) | Tidak ada riwayat macet (+7) | Listrik 87.5% tepat waktu (+3),
L1AJN01821,L1NSB01821,PLT002,P2P Lending,2024-07-12,P2P Lending,Pendidikan,1000000,9,21,0.82,1,1,0,3.0,79.2,18,16,0,0,0,0,0.0,0,0,0,0,79,Rendah,Setujui,0.122,0,Aktif di platform 21 bulan (+7) | On-time rate 82% (+5) | 1 pinjaman lancar (+5) | Tidak ada riwayat macet (+7),4 tanggungan (-5)
L1AJN01822,L1NSB01822,PLT004,Multifinance,2024-09-06,Multifinance,Motor baru,5000000,24,4,0.72,1,1,0,0.0,58.3,17,80,0,0,0,0,0.0,0,0,0,0,66,Menengah,Setujui,0.197,0,1 pinjaman lancar (+5) | Tidak ada riwayat macet (+7) | E-wallet aktif 17 bulan (+5) | Transaksi e-wallet 80/bln (+3),4 tanggungan (-5)
L1AJN01823,L1NSB01823,PLT005,P2P Lending,2024-05-02,P2P Lending,Pendidikan,1000000,12,9,0.89,4,4,0,0.5,66.7,14,8,0,1,2958000,1,0.01,1,0,0,0,95,Rendah,Setujui,0.029,0,On-time rate 89% (+5) | 4 pinjaman lancar (+15) | Tidak ada riwayat macet (+7) | E-wallet aktif 14 bulan (+5),
L1AJN01824,L1NSB01824,PLT003,Multifinance,2024-05-05,Multifinance,Motor bekas,20000000,12,17,0.76,3,2,0,8.0,75.0,14,51,0,1,4238000,1,0.05,0,0,0,0,95,Rendah,Setujui,0.029,0,Aktif di platform 17 bulan (+7) | On-time rate 76% (+5) | 2 pinjaman lancar (+10) | Tidak ada riwayat macet (+7),
L1AJN01825,L1NSB01825,PLT005,P2P Lending,2024-08-24,P2P Lending,Renovasi,3000000,1,35,0.78,4,3,0,8.2,70.8,24,70,0,0,0,0,0.0,1,1,0,0,95,Rendah,Setujui,0.029,0,Aktif di platform 35 bulan (+7) | On-time rate 78% (+5) | 3 pinjaman lancar (+15) | Tidak ada riwayat macet (+7),
L1AJN01826,L1NSB01826,PLT001,P2P Lending,2024-11-27,P2P Lending,Modal usaha,500000,6,21,0.67,2,1,0,12.0,62.5,8,20,0,1,4168000,1,0.04,1,0,0,0,91,Rendah,Setujui,0.052,0,Aktif di platform 21 bulan (+7) | 1 pinjaman lancar (+5) | Tidak ada riwayat macet (+7) | Transaksi e-wallet 20/bln (+3),
L1AJN01827,L1NSB01827,PLT002,P2P Lending,2024-01-27,P2P Lending,Renovasi,5000000,1,25,0.82,1,0,0,89.0,100.0,0,0,0,0,0,0,0.0,1,0,1,4000000,75,Rendah,Setujui,0.145,0,Aktif di platform 25 bulan (+7) | On-time rate 82% (+5) | Tidak ada riwayat macet (+7) | Listrik 100.0% tepat waktu (+7),Rata-rata telat 89 hari (-10)
L1AJN01828,L1NSB01828,PLT001,P2P Lending,2024-10-04,P2P Lending,Modal usaha,1000000,12,19,0.57,3,2,0,14.7,70.8,13,36,0,1,6791000,1,0.11,0,0,0,0,89,Rendah,Setujui,0.064,0,Aktif di platform 19 bulan (+7) | 2 pinjaman lancar (+10) | Tidak ada riwayat macet (+7) | E-wallet aktif 13 bulan (+5),Cancel rate gig 11% (-4)
L1AJN01829,L1NSB01829,PLT005,P2P Lending,2024-11-06,P2P Lending,Pendidikan,1000000,1,20,0.76,1,1,0,0.0,79.2,15,71,0,0,0,0,0.0,1,0,1,18000000,90,Rendah,Setujui,0.058,0,Aktif di platform 20 bulan (+7) | On-time rate 76% (+5) | 1 pinjaman lancar (+5) | Tidak ada riwayat macet (+7),
L1AJN01830,L1NSB01830,PLT004,Multifinance,2024-07-27,Multifinance,Mesin usaha,7000000,12,33,0.61,0,0,0,0.0,100.0,7,42,0,1,6343000,0,0.12,0,1,0,0,63,Menengah,Setujui,0.215,1,Aktif di platform 33 bulan (+7) | Listrik 100.0% tepat waktu (+7) | Transaksi e-wallet 42/bln (+3) | BPJS dibayar rutin (+3),Cancel rate gig 12% (-4)
L1AJN01831,L1NSB01831,PLT001,P2P Lending,2024-12-07,P2P Lending,Konsumsi,2000000,3,5,0.57,2,2,0,2.0,100.0,0,0,0,0,0,0,0.0,1,1,0,0,80,Rendah,Setujui,0.116,0,2 pinjaman lancar (+10) | Tidak ada riwayat macet (+7) | Listrik 100.0% tepat waktu (+7) | Punya rekening bank (+4),
L1AJN01832,L1NSB01832,PLT005,P2P Lending,2024-05-30,P2P Lending,Pendidikan,2000000,9,2,0.57,1,1,0,1.0,70.8,7,48,0,1,7293000,0,0.04,1,0,0,0,72,Rendah,Setujui,0.162,0,1 pinjaman lancar (+5) | Tidak ada riwayat macet (+7) | Transaksi e-wallet 48/bln (+3) | Punya rekening bank (+4),
L1AJN01833,L1NSB01833,PLT005,P2P Lending,2024-08-20,P2P Lending,Konsumsi,2000000,12,13,1.0,3,2,0,6.0,100.0,0,0,0,0,0,0,0.0,1,1,0,0,95,Rendah,Setujui,0.029,0,Aktif di platform 13 bulan (+7) | On-time rate 100% (+10) | 2 pinjaman lancar (+10) | Tidak ada riwayat macet (+7),
L1AJN01834,L1NSB01834,PLT004,Multifinance,2024-04-03,Multifinance,Motor bekas,7000000,18,21,0.87,1,1,0,3.0,66.7,18,27,0,1,6692000,1,0.02,1,1,0,0,95,Rendah,Setujui,0.029,0,Aktif di platform 21 bulan (+7) | On-time rate 87% (+5) | 1 pinjaman lancar (+5) | Tidak ada riwayat macet (+7),5 tanggungan (-5)
L1AJN01835,L1NSB01835,PLT003,Multifinance,2024-06-17,Multifinance,Motor bekas,3000000,24,32,0.97,2,1,0,11.5,70.8,16,32,0,0,0,0,0.0,0,0,0,0,86,Rendah,Setujui,0.081,0,Aktif di platform 32 bulan (+7) | On-time rate 97% (+10) | 1 pinjaman lancar (+5) | Tidak ada riwayat macet (+7),
L1AJN01836,L1NSB01836,PLT005,P2P Lending,2024-05-22,P2P Lending,Konsumsi,1000000,1,27,0.81,0,0,0,0.0,79.2,18,74,0,0,0,0,0.0,0,0,0,0,74,Rendah,Setujui,0.151,1,Aktif di platform 27 bulan (+7) | On-time rate 81% (+5) | Listrik 79.2% tepat waktu (+3) | E-wallet aktif 18 bulan (+5),
L1AJN01837,L1NSB01837,PLT003,Multifinance,2024-11-11,Multifinance,Mesin usaha,10000000,36,17,0.86,3,3,0,2.0,87.5,24,37,0,1,3777000,1,0.06,1,1,0,0,95,Rendah,Setujui,0.029,0,Aktif di platform 17 bulan (+7) | On-time rate 86% (+5) | 3 pinjaman lancar (+15) | Tidak ada riwayat macet (+7),
L1AJN01838,L1NSB01838,PLT005,P2P Lending,2024-05-17,P2P Lending,Konsumsi,2000000,1,15,0.71,4,4,0,1.5,75.0,20,51,0,0,0,0,0.0,1,1,0,0,95,Rendah,Setujui,0.029,0,Aktif di platform 15 bulan (+7) | 4 pinjaman lancar (+15) | Tidak ada riwayat macet (+7) | Listrik 75.0% tepat waktu (+3),5 tanggungan (-5)
L1AJN01839,L1NSB01839,PLT002,P2P Lending,2024-09-21,P2P Lending,Renovasi,1000000,3,18,0.91,2,2,0,2.0,79.2,0,0,0,1,4035000,0,0.05,1,0,0,0,95,Rendah,Setujui,0.029,0,Aktif di platform 18 bulan (+7) | On-time rate 91% (+10) | 2 pinjaman lancar (+10) | Tidak ada riwayat macet (+7),
L1AJN01840,L1NSB01840,PLT002,P2P Lending,2024-01-01,P2P Lending,Konsumsi,500000,12,5,0.87,4,3,0,7.8,87.5,15,53,0,1,3378000,1,0.15,0,1,0,0,88,Rendah,Setujui,0.07,0,On-time rate 87% (+5) | 3 pinjaman lancar (+15) | Tidak ada riwayat macet (+7) | Listrik 87.5% tepat waktu (+3),4 tanggungan (-5) | Cancel rate gig 15% (-4)
L1AJN01841,L1NSB01841,PLT005,P2P Lending,2024-04-02,P2P Lending,Renovasi,5000000,9,18,1.0,1,1,0,0.0,95.8,0,0,0,0,0,0,0.0,0,0,0,0,89,Rendah,Setujui,0.064,0,Aktif di platform 18 bulan (+7) | On-time rate 100% (+10) | 1 pinjaman lancar (+5) | Tidak ada riwayat macet (+7),
L1AJN01842,L1NSB01842,PLT003,Multifinance,2024-10-09,Multifinance,Motor bekas,3000000,36,14,0.85,2,2,0,1.0,62.5,20,20,0,0,0,0,0.0,1,0,0,0,87,Rendah,Setujui,0.075,0,Aktif di platform 14 bulan (+7) | On-time rate 85% (+5) | 2 pinjaman lancar (+10) | Tidak ada riwayat macet (+7),5 tanggungan (-5)
L1AJN01843,L1NSB01843,PLT005,P2P Lending,2024-06-17,P2P Lending,Pendidikan,2000000,9,17,0.76,0,0,0,0.0,87.5,14,17,0,0,0,0,0.0,1,1,0,0,76,Rendah,Setujui,0.139,0,Aktif di platform 17 bulan (+7) | On-time rate 76% (+5) | Listrik 87.5% tepat waktu (+3) | E-wallet aktif 14 bulan (+5),
L1AJN01844,L1NSB01844,PLT001,P2P Lending,2024-09-17,P2P Lending,Modal usaha,5000000,6,10,0.79,3,3,0,1.0,87.5,7,59,0,1,6449000,1,0.09,0,0,0,0,95,Rendah,Setujui,0.029,0,On-time rate 79% (+5) | 3 pinjaman lancar (+15) | Tidak ada riwayat macet (+7) | Listrik 87.5% tepat waktu (+3),
L1AJN01845,L1NSB01845,PLT005,P2P Lending,2024-03-18,P2P Lending,Modal usaha,3000000,1,13,0.97,2,2,0,1.5,91.7,0,0,0,0,0,0,0.0,0,1,0,0,95,Rendah,Setujui,0.029,0,Aktif di platform 13 bulan (+7) | On-time rate 97% (+10) | 2 pinjaman lancar (+10) | Tidak ada riwayat macet (+7),
L1AJN01846,L1NSB01846,PLT005,P2P Lending,2024-05-11,P2P Lending,Konsumsi,3000000,6,24,0.88,2,2,0,1.5,66.7,0,0,0,0,0,0,0.0,0,1,0,0,86,Rendah,Setujui,0.081,0,Aktif di platform 24 bulan (+7) | On-time rate 88% (+5) | 2 pinjaman lancar (+10) | Tidak ada riwayat macet (+7),
L1AJN01847,L1NSB01847,PLT005,P2P Lending,2024-04-26,P2P Lending,Pendidikan,3000000,1,33,0.6,2,2,0,2.0,95.8,23,71,0,0,0,0,0.0,1,1,0,0,93,Rendah,Setujui,0.041,0,Aktif di platform 33 bulan (+7) | 2 pinjaman lancar (+10) | Tidak ada riwayat macet (+7) | Listrik 95.8% tepat waktu (+7),4 tanggungan (-5)
L1AJN01848,L1NSB01848,PLT005,P2P Lending,2024-08-07,P2P Lending,Modal usaha,5000000,1,27,0.91,0,0,0,0.0,75.0,23,35,0,0,0,0,0.0,0,1,0,0,82,Rendah,Setujui,0.104,1,Aktif di platform 27 bulan (+7) | On-time rate 91% (+10) | Listrik 75.0% tepat waktu (+3) | E-wallet aktif 23 bulan (+5),
L1AJN01849,L1NSB01849,PLT005,P2P Lending,2024-11-20,P2P Lending,Renovasi,2000000,9,30,0.62,2,1,0,7.5,95.8,12,29,0,0,0,0,0.0,1,1,0,0,94,Rendah,Setujui,0.035,0,Aktif di platform 30 bulan (+7) | 1 pinjaman lancar (+5) | Tidak ada riwayat macet (+7) | Listrik 95.8% tepat waktu (+7),
L1AJN01850,L1NSB01850,PLT001,P2P Lending,2024-12-08,P2P Lending,Renovasi,1000000,3,14,0.78,2,1,0,13.0,87.5,12,9,1,0,0,0,0.0,1,1,0,0,82,Rendah,Setujui,0.104,0,Aktif di platform 14 bulan (+7) | On-time rate 78% (+5) | 1 pinjaman lancar (+5) | Tidak ada riwayat macet (+7),Lonjakan top-up sebelum pengajuan (-8) ⚠️
L1AJN01851,L1NSB01851,PLT004,Multifinance,2024-11-09,Multifinance,Motor bekas,15000000,18,10,0.99,0,0,0,0.0,66.7,21,26,0,1,6192000,1,0.03,1,1,0,0,80,Rendah,Setujui,0.116,0,On-time rate 99% (+10) | E-wallet aktif 21 bulan (+5) | Transaksi e-wallet 26/bln (+3) | Income gig konsisten 6 bulan (+8),5 tanggungan (-5)
L1AJN01852,L1NSB01852,PLT002,P2P Lending,2024-01-05,P2P Lending,Modal usaha,5000000,3,31,0.71,0,0,0,0.0,100.0,7,23,0,0,0,0,0.0,1,0,0,0,72,Rendah,Setujui,0.162,0,Aktif di platform 31 bulan (+7) | Listrik 100.0% tepat waktu (+7) | Transaksi e-wallet 23/bln (+3) | Punya rekening bank (+4),
L1AJN01853,L1NSB01853,PLT005,P2P Lending,2024-11-20,P2P Lending,Modal usaha,500000,6,18,0.71,1,1,0,2.0,62.5,7,61,0,1,4413000,1,0.09,1,1,0,0,94,Rendah,Setujui,0.035,0,Aktif di platform 18 bulan (+7) | 1 pinjaman lancar (+5) | Tidak ada riwayat macet (+7) | Transaksi e-wallet 61/bln (+3),
L1AJN01854,L1NSB01854,PLT001,P2P Lending,2024-02-04,P2P Lending,Konsumsi,2000000,3,32,0.85,0,0,0,0.0,79.2,0,0,0,1,1961000,1,0.02,1,1,0,0,75,Rendah,Setujui,0.145,0,Aktif di platform 32 bulan (+7) | On-time rate 85% (+5) | Listrik 79.2% tepat waktu (+3) | Income gig konsisten 6 bulan (+8),4 tanggungan (-5)
L1AJN01855,L1NSB01855,PLT004,Multifinance,2024-08-21,Multifinance,Mesin usaha,15000000,24,5,0.9,3,1,1,93.0,70.8,10,33,0,1,4513000,0,0.01,1,1,0,0,59,Menengah,Setujui,0.238,0,On-time rate 90% (+10) | 1 pinjaman lancar (+5) | Transaksi e-wallet 33/bln (+3) | Rating gig 4.6 (+5),1 pinjaman macet (-12) | Rata-rata telat 93 hari (-10)
L1AJN01856,L1NSB01856,PLT005,P2P Lending,2024-12-16,P2P Lending,Modal usaha,2000000,12,33,0.92,1,1,0,0.0,87.5,0,0,0,0,0,0,0.0,0,0,0,0,84,Rendah,Setujui,0.093,0,Aktif di platform 33 bulan (+7) | On-time rate 92% (+10) | 1 pinjaman lancar (+5) | Tidak ada riwayat macet (+7),
L1AJN01857,L1NSB01857,PLT002,P2P Lending,2024-04-22,P2P Lending,Renovasi,5000000,6,7,0.64,1,0,0,5.0,83.3,8,74,0,0,0,0,0.0,1,0,0,0,65,Menengah,Setujui,0.203,0,Tidak ada riwayat macet (+7) | Listrik 83.3% tepat waktu (+3) | Transaksi e-wallet 74/bln (+3) | Punya rekening bank (+4),
L1AJN01858,L1NSB01858,PLT005,P2P Lending,2024-05-02,P2P Lending,Konsumsi,500000,6,35,0.72,1,1,0,1.0,95.8,12,65,0,0,0,0,0.0,1,1,0,0,92,Rendah,Setujui,0.046,0,Aktif di platform 35 bulan (+7) | 1 pinjaman lancar (+5) | Tidak ada riwayat macet (+7) | Listrik 95.8% tepat waktu (+7),
L1AJN01859,L1NSB01859,PLT004,Multifinance,2024-06-29,Multifinance,Motor baru,7000000,12,3,0.7,4,3,0,15.5,87.5,0,0,0,1,3404000,0,0.02,1,1,0,0,82,Rendah,Setujui,0.104,0,3 pinjaman lancar (+15) | Tidak ada riwayat macet (+7) | Listrik 87.5% tepat waktu (+3) | Punya rekening bank (+4),
L1AJN01860,L1NSB01860,PLT002,P2P Lending,2024-09-13,P2P Lending,Pendidikan,5000000,6,28,0.7,2,1,0,9.5,62.5,18,48,0,0,0,0,0.0,1,1,0,0,81,Rendah,Setujui,0.11,0,Aktif di platform 28 bulan (+7) | 1 pinjaman lancar (+5) | Tidak ada riwayat macet (+7) | E-wallet aktif 18 bulan (+5),
L1AJN01861,L1NSB01861,PLT003,Multifinance,2024-06-12,Multifinance,Motor bekas,3000000,24,34,0.86,0,0,0,0.0,75.0,17,41,0,0,0,0,0.0,1,1,0,0,76,Rendah,Setujui,0.139,0,Aktif di platform 34 bulan (+7) | On-time rate 86% (+5) | Listrik 75.0% tepat waktu (+3) | E-wallet aktif 17 bulan (+5),
L1AJN01862,L1NSB01862,PLT004,Multifinance,2024-07-29,Multifinance,Motor baru,5000000,24,11,0.89,3,3,0,2.0,75.0,18,14,0,0,0,0,0.0,1,0,0,0,85,Rendah,Setujui,0.087,0,On-time rate 89% (+5) | 3 pinjaman lancar (+15) | Tidak ada riwayat macet (+7) | Listrik 75.0% tepat waktu (+3),
L1AJN01863,L1NSB01863,PLT003,Multifinance,2024-06-04,Multifinance,Motor baru,10000000,24,9,0.93,2,2,0,1.0,79.2,7,51,0,0,0,0,0.0,1,1,0,0,90,Rendah,Setujui,0.058,0,On-time rate 93% (+10) | 2 pinjaman lancar (+10) | Tidak ada riwayat macet (+7) | Listrik 79.2% tepat waktu (+3),
L1AJN01864,L1NSB01864,PLT003,Multifinance,2024-06-17,Multifinance,Elektronik,7000000,36,33,0.96,0,0,0,0.0,100.0,0,0,0,0,0,0,0.0,0,1,0,0,71,Rendah,Setujui,0.168,0,Aktif di platform 33 bulan (+7) | On-time rate 96% (+10) | Listrik 100.0% tepat waktu (+7) | BPJS dibayar rutin (+3),5 tanggungan (-5)
L1AJN01865,L1NSB01865,PLT001,P2P Lending,2024-01-09,P2P Lending,Renovasi,500000,6,21,0.66,1,0,0,4.0,70.8,0,0,0,0,0,0,0.0,1,0,0,0,63,Menengah,Setujui,0.215,0,Aktif di platform 21 bulan (+7) | Tidak ada riwayat macet (+7) | Punya rekening bank (+4),4 tanggungan (-5)
L1AJN01866,L1NSB01866,PLT005,P2P Lending,2024-04-04,P2P Lending,Modal usaha,3000000,9,29,0.91,4,4,0,1.2,75.0,24,52,1,1,6736000,1,0.12,1,1,0,0,95,Rendah,Setujui,0.029,0,Aktif di platform 29 bulan (+7) | On-time rate 91% (+10) | 4 pinjaman lancar (+15) | Tidak ada riwayat macet (+7),Lonjakan top-up sebelum pengajuan (-8) ⚠️ | Cancel rate gig 12% (-4)
L1AJN01867,L1NSB01867,PLT005,P2P Lending,2024-09-06,P2P Lending,Pendidikan,2000000,9,19,0.99,3,2,0,5.7,79.2,22,58,0,0,0,0,0.0,0,1,0,0,95,Rendah,Setujui,0.029,0,Aktif di platform 19 bulan (+7) | On-time rate 99% (+10) | 2 pinjaman lancar (+10) | Tidak ada riwayat macet (+7),
L1AJN01868,L1NSB01868,PLT001,P2P Lending,2024-02-05,P2P Lending,Pendidikan,1000000,3,21,0.84,4,2,1,35.8,87.5,13,59,0,1,4556000,1,0.09,1,0,0,0,74,Rendah,Setujui,0.151,0,Aktif di platform 21 bulan (+7) | On-time rate 84% (+5) | 2 pinjaman lancar (+10) | Listrik 87.5% tepat waktu (+3),1 pinjaman macet (-12) | Rata-rata telat 36 hari (-10)
L1AJN01869,L1NSB01869,PLT005,P2P Lending,2024-10-12,P2P Lending,Konsumsi,2000000,9,29,0.86,2,2,0,1.5,79.2,7,43,0,0,0,0,0.0,1,0,0,0,88,Rendah,Setujui,0.07,0,Aktif di platform 29 bulan (+7) | On-time rate 86% (+5) | 2 pinjaman lancar (+10) | Tidak ada riwayat macet (+7),
L1AJN01870,L1NSB01870,PLT001,P2P Lending,2024-07-06,P2P Lending,Renovasi,5000000,12,20,0.79,1,1,0,0.0,66.7,20,71,0,0,0,0,0.0,0,0,0,0,78,Rendah,Setujui,0.128,0,Aktif di platform 20 bulan (+7) | On-time rate 79% (+5) | 1 pinjaman lancar (+5) | Tidak ada riwayat macet (+7),4 tanggungan (-5)
L1AJN01871,L1NSB01871,PLT003,Multifinance,2024-10-17,Multifinance,Elektronik,15000000,36,17,0.87,1,1,0,3.0,95.8,18,61,0,1,3642000,0,0.13,1,1,0,0,84,Rendah,Setujui,0.093,0,Aktif di platform 17 bulan (+7) | On-time rate 87% (+5) | 1 pinjaman lancar (+5) | Tidak ada riwayat macet (+7),4 tanggungan (-5) | Cancel rate gig 13% (-4)
L1AJN01872,L1NSB01872,PLT004,Multifinance,2024-10-30,Multifinance,Mesin usaha,20000000,18,23,0.58,0,0,0,0.0,95.8,24,80,0,1,2364000,1,0.11,1,1,0,0,84,Rendah,Setujui,0.093,0,Aktif di platform 23 bulan (+7) | Listrik 95.8% tepat waktu (+7) | E-wallet aktif 24 bulan (+5) | Transaksi e-wallet 80/bln (+3),Cancel rate gig 11% (-4)
L1AJN01873,L1NSB01873,PLT003,Multifinance,2024-03-06,Multifinance,Elektronik,20000000,12,11,0.92,3,2,0,8.3,75.0,12,28,0,1,3312000,1,0.02,1,1,0,0,95,Rendah,Setujui,0.029,0,On-time rate 92% (+10) | 2 pinjaman lancar (+10) | Tidak ada riwayat macet (+7) | Listrik 75.0% tepat waktu (+3),
L1AJN01874,L1NSB01874,PLT003,Multifinance,2024-09-16,Multifinance,Motor bekas,3000000,18,4,0.98,0,0,0,0.0,70.8,15,14,0,1,5846000,1,0.12,1,1,0,0,82,Rendah,Setujui,0.104,0,On-time rate 98% (+10) | E-wallet aktif 15 bulan (+5) | Income gig konsisten 6 bulan (+8) | Rating gig 4.6 (+5),Cancel rate gig 12% (-4)
L1AJN01875,L1NSB01875,PLT002,P2P Lending,2024-08-09,P2P Lending,Renovasi,3000000,9,16,0.66,2,1,0,12.5,91.7,20,14,0,1,7290000,0,0.07,0,1,0,0,90,Rendah,Setujui,0.058,0,Aktif di platform 16 bulan (+7) | 1 pinjaman lancar (+5) | Tidak ada riwayat macet (+7) | Listrik 91.7% tepat waktu (+7),
L1AJN01876,L1NSB01876,PLT004,Multifinance,2024-10-05,Multifinance,Motor baru,10000000,18,36,0.73,2,0,0,38.0,79.2,12,18,0,0,0,0,0.0,1,0,0,0,62,Menengah,Setujui,0.22,0,Aktif di platform 36 bulan (+7) | Tidak ada riwayat macet (+7) | Listrik 79.2% tepat waktu (+3) | E-wallet aktif 12 bulan (+5),Rata-rata telat 38 hari (-10) | 5 tanggungan (-5)
L1AJN01877,L1NSB01877,PLT004,Multifinance,2024-05-20,Multifinance,Motor baru,20000000,24,21,0.94,0,0,0,0.0,58.3,20,65,0,0,0,0,0.0,0,1,0,0,81,Rendah,Setujui,0.11,1,Aktif di platform 21 bulan (+7) | On-time rate 94% (+10) | E-wallet aktif 20 bulan (+5) | Transaksi e-wallet 65/bln (+3),
L1AJN01878,L1NSB01878,PLT002,P2P Lending,2024-11-02,P2P Lending,Renovasi,3000000,12,35,0.96,1,1,0,2.0,87.5,23,6,0,1,7942000,1,0.02,0,0,0,0,95,Rendah,Setujui,0.029,0,Aktif di platform 35 bulan (+7) | On-time rate 96% (+10) | 1 pinjaman lancar (+5) | Tidak ada riwayat macet (+7),
L1AJN01879,L1NSB01879,PLT001,P2P Lending,2024-03-02,P2P Lending,Renovasi,5000000,1,5,0.98,3,3,0,0.0,70.8,10,21,0,0,0,0,0.0,0,0,0,0,87,Rendah,Setujui,0.075,0,On-time rate 98% (+10) | 3 pinjaman lancar (+15) | Tidak ada riwayat macet (+7) | Transaksi e-wallet 21/bln (+3),
L1AJN01880,L1NSB01880,PLT002,P2P Lending,2024-09-16,P2P Lending,Modal usaha,2000000,3,30,0.78,2,2,0,1.5,75.0,8,74,0,0,0,0,0.0,0,0,0,0,79,Rendah,Setujui,0.122,0,Aktif di platform 30 bulan (+7) | On-time rate 78% (+5) | 2 pinjaman lancar (+10) | Tidak ada riwayat macet (+7),4 tanggungan (-5)
L1AJN01881,L1NSB01881,PLT001,P2P Lending,2024-09-26,P2P Lending,Renovasi,1000000,9,9,0.63,2,2,0,1.0,75.0,0,0,0,1,5406000,0,0.15,1,1,0,0,74,Rendah,Setujui,0.151,0,2 pinjaman lancar (+10) | Tidak ada riwayat macet (+7) | Listrik 75.0% tepat waktu (+3) | Rating gig 4.8 (+5),Cancel rate gig 15% (-4)
L1AJN01882,L1NSB01882,PLT002,P2P Lending,2024-05-01,P2P Lending,Renovasi,2000000,6,29,0.9,4,4,0,1.2,83.3,10,24,0,1,2606000,1,0.08,1,0,0,0,95,Rendah,Setujui,0.029,0,Aktif di platform 29 bulan (+7) | On-time rate 90% (+10) | 4 pinjaman lancar (+15) | Tidak ada riwayat macet (+7),
L1AJN01883,L1NSB01883,PLT003,Multifinance,2024-07-13,Multifinance,Mesin usaha,7000000,18,18,0.85,1,1,0,3.0,79.2,16,37,0,0,0,0,0.0,0,0,0,0,81,Rendah,Setujui,0.11,1,Aktif di platform 18 bulan (+7) | On-time rate 85% (+5) | 1 pinjaman lancar (+5) | Tidak ada riwayat macet (+7),
L1AJN01884,L1NSB01884,PLT002,P2P Lending,2024-11-06,P2P Lending,Konsumsi,5000000,12,16,0.95,1,1,0,3.0,75.0,0,0,0,1,7994000,1,0.13,1,1,0,0,90,Rendah,Setujui,0.058,0,Aktif di platform 16 bulan (+7) | On-time rate 95% (+10) | 1 pinjaman lancar (+5) | Tidak ada riwayat macet (+7),Cancel rate gig 13% (-4)
L1AJN01885,L1NSB01885,PLT002,P2P Lending,2024-07-14,P2P Lending,Pendidikan,500000,3,30,0.75,0,0,0,0.0,70.8,15,23,0,0,0,0,0.0,1,0,0,0,75,Rendah,Setujui,0.145,1,Aktif di platform 30 bulan (+7) | On-time rate 75% (+5) | E-wallet aktif 15 bulan (+5) | Transaksi e-wallet 23/bln (+3),
L1AJN01886,L1NSB01886,PLT001,P2P Lending,2024-12-15,P2P Lending,Renovasi,1000000,6,29,0.78,2,0,0,45.0,58.3,9,29,1,1,7154000,1,0.1,0,1,0,0,65,Menengah,Setujui,0.203,0,Aktif di platform 29 bulan (+7) | On-time rate 78% (+5) | Tidak ada riwayat macet (+7) | Transaksi e-wallet 29/bln (+3),Rata-rata telat 45 hari (-10) | Lonjakan top-up sebelum pengajuan (-8) ⚠️
L1AJN01887,L1NSB01887,PLT005,P2P Lending,2024-06-23,P2P Lending,Modal usaha,5000000,12,20,0.65,0,0,0,0.0,58.3,0,0,0,1,2869000,1,0.08,0,0,0,0,66,Menengah,Setujui,0.197,0,Aktif di platform 20 bulan (+7) | Income gig konsisten 6 bulan (+8),
L1AJN01888,L1NSB01888,PLT001,P2P Lending,2024-01-27,P2P Lending,Renovasi,500000,9,30,0.69,3,3,0,2.0,83.3,24,54,0,1,0,0,0.0,1,1,0,0,92,Rendah,Setujui,0.046,0,Aktif di platform 30 bulan (+7) | 3 pinjaman lancar (+15) | Tidak ada riwayat macet (+7) | Listrik 83.3% tepat waktu (+3),4 tanggungan (-5)
L1AJN01889,L1NSB01889,PLT004,Multifinance,2024-01-10,Multifinance,Mesin usaha,5000000,12,28,0.76,1,0,1,288.0,79.2,8,10,0,1,3939000,1,0.05,0,0,0,0,47,Tinggi,Tolak,0.307,0,Aktif di platform 28 bulan (+7) | On-time rate 76% (+5) | Listrik 79.2% tepat waktu (+3) | Income gig konsisten 6 bulan (+8),1 pinjaman macet (-12) | Rata-rata telat 288 hari (-10)
L1AJN01890,L1NSB01890,PLT001,P2P Lending,2024-03-27,P2P Lending,Pendidikan,3000000,3,33,0.93,1,1,0,2.0,79.2,9,36,0,0,0,0,0.0,1,1,0,0,95,Rendah,Setujui,0.029,0,Aktif di platform 33 bulan (+7) | On-time rate 93% (+10) | 1 pinjaman lancar (+5) | Tidak ada riwayat macet (+7),
L1AJN01891,L1NSB01891,PLT002,P2P Lending,2024-02-14,P2P Lending,Renovasi,1000000,6,19,0.79,2,2,0,2.0,66.7,0,0,0,1,7805000,0,0.12,1,0,0,0,83,Rendah,Setujui,0.099,0,Aktif di platform 19 bulan (+7) | On-time rate 79% (+5) | 2 pinjaman lancar (+10) | Tidak ada riwayat macet (+7),Cancel rate gig 12% (-4)
L1AJN01892,L1NSB01892,PLT004,Multifinance,2024-08-03,Multifinance,Motor baru,7000000,18,34,0.86,2,1,1,179.0,75.0,0,0,0,0,0,0,0.0,0,1,0,0,50,Menengah,Setujui,0.29,0,Aktif di platform 34 bulan (+7) | On-time rate 86% (+5) | 1 pinjaman lancar (+5) | Listrik 75.0% tepat waktu (+3),1 pinjaman macet (-12) | Rata-rata telat 179 hari (-10)
L1AJN01893,L1NSB01893,PLT002,P2P Lending,2024-05-09,P2P Lending,Modal usaha,3000000,6,24,0.95,3,3,0,2.3,58.3,16,40,0,0,0,0,0.0,0,1,0,0,95,Rendah,Setujui,0.029,0,Aktif di platform 24 bulan (+7) | On-time rate 95% (+10) | 3 pinjaman lancar (+15) | Tidak ada riwayat macet (+7),
L1AJN01894,L1NSB01894,PLT001,P2P Lending,2024-02-04,P2P Lending,Pendidikan,2000000,12,20,0.72,1,0,0,5.0,66.7,24,42,0,0,0,0,0.0,0,1,0,0,71,Rendah,Setujui,0.168,0,Aktif di platform 20 bulan (+7) | Tidak ada riwayat macet (+7) | E-wallet aktif 24 bulan (+5) | Transaksi e-wallet 42/bln (+3),
L1AJN01895,L1NSB01895,PLT001,P2P Lending,2024-09-23,P2P Lending,Pendidikan,1000000,12,17,0.99,4,2,0,29.8,83.3,22,25,0,0,0,0,0.0,1,0,0,0,95,Rendah,Setujui,0.029,0,Aktif di platform 17 bulan (+7) | On-time rate 99% (+10) | 2 pinjaman lancar (+10) | Tidak ada riwayat macet (+7),
L1AJN01896,L1NSB01896,PLT003,Multifinance,2024-03-22,Multifinance,Mesin usaha,7000000,24,29,0.58,1,1,0,3.0,70.8,0,0,0,0,0,0,0.0,0,1,0,0,69,Menengah,Setujui,0.18,0,Aktif di platform 29 bulan (+7) | 1 pinjaman lancar (+5) | Tidak ada riwayat macet (+7) | BPJS dibayar rutin (+3),
L1AJN01897,L1NSB01897,PLT001,P2P Lending,2024-10-09,P2P Lending,Pendidikan,2000000,12,28,0.93,4,4,0,1.0,75.0,8,51,0,0,0,0,0.0,1,1,0,0,95,Rendah,Setujui,0.029,0,Aktif di platform 28 bulan (+7) | On-time rate 93% (+10) | 4 pinjaman lancar (+15) | Tidak ada riwayat macet (+7),
L1AJN01898,L1NSB01898,PLT002,P2P Lending,2024-11-29,P2P Lending,Konsumsi,5000000,12,26,0.81,0,0,0,0.0,66.7,0,0,0,1,3235000,1,0.1,1,1,0,0,76,Rendah,Setujui,0.139,0,Aktif di platform 26 bulan (+7) | On-time rate 81% (+5) | Income gig konsisten 6 bulan (+8) | Rating gig 4.7 (+5),4 tanggungan (-5)
L1AJN01899,L1NSB01899,PLT004,Multifinance,2024-09-24,Multifinance,Elektronik,20000000,24,24,0.91,3,3,0,1.7,79.2,8,53,0,0,0,0,0.0,1,1,0,0,95,Rendah,Setujui,0.029,0,Aktif di platform 24 bulan (+7) | On-time rate 91% (+10) | 3 pinjaman lancar (+15) | Tidak ada riwayat macet (+7),
L1AJN01900,L1NSB01900,PLT004,Multifinance,2024-11-22,Multifinance,Motor baru,20000000,24,16,0.77,1,1,0,0.0,58.3,8,9,0,0,0,0,0.0,0,0,0,0,67,Menengah,Setujui,0.191,0,Aktif di platform 16 bulan (+7) | On-time rate 77% (+5) | 1 pinjaman lancar (+5) | Tidak ada riwayat macet (+7),5 tanggungan (-5)
L1AJN01901,L1NSB01901,PLT004,Multifinance,2024-08-24,Multifinance,Mesin usaha,15000000,36,15,0.64,4,4,0,1.8,66.7,10,6,0,0,0,0,0.0,1,0,0,0,77,Rendah,Setujui,0.133,0,Aktif di platform 15 bulan (+7) | 4 pinjaman lancar (+15) | Tidak ada riwayat macet (+7) | Punya rekening bank (+4),4 tanggungan (-5)
L1AJN01902,L1NSB01902,PLT005,P2P Lending,2024-01-01,P2P Lending,Modal usaha,5000000,9,19,0.78,2,2,0,1.5,62.5,11,55,0,0,0,0,0.0,1,1,0,0,85,Rendah,Setujui,0.087,0,Aktif di platform 19 bulan (+7) | On-time rate 78% (+5) | 2 pinjaman lancar (+10) | Tidak ada riwayat macet (+7),
L1AJN01903,L1NSB01903,PLT003,Multifinance,2024-01-19,Multifinance,Motor baru,20000000,36,30,0.95,1,1,0,1.0,83.3,21,15,0,0,0,0,0.0,1,1,0,0,89,Rendah,Setujui,0.064,0,Aktif di platform 30 bulan (+7) | On-time rate 95% (+10) | 1 pinjaman lancar (+5) | Tidak ada riwayat macet (+7),5 tanggungan (-5)
L1AJN01904,L1NSB01904,PLT003,Multifinance,2024-04-01,Multifinance,Motor bekas,5000000,18,36,0.94,1,1,0,3.0,91.7,15,30,0,0,0,0,0.0,0,0,0,0,95,Rendah,Setujui,0.029,0,Aktif di platform 36 bulan (+7) | On-time rate 94% (+10) | 1 pinjaman lancar (+5) | Tidak ada riwayat macet (+7),
L1AJN01905,L1NSB01905,PLT003,Multifinance,2024-11-01,Multifinance,Motor baru,20000000,24,35,0.77,1,1,0,2.0,70.8,0,0,0,1,4414000,1,0.08,0,1,0,0,88,Rendah,Setujui,0.07,0,Aktif di platform 35 bulan (+7) | On-time rate 77% (+5) | 1 pinjaman lancar (+5) | Tidak ada riwayat macet (+7),
L1AJN01906,L1NSB01906,PLT004,Multifinance,2024-05-02,Multifinance,Mesin usaha,15000000,18,32,0.56,1,0,0,26.0,75.0,11,44,0,1,6053000,1,0.04,0,0,0,0,81,Rendah,Setujui,0.11,0,Aktif di platform 32 bulan (+7) | Tidak ada riwayat macet (+7) | Listrik 75.0% tepat waktu (+3) | Transaksi e-wallet 44/bln (+3),
L1AJN01907,L1NSB01907,PLT004,Multifinance,2024-05-11,Multifinance,Elektronik,15000000,12,9,0.93,0,0,0,0.0,87.5,9,43,0,0,0,0,0.0,0,0,0,0,62,Menengah,Setujui,0.22,0,On-time rate 93% (+10) | Listrik 87.5% tepat waktu (+3) | Transaksi e-wallet 43/bln (+3),
L1AJN01908,L1NSB01908,PLT002,P2P Lending,2024-09-15,P2P Lending,Modal usaha,1000000,6,29,0.85,2,2,0,2.5,70.8,7,49,0,1,2549000,1,0.13,0,1,0,0,86,Rendah,Setujui,0.081,0,Aktif di platform 29 bulan (+7) | On-time rate 85% (+5) | 2 pinjaman lancar (+10) | Tidak ada riwayat macet (+7),Cancel rate gig 13% (-4)
L1AJN01909,L1NSB01909,PLT002,P2P Lending,2024-03-17,P2P Lending,Konsumsi,1000000,9,7,0.65,0,0,0,0.0,100.0,10,49,0,0,0,0,0.0,1,0,0,0,61,Menengah,Setujui,0.226,0,Listrik 100.0% tepat waktu (+7) | Transaksi e-wallet 49/bln (+3) | Punya rekening bank (+4),
L1AJN01910,L1NSB01910,PLT004,Multifinance,2024-01-27,Multifinance,Elektronik,3000000,18,6,1.0,1,1,0,1.0,66.7,0,0,0,0,0,0,0.0,1,1,0,0,83,Rendah,Setujui,0.099,0,On-time rate 100% (+10) | 1 pinjaman lancar (+5) | Tidak ada riwayat macet (+7) | Punya rekening bank (+4),
L1AJN01911,L1NSB01911,PLT001,P2P Lending,2024-05-13,P2P Lending,Renovasi,3000000,6,2,0.59,2,0,0,25.5,70.8,9,13,0,1,0,0,0.0,0,1,0,0,51,Menengah,Setujui,0.284,1,Tidak ada riwayat macet (+7) | BPJS dibayar rutin (+3),5 tanggungan (-5)
L1AJN01912,L1NSB01912,PLT002,P2P Lending,2024-09-27,P2P Lending,Konsumsi,2000000,6,26,0.97,1,1,0,1.0,83.3,0,0,0,0,0,0,0.0,1,0,0,0,77,Rendah,Setujui,0.133,0,Aktif di platform 26 bulan (+7) | On-time rate 97% (+10) | 1 pinjaman lancar (+5) | Tidak ada riwayat macet (+7),4 tanggungan (-5)
L1AJN01913,L1NSB01913,PLT002,P2P Lending,2024-07-09,P2P Lending,Modal usaha,500000,6,31,0.9,1,1,0,3.0,100.0,13,46,0,0,0,0,0.0,1,1,0,0,95,Rendah,Setujui,0.029,0,Aktif di platform 31 bulan (+7) | On-time rate 90% (+10) | 1 pinjaman lancar (+5) | Tidak ada riwayat macet (+7),
L1AJN01914,L1NSB01914,PLT003,Multifinance,2024-11-12,Multifinance,Elektronik,7000000,12,4,0.74,1,1,0,3.0,70.8,11,47,0,1,6504000,1,0.04,1,0,0,0,73,Rendah,Setujui,0.157,1,1 pinjaman lancar (+5) | Tidak ada riwayat macet (+7) | Transaksi e-wallet 47/bln (+3) | Income gig konsisten 6 bulan (+8),
L1AJN01915,L1NSB01915,PLT005,P2P Lending,2024-01-08,P2P Lending,Modal usaha,5000000,6,2,0.72,4,3,0,8.5,100.0,23,65,0,1,5443000,0,0.04,1,1,0,0,91,Rendah,Setujui,0.052,0,3 pinjaman lancar (+15) | Tidak ada riwayat macet (+7) | Listrik 100.0% tepat waktu (+7) | E-wallet aktif 23 bulan (+5),4 tanggungan (-5)
L1AJN01916,L1NSB01916,PLT004,Multifinance,2024-03-04,Multifinance,Motor bekas,7000000,18,5,0.74,1,0,1,158.0,91.7,24,18,0,0,0,0,0.0,0,1,0,0,39,Tinggi,Tolak,0.354,0,Listrik 91.7% tepat waktu (+7) | E-wallet aktif 24 bulan (+5) | BPJS dibayar rutin (+3),1 pinjaman macet (-12) | Rata-rata telat 158 hari (-10) | 4 tanggungan (-5)
L1AJN01917,L1NSB01917,PLT005,P2P Lending,2024-01-28,P2P Lending,Konsumsi,500000,9,36,0.89,4,3,0,19.5,95.8,0,0,0,0,0,0,0.0,0,0,0,0,94,Rendah,Setujui,0.035,0,Aktif di platform 36 bulan (+7) | On-time rate 89% (+5) | 3 pinjaman lancar (+15) | Tidak ada riwayat macet (+7),
L1AJN01918,L1NSB01918,PLT005,P2P Lending,2024-05-15,P2P Lending,Konsumsi,5000000,12,7,0.65,2,2,0,2.0,66.7,23,45,0,0,0,0,0.0,0,1,1,1000000,71,Rendah,Setujui,0.168,0,2 pinjaman lancar (+10) | Tidak ada riwayat macet (+7) | E-wallet aktif 23 bulan (+5) | Transaksi e-wallet 45/bln (+3),4 tanggungan (-5)
L1AJN01919,L1NSB01919,PLT004,Multifinance,2024-08-08,Multifinance,Elektronik,10000000,24,7,0.78,3,1,1,111.3,62.5,17,20,0,1,6899000,1,0.06,1,0,0,0,63,Menengah,Setujui,0.215,0,On-time rate 78% (+5) | 1 pinjaman lancar (+5) | E-wallet aktif 17 bulan (+5) | Transaksi e-wallet 20/bln (+3),1 pinjaman macet (-12) | Rata-rata telat 111 hari (-10)
L1AJN01920,L1NSB01920,PLT005,P2P Lending,2024-03-24,P2P Lending,Pendidikan,1000000,6,6,0.68,2,1,0,13.5,79.2,20,15,0,0,0,0,0.0,1,0,0,0,71,Rendah,Setujui,0.168,0,1 pinjaman lancar (+5) | Tidak ada riwayat macet (+7) | Listrik 79.2% tepat waktu (+3) | E-wallet aktif 20 bulan (+5),5 tanggungan (-5)
L1AJN01921,L1NSB01921,PLT001,P2P Lending,2024-07-29,P2P Lending,Modal usaha,1000000,6,31,0.78,0,0,0,0.0,100.0,16,62,0,0,0,0,0.0,0,0,0,0,80,Rendah,Setujui,0.116,1,Aktif di platform 31 bulan (+7) | On-time rate 78% (+5) | Listrik 100.0% tepat waktu (+7) | E-wallet aktif 16 bulan (+5),
L1AJN01922,L1NSB01922,PLT001,P2P Lending,2024-09-30,P2P Lending,Renovasi,3000000,3,8,0.58,2,2,0,1.5,79.2,9,56,0,1,3316000,1,0.04,1,0,0,0,76,Rendah,Setujui,0.139,1,2 pinjaman lancar (+10) | Tidak ada riwayat macet (+7) | Listrik 79.2% tepat waktu (+3) | Transaksi e-wallet 56/bln (+3),4 tanggungan (-5)
L1AJN01923,L1NSB01923,PLT002,P2P Lending,2024-01-07,P2P Lending,Modal usaha,500000,3,22,0.74,4,4,0,2.0,100.0,7,28,0,1,5003000,0,0.06,1,0,0,0,93,Rendah,Setujui,0.041,0,Aktif di platform 22 bulan (+7) | 4 pinjaman lancar (+15) | Tidak ada riwayat macet (+7) | Listrik 100.0% tepat waktu (+7),
L1AJN01924,L1NSB01924,PLT002,P2P Lending,2024-03-14,P2P Lending,Modal usaha,5000000,9,20,0.66,1,1,0,2.0,95.8,0,0,0,0,0,0,0.0,1,0,0,0,83,Rendah,Setujui,0.099,0,Aktif di platform 20 bulan (+7) | 1 pinjaman lancar (+5) | Tidak ada riwayat macet (+7) | Listrik 95.8% tepat waktu (+7),
L1AJN01925,L1NSB01925,PLT004,Multifinance,2024-02-07,Multifinance,Elektronik,7000000,12,34,0.55,1,1,0,0.0,70.8,14,18,1,1,3728000,1,0.13,0,0,0,0,70,Rendah,Setujui,0.174,0,Aktif di platform 34 bulan (+7) | 1 pinjaman lancar (+5) | Tidak ada riwayat macet (+7) | E-wallet aktif 14 bulan (+5),Lonjakan top-up sebelum pengajuan (-8) ⚠️ | Cancel rate gig 13% (-4)
L1AJN01926,L1NSB01926,PLT005,P2P Lending,2024-10-30,P2P Lending,Pendidikan,500000,9,29,0.81,2,1,0,42.0,87.5,8,75,1,0,0,0,0.0,1,1,0,0,71,Rendah,Setujui,0.168,0,Aktif di platform 29 bulan (+7) | On-time rate 81% (+5) | 1 pinjaman lancar (+5) | Tidak ada riwayat macet (+7),Rata-rata telat 42 hari (-10) | Lonjakan top-up sebelum pengajuan (-8) ⚠️
L1AJN01927,L1NSB01927,PLT002,P2P Lending,2024-06-04,P2P Lending,Renovasi,2000000,12,10,0.94,1,1,0,0.0,100.0,0,0,0,0,0,0,0.0,1,0,0,0,79,Rendah,Setujui,0.122,0,On-time rate 94% (+10) | 1 pinjaman lancar (+5) | Tidak ada riwayat macet (+7) | Listrik 100.0% tepat waktu (+7),
L1AJN01928,L1NSB01928,PLT004,Multifinance,2024-01-28,Multifinance,Elektronik,15000000,36,19,0.74,1,0,0,22.0,79.2,23,66,0,1,2297000,1,0.08,0,0,0,0,78,Rendah,Setujui,0.128,0,Aktif di platform 19 bulan (+7) | Tidak ada riwayat macet (+7) | Listrik 79.2% tepat waktu (+3) | E-wallet aktif 23 bulan (+5),4 tanggungan (-5)
L1AJN01929,L1NSB01929,PLT001,P2P Lending,2024-01-24,P2P Lending,Modal usaha,500000,1,7,0.86,3,2,0,21.0,87.5,0,0,0,0,0,0,0.0,1,1,0,0,85,Rendah,Setujui,0.087,0,On-time rate 86% (+5) | 2 pinjaman lancar (+10) | Tidak ada riwayat macet (+7) | Listrik 87.5% tepat waktu (+3),
L1AJN01930,L1NSB01930,PLT003,Multifinance,2024-03-12,Multifinance,Motor bekas,3000000,24,9,0.59,1,0,0,15.0,95.8,0,0,0,0,0,0,0.0,1,1,1,13000000,76,Rendah,Setujui,0.139,0,Tidak ada riwayat macet (+7) | Listrik 95.8% tepat waktu (+7) | Punya rekening bank (+4) | BPJS dibayar rutin (+3),
L1AJN01931,L1NSB01931,PLT002,P2P Lending,2024-09-11,P2P Lending,Modal usaha,5000000,12,10,0.9,2,2,0,1.0,79.2,21,30,0,1,5275000,1,0.03,0,1,0,0,94,Rendah,Setujui,0.035,0,On-time rate 90% (+10) | 2 pinjaman lancar (+10) | Tidak ada riwayat macet (+7) | Listrik 79.2% tepat waktu (+3),5 tanggungan (-5)
L1AJN01932,L1NSB01932,PLT005,P2P Lending,2024-08-24,P2P Lending,Modal usaha,5000000,3,6,0.78,2,1,0,28.5,79.2,17,48,0,0,0,0,0.0,0,0,0,0,74,Rendah,Setujui,0.151,0,On-time rate 78% (+5) | 1 pinjaman lancar (+5) | Tidak ada riwayat macet (+7) | Listrik 79.2% tepat waktu (+3),
L1AJN01933,L1NSB01933,PLT001,P2P Lending,2024-03-31,P2P Lending,Modal usaha,500000,9,2,0.66,0,0,0,0.0,79.2,10,46,0,0,0,0,0.0,0,0,0,0,54,Menengah,Setujui,0.267,0,Listrik 79.2% tepat waktu (+3) | Transaksi e-wallet 46/bln (+3),
L1AJN01934,L1NSB01934,PLT002,P2P Lending,2024-03-09,P2P Lending,Modal usaha,5000000,1,9,0.66,1,0,0,23.0,70.8,0,0,0,0,0,0,0.0,1,1,0,0,58,Menengah,Setujui,0.244,0,Tidak ada riwayat macet (+7) | Punya rekening bank (+4) | BPJS dibayar rutin (+3),5 tanggungan (-5)
L1AJN01935,L1NSB01935,PLT004,Multifinance,2024-02-25,Multifinance,Motor baru,10000000,12,30,0.75,2,2,0,1.0,58.3,0,0,0,1,4234000,0,0.05,1,0,0,0,75,Rendah,Setujui,0.145,0,Aktif di platform 30 bulan (+7) | On-time rate 75% (+5) | 2 pinjaman lancar (+10) | Tidak ada riwayat macet (+7),5 tanggungan (-5)
L1AJN01936,L1NSB01936,PLT003,Multifinance,2024-04-14,Multifinance,Mesin usaha,7000000,18,22,0.6,1,0,1,351.0,100.0,0,0,0,0,0,0,0.0,1,0,0,0,49,Tinggi,Tolak,0.296,0,Aktif di platform 22 bulan (+7) | Listrik 100.0% tepat waktu (+7) | Punya rekening bank (+4),1 pinjaman macet (-12) | Rata-rata telat 351 hari (-10)
L1AJN01937,L1NSB01937,PLT004,Multifinance,2024-05-30,Multifinance,Mesin usaha,7000000,36,9,0.68,3,2,0,15.0,66.7,0,0,0,1,5501000,1,0.09,1,1,0,0,79,Rendah,Setujui,0.122,0,2 pinjaman lancar (+10) | Tidak ada riwayat macet (+7) | Income gig konsisten 6 bulan (+8) | Punya rekening bank (+4),
L1AJN01938,L1NSB01938,PLT001,P2P Lending,2024-02-10,P2P Lending,Pendidikan,5000000,6,36,0.72,0,0,0,0.0,58.3,0,0,0,0,0,0,0.0,0,0,0,0,59,Menengah,Setujui,0.238,0,Aktif di platform 36 bulan (+7),
L1AJN01939,L1NSB01939,PLT003,Multifinance,2024-06-01,Multifinance,Mesin usaha,20000000,12,26,0.65,0,0,0,0.0,58.3,0,0,0,0,0,0,0.0,1,1,0,0,55,Menengah,Setujui,0.261,0,Aktif di platform 26 bulan (+7) | Punya rekening bank (+4) | BPJS dibayar rutin (+3),5 tanggungan (-5)
L1AJN01940,L1NSB01940,PLT005,P2P Lending,2024-07-04,P2P Lending,Renovasi,500000,3,18,0.59,2,0,0,54.5,100.0,21,39,0,1,4022000,0,0.11,0,1,0,0,69,Menengah,Setujui,0.18,0,Aktif di platform 18 bulan (+7) | Tidak ada riwayat macet (+7) | Listrik 100.0% tepat waktu (+7) | E-wallet aktif 21 bulan (+5),Rata-rata telat 54 hari (-10) | Cancel rate gig 11% (-4)
L1AJN01941,L1NSB01941,PLT005,P2P Lending,2024-06-10,P2P Lending,Renovasi,5000000,9,25,0.72,0,0,0,0.0,66.7,0,0,0,1,4972000,1,0.13,0,0,0,0,59,Menengah,Setujui,0.238,1,Aktif di platform 25 bulan (+7) | Income gig konsisten 6 bulan (+8),Cancel rate gig 13% (-4)
L1AJN01942,L1NSB01942,PLT002,P2P Lending,2024-10-03,P2P Lending,Renovasi,2000000,9,15,0.72,3,3,0,1.7,87.5,19,25,0,0,0,0,0.0,0,0,0,0,91,Rendah,Setujui,0.052,0,Aktif di platform 15 bulan (+7) | 3 pinjaman lancar (+15) | Tidak ada riwayat macet (+7) | Listrik 87.5% tepat waktu (+3),
L1AJN01943,L1NSB01943,PLT005,P2P Lending,2024-06-19,P2P Lending,Renovasi,1000000,9,26,0.95,2,2,0,0.5,100.0,0,0,0,0,0,0,0.0,1,0,0,0,93,Rendah,Setujui,0.041,0,Aktif di platform 26 bulan (+7) | On-time rate 95% (+10) | 2 pinjaman lancar (+10) | Tidak ada riwayat macet (+7),
L1AJN01944,L1NSB01944,PLT002,P2P Lending,2024-04-07,P2P Lending,Modal usaha,3000000,6,19,0.89,1,1,0,3.0,100.0,0,0,0,0,0,0,0.0,0,0,0,0,82,Rendah,Setujui,0.104,0,Aktif di platform 19 bulan (+7) | On-time rate 89% (+5) | 1 pinjaman lancar (+5) | Tidak ada riwayat macet (+7),
L1AJN01945,L1NSB01945,PLT003,Multifinance,2024-07-10,Multifinance,Motor baru,10000000,36,8,0.88,1,1,0,2.0,91.7,22,28,1,1,3755000,1,0.04,1,0,0,0,79,Rendah,Setujui,0.122,0,On-time rate 88% (+5) | 1 pinjaman lancar (+5) | Tidak ada riwayat macet (+7) | Listrik 91.7% tepat waktu (+7),4 tanggungan (-5) | Lonjakan top-up sebelum pengajuan (-8) ⚠️
L1AJN01946,L1NSB01946,PLT001,P2P Lending,2024-05-10,P2P Lending,Modal usaha,2000000,3,25,0.59,3,3,0,1.3,83.3,10,11,1,0,0,0,0.0,0,1,0,0,73,Rendah,Setujui,0.157,1,Aktif di platform 25 bulan (+7) | 3 pinjaman lancar (+15) | Tidak ada riwayat macet (+7) | Listrik 83.3% tepat waktu (+3),Lonjakan top-up sebelum pengajuan (-8) ⚠️
L1AJN01947,L1NSB01947,PLT002,P2P Lending,2024-06-22,P2P Lending,Pendidikan,3000000,1,19,0.81,3,2,1,57.7,75.0,22,39,0,1,6763000,1,0.09,1,1,0,0,73,Rendah,Setujui,0.157,1,Aktif di platform 19 bulan (+7) | On-time rate 81% (+5) | 2 pinjaman lancar (+10) | Listrik 75.0% tepat waktu (+3),1 pinjaman macet (-12) | Rata-rata telat 58 hari (-10)
L1AJN01948,L1NSB01948,PLT002,P2P Lending,2024-10-17,P2P Lending,Pendidikan,5000000,1,6,0.84,0,0,0,0.0,62.5,0,0,0,1,0,0,0.0,0,0,0,0,59,Menengah,Setujui,0.238,0,On-time rate 84% (+5),
L1AJN01949,L1NSB01949,PLT004,Multifinance,2024-10-25,Multifinance,Motor baru,7000000,12,8,0.89,2,2,0,1.0,66.7,0,0,0,1,6514000,1,0.09,0,0,0,0,81,Rendah,Setujui,0.11,0,On-time rate 89% (+5) | 2 pinjaman lancar (+10) | Tidak ada riwayat macet (+7) | Income gig konsisten 6 bulan (+8),
L1AJN01950,L1NSB01950,PLT003,Multifinance,2024-05-12,Multifinance,Motor bekas,10000000,36,15,0.7,1,1,0,2.0,95.8,22,55,0,0,0,0,0.0,0,0,0,0,88,Rendah,Setujui,0.07,0,Aktif di platform 15 bulan (+7) | 1 pinjaman lancar (+5) | Tidak ada riwayat macet (+7) | Listrik 95.8% tepat waktu (+7),
L1AJN01951,L1NSB01951,PLT001,P2P Lending,2024-12-15,P2P Lending,Pendidikan,500000,12,16,0.63,1,0,0,4.0,100.0,0,0,0,0,0,0,0.0,1,1,0,0,80,Rendah,Setujui,0.116,0,Aktif di platform 16 bulan (+7) | Tidak ada riwayat macet (+7) | Listrik 100.0% tepat waktu (+7) | Punya rekening bank (+4),
L1AJN01952,L1NSB01952,PLT001,P2P Lending,2024-02-24,P2P Lending,Renovasi,5000000,12,22,0.58,0,0,0,0.0,95.8,20,57,0,1,3269000,0,0.09,0,1,0,0,79,Rendah,Setujui,0.122,0,Aktif di platform 22 bulan (+7) | Listrik 95.8% tepat waktu (+7) | E-wallet aktif 20 bulan (+5) | Transaksi e-wallet 57/bln (+3),
L1AJN01953,L1NSB01953,PLT003,Multifinance,2024-11-25,Multifinance,Motor bekas,10000000,18,29,0.64,0,0,0,0.0,95.8,6,74,0,0,0,0,0.0,1,0,0,0,64,Menengah,Setujui,0.209,0,Aktif di platform 29 bulan (+7) | Listrik 95.8% tepat waktu (+7) | Transaksi e-wallet 74/bln (+3) | Punya rekening bank (+4),4 tanggungan (-5)
L1AJN01954,L1NSB01954,PLT002,P2P Lending,2024-04-07,P2P Lending,Pendidikan,3000000,3,25,0.58,4,3,0,7.5,62.5,19,74,0,1,6151000,1,0.06,1,0,0,0,94,Rendah,Setujui,0.035,0,Aktif di platform 25 bulan (+7) | 3 pinjaman lancar (+15) | Tidak ada riwayat macet (+7) | E-wallet aktif 19 bulan (+5),4 tanggungan (-5)
L1AJN01955,L1NSB01955,PLT001,P2P Lending,2024-05-13,P2P Lending,Renovasi,5000000,1,19,0.97,3,2,0,7.0,91.7,14,34,0,0,0,0,0.0,1,0,0,0,95,Rendah,Setujui,0.029,0,Aktif di platform 19 bulan (+7) | On-time rate 97% (+10) | 2 pinjaman lancar (+10) | Tidak ada riwayat macet (+7),
L1AJN01956,L1NSB01956,PLT004,Multifinance,2024-01-23,Multifinance,Elektronik,5000000,12,28,0.75,0,0,0,0.0,58.3,11,11,0,0,0,0,0.0,1,0,0,0,67,Menengah,Setujui,0.191,0,Aktif di platform 28 bulan (+7) | On-time rate 75% (+5) | Punya rekening bank (+4),
L1AJN01957,L1NSB01957,PLT005,P2P Lending,2024-07-28,P2P Lending,Pendidikan,2000000,9,21,0.68,2,1,0,45.5,70.8,0,0,0,1,3260000,1,0.04,1,1,0,0,77,Rendah,Setujui,0.133,0,Aktif di platform 21 bulan (+7) | 1 pinjaman lancar (+5) | Tidak ada riwayat macet (+7) | Income gig konsisten 6 bulan (+8),Rata-rata telat 46 hari (-10)
L1AJN01958,L1NSB01958,PLT005,P2P Lending,2024-12-23,P2P Lending,Modal usaha,2000000,6,25,0.97,0,0,0,0.0,83.3,20,20,0,0,0,0,0.0,1,0,0,0,83,Rendah,Setujui,0.099,0,Aktif di platform 25 bulan (+7) | On-time rate 97% (+10) | Listrik 83.3% tepat waktu (+3) | E-wallet aktif 20 bulan (+5),
L1AJN01959,L1NSB01959,PLT001,P2P Lending,2024-03-14,P2P Lending,Pendidikan,3000000,12,9,0.88,1,1,0,1.0,91.7,15,23,1,1,2348000,0,0.13,1,1,0,0,81,Rendah,Setujui,0.11,0,On-time rate 88% (+5) | 1 pinjaman lancar (+5) | Tidak ada riwayat macet (+7) | Listrik 91.7% tepat waktu (+7),Lonjakan top-up sebelum pengajuan (-8) ⚠️ | Cancel rate gig 13% (-4)
L1AJN01960,L1NSB01960,PLT005,P2P Lending,2024-10-11,P2P Lending,Konsumsi,3000000,9,2,0.85,1,1,0,3.0,87.5,0,0,0,0,0,0,0.0,1,0,0,0,70,Rendah,Setujui,0.174,0,On-time rate 85% (+5) | 1 pinjaman lancar (+5) | Tidak ada riwayat macet (+7) | Listrik 87.5% tepat waktu (+3),4 tanggungan (-5)
L1AJN01961,L1NSB01961,PLT002,P2P Lending,2024-05-11,P2P Lending,Renovasi,3000000,1,10,0.77,1,1,0,1.0,100.0,14,80,0,0,0,0,0.0,1,0,0,0,86,Rendah,Setujui,0.081,0,On-time rate 77% (+5) | 1 pinjaman lancar (+5) | Tidak ada riwayat macet (+7) | Listrik 100.0% tepat waktu (+7),
L1AJN01962,L1NSB01962,PLT004,Multifinance,2024-06-18,Multifinance,Mesin usaha,5000000,24,32,0.9,4,1,1,60.2,83.3,0,0,0,0,0,0,0.0,1,1,0,0,57,Menengah,Setujui,0.249,0,Aktif di platform 32 bulan (+7) | On-time rate 90% (+10) | 1 pinjaman lancar (+5) | Listrik 83.3% tepat waktu (+3),1 pinjaman macet (-12) | Rata-rata telat 60 hari (-10) | 4 tanggungan (-5)
L1AJN01963,L1NSB01963,PLT002,P2P Lending,2024-04-11,P2P Lending,Pendidikan,3000000,12,7,0.85,2,2,0,1.0,62.5,12,61,0,0,0,0,0.0,1,1,0,0,89,Rendah,Setujui,0.064,0,On-time rate 85% (+5) | 2 pinjaman lancar (+10) | Tidak ada riwayat macet (+7) | E-wallet aktif 12 bulan (+5),
L1AJN01964,L1NSB01964,PLT004,Multifinance,2024-04-06,Multifinance,Elektronik,15000000,24,15,0.88,2,2,0,2.0,87.5,8,68,0,0,0,0,0.0,1,1,0,0,89,Rendah,Setujui,0.064,0,Aktif di platform 15 bulan (+7) | On-time rate 88% (+5) | 2 pinjaman lancar (+10) | Tidak ada riwayat macet (+7),
L1AJN01965,L1NSB01965,PLT002,P2P Lending,2024-12-23,P2P Lending,Modal usaha,500000,3,24,0.57,2,2,0,0.5,70.8,15,48,0,0,0,0,0.0,1,1,0,0,88,Rendah,Setujui,0.07,1,Aktif di platform 24 bulan (+7) | 2 pinjaman lancar (+10) | Tidak ada riwayat macet (+7) | E-wallet aktif 15 bulan (+5),
L1AJN01966,L1NSB01966,PLT005,P2P Lending,2024-03-21,P2P Lending,Modal usaha,3000000,3,11,0.78,2,1,0,11.5,62.5,15,59,0,0,0,0,0.0,0,0,0,0,76,Rendah,Setujui,0.139,0,On-time rate 78% (+5) | 1 pinjaman lancar (+5) | Tidak ada riwayat macet (+7) | E-wallet aktif 15 bulan (+5),
L1AJN01967,L1NSB01967,PLT002,P2P Lending,2024-11-20,P2P Lending,Pendidikan,2000000,1,9,0.64,2,1,0,12.5,66.7,14,29,0,0,0,0,0.0,0,1,0,0,76,Rendah,Setujui,0.139,0,1 pinjaman lancar (+5) | Tidak ada riwayat macet (+7) | E-wallet aktif 14 bulan (+5) | Transaksi e-wallet 29/bln (+3),
L1AJN01968,L1NSB01968,PLT001,P2P Lending,2024-03-10,P2P Lending,Pendidikan,1000000,1,29,0.61,3,2,0,7.0,75.0,17,52,0,0,0,0,0.0,0,1,0,0,91,Rendah,Setujui,0.052,0,Aktif di platform 29 bulan (+7) | 2 pinjaman lancar (+10) | Tidak ada riwayat macet (+7) | Listrik 75.0% tepat waktu (+3),
L1AJN01969,L1NSB01969,PLT004,Multifinance,2024-08-27,Multifinance,Mesin usaha,3000000,12,18,0.58,2,2,0,0.5,91.7,0,0,0,1,7621000,1,0.01,1,1,0,0,95,Rendah,Setujui,0.029,0,Aktif di platform 18 bulan (+7) | 2 pinjaman lancar (+10) | Tidak ada riwayat macet (+7) | Listrik 91.7% tepat waktu (+7),
L1AJN01970,L1NSB01970,PLT003,Multifinance,2024-08-27,Multifinance,Mesin usaha,10000000,18,1,0.68,1,1,0,0.0,79.2,11,58,0,0,0,0,0.0,1,1,0,0,77,Rendah,Setujui,0.133,1,1 pinjaman lancar (+5) | Tidak ada riwayat macet (+7) | Listrik 79.2% tepat waktu (+3) | Transaksi e-wallet 58/bln (+3),
L1AJN01971,L1NSB01971,PLT005,P2P Lending,2024-12-20,P2P Lending,Renovasi,3000000,1,2,0.99,1,1,0,2.0,100.0,24,24,0,0,0,0,0.0,1,1,0,0,94,Rendah,Setujui,0.035,0,On-time rate 99% (+10) | 1 pinjaman lancar (+5) | Tidak ada riwayat macet (+7) | Listrik 100.0% tepat waktu (+7),
L1AJN01972,L1NSB01972,PLT002,P2P Lending,2024-09-26,P2P Lending,Konsumsi,1000000,3,4,0.93,2,1,1,123.0,91.7,7,66,0,0,0,0,0.0,0,1,0,0,57,Menengah,Setujui,0.249,0,On-time rate 93% (+10) | 1 pinjaman lancar (+5) | Listrik 91.7% tepat waktu (+7) | Transaksi e-wallet 66/bln (+3),1 pinjaman macet (-12) | Rata-rata telat 123 hari (-10)
L1AJN01973,L1NSB01973,PLT004,Multifinance,2024-07-11,Multifinance,Motor bekas,7000000,18,15,0.8,0,0,0,0.0,70.8,21,36,0,1,0,0,0.0,1,1,0,0,81,Rendah,Setujui,0.11,0,Aktif di platform 15 bulan (+7) | On-time rate 80% (+5) | E-wallet aktif 21 bulan (+5) | Transaksi e-wallet 36/bln (+3),
L1AJN01974,L1NSB01974,PLT002,P2P Lending,2024-09-02,P2P Lending,Renovasi,2000000,12,34,0.88,0,0,0,0.0,87.5,12,75,0,1,5836000,1,0.03,0,1,0,0,88,Rendah,Setujui,0.07,0,Aktif di platform 34 bulan (+7) | On-time rate 88% (+5) | Listrik 87.5% tepat waktu (+3) | E-wallet aktif 12 bulan (+5),
L1AJN01975,L1NSB01975,PLT005,P2P Lending,2024-07-28,P2P Lending,Modal usaha,2000000,1,35,0.71,2,2,0,3.0,100.0,13,47,0,0,0,0,0.0,1,0,0,0,95,Rendah,Setujui,0.029,0,Aktif di platform 35 bulan (+7) | 2 pinjaman lancar (+10) | Tidak ada riwayat macet (+7) | Listrik 100.0% tepat waktu (+7),
L1AJN01976,L1NSB01976,PLT003,Multifinance,2024-02-05,Multifinance,Motor bekas,15000000,12,28,0.73,4,3,0,5.2,70.8,9,79,0,1,3594000,1,0.1,0,1,0,0,94,Rendah,Setujui,0.035,0,Aktif di platform 28 bulan (+7) | 3 pinjaman lancar (+15) | Tidak ada riwayat macet (+7) | Transaksi e-wallet 79/bln (+3),
L1AJN01977,L1NSB01977,PLT002,P2P Lending,2024-05-14,P2P Lending,Pendidikan,500000,3,6,0.85,3,3,0,2.3,62.5,10,24,0,0,0,0,0.0,0,1,0,0,80,Rendah,Setujui,0.116,0,On-time rate 85% (+5) | 3 pinjaman lancar (+15) | Tidak ada riwayat macet (+7) | Transaksi e-wallet 24/bln (+3),4 tanggungan (-5)
L1AJN01978,L1NSB01978,PLT001,P2P Lending,2024-03-01,P2P Lending,Konsumsi,5000000,6,8,0.71,4,2,0,11.0,58.3,13,66,1,0,0,0,0.0,1,1,0,0,73,Rendah,Setujui,0.157,0,2 pinjaman lancar (+10) | Tidak ada riwayat macet (+7) | E-wallet aktif 13 bulan (+5) | Transaksi e-wallet 66/bln (+3),Lonjakan top-up sebelum pengajuan (-8) ⚠️
L1AJN01979,L1NSB01979,PLT002,P2P Lending,2024-08-17,P2P Lending,Renovasi,500000,9,3,0.8,3,2,0,9.0,66.7,21,40,0,0,0,0,0.0,0,0,0,0,83,Rendah,Setujui,0.099,0,On-time rate 80% (+5) | 2 pinjaman lancar (+10) | Tidak ada riwayat macet (+7) | E-wallet aktif 21 bulan (+5),
L1AJN01980,L1NSB01980,PLT005,P2P Lending,2024-05-17,P2P Lending,Modal usaha,3000000,3,22,0.61,2,1,1,164.0,75.0,21,68,0,0,0,0,0.0,0,0,0,0,50,Menengah,Setujui,0.29,0,Aktif di platform 22 bulan (+7) | 1 pinjaman lancar (+5) | Listrik 75.0% tepat waktu (+3) | E-wallet aktif 21 bulan (+5),1 pinjaman macet (-12) | Rata-rata telat 164 hari (-10)
L1AJN01981,L1NSB01981,PLT003,Multifinance,2024-01-24,Multifinance,Motor baru,20000000,12,1,0.76,3,2,0,27.3,95.8,15,7,0,1,2994000,1,0.13,1,1,0,0,95,Rendah,Setujui,0.029,0,On-time rate 76% (+5) | 2 pinjaman lancar (+10) | Tidak ada riwayat macet (+7) | Listrik 95.8% tepat waktu (+7),Cancel rate gig 13% (-4)
L1AJN01982,L1NSB01982,PLT005,P2P Lending,2024-06-28,P2P Lending,Konsumsi,1000000,9,7,0.99,4,3,1,54.5,95.8,23,43,0,1,5798000,0,0.1,1,0,0,0,71,Rendah,Setujui,0.168,0,On-time rate 99% (+10) | 3 pinjaman lancar (+15) | Listrik 95.8% tepat waktu (+7) | E-wallet aktif 23 bulan (+5),1 pinjaman macet (-12) | Rata-rata telat 54 hari (-10)
L1AJN01983,L1NSB01983,PLT004,Multifinance,2024-09-16,Multifinance,Motor bekas,15000000,36,8,0.65,0,0,0,0.0,75.0,16,7,0,0,0,0,0.0,1,1,0,0,63,Menengah,Setujui,0.215,0,Listrik 75.0% tepat waktu (+3) | E-wallet aktif 16 bulan (+5) | Punya rekening bank (+4) | BPJS dibayar rutin (+3),
L1AJN01984,L1NSB01984,PLT002,P2P Lending,2024-09-12,P2P Lending,Renovasi,3000000,12,5,0.62,2,1,0,12.0,75.0,0,0,0,1,3851000,1,0.06,0,1,0,0,73,Rendah,Setujui,0.157,0,1 pinjaman lancar (+5) | Tidak ada riwayat macet (+7) | Listrik 75.0% tepat waktu (+3) | Income gig konsisten 6 bulan (+8),
L1AJN01985,L1NSB01985,PLT001,P2P Lending,2024-11-03,P2P Lending,Konsumsi,2000000,1,29,0.76,0,0,0,0.0,58.3,10,59,0,1,2192000,1,0.04,0,1,0,0,76,Rendah,Setujui,0.139,0,Aktif di platform 29 bulan (+7) | On-time rate 76% (+5) | Transaksi e-wallet 59/bln (+3) | Income gig konsisten 6 bulan (+8),
L1AJN01986,L1NSB01986,PLT004,Multifinance,2024-12-09,Multifinance,Motor bekas,15000000,12,30,0.85,1,1,0,3.0,91.7,19,65,0,0,0,0,0.0,0,1,0,0,88,Rendah,Setujui,0.07,0,Aktif di platform 30 bulan (+7) | On-time rate 85% (+5) | 1 pinjaman lancar (+5) | Tidak ada riwayat macet (+7),
L1AJN01987,L1NSB01987,PLT004,Multifinance,2024-04-05,Multifinance,Elektronik,3000000,24,14,0.73,3,3,0,2.0,58.3,9,60,1,0,0,0,0.0,0,1,0,0,81,Rendah,Setujui,0.11,0,Aktif di platform 14 bulan (+7) | 3 pinjaman lancar (+15) | Tidak ada riwayat macet (+7) | Transaksi e-wallet 60/bln (+3),Lonjakan top-up sebelum pengajuan (-8) ⚠️
L1AJN01988,L1NSB01988,PLT002,P2P Lending,2024-04-02,P2P Lending,Renovasi,5000000,3,36,0.95,3,3,0,1.3,95.8,0,0,0,0,0,0,0.0,0,1,0,0,95,Rendah,Setujui,0.029,0,Aktif di platform 36 bulan (+7) | On-time rate 95% (+10) | 3 pinjaman lancar (+15) | Tidak ada riwayat macet (+7),
L1AJN01989,L1NSB01989,PLT003,Multifinance,2024-06-26,Multifinance,Motor bekas,20000000,18,20,0.96,1,1,0,3.0,75.0,11,23,0,1,4274000,1,0.03,0,0,0,0,89,Rendah,Setujui,0.064,0,Aktif di platform 20 bulan (+7) | On-time rate 96% (+10) | 1 pinjaman lancar (+5) | Tidak ada riwayat macet (+7),5 tanggungan (-5)
L1AJN01990,L1NSB01990,PLT001,P2P Lending,2024-06-17,P2P Lending,Modal usaha,500000,6,11,0.88,1,1,0,0.0,91.7,18,77,0,1,0,0,0.0,1,1,0,0,82,Rendah,Setujui,0.104,0,On-time rate 88% (+5) | 1 pinjaman lancar (+5) | Tidak ada riwayat macet (+7) | Listrik 91.7% tepat waktu (+7),4 tanggungan (-5)
L1AJN01991,L1NSB01991,PLT003,Multifinance,2024-07-01,Multifinance,Motor baru,20000000,24,31,0.58,3,2,0,17.3,62.5,19,52,0,1,3209000,1,0.1,0,0,0,0,86,Rendah,Setujui,0.081,0,Aktif di platform 31 bulan (+7) | 2 pinjaman lancar (+10) | Tidak ada riwayat macet (+7) | E-wallet aktif 19 bulan (+5),
L1AJN01992,L1NSB01992,PLT003,Multifinance,2024-06-16,Multifinance,Motor bekas,15000000,24,19,0.81,0,0,0,0.0,91.7,12,8,0,1,5844000,0,0.05,1,1,0,0,81,Rendah,Setujui,0.11,0,Aktif di platform 19 bulan (+7) | On-time rate 81% (+5) | Listrik 91.7% tepat waktu (+7) | E-wallet aktif 12 bulan (+5),5 tanggungan (-5)
L1AJN01993,L1NSB01993,PLT005,P2P Lending,2024-02-06,P2P Lending,Pendidikan,5000000,1,8,0.81,3,3,0,1.3,66.7,13,5,0,0,0,0,0.0,1,1,0,0,86,Rendah,Setujui,0.081,0,On-time rate 81% (+5) | 3 pinjaman lancar (+15) | Tidak ada riwayat macet (+7) | E-wallet aktif 13 bulan (+5),
L1AJN01994,L1NSB01994,PLT004,Multifinance,2024-01-01,Multifinance,Mesin usaha,3000000,12,19,0.67,0,0,0,0.0,91.7,10,57,0,0,0,0,0.0,1,0,0,0,75,Rendah,Setujui,0.145,0,Aktif di platform 19 bulan (+7) | Listrik 91.7% tepat waktu (+7) | Transaksi e-wallet 57/bln (+3) | Punya rekening bank (+4),
L1AJN01995,L1NSB01995,PLT001,P2P Lending,2024-06-30,P2P Lending,Modal usaha,1000000,12,11,0.79,3,1,0,15.3,87.5,6,35,0,1,4021000,0,0.12,1,1,0,0,74,Rendah,Setujui,0.151,0,On-time rate 79% (+5) | 1 pinjaman lancar (+5) | Tidak ada riwayat macet (+7) | Listrik 87.5% tepat waktu (+3),Cancel rate gig 12% (-4)
L1AJN01996,L1NSB01996,PLT002,P2P Lending,2024-05-05,P2P Lending,Pendidikan,2000000,3,5,0.73,1,1,0,0.0,58.3,0,0,0,1,1802000,1,0.03,1,0,0,0,70,Rendah,Setujui,0.174,0,1 pinjaman lancar (+5) | Tidak ada riwayat macet (+7) | Income gig konsisten 6 bulan (+8) | Punya rekening bank (+4),
L1AJN01997,L1NSB01997,PLT001,P2P Lending,2024-01-12,P2P Lending,Konsumsi,2000000,6,22,0.57,4,2,0,12.5,100.0,9,51,0,0,0,0,0.0,0,1,0,0,89,Rendah,Setujui,0.064,0,Aktif di platform 22 bulan (+7) | 2 pinjaman lancar (+10) | Tidak ada riwayat macet (+7) | Listrik 100.0% tepat waktu (+7),
L1AJN01998,L1NSB01998,PLT001,P2P Lending,2024-10-16,P2P Lending,Modal usaha,2000000,9,23,0.76,3,3,0,1.7,91.7,18,52,1,1,4449000,1,0.1,1,1,0,0,95,Rendah,Setujui,0.029,0,Aktif di platform 23 bulan (+7) | On-time rate 76% (+5) | 3 pinjaman lancar (+15) | Tidak ada riwayat macet (+7),Lonjakan top-up sebelum pengajuan (-8) ⚠️
L1AJN01999,L1NSB01999,PLT005,P2P Lending,2024-06-04,P2P Lending,Modal usaha,500000,12,32,0.62,3,3,0,1.7,70.8,13,79,0,1,0,0,0.0,0,0,0,0,87,Rendah,Setujui,0.075,0,Aktif di platform 32 bulan (+7) | 3 pinjaman lancar (+15) | Tidak ada riwayat macet (+7) | E-wallet aktif 13 bulan (+5),
L1AJN02000,L1NSB02000,PLT005,P2P Lending,2024-05-01,P2P Lending,Pendidikan,3000000,12,19,0.74,2,0,1,153.5,95.8,0,0,0,0,0,0,0.0,0,0,0,0,36,Tinggi,Tolak,0.371,1,Aktif di platform 19 bulan (+7) | Listrik 95.8% tepat waktu (+7),1 pinjaman macet (-12) | Rata-rata telat 154 hari (-10) | 5 tanggungan (-5)
